snapshot_id,source_node,target_node,edge_type,weight
1774286345,backend-api-669d9964b8-b8qkw,gnn-cluster-worker2,scheduled_on,1.0
1774286345,backend-api-669d9964b8-qblwm,gnn-cluster-worker3,scheduled_on,1.0
1774286345,frontend-7868f8655b-25dwq,gnn-cluster-worker,scheduled_on,1.0
1774286345,frontend-7868f8655b-vqjvm,gnn-cluster-worker3,scheduled_on,1.0
1774286345,redis-cache-67d574b944-ll9pf,gnn-cluster-worker2,scheduled_on,1.0
1774286345,workload-generator-667dc97f4f-67vch,gnn-cluster-worker3,scheduled_on,1.0
1774286375,backend-api-669d9964b8-b8qkw,gnn-cluster-worker2,scheduled_on,1.0
1774286375,backend-api-669d9964b8-qblwm,gnn-cluster-worker3,scheduled_on,1.0
1774286375,frontend-7868f8655b-25dwq,gnn-cluster-worker,scheduled_on,1.0
1774286375,frontend-7868f8655b-vqjvm,gnn-cluster-worker3,scheduled_on,1.0
1774286375,redis-cache-67d574b944-ll9pf,gnn-cluster-worker2,scheduled_on,1.0
1774286375,workload-generator-667dc97f4f-67vch,gnn-cluster-worker3,scheduled_on,1.0
1774286405,backend-api-669d9964b8-b8qkw,gnn-cluster-worker2,scheduled_on,1.0
1774286405,backend-api-669d9964b8-qblwm,gnn-cluster-worker3,scheduled_on,1.0
1774286405,frontend-7868f8655b-25dwq,gnn-cluster-worker,scheduled_on,1.0
1774286405,frontend-7868f8655b-vqjvm,gnn-cluster-worker3,scheduled_on,1.0
1774286405,redis-cache-67d574b944-ll9pf,gnn-cluster-worker2,scheduled_on,1.0
1774286405,workload-generator-667dc97f4f-67vch,gnn-cluster-worker3,scheduled_on,1.0
1774286435,backend-api-669d9964b8-b8qkw,gnn-cluster-worker2,scheduled_on,1.0
1774286435,backend-api-669d9964b8-qblwm,gnn-cluster-worker3,scheduled_on,1.0
1774286435,frontend-7868f8655b-25dwq,gnn-cluster-worker,scheduled_on,1.0
1774286435,frontend-7868f8655b-vqjvm,gnn-cluster-worker3,scheduled_on,1.0
1774286435,redis-cache-67d574b944-ll9pf,gnn-cluster-worker2,scheduled_on,1.0
1774286435,workload-generator-667dc97f4f-67vch,gnn-cluster-worker3,scheduled_on,1.0
1774286465,backend-api-669d9964b8-b8qkw,gnn-cluster-worker2,scheduled_on,1.0
1774286465,backend-api-669d9964b8-qblwm,gnn-cluster-worker3,scheduled_on,1.0
1774286465,frontend-7868f8655b-25dwq,gnn-cluster-worker,scheduled_on,1.0
1774286465,frontend-7868f8655b-vqjvm,gnn-cluster-worker3,scheduled_on,1.0
1774286465,redis-cache-67d574b944-ll9pf,gnn-cluster-worker2,scheduled_on,1.0
1774286465,workload-generator-667dc97f4f-67vch,gnn-cluster-worker3,scheduled_on,1.0
1774286495,backend-api-669d9964b8-b8qkw,gnn-cluster-worker2,scheduled_on,1.0
1774286495,backend-api-669d9964b8-qblwm,gnn-cluster-worker3,scheduled_on,1.0
1774286495,frontend-7868f8655b-25dwq,gnn-cluster-worker,scheduled_on,1.0
1774286495,frontend-7868f8655b-vqjvm,gnn-cluster-worker3,scheduled_on,1.0
1774286495,redis-cache-67d574b944-ll9pf,gnn-cluster-worker2,scheduled_on,1.0
1774286495,workload-generator-667dc97f4f-67vch,gnn-cluster-worker3,scheduled_on,1.0
1774286525,backend-api-669d9964b8-b8qkw,gnn-cluster-worker2,scheduled_on,1.0
1774286525,backend-api-669d9964b8-qblwm,gnn-cluster-worker3,scheduled_on,1.0
1774286525,frontend-7868f8655b-25dwq,gnn-cluster-worker,scheduled_on,1.0
1774286525,frontend-7868f8655b-vqjvm,gnn-cluster-worker3,scheduled_on,1.0
1774286525,redis-cache-67d574b944-ll9pf,gnn-cluster-worker2,scheduled_on,1.0
1774286525,workload-generator-667dc97f4f-67vch,gnn-cluster-worker3,scheduled_on,1.0
1774286555,backend-api-669d9964b8-b8qkw,gnn-cluster-worker2,scheduled_on,1.0
1774286555,backend-api-669d9964b8-qblwm,gnn-cluster-worker3,scheduled_on,1.0
1774286555,frontend-7868f8655b-25dwq,gnn-cluster-worker,scheduled_on,1.0
1774286555,frontend-7868f8655b-vqjvm,gnn-cluster-worker3,scheduled_on,1.0
1774286555,redis-cache-67d574b944-ll9pf,gnn-cluster-worker2,scheduled_on,1.0
1774286555,workload-generator-667dc97f4f-67vch,gnn-cluster-worker3,scheduled_on,1.0
1774286585,backend-api-669d9964b8-b8qkw,gnn-cluster-worker2,scheduled_on,1.0
1774286585,backend-api-669d9964b8-qblwm,gnn-cluster-worker3,scheduled_on,1.0
1774286585,frontend-7868f8655b-25dwq,gnn-cluster-worker,scheduled_on,1.0
1774286585,frontend-7868f8655b-vqjvm,gnn-cluster-worker3,scheduled_on,1.0
1774286585,redis-cache-67d574b944-ll9pf,gnn-cluster-worker2,scheduled_on,1.0
1774286585,workload-generator-667dc97f4f-67vch,gnn-cluster-worker3,scheduled_on,1.0
1774286615,backend-api-669d9964b8-b8qkw,gnn-cluster-worker2,scheduled_on,1.0
1774286615,backend-api-669d9964b8-qblwm,gnn-cluster-worker3,scheduled_on,1.0
1774286615,frontend-7868f8655b-25dwq,gnn-cluster-worker,scheduled_on,1.0
1774286615,frontend-7868f8655b-vqjvm,gnn-cluster-worker3,scheduled_on,1.0
1774286615,redis-cache-67d574b944-ll9pf,gnn-cluster-worker2,scheduled_on,1.0
1774286615,workload-generator-667dc97f4f-67vch,gnn-cluster-worker3,scheduled_on,1.0
1774286645,backend-api-669d9964b8-b8qkw,gnn-cluster-worker2,scheduled_on,1.0
1774286645,backend-api-669d9964b8-qblwm,gnn-cluster-worker3,scheduled_on,1.0
1774286645,frontend-7868f8655b-25dwq,gnn-cluster-worker,scheduled_on,1.0
1774286645,frontend-7868f8655b-vqjvm,gnn-cluster-worker3,scheduled_on,1.0
1774286645,redis-cache-67d574b944-ll9pf,gnn-cluster-worker2,scheduled_on,1.0
1774286645,workload-generator-667dc97f4f-67vch,gnn-cluster-worker3,scheduled_on,1.0
1774286675,backend-api-669d9964b8-b8qkw,gnn-cluster-worker2,scheduled_on,1.0
1774286675,backend-api-669d9964b8-qblwm,gnn-cluster-worker3,scheduled_on,1.0
1774286675,frontend-7868f8655b-25dwq,gnn-cluster-worker,scheduled_on,1.0
1774286675,frontend-7868f8655b-vqjvm,gnn-cluster-worker3,scheduled_on,1.0
1774286675,redis-cache-67d574b944-ll9pf,gnn-cluster-worker2,scheduled_on,1.0
1774286675,workload-generator-667dc97f4f-67vch,gnn-cluster-worker3,scheduled_on,1.0
1774286705,backend-api-669d9964b8-b8qkw,gnn-cluster-worker2,scheduled_on,1.0
1774286705,backend-api-669d9964b8-qblwm,gnn-cluster-worker3,scheduled_on,1.0
1774286705,frontend-7868f8655b-25dwq,gnn-cluster-worker,scheduled_on,1.0
1774286705,frontend-7868f8655b-vqjvm,gnn-cluster-worker3,scheduled_on,1.0
1774286705,redis-cache-67d574b944-ll9pf,gnn-cluster-worker2,scheduled_on,1.0
1774286705,workload-generator-667dc97f4f-67vch,gnn-cluster-worker3,scheduled_on,1.0
1774286735,backend-api-669d9964b8-b8qkw,gnn-cluster-worker2,scheduled_on,1.0
1774286735,backend-api-669d9964b8-qblwm,gnn-cluster-worker3,scheduled_on,1.0
1774286735,frontend-7868f8655b-25dwq,gnn-cluster-worker,scheduled_on,1.0
1774286735,frontend-7868f8655b-vqjvm,gnn-cluster-worker3,scheduled_on,1.0
1774286735,redis-cache-67d574b944-ll9pf,gnn-cluster-worker2,scheduled_on,1.0
1774286735,workload-generator-667dc97f4f-67vch,gnn-cluster-worker3,scheduled_on,1.0
1774286765,backend-api-669d9964b8-b8qkw,gnn-cluster-worker2,scheduled_on,1.0
1774286765,backend-api-669d9964b8-qblwm,gnn-cluster-worker3,scheduled_on,1.0
1774286765,frontend-7868f8655b-25dwq,gnn-cluster-worker,scheduled_on,1.0
1774286765,frontend-7868f8655b-vqjvm,gnn-cluster-worker3,scheduled_on,1.0
1774286765,redis-cache-67d574b944-ll9pf,gnn-cluster-worker2,scheduled_on,1.0
1774286765,workload-generator-667dc97f4f-67vch,gnn-cluster-worker3,scheduled_on,1.0
1774286796,backend-api-669d9964b8-b8qkw,gnn-cluster-worker2,scheduled_on,1.0
1774286796,backend-api-669d9964b8-qblwm,gnn-cluster-worker3,scheduled_on,1.0
1774286796,frontend-7868f8655b-25dwq,gnn-cluster-worker,scheduled_on,1.0
1774286796,frontend-7868f8655b-vqjvm,gnn-cluster-worker3,scheduled_on,1.0
1774286796,redis-cache-67d574b944-ll9pf,gnn-cluster-worker2,scheduled_on,1.0
1774286796,workload-generator-667dc97f4f-67vch,gnn-cluster-worker3,scheduled_on,1.0
1774286826,backend-api-669d9964b8-b8qkw,gnn-cluster-worker2,scheduled_on,1.0
1774286826,backend-api-669d9964b8-qblwm,gnn-cluster-worker3,scheduled_on,1.0
1774286826,frontend-7868f8655b-25dwq,gnn-cluster-worker,scheduled_on,1.0
1774286826,frontend-7868f8655b-vqjvm,gnn-cluster-worker3,scheduled_on,1.0
1774286826,redis-cache-67d574b944-ll9pf,gnn-cluster-worker2,scheduled_on,1.0
1774286826,workload-generator-667dc97f4f-67vch,gnn-cluster-worker3,scheduled_on,1.0
1774286856,backend-api-669d9964b8-b8qkw,gnn-cluster-worker2,scheduled_on,1.0
1774286856,backend-api-669d9964b8-qblwm,gnn-cluster-worker3,scheduled_on,1.0
1774286856,frontend-7868f8655b-25dwq,gnn-cluster-worker,scheduled_on,1.0
1774286856,frontend-7868f8655b-vqjvm,gnn-cluster-worker3,scheduled_on,1.0
1774286856,redis-cache-67d574b944-ll9pf,gnn-cluster-worker2,scheduled_on,1.0
1774286856,workload-generator-667dc97f4f-67vch,gnn-cluster-worker3,scheduled_on,1.0
1774286886,backend-api-669d9964b8-b8qkw,gnn-cluster-worker2,scheduled_on,1.0
1774286886,backend-api-669d9964b8-qblwm,gnn-cluster-worker3,scheduled_on,1.0
1774286886,frontend-7868f8655b-25dwq,gnn-cluster-worker,scheduled_on,1.0
1774286886,frontend-7868f8655b-vqjvm,gnn-cluster-worker3,scheduled_on,1.0
1774286886,redis-cache-67d574b944-ll9pf,gnn-cluster-worker2,scheduled_on,1.0
1774286886,workload-generator-667dc97f4f-67vch,gnn-cluster-worker3,scheduled_on,1.0
1774286916,backend-api-669d9964b8-b8qkw,gnn-cluster-worker2,scheduled_on,1.0
1774286916,backend-api-669d9964b8-qblwm,gnn-cluster-worker3,scheduled_on,1.0
1774286916,frontend-7868f8655b-25dwq,gnn-cluster-worker,scheduled_on,1.0
1774286916,frontend-7868f8655b-vqjvm,gnn-cluster-worker3,scheduled_on,1.0
1774286916,redis-cache-67d574b944-ll9pf,gnn-cluster-worker2,scheduled_on,1.0
1774286916,workload-generator-667dc97f4f-67vch,gnn-cluster-worker3,scheduled_on,1.0
1774286946,backend-api-669d9964b8-b8qkw,gnn-cluster-worker2,scheduled_on,1.0
1774286946,backend-api-669d9964b8-qblwm,gnn-cluster-worker3,scheduled_on,1.0
1774286946,frontend-7868f8655b-25dwq,gnn-cluster-worker,scheduled_on,1.0
1774286946,frontend-7868f8655b-vqjvm,gnn-cluster-worker3,scheduled_on,1.0
1774286946,redis-cache-67d574b944-ll9pf,gnn-cluster-worker2,scheduled_on,1.0
1774286946,workload-generator-667dc97f4f-67vch,gnn-cluster-worker3,scheduled_on,1.0
1774286976,backend-api-669d9964b8-b8qkw,gnn-cluster-worker2,scheduled_on,1.0
1774286976,backend-api-669d9964b8-qblwm,gnn-cluster-worker3,scheduled_on,1.0
1774286976,frontend-7868f8655b-25dwq,gnn-cluster-worker,scheduled_on,1.0
1774286976,frontend-7868f8655b-vqjvm,gnn-cluster-worker3,scheduled_on,1.0
1774286976,redis-cache-67d574b944-ll9pf,gnn-cluster-worker2,scheduled_on,1.0
1774286976,workload-generator-667dc97f4f-67vch,gnn-cluster-worker3,scheduled_on,1.0
1774287006,backend-api-669d9964b8-b8qkw,gnn-cluster-worker2,scheduled_on,1.0
1774287006,backend-api-669d9964b8-qblwm,gnn-cluster-worker3,scheduled_on,1.0
1774287006,frontend-7868f8655b-25dwq,gnn-cluster-worker,scheduled_on,1.0
1774287006,frontend-7868f8655b-vqjvm,gnn-cluster-worker3,scheduled_on,1.0
1774287006,redis-cache-67d574b944-ll9pf,gnn-cluster-worker2,scheduled_on,1.0
1774287006,workload-generator-667dc97f4f-67vch,gnn-cluster-worker3,scheduled_on,1.0
1774287036,backend-api-669d9964b8-b8qkw,gnn-cluster-worker2,scheduled_on,1.0
1774287036,backend-api-669d9964b8-qblwm,gnn-cluster-worker3,scheduled_on,1.0
1774287036,frontend-7868f8655b-25dwq,gnn-cluster-worker,scheduled_on,1.0
1774287036,frontend-7868f8655b-vqjvm,gnn-cluster-worker3,scheduled_on,1.0
1774287036,redis-cache-67d574b944-ll9pf,gnn-cluster-worker2,scheduled_on,1.0
1774287036,workload-generator-667dc97f4f-67vch,gnn-cluster-worker3,scheduled_on,1.0
1774287066,backend-api-669d9964b8-b8qkw,gnn-cluster-worker2,scheduled_on,1.0
1774287066,backend-api-669d9964b8-qblwm,gnn-cluster-worker3,scheduled_on,1.0
1774287066,frontend-7868f8655b-25dwq,gnn-cluster-worker,scheduled_on,1.0
1774287066,frontend-7868f8655b-vqjvm,gnn-cluster-worker3,scheduled_on,1.0
1774287066,redis-cache-67d574b944-ll9pf,gnn-cluster-worker2,scheduled_on,1.0
1774287066,workload-generator-667dc97f4f-67vch,gnn-cluster-worker3,scheduled_on,1.0
1774287096,backend-api-669d9964b8-b8qkw,gnn-cluster-worker2,scheduled_on,1.0
1774287096,backend-api-669d9964b8-qblwm,gnn-cluster-worker3,scheduled_on,1.0
1774287096,frontend-7868f8655b-25dwq,gnn-cluster-worker,scheduled_on,1.0
1774287096,frontend-7868f8655b-vqjvm,gnn-cluster-worker3,scheduled_on,1.0
1774287096,redis-cache-67d574b944-ll9pf,gnn-cluster-worker2,scheduled_on,1.0
1774287096,workload-generator-667dc97f4f-67vch,gnn-cluster-worker3,scheduled_on,1.0
1774287126,backend-api-669d9964b8-b8qkw,gnn-cluster-worker2,scheduled_on,1.0
1774287126,backend-api-669d9964b8-qblwm,gnn-cluster-worker3,scheduled_on,1.0
1774287126,frontend-7868f8655b-25dwq,gnn-cluster-worker,scheduled_on,1.0
1774287126,frontend-7868f8655b-vqjvm,gnn-cluster-worker3,scheduled_on,1.0
1774287126,redis-cache-67d574b944-ll9pf,gnn-cluster-worker2,scheduled_on,1.0
1774287126,workload-generator-667dc97f4f-67vch,gnn-cluster-worker3,scheduled_on,1.0
1774287156,backend-api-669d9964b8-b8qkw,gnn-cluster-worker2,scheduled_on,1.0
1774287156,backend-api-669d9964b8-qblwm,gnn-cluster-worker3,scheduled_on,1.0
1774287156,frontend-7868f8655b-25dwq,gnn-cluster-worker,scheduled_on,1.0
1774287156,frontend-7868f8655b-vqjvm,gnn-cluster-worker3,scheduled_on,1.0
1774287156,redis-cache-67d574b944-ll9pf,gnn-cluster-worker2,scheduled_on,1.0
1774287156,workload-generator-667dc97f4f-67vch,gnn-cluster-worker3,scheduled_on,1.0
1774287186,backend-api-669d9964b8-b8qkw,gnn-cluster-worker2,scheduled_on,1.0
1774287186,backend-api-669d9964b8-qblwm,gnn-cluster-worker3,scheduled_on,1.0
1774287186,frontend-7868f8655b-25dwq,gnn-cluster-worker,scheduled_on,1.0
1774287186,frontend-7868f8655b-vqjvm,gnn-cluster-worker3,scheduled_on,1.0
1774287186,redis-cache-67d574b944-ll9pf,gnn-cluster-worker2,scheduled_on,1.0
1774287186,workload-generator-667dc97f4f-67vch,gnn-cluster-worker3,scheduled_on,1.0
1774287216,backend-api-669d9964b8-b8qkw,gnn-cluster-worker2,scheduled_on,1.0
1774287216,backend-api-669d9964b8-qblwm,gnn-cluster-worker3,scheduled_on,1.0
1774287216,frontend-7868f8655b-25dwq,gnn-cluster-worker,scheduled_on,1.0
1774287216,frontend-7868f8655b-vqjvm,gnn-cluster-worker3,scheduled_on,1.0
1774287216,redis-cache-67d574b944-ll9pf,gnn-cluster-worker2,scheduled_on,1.0
1774287216,workload-generator-667dc97f4f-67vch,gnn-cluster-worker3,scheduled_on,1.0
1774287246,backend-api-669d9964b8-b8qkw,gnn-cluster-worker2,scheduled_on,1.0
1774287246,backend-api-669d9964b8-qblwm,gnn-cluster-worker3,scheduled_on,1.0
1774287246,frontend-7868f8655b-25dwq,gnn-cluster-worker,scheduled_on,1.0
1774287246,frontend-7868f8655b-vqjvm,gnn-cluster-worker3,scheduled_on,1.0
1774287246,redis-cache-67d574b944-ll9pf,gnn-cluster-worker2,scheduled_on,1.0
1774287246,workload-generator-667dc97f4f-67vch,gnn-cluster-worker3,scheduled_on,1.0
1774287276,backend-api-669d9964b8-b8qkw,gnn-cluster-worker2,scheduled_on,1.0
1774287276,backend-api-669d9964b8-qblwm,gnn-cluster-worker3,scheduled_on,1.0
1774287276,frontend-7868f8655b-25dwq,gnn-cluster-worker,scheduled_on,1.0
1774287276,frontend-7868f8655b-vqjvm,gnn-cluster-worker3,scheduled_on,1.0
1774287276,redis-cache-67d574b944-ll9pf,gnn-cluster-worker2,scheduled_on,1.0
1774287276,workload-generator-667dc97f4f-67vch,gnn-cluster-worker3,scheduled_on,1.0
1774287306,backend-api-669d9964b8-b8qkw,gnn-cluster-worker2,scheduled_on,1.0
1774287306,backend-api-669d9964b8-qblwm,gnn-cluster-worker3,scheduled_on,1.0
1774287306,frontend-7868f8655b-25dwq,gnn-cluster-worker,scheduled_on,1.0
1774287306,frontend-7868f8655b-vqjvm,gnn-cluster-worker3,scheduled_on,1.0
1774287306,redis-cache-67d574b944-ll9pf,gnn-cluster-worker2,scheduled_on,1.0
1774287306,workload-generator-667dc97f4f-67vch,gnn-cluster-worker3,scheduled_on,1.0
1774287337,backend-api-669d9964b8-b8qkw,gnn-cluster-worker2,scheduled_on,1.0
1774287337,backend-api-669d9964b8-qblwm,gnn-cluster-worker3,scheduled_on,1.0
1774287337,frontend-7868f8655b-25dwq,gnn-cluster-worker,scheduled_on,1.0
1774287337,frontend-7868f8655b-vqjvm,gnn-cluster-worker3,scheduled_on,1.0
1774287337,redis-cache-67d574b944-ll9pf,gnn-cluster-worker2,scheduled_on,1.0
1774287337,workload-generator-667dc97f4f-67vch,gnn-cluster-worker3,scheduled_on,1.0
1774287367,backend-api-669d9964b8-b8qkw,gnn-cluster-worker2,scheduled_on,1.0
1774287367,backend-api-669d9964b8-qblwm,gnn-cluster-worker3,scheduled_on,1.0
1774287367,frontend-7868f8655b-25dwq,gnn-cluster-worker,scheduled_on,1.0
1774287367,frontend-7868f8655b-vqjvm,gnn-cluster-worker3,scheduled_on,1.0
1774287367,redis-cache-67d574b944-ll9pf,gnn-cluster-worker2,scheduled_on,1.0
1774287367,workload-generator-667dc97f4f-67vch,gnn-cluster-worker3,scheduled_on,1.0
1774287397,backend-api-669d9964b8-b8qkw,gnn-cluster-worker2,scheduled_on,1.0
1774287397,backend-api-669d9964b8-qblwm,gnn-cluster-worker3,scheduled_on,1.0
1774287397,frontend-7868f8655b-25dwq,gnn-cluster-worker,scheduled_on,1.0
1774287397,frontend-7868f8655b-vqjvm,gnn-cluster-worker3,scheduled_on,1.0
1774287397,redis-cache-67d574b944-ll9pf,gnn-cluster-worker2,scheduled_on,1.0
1774287397,workload-generator-667dc97f4f-67vch,gnn-cluster-worker3,scheduled_on,1.0
1774287427,backend-api-669d9964b8-b8qkw,gnn-cluster-worker2,scheduled_on,1.0
1774287427,backend-api-669d9964b8-qblwm,gnn-cluster-worker3,scheduled_on,1.0
1774287427,frontend-7868f8655b-25dwq,gnn-cluster-worker,scheduled_on,1.0
1774287427,frontend-7868f8655b-vqjvm,gnn-cluster-worker3,scheduled_on,1.0
1774287427,redis-cache-67d574b944-ll9pf,gnn-cluster-worker2,scheduled_on,1.0
1774287427,workload-generator-667dc97f4f-67vch,gnn-cluster-worker3,scheduled_on,1.0
1774287457,backend-api-669d9964b8-b8qkw,gnn-cluster-worker2,scheduled_on,1.0
1774287457,backend-api-669d9964b8-qblwm,gnn-cluster-worker3,scheduled_on,1.0
1774287457,frontend-7868f8655b-25dwq,gnn-cluster-worker,scheduled_on,1.0
1774287457,frontend-7868f8655b-vqjvm,gnn-cluster-worker3,scheduled_on,1.0
1774287457,redis-cache-67d574b944-ll9pf,gnn-cluster-worker2,scheduled_on,1.0
1774287457,workload-generator-667dc97f4f-67vch,gnn-cluster-worker3,scheduled_on,1.0
1774287487,backend-api-669d9964b8-b8qkw,gnn-cluster-worker2,scheduled_on,1.0
1774287487,backend-api-669d9964b8-qblwm,gnn-cluster-worker3,scheduled_on,1.0
1774287487,frontend-7868f8655b-25dwq,gnn-cluster-worker,scheduled_on,1.0
1774287487,frontend-7868f8655b-vqjvm,gnn-cluster-worker3,scheduled_on,1.0
1774287487,redis-cache-67d574b944-ll9pf,gnn-cluster-worker2,scheduled_on,1.0
1774287487,workload-generator-667dc97f4f-67vch,gnn-cluster-worker3,scheduled_on,1.0
1774287517,backend-api-669d9964b8-b8qkw,gnn-cluster-worker2,scheduled_on,1.0
1774287517,backend-api-669d9964b8-qblwm,gnn-cluster-worker3,scheduled_on,1.0
1774287517,frontend-7868f8655b-25dwq,gnn-cluster-worker,scheduled_on,1.0
1774287517,frontend-7868f8655b-vqjvm,gnn-cluster-worker3,scheduled_on,1.0
1774287517,redis-cache-67d574b944-ll9pf,gnn-cluster-worker2,scheduled_on,1.0
1774287517,workload-generator-667dc97f4f-67vch,gnn-cluster-worker3,scheduled_on,1.0
1774287547,backend-api-669d9964b8-b8qkw,gnn-cluster-worker2,scheduled_on,1.0
1774287547,backend-api-669d9964b8-qblwm,gnn-cluster-worker3,scheduled_on,1.0
1774287547,frontend-7868f8655b-25dwq,gnn-cluster-worker,scheduled_on,1.0
1774287547,frontend-7868f8655b-vqjvm,gnn-cluster-worker3,scheduled_on,1.0
1774287547,redis-cache-67d574b944-ll9pf,gnn-cluster-worker2,scheduled_on,1.0
1774287547,workload-generator-667dc97f4f-67vch,gnn-cluster-worker3,scheduled_on,1.0
1774287577,backend-api-669d9964b8-b8qkw,gnn-cluster-worker2,scheduled_on,1.0
1774287577,backend-api-669d9964b8-qblwm,gnn-cluster-worker3,scheduled_on,1.0
1774287577,frontend-7868f8655b-25dwq,gnn-cluster-worker,scheduled_on,1.0
1774287577,frontend-7868f8655b-vqjvm,gnn-cluster-worker3,scheduled_on,1.0
1774287577,redis-cache-67d574b944-ll9pf,gnn-cluster-worker2,scheduled_on,1.0
1774287577,workload-generator-667dc97f4f-67vch,gnn-cluster-worker3,scheduled_on,1.0
1774287607,backend-api-669d9964b8-b8qkw,gnn-cluster-worker2,scheduled_on,1.0
1774287607,backend-api-669d9964b8-qblwm,gnn-cluster-worker3,scheduled_on,1.0
1774287607,frontend-7868f8655b-25dwq,gnn-cluster-worker,scheduled_on,1.0
1774287607,frontend-7868f8655b-vqjvm,gnn-cluster-worker3,scheduled_on,1.0
1774287607,redis-cache-67d574b944-ll9pf,gnn-cluster-worker2,scheduled_on,1.0
1774287607,workload-generator-667dc97f4f-67vch,gnn-cluster-worker3,scheduled_on,1.0
1774287637,backend-api-669d9964b8-b8qkw,gnn-cluster-worker2,scheduled_on,1.0
1774287637,backend-api-669d9964b8-qblwm,gnn-cluster-worker3,scheduled_on,1.0
1774287637,frontend-7868f8655b-25dwq,gnn-cluster-worker,scheduled_on,1.0
1774287637,frontend-7868f8655b-vqjvm,gnn-cluster-worker3,scheduled_on,1.0
1774287637,redis-cache-67d574b944-ll9pf,gnn-cluster-worker2,scheduled_on,1.0
1774287637,workload-generator-667dc97f4f-67vch,gnn-cluster-worker3,scheduled_on,1.0
1774287667,backend-api-669d9964b8-b8qkw,gnn-cluster-worker2,scheduled_on,1.0
1774287667,backend-api-669d9964b8-qblwm,gnn-cluster-worker3,scheduled_on,1.0
1774287667,frontend-7868f8655b-25dwq,gnn-cluster-worker,scheduled_on,1.0
1774287667,frontend-7868f8655b-vqjvm,gnn-cluster-worker3,scheduled_on,1.0
1774287667,redis-cache-67d574b944-ll9pf,gnn-cluster-worker2,scheduled_on,1.0
1774287667,workload-generator-667dc97f4f-67vch,gnn-cluster-worker3,scheduled_on,1.0
1774287697,backend-api-669d9964b8-b8qkw,gnn-cluster-worker2,scheduled_on,1.0
1774287697,backend-api-669d9964b8-qblwm,gnn-cluster-worker3,scheduled_on,1.0
1774287697,frontend-7868f8655b-25dwq,gnn-cluster-worker,scheduled_on,1.0
1774287697,frontend-7868f8655b-vqjvm,gnn-cluster-worker3,scheduled_on,1.0
1774287697,redis-cache-67d574b944-ll9pf,gnn-cluster-worker2,scheduled_on,1.0
1774287697,workload-generator-667dc97f4f-67vch,gnn-cluster-worker3,scheduled_on,1.0
1774287727,backend-api-669d9964b8-b8qkw,gnn-cluster-worker2,scheduled_on,1.0
1774287727,backend-api-669d9964b8-qblwm,gnn-cluster-worker3,scheduled_on,1.0
1774287727,frontend-7868f8655b-25dwq,gnn-cluster-worker,scheduled_on,1.0
1774287727,frontend-7868f8655b-vqjvm,gnn-cluster-worker3,scheduled_on,1.0
1774287727,redis-cache-67d574b944-ll9pf,gnn-cluster-worker2,scheduled_on,1.0
1774287727,workload-generator-667dc97f4f-67vch,gnn-cluster-worker3,scheduled_on,1.0
1774287757,backend-api-669d9964b8-b8qkw,gnn-cluster-worker2,scheduled_on,1.0
1774287757,backend-api-669d9964b8-qblwm,gnn-cluster-worker3,scheduled_on,1.0
1774287757,frontend-7868f8655b-25dwq,gnn-cluster-worker,scheduled_on,1.0
1774287757,frontend-7868f8655b-vqjvm,gnn-cluster-worker3,scheduled_on,1.0
1774287757,redis-cache-67d574b944-ll9pf,gnn-cluster-worker2,scheduled_on,1.0
1774287757,workload-generator-667dc97f4f-67vch,gnn-cluster-worker3,scheduled_on,1.0
1774287787,backend-api-669d9964b8-b8qkw,gnn-cluster-worker2,scheduled_on,1.0
1774287787,backend-api-669d9964b8-qblwm,gnn-cluster-worker3,scheduled_on,1.0
1774287787,frontend-7868f8655b-25dwq,gnn-cluster-worker,scheduled_on,1.0
1774287787,frontend-7868f8655b-vqjvm,gnn-cluster-worker3,scheduled_on,1.0
1774287787,redis-cache-67d574b944-ll9pf,gnn-cluster-worker2,scheduled_on,1.0
1774287787,workload-generator-667dc97f4f-67vch,gnn-cluster-worker3,scheduled_on,1.0
1774287817,backend-api-669d9964b8-b8qkw,gnn-cluster-worker2,scheduled_on,1.0
1774287817,backend-api-669d9964b8-qblwm,gnn-cluster-worker3,scheduled_on,1.0
1774287817,frontend-7868f8655b-25dwq,gnn-cluster-worker,scheduled_on,1.0
1774287817,frontend-7868f8655b-vqjvm,gnn-cluster-worker3,scheduled_on,1.0
1774287817,redis-cache-67d574b944-ll9pf,gnn-cluster-worker2,scheduled_on,1.0
1774287817,workload-generator-667dc97f4f-67vch,gnn-cluster-worker3,scheduled_on,1.0
1774287847,backend-api-669d9964b8-b8qkw,gnn-cluster-worker2,scheduled_on,1.0
1774287847,backend-api-669d9964b8-qblwm,gnn-cluster-worker3,scheduled_on,1.0
1774287847,frontend-7868f8655b-25dwq,gnn-cluster-worker,scheduled_on,1.0
1774287847,frontend-7868f8655b-vqjvm,gnn-cluster-worker3,scheduled_on,1.0
1774287847,redis-cache-67d574b944-ll9pf,gnn-cluster-worker2,scheduled_on,1.0
1774287847,workload-generator-667dc97f4f-67vch,gnn-cluster-worker3,scheduled_on,1.0
1774287877,backend-api-669d9964b8-b8qkw,gnn-cluster-worker2,scheduled_on,1.0
1774287877,backend-api-669d9964b8-qblwm,gnn-cluster-worker3,scheduled_on,1.0
1774287877,frontend-7868f8655b-25dwq,gnn-cluster-worker,scheduled_on,1.0
1774287877,frontend-7868f8655b-vqjvm,gnn-cluster-worker3,scheduled_on,1.0
1774287877,redis-cache-67d574b944-ll9pf,gnn-cluster-worker2,scheduled_on,1.0
1774287877,workload-generator-667dc97f4f-67vch,gnn-cluster-worker3,scheduled_on,1.0
1774287908,backend-api-669d9964b8-b8qkw,gnn-cluster-worker2,scheduled_on,1.0
1774287908,backend-api-669d9964b8-qblwm,gnn-cluster-worker3,scheduled_on,1.0
1774287908,frontend-7868f8655b-25dwq,gnn-cluster-worker,scheduled_on,1.0
1774287908,frontend-7868f8655b-vqjvm,gnn-cluster-worker3,scheduled_on,1.0
1774287908,redis-cache-67d574b944-ll9pf,gnn-cluster-worker2,scheduled_on,1.0
1774287908,workload-generator-667dc97f4f-67vch,gnn-cluster-worker3,scheduled_on,1.0
1774287938,backend-api-669d9964b8-b8qkw,gnn-cluster-worker2,scheduled_on,1.0
1774287938,backend-api-669d9964b8-qblwm,gnn-cluster-worker3,scheduled_on,1.0
1774287938,frontend-7868f8655b-25dwq,gnn-cluster-worker,scheduled_on,1.0
1774287938,frontend-7868f8655b-vqjvm,gnn-cluster-worker3,scheduled_on,1.0
1774287938,redis-cache-67d574b944-ll9pf,gnn-cluster-worker2,scheduled_on,1.0
1774287938,workload-generator-667dc97f4f-67vch,gnn-cluster-worker3,scheduled_on,1.0
1774287968,backend-api-669d9964b8-b8qkw,gnn-cluster-worker2,scheduled_on,1.0
1774287968,backend-api-669d9964b8-qblwm,gnn-cluster-worker3,scheduled_on,1.0
1774287968,frontend-7868f8655b-25dwq,gnn-cluster-worker,scheduled_on,1.0
1774287968,frontend-7868f8655b-vqjvm,gnn-cluster-worker3,scheduled_on,1.0
1774287968,redis-cache-67d574b944-ll9pf,gnn-cluster-worker2,scheduled_on,1.0
1774287968,workload-generator-667dc97f4f-67vch,gnn-cluster-worker3,scheduled_on,1.0
1774287998,backend-api-669d9964b8-b8qkw,gnn-cluster-worker2,scheduled_on,1.0
1774287998,backend-api-669d9964b8-qblwm,gnn-cluster-worker3,scheduled_on,1.0
1774287998,frontend-7868f8655b-25dwq,gnn-cluster-worker,scheduled_on,1.0
1774287998,frontend-7868f8655b-vqjvm,gnn-cluster-worker3,scheduled_on,1.0
1774287998,redis-cache-67d574b944-ll9pf,gnn-cluster-worker2,scheduled_on,1.0
1774287998,workload-generator-667dc97f4f-67vch,gnn-cluster-worker3,scheduled_on,1.0
1774288028,backend-api-669d9964b8-b8qkw,gnn-cluster-worker2,scheduled_on,1.0
1774288028,backend-api-669d9964b8-qblwm,gnn-cluster-worker3,scheduled_on,1.0
1774288028,frontend-7868f8655b-25dwq,gnn-cluster-worker,scheduled_on,1.0
1774288028,frontend-7868f8655b-vqjvm,gnn-cluster-worker3,scheduled_on,1.0
1774288028,redis-cache-67d574b944-ll9pf,gnn-cluster-worker2,scheduled_on,1.0
1774288028,workload-generator-667dc97f4f-67vch,gnn-cluster-worker3,scheduled_on,1.0
1774288058,backend-api-669d9964b8-b8qkw,gnn-cluster-worker2,scheduled_on,1.0
1774288058,backend-api-669d9964b8-qblwm,gnn-cluster-worker3,scheduled_on,1.0
1774288058,frontend-7868f8655b-25dwq,gnn-cluster-worker,scheduled_on,1.0
1774288058,frontend-7868f8655b-vqjvm,gnn-cluster-worker3,scheduled_on,1.0
1774288058,redis-cache-67d574b944-ll9pf,gnn-cluster-worker2,scheduled_on,1.0
1774288058,workload-generator-667dc97f4f-67vch,gnn-cluster-worker3,scheduled_on,1.0
1774288088,backend-api-669d9964b8-b8qkw,gnn-cluster-worker2,scheduled_on,1.0
1774288088,backend-api-669d9964b8-qblwm,gnn-cluster-worker3,scheduled_on,1.0
1774288088,frontend-7868f8655b-25dwq,gnn-cluster-worker,scheduled_on,1.0
1774288088,frontend-7868f8655b-vqjvm,gnn-cluster-worker3,scheduled_on,1.0
1774288088,redis-cache-67d574b944-ll9pf,gnn-cluster-worker2,scheduled_on,1.0
1774288088,workload-generator-667dc97f4f-67vch,gnn-cluster-worker3,scheduled_on,1.0
1774288118,backend-api-669d9964b8-b8qkw,gnn-cluster-worker2,scheduled_on,1.0
1774288118,backend-api-669d9964b8-qblwm,gnn-cluster-worker3,scheduled_on,1.0
1774288118,frontend-7868f8655b-25dwq,gnn-cluster-worker,scheduled_on,1.0
1774288118,frontend-7868f8655b-vqjvm,gnn-cluster-worker3,scheduled_on,1.0
1774288118,redis-cache-67d574b944-ll9pf,gnn-cluster-worker2,scheduled_on,1.0
1774288118,workload-generator-667dc97f4f-67vch,gnn-cluster-worker3,scheduled_on,1.0
1774288148,backend-api-669d9964b8-b8qkw,gnn-cluster-worker2,scheduled_on,1.0
1774288148,backend-api-669d9964b8-qblwm,gnn-cluster-worker3,scheduled_on,1.0
1774288148,frontend-7868f8655b-25dwq,gnn-cluster-worker,scheduled_on,1.0
1774288148,frontend-7868f8655b-vqjvm,gnn-cluster-worker3,scheduled_on,1.0
1774288148,redis-cache-67d574b944-ll9pf,gnn-cluster-worker2,scheduled_on,1.0
1774288148,workload-generator-667dc97f4f-67vch,gnn-cluster-worker3,scheduled_on,1.0
1774288178,backend-api-669d9964b8-b8qkw,gnn-cluster-worker2,scheduled_on,1.0
1774288178,backend-api-669d9964b8-qblwm,gnn-cluster-worker3,scheduled_on,1.0
1774288178,frontend-7868f8655b-25dwq,gnn-cluster-worker,scheduled_on,1.0
1774288178,frontend-7868f8655b-vqjvm,gnn-cluster-worker3,scheduled_on,1.0
1774288178,redis-cache-67d574b944-ll9pf,gnn-cluster-worker2,scheduled_on,1.0
1774288178,workload-generator-667dc97f4f-67vch,gnn-cluster-worker3,scheduled_on,1.0
1774288208,backend-api-669d9964b8-b8qkw,gnn-cluster-worker2,scheduled_on,1.0
1774288208,backend-api-669d9964b8-qblwm,gnn-cluster-worker3,scheduled_on,1.0
1774288208,frontend-7868f8655b-25dwq,gnn-cluster-worker,scheduled_on,1.0
1774288208,frontend-7868f8655b-vqjvm,gnn-cluster-worker3,scheduled_on,1.0
1774288208,redis-cache-67d574b944-ll9pf,gnn-cluster-worker2,scheduled_on,1.0
1774288208,workload-generator-667dc97f4f-67vch,gnn-cluster-worker3,scheduled_on,1.0
1774288238,backend-api-669d9964b8-b8qkw,gnn-cluster-worker2,scheduled_on,1.0
1774288238,backend-api-669d9964b8-qblwm,gnn-cluster-worker3,scheduled_on,1.0
1774288238,frontend-7868f8655b-25dwq,gnn-cluster-worker,scheduled_on,1.0
1774288238,frontend-7868f8655b-vqjvm,gnn-cluster-worker3,scheduled_on,1.0
1774288238,redis-cache-67d574b944-ll9pf,gnn-cluster-worker2,scheduled_on,1.0
1774288238,workload-generator-667dc97f4f-67vch,gnn-cluster-worker3,scheduled_on,1.0
1774288268,backend-api-669d9964b8-b8qkw,gnn-cluster-worker2,scheduled_on,1.0
1774288268,backend-api-669d9964b8-qblwm,gnn-cluster-worker3,scheduled_on,1.0
1774288268,frontend-7868f8655b-25dwq,gnn-cluster-worker,scheduled_on,1.0
1774288268,frontend-7868f8655b-vqjvm,gnn-cluster-worker3,scheduled_on,1.0
1774288268,redis-cache-67d574b944-ll9pf,gnn-cluster-worker2,scheduled_on,1.0
1774288268,workload-generator-667dc97f4f-67vch,gnn-cluster-worker3,scheduled_on,1.0
1774288298,backend-api-669d9964b8-b8qkw,gnn-cluster-worker2,scheduled_on,1.0
1774288298,backend-api-669d9964b8-qblwm,gnn-cluster-worker3,scheduled_on,1.0
1774288298,frontend-7868f8655b-25dwq,gnn-cluster-worker,scheduled_on,1.0
1774288298,frontend-7868f8655b-vqjvm,gnn-cluster-worker3,scheduled_on,1.0
1774288298,redis-cache-67d574b944-ll9pf,gnn-cluster-worker2,scheduled_on,1.0
1774288298,workload-generator-667dc97f4f-67vch,gnn-cluster-worker3,scheduled_on,1.0
1774288328,backend-api-669d9964b8-b8qkw,gnn-cluster-worker2,scheduled_on,1.0
1774288328,backend-api-669d9964b8-qblwm,gnn-cluster-worker3,scheduled_on,1.0
1774288328,frontend-7868f8655b-25dwq,gnn-cluster-worker,scheduled_on,1.0
1774288328,frontend-7868f8655b-vqjvm,gnn-cluster-worker3,scheduled_on,1.0
1774288328,redis-cache-67d574b944-ll9pf,gnn-cluster-worker2,scheduled_on,1.0
1774288328,workload-generator-667dc97f4f-67vch,gnn-cluster-worker3,scheduled_on,1.0
1774288358,backend-api-669d9964b8-b8qkw,gnn-cluster-worker2,scheduled_on,1.0
1774288358,backend-api-669d9964b8-qblwm,gnn-cluster-worker3,scheduled_on,1.0
1774288358,frontend-7868f8655b-25dwq,gnn-cluster-worker,scheduled_on,1.0
1774288358,frontend-7868f8655b-vqjvm,gnn-cluster-worker3,scheduled_on,1.0
1774288358,redis-cache-67d574b944-ll9pf,gnn-cluster-worker2,scheduled_on,1.0
1774288358,workload-generator-667dc97f4f-67vch,gnn-cluster-worker3,scheduled_on,1.0
1774288388,backend-api-669d9964b8-b8qkw,gnn-cluster-worker2,scheduled_on,1.0
1774288388,backend-api-669d9964b8-qblwm,gnn-cluster-worker3,scheduled_on,1.0
1774288388,frontend-7868f8655b-25dwq,gnn-cluster-worker,scheduled_on,1.0
1774288388,frontend-7868f8655b-vqjvm,gnn-cluster-worker3,scheduled_on,1.0
1774288388,redis-cache-67d574b944-ll9pf,gnn-cluster-worker2,scheduled_on,1.0
1774288388,workload-generator-667dc97f4f-67vch,gnn-cluster-worker3,scheduled_on,1.0
1774288418,backend-api-669d9964b8-b8qkw,gnn-cluster-worker2,scheduled_on,1.0
1774288418,backend-api-669d9964b8-qblwm,gnn-cluster-worker3,scheduled_on,1.0
1774288418,frontend-7868f8655b-25dwq,gnn-cluster-worker,scheduled_on,1.0
1774288418,frontend-7868f8655b-vqjvm,gnn-cluster-worker3,scheduled_on,1.0
1774288418,redis-cache-67d574b944-ll9pf,gnn-cluster-worker2,scheduled_on,1.0
1774288418,workload-generator-667dc97f4f-67vch,gnn-cluster-worker3,scheduled_on,1.0
1774288449,backend-api-669d9964b8-b8qkw,gnn-cluster-worker2,scheduled_on,1.0
1774288449,backend-api-669d9964b8-qblwm,gnn-cluster-worker3,scheduled_on,1.0
1774288449,frontend-7868f8655b-25dwq,gnn-cluster-worker,scheduled_on,1.0
1774288449,frontend-7868f8655b-vqjvm,gnn-cluster-worker3,scheduled_on,1.0
1774288449,redis-cache-67d574b944-ll9pf,gnn-cluster-worker2,scheduled_on,1.0
1774288449,workload-generator-667dc97f4f-67vch,gnn-cluster-worker3,scheduled_on,1.0
1774288479,backend-api-669d9964b8-b8qkw,gnn-cluster-worker2,scheduled_on,1.0
1774288479,backend-api-669d9964b8-qblwm,gnn-cluster-worker3,scheduled_on,1.0
1774288479,frontend-7868f8655b-25dwq,gnn-cluster-worker,scheduled_on,1.0
1774288479,frontend-7868f8655b-vqjvm,gnn-cluster-worker3,scheduled_on,1.0
1774288479,redis-cache-67d574b944-ll9pf,gnn-cluster-worker2,scheduled_on,1.0
1774288479,workload-generator-667dc97f4f-67vch,gnn-cluster-worker3,scheduled_on,1.0
1774288509,backend-api-669d9964b8-b8qkw,gnn-cluster-worker2,scheduled_on,1.0
1774288509,backend-api-669d9964b8-qblwm,gnn-cluster-worker3,scheduled_on,1.0
1774288509,frontend-7868f8655b-25dwq,gnn-cluster-worker,scheduled_on,1.0
1774288509,frontend-7868f8655b-vqjvm,gnn-cluster-worker3,scheduled_on,1.0
1774288509,redis-cache-67d574b944-ll9pf,gnn-cluster-worker2,scheduled_on,1.0
1774288509,workload-generator-667dc97f4f-67vch,gnn-cluster-worker3,scheduled_on,1.0
1774288539,backend-api-669d9964b8-b8qkw,gnn-cluster-worker2,scheduled_on,1.0
1774288539,backend-api-669d9964b8-qblwm,gnn-cluster-worker3,scheduled_on,1.0
1774288539,frontend-7868f8655b-25dwq,gnn-cluster-worker,scheduled_on,1.0
1774288539,frontend-7868f8655b-vqjvm,gnn-cluster-worker3,scheduled_on,1.0
1774288539,redis-cache-67d574b944-ll9pf,gnn-cluster-worker2,scheduled_on,1.0
1774288539,workload-generator-667dc97f4f-67vch,gnn-cluster-worker3,scheduled_on,1.0
1774288569,backend-api-669d9964b8-b8qkw,gnn-cluster-worker2,scheduled_on,1.0
1774288569,backend-api-669d9964b8-qblwm,gnn-cluster-worker3,scheduled_on,1.0
1774288569,frontend-7868f8655b-25dwq,gnn-cluster-worker,scheduled_on,1.0
1774288569,frontend-7868f8655b-vqjvm,gnn-cluster-worker3,scheduled_on,1.0
1774288569,redis-cache-67d574b944-ll9pf,gnn-cluster-worker2,scheduled_on,1.0
1774288569,workload-generator-667dc97f4f-67vch,gnn-cluster-worker3,scheduled_on,1.0
1774288599,backend-api-669d9964b8-b8qkw,gnn-cluster-worker2,scheduled_on,1.0
1774288599,backend-api-669d9964b8-qblwm,gnn-cluster-worker3,scheduled_on,1.0
1774288599,frontend-7868f8655b-25dwq,gnn-cluster-worker,scheduled_on,1.0
1774288599,frontend-7868f8655b-vqjvm,gnn-cluster-worker3,scheduled_on,1.0
1774288599,redis-cache-67d574b944-ll9pf,gnn-cluster-worker2,scheduled_on,1.0
1774288599,workload-generator-667dc97f4f-67vch,gnn-cluster-worker3,scheduled_on,1.0
1774288629,backend-api-669d9964b8-b8qkw,gnn-cluster-worker2,scheduled_on,1.0
1774288629,backend-api-669d9964b8-qblwm,gnn-cluster-worker3,scheduled_on,1.0
1774288629,frontend-7868f8655b-25dwq,gnn-cluster-worker,scheduled_on,1.0
1774288629,frontend-7868f8655b-vqjvm,gnn-cluster-worker3,scheduled_on,1.0
1774288629,redis-cache-67d574b944-ll9pf,gnn-cluster-worker2,scheduled_on,1.0
1774288629,workload-generator-667dc97f4f-67vch,gnn-cluster-worker3,scheduled_on,1.0
1774288659,backend-api-669d9964b8-b8qkw,gnn-cluster-worker2,scheduled_on,1.0
1774288659,backend-api-669d9964b8-qblwm,gnn-cluster-worker3,scheduled_on,1.0
1774288659,frontend-7868f8655b-25dwq,gnn-cluster-worker,scheduled_on,1.0
1774288659,frontend-7868f8655b-vqjvm,gnn-cluster-worker3,scheduled_on,1.0
1774288659,redis-cache-67d574b944-ll9pf,gnn-cluster-worker2,scheduled_on,1.0
1774288659,workload-generator-667dc97f4f-67vch,gnn-cluster-worker3,scheduled_on,1.0
1774288689,backend-api-669d9964b8-b8qkw,gnn-cluster-worker2,scheduled_on,1.0
1774288689,backend-api-669d9964b8-qblwm,gnn-cluster-worker3,scheduled_on,1.0
1774288689,frontend-7868f8655b-25dwq,gnn-cluster-worker,scheduled_on,1.0
1774288689,frontend-7868f8655b-vqjvm,gnn-cluster-worker3,scheduled_on,1.0
1774288689,redis-cache-67d574b944-ll9pf,gnn-cluster-worker2,scheduled_on,1.0
1774288689,workload-generator-667dc97f4f-67vch,gnn-cluster-worker3,scheduled_on,1.0
1774288719,backend-api-669d9964b8-b8qkw,gnn-cluster-worker2,scheduled_on,1.0
1774288719,backend-api-669d9964b8-qblwm,gnn-cluster-worker3,scheduled_on,1.0
1774288719,frontend-7868f8655b-25dwq,gnn-cluster-worker,scheduled_on,1.0
1774288719,frontend-7868f8655b-vqjvm,gnn-cluster-worker3,scheduled_on,1.0
1774288719,redis-cache-67d574b944-ll9pf,gnn-cluster-worker2,scheduled_on,1.0
1774288719,workload-generator-667dc97f4f-67vch,gnn-cluster-worker3,scheduled_on,1.0
1774288749,backend-api-669d9964b8-b8qkw,gnn-cluster-worker2,scheduled_on,1.0
1774288749,backend-api-669d9964b8-qblwm,gnn-cluster-worker3,scheduled_on,1.0
1774288749,frontend-7868f8655b-25dwq,gnn-cluster-worker,scheduled_on,1.0
1774288749,frontend-7868f8655b-vqjvm,gnn-cluster-worker3,scheduled_on,1.0
1774288749,redis-cache-67d574b944-ll9pf,gnn-cluster-worker2,scheduled_on,1.0
1774288749,workload-generator-667dc97f4f-67vch,gnn-cluster-worker3,scheduled_on,1.0
1774288779,backend-api-669d9964b8-b8qkw,gnn-cluster-worker2,scheduled_on,1.0
1774288779,backend-api-669d9964b8-qblwm,gnn-cluster-worker3,scheduled_on,1.0
1774288779,frontend-7868f8655b-25dwq,gnn-cluster-worker,scheduled_on,1.0
1774288779,frontend-7868f8655b-vqjvm,gnn-cluster-worker3,scheduled_on,1.0
1774288779,redis-cache-67d574b944-ll9pf,gnn-cluster-worker2,scheduled_on,1.0
1774288779,workload-generator-667dc97f4f-67vch,gnn-cluster-worker3,scheduled_on,1.0
1774288809,backend-api-669d9964b8-b8qkw,gnn-cluster-worker2,scheduled_on,1.0
1774288809,backend-api-669d9964b8-qblwm,gnn-cluster-worker3,scheduled_on,1.0
1774288809,frontend-7868f8655b-25dwq,gnn-cluster-worker,scheduled_on,1.0
1774288809,frontend-7868f8655b-vqjvm,gnn-cluster-worker3,scheduled_on,1.0
1774288809,redis-cache-67d574b944-ll9pf,gnn-cluster-worker2,scheduled_on,1.0
1774288809,workload-generator-667dc97f4f-67vch,gnn-cluster-worker3,scheduled_on,1.0
1774288839,backend-api-669d9964b8-b8qkw,gnn-cluster-worker2,scheduled_on,1.0
1774288839,backend-api-669d9964b8-qblwm,gnn-cluster-worker3,scheduled_on,1.0
1774288839,frontend-7868f8655b-25dwq,gnn-cluster-worker,scheduled_on,1.0
1774288839,frontend-7868f8655b-vqjvm,gnn-cluster-worker3,scheduled_on,1.0
1774288839,redis-cache-67d574b944-ll9pf,gnn-cluster-worker2,scheduled_on,1.0
1774288839,workload-generator-667dc97f4f-67vch,gnn-cluster-worker3,scheduled_on,1.0
1774288869,backend-api-669d9964b8-b8qkw,gnn-cluster-worker2,scheduled_on,1.0
1774288869,backend-api-669d9964b8-qblwm,gnn-cluster-worker3,scheduled_on,1.0
1774288869,frontend-7868f8655b-25dwq,gnn-cluster-worker,scheduled_on,1.0
1774288869,frontend-7868f8655b-vqjvm,gnn-cluster-worker3,scheduled_on,1.0
1774288869,redis-cache-67d574b944-ll9pf,gnn-cluster-worker2,scheduled_on,1.0
1774288869,workload-generator-667dc97f4f-67vch,gnn-cluster-worker3,scheduled_on,1.0
1774288899,backend-api-669d9964b8-b8qkw,gnn-cluster-worker2,scheduled_on,1.0
1774288899,backend-api-669d9964b8-qblwm,gnn-cluster-worker3,scheduled_on,1.0
1774288899,frontend-7868f8655b-25dwq,gnn-cluster-worker,scheduled_on,1.0
1774288899,frontend-7868f8655b-vqjvm,gnn-cluster-worker3,scheduled_on,1.0
1774288899,redis-cache-67d574b944-ll9pf,gnn-cluster-worker2,scheduled_on,1.0
1774288899,workload-generator-667dc97f4f-67vch,gnn-cluster-worker3,scheduled_on,1.0
1774288929,backend-api-669d9964b8-b8qkw,gnn-cluster-worker2,scheduled_on,1.0
1774288929,backend-api-669d9964b8-qblwm,gnn-cluster-worker3,scheduled_on,1.0
1774288929,frontend-7868f8655b-25dwq,gnn-cluster-worker,scheduled_on,1.0
1774288929,frontend-7868f8655b-vqjvm,gnn-cluster-worker3,scheduled_on,1.0
1774288929,redis-cache-67d574b944-ll9pf,gnn-cluster-worker2,scheduled_on,1.0
1774288929,workload-generator-667dc97f4f-67vch,gnn-cluster-worker3,scheduled_on,1.0
1774288959,backend-api-669d9964b8-b8qkw,gnn-cluster-worker2,scheduled_on,1.0
1774288959,backend-api-669d9964b8-qblwm,gnn-cluster-worker3,scheduled_on,1.0
1774288959,frontend-7868f8655b-25dwq,gnn-cluster-worker,scheduled_on,1.0
1774288959,frontend-7868f8655b-vqjvm,gnn-cluster-worker3,scheduled_on,1.0
1774288959,redis-cache-67d574b944-ll9pf,gnn-cluster-worker2,scheduled_on,1.0
1774288959,workload-generator-667dc97f4f-67vch,gnn-cluster-worker3,scheduled_on,1.0
1774288990,backend-api-669d9964b8-b8qkw,gnn-cluster-worker2,scheduled_on,1.0
1774288990,backend-api-669d9964b8-qblwm,gnn-cluster-worker3,scheduled_on,1.0
1774288990,frontend-7868f8655b-25dwq,gnn-cluster-worker,scheduled_on,1.0
1774288990,frontend-7868f8655b-vqjvm,gnn-cluster-worker3,scheduled_on,1.0
1774288990,redis-cache-67d574b944-ll9pf,gnn-cluster-worker2,scheduled_on,1.0
1774288990,workload-generator-667dc97f4f-67vch,gnn-cluster-worker3,scheduled_on,1.0
1774289020,backend-api-669d9964b8-b8qkw,gnn-cluster-worker2,scheduled_on,1.0
1774289020,backend-api-669d9964b8-qblwm,gnn-cluster-worker3,scheduled_on,1.0
1774289020,frontend-7868f8655b-25dwq,gnn-cluster-worker,scheduled_on,1.0
1774289020,frontend-7868f8655b-vqjvm,gnn-cluster-worker3,scheduled_on,1.0
1774289020,redis-cache-67d574b944-ll9pf,gnn-cluster-worker2,scheduled_on,1.0
1774289020,workload-generator-667dc97f4f-67vch,gnn-cluster-worker3,scheduled_on,1.0
1774289050,backend-api-669d9964b8-b8qkw,gnn-cluster-worker2,scheduled_on,1.0
1774289050,backend-api-669d9964b8-qblwm,gnn-cluster-worker3,scheduled_on,1.0
1774289050,frontend-7868f8655b-25dwq,gnn-cluster-worker,scheduled_on,1.0
1774289050,frontend-7868f8655b-vqjvm,gnn-cluster-worker3,scheduled_on,1.0
1774289050,redis-cache-67d574b944-ll9pf,gnn-cluster-worker2,scheduled_on,1.0
1774289050,workload-generator-667dc97f4f-67vch,gnn-cluster-worker3,scheduled_on,1.0
1774289080,backend-api-669d9964b8-b8qkw,gnn-cluster-worker2,scheduled_on,1.0
1774289080,backend-api-669d9964b8-qblwm,gnn-cluster-worker3,scheduled_on,1.0
1774289080,frontend-7868f8655b-25dwq,gnn-cluster-worker,scheduled_on,1.0
1774289080,frontend-7868f8655b-vqjvm,gnn-cluster-worker3,scheduled_on,1.0
1774289080,redis-cache-67d574b944-ll9pf,gnn-cluster-worker2,scheduled_on,1.0
1774289080,workload-generator-667dc97f4f-67vch,gnn-cluster-worker3,scheduled_on,1.0
1774289110,backend-api-669d9964b8-b8qkw,gnn-cluster-worker2,scheduled_on,1.0
1774289110,backend-api-669d9964b8-qblwm,gnn-cluster-worker3,scheduled_on,1.0
1774289110,frontend-7868f8655b-25dwq,gnn-cluster-worker,scheduled_on,1.0
1774289110,frontend-7868f8655b-vqjvm,gnn-cluster-worker3,scheduled_on,1.0
1774289110,redis-cache-67d574b944-ll9pf,gnn-cluster-worker2,scheduled_on,1.0
1774289110,workload-generator-667dc97f4f-67vch,gnn-cluster-worker3,scheduled_on,1.0
1774289140,backend-api-669d9964b8-b8qkw,gnn-cluster-worker2,scheduled_on,1.0
1774289140,backend-api-669d9964b8-qblwm,gnn-cluster-worker3,scheduled_on,1.0
1774289140,frontend-7868f8655b-25dwq,gnn-cluster-worker,scheduled_on,1.0
1774289140,frontend-7868f8655b-vqjvm,gnn-cluster-worker3,scheduled_on,1.0
1774289140,redis-cache-67d574b944-ll9pf,gnn-cluster-worker2,scheduled_on,1.0
1774289140,workload-generator-667dc97f4f-67vch,gnn-cluster-worker3,scheduled_on,1.0
1774289170,backend-api-669d9964b8-b8qkw,gnn-cluster-worker2,scheduled_on,1.0
1774289170,backend-api-669d9964b8-qblwm,gnn-cluster-worker3,scheduled_on,1.0
1774289170,frontend-7868f8655b-25dwq,gnn-cluster-worker,scheduled_on,1.0
1774289170,frontend-7868f8655b-vqjvm,gnn-cluster-worker3,scheduled_on,1.0
1774289170,redis-cache-67d574b944-ll9pf,gnn-cluster-worker2,scheduled_on,1.0
1774289170,workload-generator-667dc97f4f-67vch,gnn-cluster-worker3,scheduled_on,1.0
1774289200,backend-api-669d9964b8-b8qkw,gnn-cluster-worker2,scheduled_on,1.0
1774289200,backend-api-669d9964b8-qblwm,gnn-cluster-worker3,scheduled_on,1.0
1774289200,frontend-7868f8655b-25dwq,gnn-cluster-worker,scheduled_on,1.0
1774289200,frontend-7868f8655b-vqjvm,gnn-cluster-worker3,scheduled_on,1.0
1774289200,redis-cache-67d574b944-ll9pf,gnn-cluster-worker2,scheduled_on,1.0
1774289200,workload-generator-667dc97f4f-67vch,gnn-cluster-worker3,scheduled_on,1.0
1774289230,backend-api-669d9964b8-b8qkw,gnn-cluster-worker2,scheduled_on,1.0
1774289230,backend-api-669d9964b8-qblwm,gnn-cluster-worker3,scheduled_on,1.0
1774289230,frontend-7868f8655b-25dwq,gnn-cluster-worker,scheduled_on,1.0
1774289230,frontend-7868f8655b-vqjvm,gnn-cluster-worker3,scheduled_on,1.0
1774289230,redis-cache-67d574b944-ll9pf,gnn-cluster-worker2,scheduled_on,1.0
1774289230,workload-generator-667dc97f4f-67vch,gnn-cluster-worker3,scheduled_on,1.0
1774370452,backend-api-669d9964b8-b8qkw,gnn-cluster-worker2,scheduled_on,1.0
1774370452,backend-api-669d9964b8-qblwm,gnn-cluster-worker3,scheduled_on,1.0
1774370452,frontend-7868f8655b-25dwq,gnn-cluster-worker,scheduled_on,1.0
1774370452,frontend-7868f8655b-vqjvm,gnn-cluster-worker3,scheduled_on,1.0
1774370452,redis-cache-67d574b944-ll9pf,gnn-cluster-worker2,scheduled_on,1.0
1774370452,workload-generator-667dc97f4f-67vch,gnn-cluster-worker3,scheduled_on,1.0
1774370482,backend-api-669d9964b8-b8qkw,gnn-cluster-worker2,scheduled_on,1.0
1774370482,backend-api-669d9964b8-qblwm,gnn-cluster-worker3,scheduled_on,1.0
1774370482,frontend-7868f8655b-25dwq,gnn-cluster-worker,scheduled_on,1.0
1774370482,frontend-7868f8655b-vqjvm,gnn-cluster-worker3,scheduled_on,1.0
1774370482,redis-cache-67d574b944-ll9pf,gnn-cluster-worker2,scheduled_on,1.0
1774370482,workload-generator-667dc97f4f-67vch,gnn-cluster-worker3,scheduled_on,1.0
1774370510,backend-api-669d9964b8-b8qkw,gnn-cluster-worker2,scheduled_on,1.0
1774370510,backend-api-669d9964b8-qblwm,gnn-cluster-worker3,scheduled_on,1.0
1774370510,cpu-stressor-74d6ffcfc4-gghxs,gnn-cluster-worker,scheduled_on,1.0
1774370510,frontend-7868f8655b-25dwq,gnn-cluster-worker,scheduled_on,1.0
1774370510,frontend-7868f8655b-vqjvm,gnn-cluster-worker3,scheduled_on,1.0
1774370510,redis-cache-67d574b944-ll9pf,gnn-cluster-worker2,scheduled_on,1.0
1774370510,workload-generator-667dc97f4f-67vch,gnn-cluster-worker3,scheduled_on,1.0
1774370540,backend-api-669d9964b8-b8qkw,gnn-cluster-worker2,scheduled_on,1.0
1774370540,backend-api-669d9964b8-qblwm,gnn-cluster-worker3,scheduled_on,1.0
1774370540,cpu-stressor-74d6ffcfc4-gghxs,gnn-cluster-worker,scheduled_on,1.0
1774370540,frontend-7868f8655b-25dwq,gnn-cluster-worker,scheduled_on,1.0
1774370540,frontend-7868f8655b-vqjvm,gnn-cluster-worker3,scheduled_on,1.0
1774370540,redis-cache-67d574b944-ll9pf,gnn-cluster-worker2,scheduled_on,1.0
1774370540,workload-generator-667dc97f4f-67vch,gnn-cluster-worker3,scheduled_on,1.0
1774370570,backend-api-669d9964b8-b8qkw,gnn-cluster-worker2,scheduled_on,1.0
1774370570,backend-api-669d9964b8-qblwm,gnn-cluster-worker3,scheduled_on,1.0
1774370570,cpu-stressor-74d6ffcfc4-gghxs,gnn-cluster-worker,scheduled_on,1.0
1774370570,frontend-7868f8655b-25dwq,gnn-cluster-worker,scheduled_on,1.0
1774370570,frontend-7868f8655b-vqjvm,gnn-cluster-worker3,scheduled_on,1.0
1774370570,redis-cache-67d574b944-ll9pf,gnn-cluster-worker2,scheduled_on,1.0
1774370570,workload-generator-667dc97f4f-67vch,gnn-cluster-worker3,scheduled_on,1.0
1774370600,backend-api-669d9964b8-b8qkw,gnn-cluster-worker2,scheduled_on,1.0
1774370600,backend-api-669d9964b8-qblwm,gnn-cluster-worker3,scheduled_on,1.0
1774370600,cpu-stressor-74d6ffcfc4-gghxs,gnn-cluster-worker,scheduled_on,1.0
1774370600,frontend-7868f8655b-25dwq,gnn-cluster-worker,scheduled_on,1.0
1774370600,frontend-7868f8655b-vqjvm,gnn-cluster-worker3,scheduled_on,1.0
1774370600,redis-cache-67d574b944-ll9pf,gnn-cluster-worker2,scheduled_on,1.0
1774370600,workload-generator-667dc97f4f-67vch,gnn-cluster-worker3,scheduled_on,1.0
1774370630,backend-api-669d9964b8-b8qkw,gnn-cluster-worker2,scheduled_on,1.0
1774370630,backend-api-669d9964b8-qblwm,gnn-cluster-worker3,scheduled_on,1.0
1774370630,cpu-stressor-74d6ffcfc4-gghxs,gnn-cluster-worker,scheduled_on,1.0
1774370630,frontend-7868f8655b-25dwq,gnn-cluster-worker,scheduled_on,1.0
1774370630,frontend-7868f8655b-vqjvm,gnn-cluster-worker3,scheduled_on,1.0
1774370630,redis-cache-67d574b944-ll9pf,gnn-cluster-worker2,scheduled_on,1.0
1774370630,workload-generator-667dc97f4f-67vch,gnn-cluster-worker3,scheduled_on,1.0
1774370660,backend-api-669d9964b8-b8qkw,gnn-cluster-worker2,scheduled_on,1.0
1774370660,backend-api-669d9964b8-qblwm,gnn-cluster-worker3,scheduled_on,1.0
1774370660,cpu-stressor-74d6ffcfc4-gghxs,gnn-cluster-worker,scheduled_on,1.0
1774370660,frontend-7868f8655b-25dwq,gnn-cluster-worker,scheduled_on,1.0
1774370660,frontend-7868f8655b-vqjvm,gnn-cluster-worker3,scheduled_on,1.0
1774370660,redis-cache-67d574b944-ll9pf,gnn-cluster-worker2,scheduled_on,1.0
1774370660,workload-generator-667dc97f4f-67vch,gnn-cluster-worker3,scheduled_on,1.0
1774370690,backend-api-669d9964b8-b8qkw,gnn-cluster-worker2,scheduled_on,1.0
1774370690,backend-api-669d9964b8-qblwm,gnn-cluster-worker3,scheduled_on,1.0
1774370690,cpu-stressor-74d6ffcfc4-gghxs,gnn-cluster-worker,scheduled_on,1.0
1774370690,frontend-7868f8655b-25dwq,gnn-cluster-worker,scheduled_on,1.0
1774370690,frontend-7868f8655b-vqjvm,gnn-cluster-worker3,scheduled_on,1.0
1774370690,redis-cache-67d574b944-ll9pf,gnn-cluster-worker2,scheduled_on,1.0
1774370690,workload-generator-667dc97f4f-67vch,gnn-cluster-worker3,scheduled_on,1.0
1774370720,backend-api-669d9964b8-b8qkw,gnn-cluster-worker2,scheduled_on,1.0
1774370720,backend-api-669d9964b8-qblwm,gnn-cluster-worker3,scheduled_on,1.0
1774370720,cpu-stressor-74d6ffcfc4-gghxs,gnn-cluster-worker,scheduled_on,1.0
1774370720,frontend-7868f8655b-25dwq,gnn-cluster-worker,scheduled_on,1.0
1774370720,frontend-7868f8655b-vqjvm,gnn-cluster-worker3,scheduled_on,1.0
1774370720,redis-cache-67d574b944-ll9pf,gnn-cluster-worker2,scheduled_on,1.0
1774370720,workload-generator-667dc97f4f-67vch,gnn-cluster-worker3,scheduled_on,1.0
1774370750,backend-api-669d9964b8-b8qkw,gnn-cluster-worker2,scheduled_on,1.0
1774370750,backend-api-669d9964b8-qblwm,gnn-cluster-worker3,scheduled_on,1.0
1774370750,cpu-stressor-74d6ffcfc4-gghxs,gnn-cluster-worker,scheduled_on,1.0
1774370750,frontend-7868f8655b-25dwq,gnn-cluster-worker,scheduled_on,1.0
1774370750,frontend-7868f8655b-vqjvm,gnn-cluster-worker3,scheduled_on,1.0
1774370750,redis-cache-67d574b944-ll9pf,gnn-cluster-worker2,scheduled_on,1.0
1774370750,workload-generator-667dc97f4f-67vch,gnn-cluster-worker3,scheduled_on,1.0
1774370780,backend-api-669d9964b8-b8qkw,gnn-cluster-worker2,scheduled_on,1.0
1774370780,backend-api-669d9964b8-qblwm,gnn-cluster-worker3,scheduled_on,1.0
1774370780,cpu-stressor-74d6ffcfc4-gghxs,gnn-cluster-worker,scheduled_on,1.0
1774370780,frontend-7868f8655b-25dwq,gnn-cluster-worker,scheduled_on,1.0
1774370780,frontend-7868f8655b-vqjvm,gnn-cluster-worker3,scheduled_on,1.0
1774370780,redis-cache-67d574b944-ll9pf,gnn-cluster-worker2,scheduled_on,1.0
1774370780,workload-generator-667dc97f4f-67vch,gnn-cluster-worker3,scheduled_on,1.0
1774370810,backend-api-669d9964b8-b8qkw,gnn-cluster-worker2,scheduled_on,1.0
1774370810,backend-api-669d9964b8-qblwm,gnn-cluster-worker3,scheduled_on,1.0
1774370810,cpu-stressor-74d6ffcfc4-gghxs,gnn-cluster-worker,scheduled_on,1.0
1774370810,frontend-7868f8655b-25dwq,gnn-cluster-worker,scheduled_on,1.0
1774370810,frontend-7868f8655b-vqjvm,gnn-cluster-worker3,scheduled_on,1.0
1774370810,redis-cache-67d574b944-ll9pf,gnn-cluster-worker2,scheduled_on,1.0
1774370810,workload-generator-667dc97f4f-67vch,gnn-cluster-worker3,scheduled_on,1.0
1774370840,backend-api-669d9964b8-b8qkw,gnn-cluster-worker2,scheduled_on,1.0
1774370840,backend-api-669d9964b8-qblwm,gnn-cluster-worker3,scheduled_on,1.0
1774370840,cpu-stressor-74d6ffcfc4-gghxs,gnn-cluster-worker,scheduled_on,1.0
1774370840,frontend-7868f8655b-25dwq,gnn-cluster-worker,scheduled_on,1.0
1774370840,frontend-7868f8655b-vqjvm,gnn-cluster-worker3,scheduled_on,1.0
1774370840,redis-cache-67d574b944-ll9pf,gnn-cluster-worker2,scheduled_on,1.0
1774370840,workload-generator-667dc97f4f-67vch,gnn-cluster-worker3,scheduled_on,1.0
1774370870,backend-api-669d9964b8-b8qkw,gnn-cluster-worker2,scheduled_on,1.0
1774370870,backend-api-669d9964b8-qblwm,gnn-cluster-worker3,scheduled_on,1.0
1774370870,cpu-stressor-74d6ffcfc4-gghxs,gnn-cluster-worker,scheduled_on,1.0
1774370870,frontend-7868f8655b-25dwq,gnn-cluster-worker,scheduled_on,1.0
1774370870,frontend-7868f8655b-vqjvm,gnn-cluster-worker3,scheduled_on,1.0
1774370870,redis-cache-67d574b944-ll9pf,gnn-cluster-worker2,scheduled_on,1.0
1774370870,workload-generator-667dc97f4f-67vch,gnn-cluster-worker3,scheduled_on,1.0
1774370900,backend-api-669d9964b8-b8qkw,gnn-cluster-worker2,scheduled_on,1.0
1774370900,backend-api-669d9964b8-qblwm,gnn-cluster-worker3,scheduled_on,1.0
1774370900,cpu-stressor-74d6ffcfc4-gghxs,gnn-cluster-worker,scheduled_on,1.0
1774370900,frontend-7868f8655b-25dwq,gnn-cluster-worker,scheduled_on,1.0
1774370900,frontend-7868f8655b-vqjvm,gnn-cluster-worker3,scheduled_on,1.0
1774370900,redis-cache-67d574b944-ll9pf,gnn-cluster-worker2,scheduled_on,1.0
1774370900,workload-generator-667dc97f4f-67vch,gnn-cluster-worker3,scheduled_on,1.0
1774370930,backend-api-669d9964b8-b8qkw,gnn-cluster-worker2,scheduled_on,1.0
1774370930,backend-api-669d9964b8-qblwm,gnn-cluster-worker3,scheduled_on,1.0
1774370930,cpu-stressor-74d6ffcfc4-gghxs,gnn-cluster-worker,scheduled_on,1.0
1774370930,frontend-7868f8655b-25dwq,gnn-cluster-worker,scheduled_on,1.0
1774370930,frontend-7868f8655b-vqjvm,gnn-cluster-worker3,scheduled_on,1.0
1774370930,redis-cache-67d574b944-ll9pf,gnn-cluster-worker2,scheduled_on,1.0
1774370930,workload-generator-667dc97f4f-67vch,gnn-cluster-worker3,scheduled_on,1.0
1774370960,backend-api-669d9964b8-b8qkw,gnn-cluster-worker2,scheduled_on,1.0
1774370960,backend-api-669d9964b8-qblwm,gnn-cluster-worker3,scheduled_on,1.0
1774370960,cpu-stressor-74d6ffcfc4-gghxs,gnn-cluster-worker,scheduled_on,1.0
1774370960,frontend-7868f8655b-25dwq,gnn-cluster-worker,scheduled_on,1.0
1774370960,frontend-7868f8655b-vqjvm,gnn-cluster-worker3,scheduled_on,1.0
1774370960,redis-cache-67d574b944-ll9pf,gnn-cluster-worker2,scheduled_on,1.0
1774370960,workload-generator-667dc97f4f-67vch,gnn-cluster-worker3,scheduled_on,1.0
1774370990,backend-api-669d9964b8-b8qkw,gnn-cluster-worker2,scheduled_on,1.0
1774370990,backend-api-669d9964b8-qblwm,gnn-cluster-worker3,scheduled_on,1.0
1774370990,cpu-stressor-74d6ffcfc4-gghxs,gnn-cluster-worker,scheduled_on,1.0
1774370990,frontend-7868f8655b-25dwq,gnn-cluster-worker,scheduled_on,1.0
1774370990,frontend-7868f8655b-vqjvm,gnn-cluster-worker3,scheduled_on,1.0
1774370990,redis-cache-67d574b944-ll9pf,gnn-cluster-worker2,scheduled_on,1.0
1774370990,workload-generator-667dc97f4f-67vch,gnn-cluster-worker3,scheduled_on,1.0
1774371020,backend-api-669d9964b8-b8qkw,gnn-cluster-worker2,scheduled_on,1.0
1774371020,backend-api-669d9964b8-qblwm,gnn-cluster-worker3,scheduled_on,1.0
1774371020,cpu-stressor-74d6ffcfc4-gghxs,gnn-cluster-worker,scheduled_on,1.0
1774371020,frontend-7868f8655b-25dwq,gnn-cluster-worker,scheduled_on,1.0
1774371020,frontend-7868f8655b-vqjvm,gnn-cluster-worker3,scheduled_on,1.0
1774371020,redis-cache-67d574b944-ll9pf,gnn-cluster-worker2,scheduled_on,1.0
1774371020,workload-generator-667dc97f4f-67vch,gnn-cluster-worker3,scheduled_on,1.0
1774371051,backend-api-669d9964b8-b8qkw,gnn-cluster-worker2,scheduled_on,1.0
1774371051,backend-api-669d9964b8-qblwm,gnn-cluster-worker3,scheduled_on,1.0
1774371051,cpu-stressor-74d6ffcfc4-gghxs,gnn-cluster-worker,scheduled_on,1.0
1774371051,frontend-7868f8655b-25dwq,gnn-cluster-worker,scheduled_on,1.0
1774371051,frontend-7868f8655b-vqjvm,gnn-cluster-worker3,scheduled_on,1.0
1774371051,redis-cache-67d574b944-ll9pf,gnn-cluster-worker2,scheduled_on,1.0
1774371051,workload-generator-667dc97f4f-67vch,gnn-cluster-worker3,scheduled_on,1.0
1774371081,backend-api-669d9964b8-b8qkw,gnn-cluster-worker2,scheduled_on,1.0
1774371081,backend-api-669d9964b8-qblwm,gnn-cluster-worker3,scheduled_on,1.0
1774371081,cpu-stressor-74d6ffcfc4-gghxs,gnn-cluster-worker,scheduled_on,1.0
1774371081,frontend-7868f8655b-25dwq,gnn-cluster-worker,scheduled_on,1.0
1774371081,frontend-7868f8655b-vqjvm,gnn-cluster-worker3,scheduled_on,1.0
1774371081,redis-cache-67d574b944-ll9pf,gnn-cluster-worker2,scheduled_on,1.0
1774371081,workload-generator-667dc97f4f-67vch,gnn-cluster-worker3,scheduled_on,1.0
1774371111,backend-api-669d9964b8-b8qkw,gnn-cluster-worker2,scheduled_on,1.0
1774371111,backend-api-669d9964b8-qblwm,gnn-cluster-worker3,scheduled_on,1.0
1774371111,cpu-stressor-74d6ffcfc4-gghxs,gnn-cluster-worker,scheduled_on,1.0
1774371111,frontend-7868f8655b-25dwq,gnn-cluster-worker,scheduled_on,1.0
1774371111,frontend-7868f8655b-vqjvm,gnn-cluster-worker3,scheduled_on,1.0
1774371111,redis-cache-67d574b944-ll9pf,gnn-cluster-worker2,scheduled_on,1.0
1774371111,workload-generator-667dc97f4f-67vch,gnn-cluster-worker3,scheduled_on,1.0
1774371141,backend-api-669d9964b8-b8qkw,gnn-cluster-worker2,scheduled_on,1.0
1774371141,backend-api-669d9964b8-qblwm,gnn-cluster-worker3,scheduled_on,1.0
1774371141,cpu-stressor-74d6ffcfc4-gghxs,gnn-cluster-worker,scheduled_on,1.0
1774371141,frontend-7868f8655b-25dwq,gnn-cluster-worker,scheduled_on,1.0
1774371141,frontend-7868f8655b-vqjvm,gnn-cluster-worker3,scheduled_on,1.0
1774371141,redis-cache-67d574b944-ll9pf,gnn-cluster-worker2,scheduled_on,1.0
1774371141,workload-generator-667dc97f4f-67vch,gnn-cluster-worker3,scheduled_on,1.0
1774371171,backend-api-669d9964b8-b8qkw,gnn-cluster-worker2,scheduled_on,1.0
1774371171,backend-api-669d9964b8-qblwm,gnn-cluster-worker3,scheduled_on,1.0
1774371171,cpu-stressor-74d6ffcfc4-gghxs,gnn-cluster-worker,scheduled_on,1.0
1774371171,frontend-7868f8655b-25dwq,gnn-cluster-worker,scheduled_on,1.0
1774371171,frontend-7868f8655b-vqjvm,gnn-cluster-worker3,scheduled_on,1.0
1774371171,redis-cache-67d574b944-ll9pf,gnn-cluster-worker2,scheduled_on,1.0
1774371171,workload-generator-667dc97f4f-67vch,gnn-cluster-worker3,scheduled_on,1.0
1774371201,backend-api-669d9964b8-b8qkw,gnn-cluster-worker2,scheduled_on,1.0
1774371201,backend-api-669d9964b8-qblwm,gnn-cluster-worker3,scheduled_on,1.0
1774371201,cpu-stressor-74d6ffcfc4-gghxs,gnn-cluster-worker,scheduled_on,1.0
1774371201,frontend-7868f8655b-25dwq,gnn-cluster-worker,scheduled_on,1.0
1774371201,frontend-7868f8655b-vqjvm,gnn-cluster-worker3,scheduled_on,1.0
1774371201,redis-cache-67d574b944-ll9pf,gnn-cluster-worker2,scheduled_on,1.0
1774371201,workload-generator-667dc97f4f-67vch,gnn-cluster-worker3,scheduled_on,1.0
1774371231,backend-api-669d9964b8-b8qkw,gnn-cluster-worker2,scheduled_on,1.0
1774371231,backend-api-669d9964b8-qblwm,gnn-cluster-worker3,scheduled_on,1.0
1774371231,cpu-stressor-74d6ffcfc4-gghxs,gnn-cluster-worker,scheduled_on,1.0
1774371231,frontend-7868f8655b-25dwq,gnn-cluster-worker,scheduled_on,1.0
1774371231,frontend-7868f8655b-vqjvm,gnn-cluster-worker3,scheduled_on,1.0
1774371231,redis-cache-67d574b944-ll9pf,gnn-cluster-worker2,scheduled_on,1.0
1774371231,workload-generator-667dc97f4f-67vch,gnn-cluster-worker3,scheduled_on,1.0
1774371261,backend-api-669d9964b8-b8qkw,gnn-cluster-worker2,scheduled_on,1.0
1774371261,backend-api-669d9964b8-qblwm,gnn-cluster-worker3,scheduled_on,1.0
1774371261,cpu-stressor-74d6ffcfc4-gghxs,gnn-cluster-worker,scheduled_on,1.0
1774371261,frontend-7868f8655b-25dwq,gnn-cluster-worker,scheduled_on,1.0
1774371261,frontend-7868f8655b-vqjvm,gnn-cluster-worker3,scheduled_on,1.0
1774371261,redis-cache-67d574b944-ll9pf,gnn-cluster-worker2,scheduled_on,1.0
1774371261,workload-generator-667dc97f4f-67vch,gnn-cluster-worker3,scheduled_on,1.0
1774371291,backend-api-669d9964b8-b8qkw,gnn-cluster-worker2,scheduled_on,1.0
1774371291,backend-api-669d9964b8-qblwm,gnn-cluster-worker3,scheduled_on,1.0
1774371291,cpu-stressor-74d6ffcfc4-gghxs,gnn-cluster-worker,scheduled_on,1.0
1774371291,frontend-7868f8655b-25dwq,gnn-cluster-worker,scheduled_on,1.0
1774371291,frontend-7868f8655b-vqjvm,gnn-cluster-worker3,scheduled_on,1.0
1774371291,redis-cache-67d574b944-ll9pf,gnn-cluster-worker2,scheduled_on,1.0
1774371291,workload-generator-667dc97f4f-67vch,gnn-cluster-worker3,scheduled_on,1.0
1774371321,backend-api-669d9964b8-b8qkw,gnn-cluster-worker2,scheduled_on,1.0
1774371321,backend-api-669d9964b8-qblwm,gnn-cluster-worker3,scheduled_on,1.0
1774371321,cpu-stressor-74d6ffcfc4-gghxs,gnn-cluster-worker,scheduled_on,1.0
1774371321,frontend-7868f8655b-25dwq,gnn-cluster-worker,scheduled_on,1.0
1774371321,frontend-7868f8655b-vqjvm,gnn-cluster-worker3,scheduled_on,1.0
1774371321,redis-cache-67d574b944-ll9pf,gnn-cluster-worker2,scheduled_on,1.0
1774371321,workload-generator-667dc97f4f-67vch,gnn-cluster-worker3,scheduled_on,1.0
1774371351,backend-api-669d9964b8-b8qkw,gnn-cluster-worker2,scheduled_on,1.0
1774371351,backend-api-669d9964b8-qblwm,gnn-cluster-worker3,scheduled_on,1.0
1774371351,cpu-stressor-74d6ffcfc4-gghxs,gnn-cluster-worker,scheduled_on,1.0
1774371351,frontend-7868f8655b-25dwq,gnn-cluster-worker,scheduled_on,1.0
1774371351,frontend-7868f8655b-vqjvm,gnn-cluster-worker3,scheduled_on,1.0
1774371351,redis-cache-67d574b944-ll9pf,gnn-cluster-worker2,scheduled_on,1.0
1774371351,workload-generator-667dc97f4f-67vch,gnn-cluster-worker3,scheduled_on,1.0
1774371381,backend-api-669d9964b8-b8qkw,gnn-cluster-worker2,scheduled_on,1.0
1774371381,backend-api-669d9964b8-qblwm,gnn-cluster-worker3,scheduled_on,1.0
1774371381,cpu-stressor-74d6ffcfc4-gghxs,gnn-cluster-worker,scheduled_on,1.0
1774371381,frontend-7868f8655b-25dwq,gnn-cluster-worker,scheduled_on,1.0
1774371381,frontend-7868f8655b-vqjvm,gnn-cluster-worker3,scheduled_on,1.0
1774371381,redis-cache-67d574b944-ll9pf,gnn-cluster-worker2,scheduled_on,1.0
1774371381,workload-generator-667dc97f4f-67vch,gnn-cluster-worker3,scheduled_on,1.0
1774371411,backend-api-669d9964b8-b8qkw,gnn-cluster-worker2,scheduled_on,1.0
1774371411,backend-api-669d9964b8-qblwm,gnn-cluster-worker3,scheduled_on,1.0
1774371411,cpu-stressor-74d6ffcfc4-gghxs,gnn-cluster-worker,scheduled_on,1.0
1774371411,frontend-7868f8655b-25dwq,gnn-cluster-worker,scheduled_on,1.0
1774371411,frontend-7868f8655b-vqjvm,gnn-cluster-worker3,scheduled_on,1.0
1774371411,redis-cache-67d574b944-ll9pf,gnn-cluster-worker2,scheduled_on,1.0
1774371411,workload-generator-667dc97f4f-67vch,gnn-cluster-worker3,scheduled_on,1.0
1774371441,backend-api-669d9964b8-b8qkw,gnn-cluster-worker2,scheduled_on,1.0
1774371441,backend-api-669d9964b8-qblwm,gnn-cluster-worker3,scheduled_on,1.0
1774371441,cpu-stressor-74d6ffcfc4-gghxs,gnn-cluster-worker,scheduled_on,1.0
1774371441,frontend-7868f8655b-25dwq,gnn-cluster-worker,scheduled_on,1.0
1774371441,frontend-7868f8655b-vqjvm,gnn-cluster-worker3,scheduled_on,1.0
1774371441,redis-cache-67d574b944-ll9pf,gnn-cluster-worker2,scheduled_on,1.0
1774371441,workload-generator-667dc97f4f-67vch,gnn-cluster-worker3,scheduled_on,1.0
1774371471,backend-api-669d9964b8-b8qkw,gnn-cluster-worker2,scheduled_on,1.0
1774371471,backend-api-669d9964b8-qblwm,gnn-cluster-worker3,scheduled_on,1.0
1774371471,cpu-stressor-74d6ffcfc4-gghxs,gnn-cluster-worker,scheduled_on,1.0
1774371471,frontend-7868f8655b-25dwq,gnn-cluster-worker,scheduled_on,1.0
1774371471,frontend-7868f8655b-vqjvm,gnn-cluster-worker3,scheduled_on,1.0
1774371471,redis-cache-67d574b944-ll9pf,gnn-cluster-worker2,scheduled_on,1.0
1774371471,workload-generator-667dc97f4f-67vch,gnn-cluster-worker3,scheduled_on,1.0
1774371501,backend-api-669d9964b8-b8qkw,gnn-cluster-worker2,scheduled_on,1.0
1774371501,backend-api-669d9964b8-qblwm,gnn-cluster-worker3,scheduled_on,1.0
1774371501,cpu-stressor-74d6ffcfc4-gghxs,gnn-cluster-worker,scheduled_on,1.0
1774371501,frontend-7868f8655b-25dwq,gnn-cluster-worker,scheduled_on,1.0
1774371501,frontend-7868f8655b-vqjvm,gnn-cluster-worker3,scheduled_on,1.0
1774371501,redis-cache-67d574b944-ll9pf,gnn-cluster-worker2,scheduled_on,1.0
1774371501,workload-generator-667dc97f4f-67vch,gnn-cluster-worker3,scheduled_on,1.0
1774371532,backend-api-669d9964b8-b8qkw,gnn-cluster-worker2,scheduled_on,1.0
1774371532,backend-api-669d9964b8-qblwm,gnn-cluster-worker3,scheduled_on,1.0
1774371532,cpu-stressor-74d6ffcfc4-gghxs,gnn-cluster-worker,scheduled_on,1.0
1774371532,frontend-7868f8655b-25dwq,gnn-cluster-worker,scheduled_on,1.0
1774371532,frontend-7868f8655b-vqjvm,gnn-cluster-worker3,scheduled_on,1.0
1774371532,redis-cache-67d574b944-ll9pf,gnn-cluster-worker2,scheduled_on,1.0
1774371532,workload-generator-667dc97f4f-67vch,gnn-cluster-worker3,scheduled_on,1.0
1774371562,backend-api-669d9964b8-b8qkw,gnn-cluster-worker2,scheduled_on,1.0
1774371562,backend-api-669d9964b8-qblwm,gnn-cluster-worker3,scheduled_on,1.0
1774371562,cpu-stressor-74d6ffcfc4-gghxs,gnn-cluster-worker,scheduled_on,1.0
1774371562,frontend-7868f8655b-25dwq,gnn-cluster-worker,scheduled_on,1.0
1774371562,frontend-7868f8655b-vqjvm,gnn-cluster-worker3,scheduled_on,1.0
1774371562,redis-cache-67d574b944-ll9pf,gnn-cluster-worker2,scheduled_on,1.0
1774371562,workload-generator-667dc97f4f-67vch,gnn-cluster-worker3,scheduled_on,1.0
1774371592,backend-api-669d9964b8-b8qkw,gnn-cluster-worker2,scheduled_on,1.0
1774371592,backend-api-669d9964b8-qblwm,gnn-cluster-worker3,scheduled_on,1.0
1774371592,cpu-stressor-74d6ffcfc4-gghxs,gnn-cluster-worker,scheduled_on,1.0
1774371592,frontend-7868f8655b-25dwq,gnn-cluster-worker,scheduled_on,1.0
1774371592,frontend-7868f8655b-vqjvm,gnn-cluster-worker3,scheduled_on,1.0
1774371592,redis-cache-67d574b944-ll9pf,gnn-cluster-worker2,scheduled_on,1.0
1774371592,workload-generator-667dc97f4f-67vch,gnn-cluster-worker3,scheduled_on,1.0
1774371622,backend-api-669d9964b8-b8qkw,gnn-cluster-worker2,scheduled_on,1.0
1774371622,backend-api-669d9964b8-qblwm,gnn-cluster-worker3,scheduled_on,1.0
1774371622,cpu-stressor-74d6ffcfc4-gghxs,gnn-cluster-worker,scheduled_on,1.0
1774371622,frontend-7868f8655b-25dwq,gnn-cluster-worker,scheduled_on,1.0
1774371622,frontend-7868f8655b-vqjvm,gnn-cluster-worker3,scheduled_on,1.0
1774371622,redis-cache-67d574b944-ll9pf,gnn-cluster-worker2,scheduled_on,1.0
1774371622,workload-generator-667dc97f4f-67vch,gnn-cluster-worker3,scheduled_on,1.0
1774371652,backend-api-669d9964b8-b8qkw,gnn-cluster-worker2,scheduled_on,1.0
1774371652,backend-api-669d9964b8-qblwm,gnn-cluster-worker3,scheduled_on,1.0
1774371652,cpu-stressor-74d6ffcfc4-gghxs,gnn-cluster-worker,scheduled_on,1.0
1774371652,frontend-7868f8655b-25dwq,gnn-cluster-worker,scheduled_on,1.0
1774371652,frontend-7868f8655b-vqjvm,gnn-cluster-worker3,scheduled_on,1.0
1774371652,redis-cache-67d574b944-ll9pf,gnn-cluster-worker2,scheduled_on,1.0
1774371652,workload-generator-667dc97f4f-67vch,gnn-cluster-worker3,scheduled_on,1.0
1774371682,backend-api-669d9964b8-b8qkw,gnn-cluster-worker2,scheduled_on,1.0
1774371682,backend-api-669d9964b8-qblwm,gnn-cluster-worker3,scheduled_on,1.0
1774371682,cpu-stressor-74d6ffcfc4-gghxs,gnn-cluster-worker,scheduled_on,1.0
1774371682,frontend-7868f8655b-25dwq,gnn-cluster-worker,scheduled_on,1.0
1774371682,frontend-7868f8655b-vqjvm,gnn-cluster-worker3,scheduled_on,1.0
1774371682,redis-cache-67d574b944-ll9pf,gnn-cluster-worker2,scheduled_on,1.0
1774371682,workload-generator-667dc97f4f-67vch,gnn-cluster-worker3,scheduled_on,1.0
1774371712,backend-api-669d9964b8-b8qkw,gnn-cluster-worker2,scheduled_on,1.0
1774371712,backend-api-669d9964b8-qblwm,gnn-cluster-worker3,scheduled_on,1.0
1774371712,cpu-stressor-74d6ffcfc4-gghxs,gnn-cluster-worker,scheduled_on,1.0
1774371712,frontend-7868f8655b-25dwq,gnn-cluster-worker,scheduled_on,1.0
1774371712,frontend-7868f8655b-vqjvm,gnn-cluster-worker3,scheduled_on,1.0
1774371712,redis-cache-67d574b944-ll9pf,gnn-cluster-worker2,scheduled_on,1.0
1774371712,workload-generator-667dc97f4f-67vch,gnn-cluster-worker3,scheduled_on,1.0
1774371742,backend-api-669d9964b8-b8qkw,gnn-cluster-worker2,scheduled_on,1.0
1774371742,backend-api-669d9964b8-qblwm,gnn-cluster-worker3,scheduled_on,1.0
1774371742,cpu-stressor-74d6ffcfc4-gghxs,gnn-cluster-worker,scheduled_on,1.0
1774371742,frontend-7868f8655b-25dwq,gnn-cluster-worker,scheduled_on,1.0
1774371742,frontend-7868f8655b-vqjvm,gnn-cluster-worker3,scheduled_on,1.0
1774371742,redis-cache-67d574b944-ll9pf,gnn-cluster-worker2,scheduled_on,1.0
1774371742,workload-generator-667dc97f4f-67vch,gnn-cluster-worker3,scheduled_on,1.0
1774371772,backend-api-669d9964b8-b8qkw,gnn-cluster-worker2,scheduled_on,1.0
1774371772,backend-api-669d9964b8-qblwm,gnn-cluster-worker3,scheduled_on,1.0
1774371772,cpu-stressor-74d6ffcfc4-gghxs,gnn-cluster-worker,scheduled_on,1.0
1774371772,frontend-7868f8655b-25dwq,gnn-cluster-worker,scheduled_on,1.0
1774371772,frontend-7868f8655b-vqjvm,gnn-cluster-worker3,scheduled_on,1.0
1774371772,redis-cache-67d574b944-ll9pf,gnn-cluster-worker2,scheduled_on,1.0
1774371772,workload-generator-667dc97f4f-67vch,gnn-cluster-worker3,scheduled_on,1.0
1774371802,backend-api-669d9964b8-b8qkw,gnn-cluster-worker2,scheduled_on,1.0
1774371802,backend-api-669d9964b8-qblwm,gnn-cluster-worker3,scheduled_on,1.0
1774371802,cpu-stressor-74d6ffcfc4-gghxs,gnn-cluster-worker,scheduled_on,1.0
1774371802,frontend-7868f8655b-25dwq,gnn-cluster-worker,scheduled_on,1.0
1774371802,frontend-7868f8655b-vqjvm,gnn-cluster-worker3,scheduled_on,1.0
1774371802,redis-cache-67d574b944-ll9pf,gnn-cluster-worker2,scheduled_on,1.0
1774371802,workload-generator-667dc97f4f-67vch,gnn-cluster-worker3,scheduled_on,1.0
1774371832,backend-api-669d9964b8-b8qkw,gnn-cluster-worker2,scheduled_on,1.0
1774371832,backend-api-669d9964b8-qblwm,gnn-cluster-worker3,scheduled_on,1.0
1774371832,cpu-stressor-74d6ffcfc4-gghxs,gnn-cluster-worker,scheduled_on,1.0
1774371832,frontend-7868f8655b-25dwq,gnn-cluster-worker,scheduled_on,1.0
1774371832,frontend-7868f8655b-vqjvm,gnn-cluster-worker3,scheduled_on,1.0
1774371832,redis-cache-67d574b944-ll9pf,gnn-cluster-worker2,scheduled_on,1.0
1774371832,workload-generator-667dc97f4f-67vch,gnn-cluster-worker3,scheduled_on,1.0
1774371862,backend-api-669d9964b8-b8qkw,gnn-cluster-worker2,scheduled_on,1.0
1774371862,backend-api-669d9964b8-qblwm,gnn-cluster-worker3,scheduled_on,1.0
1774371862,cpu-stressor-74d6ffcfc4-gghxs,gnn-cluster-worker,scheduled_on,1.0
1774371862,frontend-7868f8655b-25dwq,gnn-cluster-worker,scheduled_on,1.0
1774371862,frontend-7868f8655b-vqjvm,gnn-cluster-worker3,scheduled_on,1.0
1774371862,redis-cache-67d574b944-ll9pf,gnn-cluster-worker2,scheduled_on,1.0
1774371862,workload-generator-667dc97f4f-67vch,gnn-cluster-worker3,scheduled_on,1.0
1774371892,backend-api-669d9964b8-b8qkw,gnn-cluster-worker2,scheduled_on,1.0
1774371892,backend-api-669d9964b8-qblwm,gnn-cluster-worker3,scheduled_on,1.0
1774371892,cpu-stressor-74d6ffcfc4-gghxs,gnn-cluster-worker,scheduled_on,1.0
1774371892,frontend-7868f8655b-25dwq,gnn-cluster-worker,scheduled_on,1.0
1774371892,frontend-7868f8655b-vqjvm,gnn-cluster-worker3,scheduled_on,1.0
1774371892,redis-cache-67d574b944-ll9pf,gnn-cluster-worker2,scheduled_on,1.0
1774371892,workload-generator-667dc97f4f-67vch,gnn-cluster-worker3,scheduled_on,1.0
1774371922,backend-api-669d9964b8-b8qkw,gnn-cluster-worker2,scheduled_on,1.0
1774371922,backend-api-669d9964b8-qblwm,gnn-cluster-worker3,scheduled_on,1.0
1774371922,cpu-stressor-74d6ffcfc4-gghxs,gnn-cluster-worker,scheduled_on,1.0
1774371922,frontend-7868f8655b-25dwq,gnn-cluster-worker,scheduled_on,1.0
1774371922,frontend-7868f8655b-vqjvm,gnn-cluster-worker3,scheduled_on,1.0
1774371922,redis-cache-67d574b944-ll9pf,gnn-cluster-worker2,scheduled_on,1.0
1774371922,workload-generator-667dc97f4f-67vch,gnn-cluster-worker3,scheduled_on,1.0
1774371952,backend-api-669d9964b8-b8qkw,gnn-cluster-worker2,scheduled_on,1.0
1774371952,backend-api-669d9964b8-qblwm,gnn-cluster-worker3,scheduled_on,1.0
1774371952,cpu-stressor-74d6ffcfc4-gghxs,gnn-cluster-worker,scheduled_on,1.0
1774371952,frontend-7868f8655b-25dwq,gnn-cluster-worker,scheduled_on,1.0
1774371952,frontend-7868f8655b-vqjvm,gnn-cluster-worker3,scheduled_on,1.0
1774371952,redis-cache-67d574b944-ll9pf,gnn-cluster-worker2,scheduled_on,1.0
1774371952,workload-generator-667dc97f4f-67vch,gnn-cluster-worker3,scheduled_on,1.0
1774371982,backend-api-669d9964b8-b8qkw,gnn-cluster-worker2,scheduled_on,1.0
1774371982,backend-api-669d9964b8-qblwm,gnn-cluster-worker3,scheduled_on,1.0
1774371982,cpu-stressor-74d6ffcfc4-gghxs,gnn-cluster-worker,scheduled_on,1.0
1774371982,frontend-7868f8655b-25dwq,gnn-cluster-worker,scheduled_on,1.0
1774371982,frontend-7868f8655b-vqjvm,gnn-cluster-worker3,scheduled_on,1.0
1774371982,redis-cache-67d574b944-ll9pf,gnn-cluster-worker2,scheduled_on,1.0
1774371982,workload-generator-667dc97f4f-67vch,gnn-cluster-worker3,scheduled_on,1.0
1774372012,backend-api-669d9964b8-b8qkw,gnn-cluster-worker2,scheduled_on,1.0
1774372012,backend-api-669d9964b8-qblwm,gnn-cluster-worker3,scheduled_on,1.0
1774372012,cpu-stressor-74d6ffcfc4-gghxs,gnn-cluster-worker,scheduled_on,1.0
1774372012,frontend-7868f8655b-25dwq,gnn-cluster-worker,scheduled_on,1.0
1774372012,frontend-7868f8655b-vqjvm,gnn-cluster-worker3,scheduled_on,1.0
1774372012,redis-cache-67d574b944-ll9pf,gnn-cluster-worker2,scheduled_on,1.0
1774372012,workload-generator-667dc97f4f-67vch,gnn-cluster-worker3,scheduled_on,1.0
1774372042,backend-api-669d9964b8-b8qkw,gnn-cluster-worker2,scheduled_on,1.0
1774372042,backend-api-669d9964b8-qblwm,gnn-cluster-worker3,scheduled_on,1.0
1774372042,cpu-stressor-74d6ffcfc4-gghxs,gnn-cluster-worker,scheduled_on,1.0
1774372042,frontend-7868f8655b-25dwq,gnn-cluster-worker,scheduled_on,1.0
1774372042,frontend-7868f8655b-vqjvm,gnn-cluster-worker3,scheduled_on,1.0
1774372042,redis-cache-67d574b944-ll9pf,gnn-cluster-worker2,scheduled_on,1.0
1774372042,workload-generator-667dc97f4f-67vch,gnn-cluster-worker3,scheduled_on,1.0
1774372072,backend-api-669d9964b8-b8qkw,gnn-cluster-worker2,scheduled_on,1.0
1774372072,backend-api-669d9964b8-qblwm,gnn-cluster-worker3,scheduled_on,1.0
1774372072,cpu-stressor-74d6ffcfc4-gghxs,gnn-cluster-worker,scheduled_on,1.0
1774372072,frontend-7868f8655b-25dwq,gnn-cluster-worker,scheduled_on,1.0
1774372072,frontend-7868f8655b-vqjvm,gnn-cluster-worker3,scheduled_on,1.0
1774372072,redis-cache-67d574b944-ll9pf,gnn-cluster-worker2,scheduled_on,1.0
1774372072,workload-generator-667dc97f4f-67vch,gnn-cluster-worker3,scheduled_on,1.0
1774372103,backend-api-669d9964b8-b8qkw,gnn-cluster-worker2,scheduled_on,1.0
1774372103,backend-api-669d9964b8-qblwm,gnn-cluster-worker3,scheduled_on,1.0
1774372103,cpu-stressor-74d6ffcfc4-gghxs,gnn-cluster-worker,scheduled_on,1.0
1774372103,frontend-7868f8655b-25dwq,gnn-cluster-worker,scheduled_on,1.0
1774372103,frontend-7868f8655b-vqjvm,gnn-cluster-worker3,scheduled_on,1.0
1774372103,redis-cache-67d574b944-ll9pf,gnn-cluster-worker2,scheduled_on,1.0
1774372103,workload-generator-667dc97f4f-67vch,gnn-cluster-worker3,scheduled_on,1.0
1774372133,backend-api-669d9964b8-b8qkw,gnn-cluster-worker2,scheduled_on,1.0
1774372133,backend-api-669d9964b8-qblwm,gnn-cluster-worker3,scheduled_on,1.0
1774372133,cpu-stressor-74d6ffcfc4-gghxs,gnn-cluster-worker,scheduled_on,1.0
1774372133,frontend-7868f8655b-25dwq,gnn-cluster-worker,scheduled_on,1.0
1774372133,frontend-7868f8655b-vqjvm,gnn-cluster-worker3,scheduled_on,1.0
1774372133,redis-cache-67d574b944-ll9pf,gnn-cluster-worker2,scheduled_on,1.0
1774372133,workload-generator-667dc97f4f-67vch,gnn-cluster-worker3,scheduled_on,1.0
1774372163,backend-api-669d9964b8-b8qkw,gnn-cluster-worker2,scheduled_on,1.0
1774372163,backend-api-669d9964b8-qblwm,gnn-cluster-worker3,scheduled_on,1.0
1774372163,cpu-stressor-74d6ffcfc4-gghxs,gnn-cluster-worker,scheduled_on,1.0
1774372163,frontend-7868f8655b-25dwq,gnn-cluster-worker,scheduled_on,1.0
1774372163,frontend-7868f8655b-vqjvm,gnn-cluster-worker3,scheduled_on,1.0
1774372163,redis-cache-67d574b944-ll9pf,gnn-cluster-worker2,scheduled_on,1.0
1774372163,workload-generator-667dc97f4f-67vch,gnn-cluster-worker3,scheduled_on,1.0
1774372193,backend-api-669d9964b8-b8qkw,gnn-cluster-worker2,scheduled_on,1.0
1774372193,backend-api-669d9964b8-qblwm,gnn-cluster-worker3,scheduled_on,1.0
1774372193,cpu-stressor-74d6ffcfc4-gghxs,gnn-cluster-worker,scheduled_on,1.0
1774372193,frontend-7868f8655b-25dwq,gnn-cluster-worker,scheduled_on,1.0
1774372193,frontend-7868f8655b-vqjvm,gnn-cluster-worker3,scheduled_on,1.0
1774372193,redis-cache-67d574b944-ll9pf,gnn-cluster-worker2,scheduled_on,1.0
1774372193,workload-generator-667dc97f4f-67vch,gnn-cluster-worker3,scheduled_on,1.0
1774372223,backend-api-669d9964b8-b8qkw,gnn-cluster-worker2,scheduled_on,1.0
1774372223,backend-api-669d9964b8-qblwm,gnn-cluster-worker3,scheduled_on,1.0
1774372223,cpu-stressor-74d6ffcfc4-gghxs,gnn-cluster-worker,scheduled_on,1.0
1774372223,frontend-7868f8655b-25dwq,gnn-cluster-worker,scheduled_on,1.0
1774372223,frontend-7868f8655b-vqjvm,gnn-cluster-worker3,scheduled_on,1.0
1774372223,redis-cache-67d574b944-ll9pf,gnn-cluster-worker2,scheduled_on,1.0
1774372223,workload-generator-667dc97f4f-67vch,gnn-cluster-worker3,scheduled_on,1.0
1774372253,backend-api-669d9964b8-b8qkw,gnn-cluster-worker2,scheduled_on,1.0
1774372253,backend-api-669d9964b8-qblwm,gnn-cluster-worker3,scheduled_on,1.0
1774372253,cpu-stressor-74d6ffcfc4-gghxs,gnn-cluster-worker,scheduled_on,1.0
1774372253,frontend-7868f8655b-25dwq,gnn-cluster-worker,scheduled_on,1.0
1774372253,frontend-7868f8655b-vqjvm,gnn-cluster-worker3,scheduled_on,1.0
1774372253,redis-cache-67d574b944-ll9pf,gnn-cluster-worker2,scheduled_on,1.0
1774372253,workload-generator-667dc97f4f-67vch,gnn-cluster-worker3,scheduled_on,1.0
1774372283,backend-api-669d9964b8-b8qkw,gnn-cluster-worker2,scheduled_on,1.0
1774372283,backend-api-669d9964b8-qblwm,gnn-cluster-worker3,scheduled_on,1.0
1774372283,cpu-stressor-74d6ffcfc4-gghxs,gnn-cluster-worker,scheduled_on,1.0
1774372283,frontend-7868f8655b-25dwq,gnn-cluster-worker,scheduled_on,1.0
1774372283,frontend-7868f8655b-vqjvm,gnn-cluster-worker3,scheduled_on,1.0
1774372283,redis-cache-67d574b944-ll9pf,gnn-cluster-worker2,scheduled_on,1.0
1774372283,workload-generator-667dc97f4f-67vch,gnn-cluster-worker3,scheduled_on,1.0
1774372313,backend-api-669d9964b8-b8qkw,gnn-cluster-worker2,scheduled_on,1.0
1774372313,backend-api-669d9964b8-qblwm,gnn-cluster-worker3,scheduled_on,1.0
1774372313,cpu-stressor-74d6ffcfc4-gghxs,gnn-cluster-worker,scheduled_on,1.0
1774372313,frontend-7868f8655b-25dwq,gnn-cluster-worker,scheduled_on,1.0
1774372313,frontend-7868f8655b-vqjvm,gnn-cluster-worker3,scheduled_on,1.0
1774372313,redis-cache-67d574b944-ll9pf,gnn-cluster-worker2,scheduled_on,1.0
1774372313,workload-generator-667dc97f4f-67vch,gnn-cluster-worker3,scheduled_on,1.0
1774372343,backend-api-669d9964b8-b8qkw,gnn-cluster-worker2,scheduled_on,1.0
1774372343,backend-api-669d9964b8-qblwm,gnn-cluster-worker3,scheduled_on,1.0
1774372343,cpu-stressor-74d6ffcfc4-gghxs,gnn-cluster-worker,scheduled_on,1.0
1774372343,frontend-7868f8655b-25dwq,gnn-cluster-worker,scheduled_on,1.0
1774372343,frontend-7868f8655b-vqjvm,gnn-cluster-worker3,scheduled_on,1.0
1774372343,redis-cache-67d574b944-ll9pf,gnn-cluster-worker2,scheduled_on,1.0
1774372343,workload-generator-667dc97f4f-67vch,gnn-cluster-worker3,scheduled_on,1.0
1774372373,backend-api-669d9964b8-b8qkw,gnn-cluster-worker2,scheduled_on,1.0
1774372373,backend-api-669d9964b8-qblwm,gnn-cluster-worker3,scheduled_on,1.0
1774372373,cpu-stressor-74d6ffcfc4-gghxs,gnn-cluster-worker,scheduled_on,1.0
1774372373,frontend-7868f8655b-25dwq,gnn-cluster-worker,scheduled_on,1.0
1774372373,frontend-7868f8655b-vqjvm,gnn-cluster-worker3,scheduled_on,1.0
1774372373,redis-cache-67d574b944-ll9pf,gnn-cluster-worker2,scheduled_on,1.0
1774372373,workload-generator-667dc97f4f-67vch,gnn-cluster-worker3,scheduled_on,1.0
1774372403,backend-api-669d9964b8-b8qkw,gnn-cluster-worker2,scheduled_on,1.0
1774372403,backend-api-669d9964b8-qblwm,gnn-cluster-worker3,scheduled_on,1.0
1774372403,cpu-stressor-74d6ffcfc4-gghxs,gnn-cluster-worker,scheduled_on,1.0
1774372403,frontend-7868f8655b-25dwq,gnn-cluster-worker,scheduled_on,1.0
1774372403,frontend-7868f8655b-vqjvm,gnn-cluster-worker3,scheduled_on,1.0
1774372403,redis-cache-67d574b944-ll9pf,gnn-cluster-worker2,scheduled_on,1.0
1774372403,workload-generator-667dc97f4f-67vch,gnn-cluster-worker3,scheduled_on,1.0
1774372433,backend-api-669d9964b8-b8qkw,gnn-cluster-worker2,scheduled_on,1.0
1774372433,backend-api-669d9964b8-qblwm,gnn-cluster-worker3,scheduled_on,1.0
1774372433,cpu-stressor-74d6ffcfc4-gghxs,gnn-cluster-worker,scheduled_on,1.0
1774372433,frontend-7868f8655b-25dwq,gnn-cluster-worker,scheduled_on,1.0
1774372433,frontend-7868f8655b-vqjvm,gnn-cluster-worker3,scheduled_on,1.0
1774372433,redis-cache-67d574b944-ll9pf,gnn-cluster-worker2,scheduled_on,1.0
1774372433,workload-generator-667dc97f4f-67vch,gnn-cluster-worker3,scheduled_on,1.0
1774372463,backend-api-669d9964b8-b8qkw,gnn-cluster-worker2,scheduled_on,1.0
1774372463,backend-api-669d9964b8-qblwm,gnn-cluster-worker3,scheduled_on,1.0
1774372463,cpu-stressor-74d6ffcfc4-gghxs,gnn-cluster-worker,scheduled_on,1.0
1774372463,frontend-7868f8655b-25dwq,gnn-cluster-worker,scheduled_on,1.0
1774372463,frontend-7868f8655b-vqjvm,gnn-cluster-worker3,scheduled_on,1.0
1774372463,redis-cache-67d574b944-ll9pf,gnn-cluster-worker2,scheduled_on,1.0
1774372463,workload-generator-667dc97f4f-67vch,gnn-cluster-worker3,scheduled_on,1.0
1774372493,backend-api-669d9964b8-b8qkw,gnn-cluster-worker2,scheduled_on,1.0
1774372493,backend-api-669d9964b8-qblwm,gnn-cluster-worker3,scheduled_on,1.0
1774372493,cpu-stressor-74d6ffcfc4-gghxs,gnn-cluster-worker,scheduled_on,1.0
1774372493,frontend-7868f8655b-25dwq,gnn-cluster-worker,scheduled_on,1.0
1774372493,frontend-7868f8655b-vqjvm,gnn-cluster-worker3,scheduled_on,1.0
1774372493,redis-cache-67d574b944-ll9pf,gnn-cluster-worker2,scheduled_on,1.0
1774372493,workload-generator-667dc97f4f-67vch,gnn-cluster-worker3,scheduled_on,1.0
1774372523,backend-api-669d9964b8-b8qkw,gnn-cluster-worker2,scheduled_on,1.0
1774372523,backend-api-669d9964b8-qblwm,gnn-cluster-worker3,scheduled_on,1.0
1774372523,cpu-stressor-74d6ffcfc4-gghxs,gnn-cluster-worker,scheduled_on,1.0
1774372523,frontend-7868f8655b-25dwq,gnn-cluster-worker,scheduled_on,1.0
1774372523,frontend-7868f8655b-vqjvm,gnn-cluster-worker3,scheduled_on,1.0
1774372523,redis-cache-67d574b944-ll9pf,gnn-cluster-worker2,scheduled_on,1.0
1774372523,workload-generator-667dc97f4f-67vch,gnn-cluster-worker3,scheduled_on,1.0
1774372553,backend-api-669d9964b8-b8qkw,gnn-cluster-worker2,scheduled_on,1.0
1774372553,backend-api-669d9964b8-qblwm,gnn-cluster-worker3,scheduled_on,1.0
1774372553,cpu-stressor-74d6ffcfc4-gghxs,gnn-cluster-worker,scheduled_on,1.0
1774372553,frontend-7868f8655b-25dwq,gnn-cluster-worker,scheduled_on,1.0
1774372553,frontend-7868f8655b-vqjvm,gnn-cluster-worker3,scheduled_on,1.0
1774372553,redis-cache-67d574b944-ll9pf,gnn-cluster-worker2,scheduled_on,1.0
1774372553,workload-generator-667dc97f4f-67vch,gnn-cluster-worker3,scheduled_on,1.0
1774372584,backend-api-669d9964b8-b8qkw,gnn-cluster-worker2,scheduled_on,1.0
1774372584,backend-api-669d9964b8-qblwm,gnn-cluster-worker3,scheduled_on,1.0
1774372584,cpu-stressor-74d6ffcfc4-gghxs,gnn-cluster-worker,scheduled_on,1.0
1774372584,frontend-7868f8655b-25dwq,gnn-cluster-worker,scheduled_on,1.0
1774372584,frontend-7868f8655b-vqjvm,gnn-cluster-worker3,scheduled_on,1.0
1774372584,redis-cache-67d574b944-ll9pf,gnn-cluster-worker2,scheduled_on,1.0
1774372584,workload-generator-667dc97f4f-67vch,gnn-cluster-worker3,scheduled_on,1.0
1774372614,backend-api-669d9964b8-b8qkw,gnn-cluster-worker2,scheduled_on,1.0
1774372614,backend-api-669d9964b8-qblwm,gnn-cluster-worker3,scheduled_on,1.0
1774372614,cpu-stressor-74d6ffcfc4-gghxs,gnn-cluster-worker,scheduled_on,1.0
1774372614,frontend-7868f8655b-25dwq,gnn-cluster-worker,scheduled_on,1.0
1774372614,frontend-7868f8655b-vqjvm,gnn-cluster-worker3,scheduled_on,1.0
1774372614,redis-cache-67d574b944-ll9pf,gnn-cluster-worker2,scheduled_on,1.0
1774372614,workload-generator-667dc97f4f-67vch,gnn-cluster-worker3,scheduled_on,1.0
1774372644,backend-api-669d9964b8-b8qkw,gnn-cluster-worker2,scheduled_on,1.0
1774372644,backend-api-669d9964b8-qblwm,gnn-cluster-worker3,scheduled_on,1.0
1774372644,cpu-stressor-74d6ffcfc4-gghxs,gnn-cluster-worker,scheduled_on,1.0
1774372644,frontend-7868f8655b-25dwq,gnn-cluster-worker,scheduled_on,1.0
1774372644,frontend-7868f8655b-vqjvm,gnn-cluster-worker3,scheduled_on,1.0
1774372644,redis-cache-67d574b944-ll9pf,gnn-cluster-worker2,scheduled_on,1.0
1774372644,workload-generator-667dc97f4f-67vch,gnn-cluster-worker3,scheduled_on,1.0
1774372674,backend-api-669d9964b8-b8qkw,gnn-cluster-worker2,scheduled_on,1.0
1774372674,backend-api-669d9964b8-qblwm,gnn-cluster-worker3,scheduled_on,1.0
1774372674,cpu-stressor-74d6ffcfc4-gghxs,gnn-cluster-worker,scheduled_on,1.0
1774372674,frontend-7868f8655b-25dwq,gnn-cluster-worker,scheduled_on,1.0
1774372674,frontend-7868f8655b-vqjvm,gnn-cluster-worker3,scheduled_on,1.0
1774372674,redis-cache-67d574b944-ll9pf,gnn-cluster-worker2,scheduled_on,1.0
1774372674,workload-generator-667dc97f4f-67vch,gnn-cluster-worker3,scheduled_on,1.0
1774372704,backend-api-669d9964b8-b8qkw,gnn-cluster-worker2,scheduled_on,1.0
1774372704,backend-api-669d9964b8-qblwm,gnn-cluster-worker3,scheduled_on,1.0
1774372704,cpu-stressor-74d6ffcfc4-gghxs,gnn-cluster-worker,scheduled_on,1.0
1774372704,frontend-7868f8655b-25dwq,gnn-cluster-worker,scheduled_on,1.0
1774372704,frontend-7868f8655b-vqjvm,gnn-cluster-worker3,scheduled_on,1.0
1774372704,redis-cache-67d574b944-ll9pf,gnn-cluster-worker2,scheduled_on,1.0
1774372704,workload-generator-667dc97f4f-67vch,gnn-cluster-worker3,scheduled_on,1.0
1774372734,backend-api-669d9964b8-b8qkw,gnn-cluster-worker2,scheduled_on,1.0
1774372734,backend-api-669d9964b8-qblwm,gnn-cluster-worker3,scheduled_on,1.0
1774372734,cpu-stressor-74d6ffcfc4-gghxs,gnn-cluster-worker,scheduled_on,1.0
1774372734,frontend-7868f8655b-25dwq,gnn-cluster-worker,scheduled_on,1.0
1774372734,frontend-7868f8655b-vqjvm,gnn-cluster-worker3,scheduled_on,1.0
1774372734,redis-cache-67d574b944-ll9pf,gnn-cluster-worker2,scheduled_on,1.0
1774372734,workload-generator-667dc97f4f-67vch,gnn-cluster-worker3,scheduled_on,1.0
1774372764,backend-api-669d9964b8-b8qkw,gnn-cluster-worker2,scheduled_on,1.0
1774372764,backend-api-669d9964b8-qblwm,gnn-cluster-worker3,scheduled_on,1.0
1774372764,cpu-stressor-74d6ffcfc4-gghxs,gnn-cluster-worker,scheduled_on,1.0
1774372764,frontend-7868f8655b-25dwq,gnn-cluster-worker,scheduled_on,1.0
1774372764,frontend-7868f8655b-vqjvm,gnn-cluster-worker3,scheduled_on,1.0
1774372764,redis-cache-67d574b944-ll9pf,gnn-cluster-worker2,scheduled_on,1.0
1774372764,workload-generator-667dc97f4f-67vch,gnn-cluster-worker3,scheduled_on,1.0
1774372794,backend-api-669d9964b8-b8qkw,gnn-cluster-worker2,scheduled_on,1.0
1774372794,backend-api-669d9964b8-qblwm,gnn-cluster-worker3,scheduled_on,1.0
1774372794,cpu-stressor-74d6ffcfc4-gghxs,gnn-cluster-worker,scheduled_on,1.0
1774372794,frontend-7868f8655b-25dwq,gnn-cluster-worker,scheduled_on,1.0
1774372794,frontend-7868f8655b-vqjvm,gnn-cluster-worker3,scheduled_on,1.0
1774372794,redis-cache-67d574b944-ll9pf,gnn-cluster-worker2,scheduled_on,1.0
1774372794,workload-generator-667dc97f4f-67vch,gnn-cluster-worker3,scheduled_on,1.0
1774372824,backend-api-669d9964b8-b8qkw,gnn-cluster-worker2,scheduled_on,1.0
1774372824,backend-api-669d9964b8-qblwm,gnn-cluster-worker3,scheduled_on,1.0
1774372824,cpu-stressor-74d6ffcfc4-gghxs,gnn-cluster-worker,scheduled_on,1.0
1774372824,frontend-7868f8655b-25dwq,gnn-cluster-worker,scheduled_on,1.0
1774372824,frontend-7868f8655b-vqjvm,gnn-cluster-worker3,scheduled_on,1.0
1774372824,redis-cache-67d574b944-ll9pf,gnn-cluster-worker2,scheduled_on,1.0
1774372824,workload-generator-667dc97f4f-67vch,gnn-cluster-worker3,scheduled_on,1.0
1774372854,backend-api-669d9964b8-b8qkw,gnn-cluster-worker2,scheduled_on,1.0
1774372854,backend-api-669d9964b8-qblwm,gnn-cluster-worker3,scheduled_on,1.0
1774372854,cpu-stressor-74d6ffcfc4-gghxs,gnn-cluster-worker,scheduled_on,1.0
1774372854,frontend-7868f8655b-25dwq,gnn-cluster-worker,scheduled_on,1.0
1774372854,frontend-7868f8655b-vqjvm,gnn-cluster-worker3,scheduled_on,1.0
1774372854,redis-cache-67d574b944-ll9pf,gnn-cluster-worker2,scheduled_on,1.0
1774372854,workload-generator-667dc97f4f-67vch,gnn-cluster-worker3,scheduled_on,1.0
1774372884,backend-api-669d9964b8-b8qkw,gnn-cluster-worker2,scheduled_on,1.0
1774372884,backend-api-669d9964b8-qblwm,gnn-cluster-worker3,scheduled_on,1.0
1774372884,cpu-stressor-74d6ffcfc4-gghxs,gnn-cluster-worker,scheduled_on,1.0
1774372884,frontend-7868f8655b-25dwq,gnn-cluster-worker,scheduled_on,1.0
1774372884,frontend-7868f8655b-vqjvm,gnn-cluster-worker3,scheduled_on,1.0
1774372884,redis-cache-67d574b944-ll9pf,gnn-cluster-worker2,scheduled_on,1.0
1774372884,workload-generator-667dc97f4f-67vch,gnn-cluster-worker3,scheduled_on,1.0
1774372914,backend-api-669d9964b8-b8qkw,gnn-cluster-worker2,scheduled_on,1.0
1774372914,backend-api-669d9964b8-qblwm,gnn-cluster-worker3,scheduled_on,1.0
1774372914,cpu-stressor-74d6ffcfc4-gghxs,gnn-cluster-worker,scheduled_on,1.0
1774372914,frontend-7868f8655b-25dwq,gnn-cluster-worker,scheduled_on,1.0
1774372914,frontend-7868f8655b-vqjvm,gnn-cluster-worker3,scheduled_on,1.0
1774372914,redis-cache-67d574b944-ll9pf,gnn-cluster-worker2,scheduled_on,1.0
1774372914,workload-generator-667dc97f4f-67vch,gnn-cluster-worker3,scheduled_on,1.0
1774372944,backend-api-669d9964b8-b8qkw,gnn-cluster-worker2,scheduled_on,1.0
1774372944,backend-api-669d9964b8-qblwm,gnn-cluster-worker3,scheduled_on,1.0
1774372944,cpu-stressor-74d6ffcfc4-gghxs,gnn-cluster-worker,scheduled_on,1.0
1774372944,frontend-7868f8655b-25dwq,gnn-cluster-worker,scheduled_on,1.0
1774372944,frontend-7868f8655b-vqjvm,gnn-cluster-worker3,scheduled_on,1.0
1774372944,redis-cache-67d574b944-ll9pf,gnn-cluster-worker2,scheduled_on,1.0
1774372944,workload-generator-667dc97f4f-67vch,gnn-cluster-worker3,scheduled_on,1.0
1774372974,backend-api-669d9964b8-b8qkw,gnn-cluster-worker2,scheduled_on,1.0
1774372974,backend-api-669d9964b8-qblwm,gnn-cluster-worker3,scheduled_on,1.0
1774372974,cpu-stressor-74d6ffcfc4-gghxs,gnn-cluster-worker,scheduled_on,1.0
1774372974,frontend-7868f8655b-25dwq,gnn-cluster-worker,scheduled_on,1.0
1774372974,frontend-7868f8655b-vqjvm,gnn-cluster-worker3,scheduled_on,1.0
1774372974,redis-cache-67d574b944-ll9pf,gnn-cluster-worker2,scheduled_on,1.0
1774372974,workload-generator-667dc97f4f-67vch,gnn-cluster-worker3,scheduled_on,1.0
1774373004,backend-api-669d9964b8-b8qkw,gnn-cluster-worker2,scheduled_on,1.0
1774373004,backend-api-669d9964b8-qblwm,gnn-cluster-worker3,scheduled_on,1.0
1774373004,cpu-stressor-74d6ffcfc4-gghxs,gnn-cluster-worker,scheduled_on,1.0
1774373004,frontend-7868f8655b-25dwq,gnn-cluster-worker,scheduled_on,1.0
1774373004,frontend-7868f8655b-vqjvm,gnn-cluster-worker3,scheduled_on,1.0
1774373004,redis-cache-67d574b944-ll9pf,gnn-cluster-worker2,scheduled_on,1.0
1774373004,workload-generator-667dc97f4f-67vch,gnn-cluster-worker3,scheduled_on,1.0
1774373035,backend-api-669d9964b8-b8qkw,gnn-cluster-worker2,scheduled_on,1.0
1774373035,backend-api-669d9964b8-qblwm,gnn-cluster-worker3,scheduled_on,1.0
1774373035,cpu-stressor-74d6ffcfc4-gghxs,gnn-cluster-worker,scheduled_on,1.0
1774373035,frontend-7868f8655b-25dwq,gnn-cluster-worker,scheduled_on,1.0
1774373035,frontend-7868f8655b-vqjvm,gnn-cluster-worker3,scheduled_on,1.0
1774373035,redis-cache-67d574b944-ll9pf,gnn-cluster-worker2,scheduled_on,1.0
1774373035,workload-generator-667dc97f4f-67vch,gnn-cluster-worker3,scheduled_on,1.0
1774373065,backend-api-669d9964b8-b8qkw,gnn-cluster-worker2,scheduled_on,1.0
1774373065,backend-api-669d9964b8-qblwm,gnn-cluster-worker3,scheduled_on,1.0
1774373065,cpu-stressor-74d6ffcfc4-gghxs,gnn-cluster-worker,scheduled_on,1.0
1774373065,frontend-7868f8655b-25dwq,gnn-cluster-worker,scheduled_on,1.0
1774373065,frontend-7868f8655b-vqjvm,gnn-cluster-worker3,scheduled_on,1.0
1774373065,redis-cache-67d574b944-ll9pf,gnn-cluster-worker2,scheduled_on,1.0
1774373065,workload-generator-667dc97f4f-67vch,gnn-cluster-worker3,scheduled_on,1.0
1774373095,backend-api-669d9964b8-b8qkw,gnn-cluster-worker2,scheduled_on,1.0
1774373095,backend-api-669d9964b8-qblwm,gnn-cluster-worker3,scheduled_on,1.0
1774373095,cpu-stressor-74d6ffcfc4-gghxs,gnn-cluster-worker,scheduled_on,1.0
1774373095,frontend-7868f8655b-25dwq,gnn-cluster-worker,scheduled_on,1.0
1774373095,frontend-7868f8655b-vqjvm,gnn-cluster-worker3,scheduled_on,1.0
1774373095,redis-cache-67d574b944-ll9pf,gnn-cluster-worker2,scheduled_on,1.0
1774373095,workload-generator-667dc97f4f-67vch,gnn-cluster-worker3,scheduled_on,1.0
1774373125,backend-api-669d9964b8-b8qkw,gnn-cluster-worker2,scheduled_on,1.0
1774373125,backend-api-669d9964b8-qblwm,gnn-cluster-worker3,scheduled_on,1.0
1774373125,cpu-stressor-74d6ffcfc4-gghxs,gnn-cluster-worker,scheduled_on,1.0
1774373125,frontend-7868f8655b-25dwq,gnn-cluster-worker,scheduled_on,1.0
1774373125,frontend-7868f8655b-vqjvm,gnn-cluster-worker3,scheduled_on,1.0
1774373125,redis-cache-67d574b944-ll9pf,gnn-cluster-worker2,scheduled_on,1.0
1774373125,workload-generator-667dc97f4f-67vch,gnn-cluster-worker3,scheduled_on,1.0
1774373155,backend-api-669d9964b8-b8qkw,gnn-cluster-worker2,scheduled_on,1.0
1774373155,backend-api-669d9964b8-qblwm,gnn-cluster-worker3,scheduled_on,1.0
1774373155,cpu-stressor-74d6ffcfc4-gghxs,gnn-cluster-worker,scheduled_on,1.0
1774373155,frontend-7868f8655b-25dwq,gnn-cluster-worker,scheduled_on,1.0
1774373155,frontend-7868f8655b-vqjvm,gnn-cluster-worker3,scheduled_on,1.0
1774373155,redis-cache-67d574b944-ll9pf,gnn-cluster-worker2,scheduled_on,1.0
1774373155,workload-generator-667dc97f4f-67vch,gnn-cluster-worker3,scheduled_on,1.0
1774373185,backend-api-669d9964b8-b8qkw,gnn-cluster-worker2,scheduled_on,1.0
1774373185,backend-api-669d9964b8-qblwm,gnn-cluster-worker3,scheduled_on,1.0
1774373185,cpu-stressor-74d6ffcfc4-gghxs,gnn-cluster-worker,scheduled_on,1.0
1774373185,frontend-7868f8655b-25dwq,gnn-cluster-worker,scheduled_on,1.0
1774373185,frontend-7868f8655b-vqjvm,gnn-cluster-worker3,scheduled_on,1.0
1774373185,redis-cache-67d574b944-ll9pf,gnn-cluster-worker2,scheduled_on,1.0
1774373185,workload-generator-667dc97f4f-67vch,gnn-cluster-worker3,scheduled_on,1.0
1774373215,backend-api-669d9964b8-b8qkw,gnn-cluster-worker2,scheduled_on,1.0
1774373215,backend-api-669d9964b8-qblwm,gnn-cluster-worker3,scheduled_on,1.0
1774373215,cpu-stressor-74d6ffcfc4-gghxs,gnn-cluster-worker,scheduled_on,1.0
1774373215,frontend-7868f8655b-25dwq,gnn-cluster-worker,scheduled_on,1.0
1774373215,frontend-7868f8655b-vqjvm,gnn-cluster-worker3,scheduled_on,1.0
1774373215,redis-cache-67d574b944-ll9pf,gnn-cluster-worker2,scheduled_on,1.0
1774373215,workload-generator-667dc97f4f-67vch,gnn-cluster-worker3,scheduled_on,1.0
1774373245,backend-api-669d9964b8-b8qkw,gnn-cluster-worker2,scheduled_on,1.0
1774373245,backend-api-669d9964b8-qblwm,gnn-cluster-worker3,scheduled_on,1.0
1774373245,cpu-stressor-74d6ffcfc4-gghxs,gnn-cluster-worker,scheduled_on,1.0
1774373245,frontend-7868f8655b-25dwq,gnn-cluster-worker,scheduled_on,1.0
1774373245,frontend-7868f8655b-vqjvm,gnn-cluster-worker3,scheduled_on,1.0
1774373245,redis-cache-67d574b944-ll9pf,gnn-cluster-worker2,scheduled_on,1.0
1774373245,workload-generator-667dc97f4f-67vch,gnn-cluster-worker3,scheduled_on,1.0
1774373275,backend-api-669d9964b8-b8qkw,gnn-cluster-worker2,scheduled_on,1.0
1774373275,backend-api-669d9964b8-qblwm,gnn-cluster-worker3,scheduled_on,1.0
1774373275,cpu-stressor-74d6ffcfc4-gghxs,gnn-cluster-worker,scheduled_on,1.0
1774373275,frontend-7868f8655b-25dwq,gnn-cluster-worker,scheduled_on,1.0
1774373275,frontend-7868f8655b-vqjvm,gnn-cluster-worker3,scheduled_on,1.0
1774373275,redis-cache-67d574b944-ll9pf,gnn-cluster-worker2,scheduled_on,1.0
1774373275,workload-generator-667dc97f4f-67vch,gnn-cluster-worker3,scheduled_on,1.0
1774373305,backend-api-669d9964b8-b8qkw,gnn-cluster-worker2,scheduled_on,1.0
1774373305,backend-api-669d9964b8-qblwm,gnn-cluster-worker3,scheduled_on,1.0
1774373305,cpu-stressor-74d6ffcfc4-gghxs,gnn-cluster-worker,scheduled_on,1.0
1774373305,frontend-7868f8655b-25dwq,gnn-cluster-worker,scheduled_on,1.0
1774373305,frontend-7868f8655b-vqjvm,gnn-cluster-worker3,scheduled_on,1.0
1774373305,redis-cache-67d574b944-ll9pf,gnn-cluster-worker2,scheduled_on,1.0
1774373305,workload-generator-667dc97f4f-67vch,gnn-cluster-worker3,scheduled_on,1.0
1774373335,backend-api-669d9964b8-b8qkw,gnn-cluster-worker2,scheduled_on,1.0
1774373335,backend-api-669d9964b8-qblwm,gnn-cluster-worker3,scheduled_on,1.0
1774373335,cpu-stressor-74d6ffcfc4-gghxs,gnn-cluster-worker,scheduled_on,1.0
1774373335,frontend-7868f8655b-25dwq,gnn-cluster-worker,scheduled_on,1.0
1774373335,frontend-7868f8655b-vqjvm,gnn-cluster-worker3,scheduled_on,1.0
1774373335,redis-cache-67d574b944-ll9pf,gnn-cluster-worker2,scheduled_on,1.0
1774373335,workload-generator-667dc97f4f-67vch,gnn-cluster-worker3,scheduled_on,1.0
1774373365,backend-api-669d9964b8-b8qkw,gnn-cluster-worker2,scheduled_on,1.0
1774373365,backend-api-669d9964b8-qblwm,gnn-cluster-worker3,scheduled_on,1.0
1774373365,cpu-stressor-74d6ffcfc4-gghxs,gnn-cluster-worker,scheduled_on,1.0
1774373365,frontend-7868f8655b-25dwq,gnn-cluster-worker,scheduled_on,1.0
1774373365,frontend-7868f8655b-vqjvm,gnn-cluster-worker3,scheduled_on,1.0
1774373365,redis-cache-67d574b944-ll9pf,gnn-cluster-worker2,scheduled_on,1.0
1774373365,workload-generator-667dc97f4f-67vch,gnn-cluster-worker3,scheduled_on,1.0
1774373395,backend-api-669d9964b8-b8qkw,gnn-cluster-worker2,scheduled_on,1.0
1774373395,backend-api-669d9964b8-qblwm,gnn-cluster-worker3,scheduled_on,1.0
1774373395,cpu-stressor-74d6ffcfc4-gghxs,gnn-cluster-worker,scheduled_on,1.0
1774373395,frontend-7868f8655b-25dwq,gnn-cluster-worker,scheduled_on,1.0
1774373395,frontend-7868f8655b-vqjvm,gnn-cluster-worker3,scheduled_on,1.0
1774373395,redis-cache-67d574b944-ll9pf,gnn-cluster-worker2,scheduled_on,1.0
1774373395,workload-generator-667dc97f4f-67vch,gnn-cluster-worker3,scheduled_on,1.0
1774373425,backend-api-669d9964b8-b8qkw,gnn-cluster-worker2,scheduled_on,1.0
1774373425,backend-api-669d9964b8-qblwm,gnn-cluster-worker3,scheduled_on,1.0
1774373425,cpu-stressor-74d6ffcfc4-gghxs,gnn-cluster-worker,scheduled_on,1.0
1774373425,frontend-7868f8655b-25dwq,gnn-cluster-worker,scheduled_on,1.0
1774373425,frontend-7868f8655b-vqjvm,gnn-cluster-worker3,scheduled_on,1.0
1774373425,redis-cache-67d574b944-ll9pf,gnn-cluster-worker2,scheduled_on,1.0
1774373425,workload-generator-667dc97f4f-67vch,gnn-cluster-worker3,scheduled_on,1.0
1774373455,backend-api-669d9964b8-b8qkw,gnn-cluster-worker2,scheduled_on,1.0
1774373455,backend-api-669d9964b8-qblwm,gnn-cluster-worker3,scheduled_on,1.0
1774373455,cpu-stressor-74d6ffcfc4-gghxs,gnn-cluster-worker,scheduled_on,1.0
1774373455,frontend-7868f8655b-25dwq,gnn-cluster-worker,scheduled_on,1.0
1774373455,frontend-7868f8655b-vqjvm,gnn-cluster-worker3,scheduled_on,1.0
1774373455,redis-cache-67d574b944-ll9pf,gnn-cluster-worker2,scheduled_on,1.0
1774373455,workload-generator-667dc97f4f-67vch,gnn-cluster-worker3,scheduled_on,1.0
1774373485,backend-api-669d9964b8-b8qkw,gnn-cluster-worker2,scheduled_on,1.0
1774373485,backend-api-669d9964b8-qblwm,gnn-cluster-worker3,scheduled_on,1.0
1774373485,cpu-stressor-74d6ffcfc4-gghxs,gnn-cluster-worker,scheduled_on,1.0
1774373485,frontend-7868f8655b-25dwq,gnn-cluster-worker,scheduled_on,1.0
1774373485,frontend-7868f8655b-vqjvm,gnn-cluster-worker3,scheduled_on,1.0
1774373485,redis-cache-67d574b944-ll9pf,gnn-cluster-worker2,scheduled_on,1.0
1774373485,workload-generator-667dc97f4f-67vch,gnn-cluster-worker3,scheduled_on,1.0
1774373516,backend-api-669d9964b8-b8qkw,gnn-cluster-worker2,scheduled_on,1.0
1774373516,backend-api-669d9964b8-qblwm,gnn-cluster-worker3,scheduled_on,1.0
1774373516,cpu-stressor-74d6ffcfc4-gghxs,gnn-cluster-worker,scheduled_on,1.0
1774373516,frontend-7868f8655b-25dwq,gnn-cluster-worker,scheduled_on,1.0
1774373516,frontend-7868f8655b-vqjvm,gnn-cluster-worker3,scheduled_on,1.0
1774373516,redis-cache-67d574b944-ll9pf,gnn-cluster-worker2,scheduled_on,1.0
1774373516,workload-generator-667dc97f4f-67vch,gnn-cluster-worker3,scheduled_on,1.0
1774373546,backend-api-669d9964b8-b8qkw,gnn-cluster-worker2,scheduled_on,1.0
1774373546,backend-api-669d9964b8-qblwm,gnn-cluster-worker3,scheduled_on,1.0
1774373546,cpu-stressor-74d6ffcfc4-gghxs,gnn-cluster-worker,scheduled_on,1.0
1774373546,frontend-7868f8655b-25dwq,gnn-cluster-worker,scheduled_on,1.0
1774373546,frontend-7868f8655b-vqjvm,gnn-cluster-worker3,scheduled_on,1.0
1774373546,redis-cache-67d574b944-ll9pf,gnn-cluster-worker2,scheduled_on,1.0
1774373546,workload-generator-667dc97f4f-67vch,gnn-cluster-worker3,scheduled_on,1.0
1774373576,backend-api-669d9964b8-b8qkw,gnn-cluster-worker2,scheduled_on,1.0
1774373576,backend-api-669d9964b8-qblwm,gnn-cluster-worker3,scheduled_on,1.0
1774373576,cpu-stressor-74d6ffcfc4-gghxs,gnn-cluster-worker,scheduled_on,1.0
1774373576,frontend-7868f8655b-25dwq,gnn-cluster-worker,scheduled_on,1.0
1774373576,frontend-7868f8655b-vqjvm,gnn-cluster-worker3,scheduled_on,1.0
1774373576,redis-cache-67d574b944-ll9pf,gnn-cluster-worker2,scheduled_on,1.0
1774373576,workload-generator-667dc97f4f-67vch,gnn-cluster-worker3,scheduled_on,1.0
1774373606,backend-api-669d9964b8-b8qkw,gnn-cluster-worker2,scheduled_on,1.0
1774373606,backend-api-669d9964b8-qblwm,gnn-cluster-worker3,scheduled_on,1.0
1774373606,cpu-stressor-74d6ffcfc4-gghxs,gnn-cluster-worker,scheduled_on,1.0
1774373606,frontend-7868f8655b-25dwq,gnn-cluster-worker,scheduled_on,1.0
1774373606,frontend-7868f8655b-vqjvm,gnn-cluster-worker3,scheduled_on,1.0
1774373606,redis-cache-67d574b944-ll9pf,gnn-cluster-worker2,scheduled_on,1.0
1774373606,workload-generator-667dc97f4f-67vch,gnn-cluster-worker3,scheduled_on,1.0
1774373636,backend-api-669d9964b8-b8qkw,gnn-cluster-worker2,scheduled_on,1.0
1774373636,backend-api-669d9964b8-qblwm,gnn-cluster-worker3,scheduled_on,1.0
1774373636,cpu-stressor-74d6ffcfc4-gghxs,gnn-cluster-worker,scheduled_on,1.0
1774373636,frontend-7868f8655b-25dwq,gnn-cluster-worker,scheduled_on,1.0
1774373636,frontend-7868f8655b-vqjvm,gnn-cluster-worker3,scheduled_on,1.0
1774373636,redis-cache-67d574b944-ll9pf,gnn-cluster-worker2,scheduled_on,1.0
1774373636,workload-generator-667dc97f4f-67vch,gnn-cluster-worker3,scheduled_on,1.0
1774373666,backend-api-669d9964b8-b8qkw,gnn-cluster-worker2,scheduled_on,1.0
1774373666,backend-api-669d9964b8-qblwm,gnn-cluster-worker3,scheduled_on,1.0
1774373666,cpu-stressor-74d6ffcfc4-gghxs,gnn-cluster-worker,scheduled_on,1.0
1774373666,frontend-7868f8655b-25dwq,gnn-cluster-worker,scheduled_on,1.0
1774373666,frontend-7868f8655b-vqjvm,gnn-cluster-worker3,scheduled_on,1.0
1774373666,redis-cache-67d574b944-ll9pf,gnn-cluster-worker2,scheduled_on,1.0
1774373666,workload-generator-667dc97f4f-67vch,gnn-cluster-worker3,scheduled_on,1.0
1774373696,backend-api-669d9964b8-b8qkw,gnn-cluster-worker2,scheduled_on,1.0
1774373696,backend-api-669d9964b8-qblwm,gnn-cluster-worker3,scheduled_on,1.0
1774373696,cpu-stressor-74d6ffcfc4-gghxs,gnn-cluster-worker,scheduled_on,1.0
1774373696,frontend-7868f8655b-25dwq,gnn-cluster-worker,scheduled_on,1.0
1774373696,frontend-7868f8655b-vqjvm,gnn-cluster-worker3,scheduled_on,1.0
1774373696,redis-cache-67d574b944-ll9pf,gnn-cluster-worker2,scheduled_on,1.0
1774373696,workload-generator-667dc97f4f-67vch,gnn-cluster-worker3,scheduled_on,1.0
1774373726,backend-api-669d9964b8-b8qkw,gnn-cluster-worker2,scheduled_on,1.0
1774373726,backend-api-669d9964b8-qblwm,gnn-cluster-worker3,scheduled_on,1.0
1774373726,cpu-stressor-74d6ffcfc4-gghxs,gnn-cluster-worker,scheduled_on,1.0
1774373726,frontend-7868f8655b-25dwq,gnn-cluster-worker,scheduled_on,1.0
1774373726,frontend-7868f8655b-vqjvm,gnn-cluster-worker3,scheduled_on,1.0
1774373726,redis-cache-67d574b944-ll9pf,gnn-cluster-worker2,scheduled_on,1.0
1774373726,workload-generator-667dc97f4f-67vch,gnn-cluster-worker3,scheduled_on,1.0
1774373756,backend-api-669d9964b8-b8qkw,gnn-cluster-worker2,scheduled_on,1.0
1774373756,backend-api-669d9964b8-qblwm,gnn-cluster-worker3,scheduled_on,1.0
1774373756,cpu-stressor-74d6ffcfc4-gghxs,gnn-cluster-worker,scheduled_on,1.0
1774373756,frontend-7868f8655b-25dwq,gnn-cluster-worker,scheduled_on,1.0
1774373756,frontend-7868f8655b-vqjvm,gnn-cluster-worker3,scheduled_on,1.0
1774373756,redis-cache-67d574b944-ll9pf,gnn-cluster-worker2,scheduled_on,1.0
1774373756,workload-generator-667dc97f4f-67vch,gnn-cluster-worker3,scheduled_on,1.0
1774373786,backend-api-669d9964b8-b8qkw,gnn-cluster-worker2,scheduled_on,1.0
1774373786,backend-api-669d9964b8-qblwm,gnn-cluster-worker3,scheduled_on,1.0
1774373786,cpu-stressor-74d6ffcfc4-gghxs,gnn-cluster-worker,scheduled_on,1.0
1774373786,frontend-7868f8655b-25dwq,gnn-cluster-worker,scheduled_on,1.0
1774373786,frontend-7868f8655b-vqjvm,gnn-cluster-worker3,scheduled_on,1.0
1774373786,redis-cache-67d574b944-ll9pf,gnn-cluster-worker2,scheduled_on,1.0
1774373786,workload-generator-667dc97f4f-67vch,gnn-cluster-worker3,scheduled_on,1.0
1774373816,backend-api-669d9964b8-b8qkw,gnn-cluster-worker2,scheduled_on,1.0
1774373816,backend-api-669d9964b8-qblwm,gnn-cluster-worker3,scheduled_on,1.0
1774373816,cpu-stressor-74d6ffcfc4-gghxs,gnn-cluster-worker,scheduled_on,1.0
1774373816,frontend-7868f8655b-25dwq,gnn-cluster-worker,scheduled_on,1.0
1774373816,frontend-7868f8655b-vqjvm,gnn-cluster-worker3,scheduled_on,1.0
1774373816,redis-cache-67d574b944-ll9pf,gnn-cluster-worker2,scheduled_on,1.0
1774373816,workload-generator-667dc97f4f-67vch,gnn-cluster-worker3,scheduled_on,1.0
1774373846,backend-api-669d9964b8-b8qkw,gnn-cluster-worker2,scheduled_on,1.0
1774373846,backend-api-669d9964b8-qblwm,gnn-cluster-worker3,scheduled_on,1.0
1774373846,cpu-stressor-74d6ffcfc4-gghxs,gnn-cluster-worker,scheduled_on,1.0
1774373846,frontend-7868f8655b-25dwq,gnn-cluster-worker,scheduled_on,1.0
1774373846,frontend-7868f8655b-vqjvm,gnn-cluster-worker3,scheduled_on,1.0
1774373846,redis-cache-67d574b944-ll9pf,gnn-cluster-worker2,scheduled_on,1.0
1774373846,workload-generator-667dc97f4f-67vch,gnn-cluster-worker3,scheduled_on,1.0
1774373876,backend-api-669d9964b8-b8qkw,gnn-cluster-worker2,scheduled_on,1.0
1774373876,backend-api-669d9964b8-qblwm,gnn-cluster-worker3,scheduled_on,1.0
1774373876,cpu-stressor-74d6ffcfc4-gghxs,gnn-cluster-worker,scheduled_on,1.0
1774373876,frontend-7868f8655b-25dwq,gnn-cluster-worker,scheduled_on,1.0
1774373876,frontend-7868f8655b-vqjvm,gnn-cluster-worker3,scheduled_on,1.0
1774373876,redis-cache-67d574b944-ll9pf,gnn-cluster-worker2,scheduled_on,1.0
1774373876,workload-generator-667dc97f4f-67vch,gnn-cluster-worker3,scheduled_on,1.0
1774373906,backend-api-669d9964b8-b8qkw,gnn-cluster-worker2,scheduled_on,1.0
1774373906,backend-api-669d9964b8-qblwm,gnn-cluster-worker3,scheduled_on,1.0
1774373906,cpu-stressor-74d6ffcfc4-gghxs,gnn-cluster-worker,scheduled_on,1.0
1774373906,frontend-7868f8655b-25dwq,gnn-cluster-worker,scheduled_on,1.0
1774373906,frontend-7868f8655b-vqjvm,gnn-cluster-worker3,scheduled_on,1.0
1774373906,redis-cache-67d574b944-ll9pf,gnn-cluster-worker2,scheduled_on,1.0
1774373906,workload-generator-667dc97f4f-67vch,gnn-cluster-worker3,scheduled_on,1.0
1774373936,backend-api-669d9964b8-b8qkw,gnn-cluster-worker2,scheduled_on,1.0
1774373936,backend-api-669d9964b8-qblwm,gnn-cluster-worker3,scheduled_on,1.0
1774373936,cpu-stressor-74d6ffcfc4-gghxs,gnn-cluster-worker,scheduled_on,1.0
1774373936,frontend-7868f8655b-25dwq,gnn-cluster-worker,scheduled_on,1.0
1774373936,frontend-7868f8655b-vqjvm,gnn-cluster-worker3,scheduled_on,1.0
1774373936,redis-cache-67d574b944-ll9pf,gnn-cluster-worker2,scheduled_on,1.0
1774373936,workload-generator-667dc97f4f-67vch,gnn-cluster-worker3,scheduled_on,1.0
1774373966,backend-api-669d9964b8-b8qkw,gnn-cluster-worker2,scheduled_on,1.0
1774373966,backend-api-669d9964b8-qblwm,gnn-cluster-worker3,scheduled_on,1.0
1774373966,cpu-stressor-74d6ffcfc4-gghxs,gnn-cluster-worker,scheduled_on,1.0
1774373966,frontend-7868f8655b-25dwq,gnn-cluster-worker,scheduled_on,1.0
1774373966,frontend-7868f8655b-vqjvm,gnn-cluster-worker3,scheduled_on,1.0
1774373966,redis-cache-67d574b944-ll9pf,gnn-cluster-worker2,scheduled_on,1.0
1774373966,workload-generator-667dc97f4f-67vch,gnn-cluster-worker3,scheduled_on,1.0
1774373996,backend-api-669d9964b8-b8qkw,gnn-cluster-worker2,scheduled_on,1.0
1774373996,backend-api-669d9964b8-qblwm,gnn-cluster-worker3,scheduled_on,1.0
1774373996,cpu-stressor-74d6ffcfc4-gghxs,gnn-cluster-worker,scheduled_on,1.0
1774373996,frontend-7868f8655b-25dwq,gnn-cluster-worker,scheduled_on,1.0
1774373996,frontend-7868f8655b-vqjvm,gnn-cluster-worker3,scheduled_on,1.0
1774373996,redis-cache-67d574b944-ll9pf,gnn-cluster-worker2,scheduled_on,1.0
1774373996,workload-generator-667dc97f4f-67vch,gnn-cluster-worker3,scheduled_on,1.0
1774374026,backend-api-669d9964b8-b8qkw,gnn-cluster-worker2,scheduled_on,1.0
1774374026,backend-api-669d9964b8-qblwm,gnn-cluster-worker3,scheduled_on,1.0
1774374026,cpu-stressor-74d6ffcfc4-gghxs,gnn-cluster-worker,scheduled_on,1.0
1774374026,frontend-7868f8655b-25dwq,gnn-cluster-worker,scheduled_on,1.0
1774374026,frontend-7868f8655b-vqjvm,gnn-cluster-worker3,scheduled_on,1.0
1774374026,redis-cache-67d574b944-ll9pf,gnn-cluster-worker2,scheduled_on,1.0
1774374026,workload-generator-667dc97f4f-67vch,gnn-cluster-worker3,scheduled_on,1.0
1774374057,backend-api-669d9964b8-b8qkw,gnn-cluster-worker2,scheduled_on,1.0
1774374057,backend-api-669d9964b8-qblwm,gnn-cluster-worker3,scheduled_on,1.0
1774374057,cpu-stressor-74d6ffcfc4-gghxs,gnn-cluster-worker,scheduled_on,1.0
1774374057,frontend-7868f8655b-25dwq,gnn-cluster-worker,scheduled_on,1.0
1774374057,frontend-7868f8655b-vqjvm,gnn-cluster-worker3,scheduled_on,1.0
1774374057,redis-cache-67d574b944-ll9pf,gnn-cluster-worker2,scheduled_on,1.0
1774374057,workload-generator-667dc97f4f-67vch,gnn-cluster-worker3,scheduled_on,1.0
1774374087,backend-api-669d9964b8-b8qkw,gnn-cluster-worker2,scheduled_on,1.0
1774374087,backend-api-669d9964b8-qblwm,gnn-cluster-worker3,scheduled_on,1.0
1774374087,cpu-stressor-74d6ffcfc4-gghxs,gnn-cluster-worker,scheduled_on,1.0
1774374087,frontend-7868f8655b-25dwq,gnn-cluster-worker,scheduled_on,1.0
1774374087,frontend-7868f8655b-vqjvm,gnn-cluster-worker3,scheduled_on,1.0
1774374087,redis-cache-67d574b944-ll9pf,gnn-cluster-worker2,scheduled_on,1.0
1774374087,workload-generator-667dc97f4f-67vch,gnn-cluster-worker3,scheduled_on,1.0
1774374117,backend-api-669d9964b8-b8qkw,gnn-cluster-worker2,scheduled_on,1.0
1774374117,backend-api-669d9964b8-qblwm,gnn-cluster-worker3,scheduled_on,1.0
1774374117,cpu-stressor-74d6ffcfc4-gghxs,gnn-cluster-worker,scheduled_on,1.0
1774374117,frontend-7868f8655b-25dwq,gnn-cluster-worker,scheduled_on,1.0
1774374117,frontend-7868f8655b-vqjvm,gnn-cluster-worker3,scheduled_on,1.0
1774374117,redis-cache-67d574b944-ll9pf,gnn-cluster-worker2,scheduled_on,1.0
1774374117,workload-generator-667dc97f4f-67vch,gnn-cluster-worker3,scheduled_on,1.0
1774374147,backend-api-669d9964b8-b8qkw,gnn-cluster-worker2,scheduled_on,1.0
1774374147,backend-api-669d9964b8-qblwm,gnn-cluster-worker3,scheduled_on,1.0
1774374147,cpu-stressor-74d6ffcfc4-gghxs,gnn-cluster-worker,scheduled_on,1.0
1774374147,frontend-7868f8655b-25dwq,gnn-cluster-worker,scheduled_on,1.0
1774374147,frontend-7868f8655b-vqjvm,gnn-cluster-worker3,scheduled_on,1.0
1774374147,redis-cache-67d574b944-ll9pf,gnn-cluster-worker2,scheduled_on,1.0
1774374147,workload-generator-667dc97f4f-67vch,gnn-cluster-worker3,scheduled_on,1.0
1774374177,backend-api-669d9964b8-b8qkw,gnn-cluster-worker2,scheduled_on,1.0
1774374177,backend-api-669d9964b8-qblwm,gnn-cluster-worker3,scheduled_on,1.0
1774374177,cpu-stressor-74d6ffcfc4-gghxs,gnn-cluster-worker,scheduled_on,1.0
1774374177,frontend-7868f8655b-25dwq,gnn-cluster-worker,scheduled_on,1.0
1774374177,frontend-7868f8655b-vqjvm,gnn-cluster-worker3,scheduled_on,1.0
1774374177,redis-cache-67d574b944-ll9pf,gnn-cluster-worker2,scheduled_on,1.0
1774374177,workload-generator-667dc97f4f-67vch,gnn-cluster-worker3,scheduled_on,1.0
1774374207,backend-api-669d9964b8-b8qkw,gnn-cluster-worker2,scheduled_on,1.0
1774374207,backend-api-669d9964b8-qblwm,gnn-cluster-worker3,scheduled_on,1.0
1774374207,cpu-stressor-74d6ffcfc4-gghxs,gnn-cluster-worker,scheduled_on,1.0
1774374207,frontend-7868f8655b-25dwq,gnn-cluster-worker,scheduled_on,1.0
1774374207,frontend-7868f8655b-vqjvm,gnn-cluster-worker3,scheduled_on,1.0
1774374207,redis-cache-67d574b944-ll9pf,gnn-cluster-worker2,scheduled_on,1.0
1774374207,workload-generator-667dc97f4f-67vch,gnn-cluster-worker3,scheduled_on,1.0
1774374237,backend-api-669d9964b8-b8qkw,gnn-cluster-worker2,scheduled_on,1.0
1774374237,backend-api-669d9964b8-qblwm,gnn-cluster-worker3,scheduled_on,1.0
1774374237,cpu-stressor-74d6ffcfc4-gghxs,gnn-cluster-worker,scheduled_on,1.0
1774374237,frontend-7868f8655b-25dwq,gnn-cluster-worker,scheduled_on,1.0
1774374237,frontend-7868f8655b-vqjvm,gnn-cluster-worker3,scheduled_on,1.0
1774374237,redis-cache-67d574b944-ll9pf,gnn-cluster-worker2,scheduled_on,1.0
1774374237,workload-generator-667dc97f4f-67vch,gnn-cluster-worker3,scheduled_on,1.0
1774374267,backend-api-669d9964b8-b8qkw,gnn-cluster-worker2,scheduled_on,1.0
1774374267,backend-api-669d9964b8-qblwm,gnn-cluster-worker3,scheduled_on,1.0
1774374267,cpu-stressor-74d6ffcfc4-gghxs,gnn-cluster-worker,scheduled_on,1.0
1774374267,frontend-7868f8655b-25dwq,gnn-cluster-worker,scheduled_on,1.0
1774374267,frontend-7868f8655b-vqjvm,gnn-cluster-worker3,scheduled_on,1.0
1774374267,redis-cache-67d574b944-ll9pf,gnn-cluster-worker2,scheduled_on,1.0
1774374267,workload-generator-667dc97f4f-67vch,gnn-cluster-worker3,scheduled_on,1.0
1774374297,backend-api-669d9964b8-b8qkw,gnn-cluster-worker2,scheduled_on,1.0
1774374297,backend-api-669d9964b8-qblwm,gnn-cluster-worker3,scheduled_on,1.0
1774374297,cpu-stressor-74d6ffcfc4-gghxs,gnn-cluster-worker,scheduled_on,1.0
1774374297,frontend-7868f8655b-25dwq,gnn-cluster-worker,scheduled_on,1.0
1774374297,frontend-7868f8655b-vqjvm,gnn-cluster-worker3,scheduled_on,1.0
1774374297,redis-cache-67d574b944-ll9pf,gnn-cluster-worker2,scheduled_on,1.0
1774374297,workload-generator-667dc97f4f-67vch,gnn-cluster-worker3,scheduled_on,1.0
1774374327,backend-api-669d9964b8-b8qkw,gnn-cluster-worker2,scheduled_on,1.0
1774374327,backend-api-669d9964b8-qblwm,gnn-cluster-worker3,scheduled_on,1.0
1774374327,cpu-stressor-74d6ffcfc4-gghxs,gnn-cluster-worker,scheduled_on,1.0
1774374327,frontend-7868f8655b-25dwq,gnn-cluster-worker,scheduled_on,1.0
1774374327,frontend-7868f8655b-vqjvm,gnn-cluster-worker3,scheduled_on,1.0
1774374327,redis-cache-67d574b944-ll9pf,gnn-cluster-worker2,scheduled_on,1.0
1774374327,workload-generator-667dc97f4f-67vch,gnn-cluster-worker3,scheduled_on,1.0
1774374357,backend-api-669d9964b8-b8qkw,gnn-cluster-worker2,scheduled_on,1.0
1774374357,backend-api-669d9964b8-qblwm,gnn-cluster-worker3,scheduled_on,1.0
1774374357,cpu-stressor-74d6ffcfc4-gghxs,gnn-cluster-worker,scheduled_on,1.0
1774374357,frontend-7868f8655b-25dwq,gnn-cluster-worker,scheduled_on,1.0
1774374357,frontend-7868f8655b-vqjvm,gnn-cluster-worker3,scheduled_on,1.0
1774374357,redis-cache-67d574b944-ll9pf,gnn-cluster-worker2,scheduled_on,1.0
1774374357,workload-generator-667dc97f4f-67vch,gnn-cluster-worker3,scheduled_on,1.0
1774374387,backend-api-669d9964b8-b8qkw,gnn-cluster-worker2,scheduled_on,1.0
1774374387,backend-api-669d9964b8-qblwm,gnn-cluster-worker3,scheduled_on,1.0
1774374387,cpu-stressor-74d6ffcfc4-gghxs,gnn-cluster-worker,scheduled_on,1.0
1774374387,frontend-7868f8655b-25dwq,gnn-cluster-worker,scheduled_on,1.0
1774374387,frontend-7868f8655b-vqjvm,gnn-cluster-worker3,scheduled_on,1.0
1774374387,redis-cache-67d574b944-ll9pf,gnn-cluster-worker2,scheduled_on,1.0
1774374387,workload-generator-667dc97f4f-67vch,gnn-cluster-worker3,scheduled_on,1.0
1774374417,backend-api-669d9964b8-b8qkw,gnn-cluster-worker2,scheduled_on,1.0
1774374417,backend-api-669d9964b8-qblwm,gnn-cluster-worker3,scheduled_on,1.0
1774374417,cpu-stressor-74d6ffcfc4-gghxs,gnn-cluster-worker,scheduled_on,1.0
1774374417,frontend-7868f8655b-25dwq,gnn-cluster-worker,scheduled_on,1.0
1774374417,frontend-7868f8655b-vqjvm,gnn-cluster-worker3,scheduled_on,1.0
1774374417,redis-cache-67d574b944-ll9pf,gnn-cluster-worker2,scheduled_on,1.0
1774374417,workload-generator-667dc97f4f-67vch,gnn-cluster-worker3,scheduled_on,1.0
1774374447,backend-api-669d9964b8-b8qkw,gnn-cluster-worker2,scheduled_on,1.0
1774374447,backend-api-669d9964b8-qblwm,gnn-cluster-worker3,scheduled_on,1.0
1774374447,cpu-stressor-74d6ffcfc4-gghxs,gnn-cluster-worker,scheduled_on,1.0
1774374447,frontend-7868f8655b-25dwq,gnn-cluster-worker,scheduled_on,1.0
1774374447,frontend-7868f8655b-vqjvm,gnn-cluster-worker3,scheduled_on,1.0
1774374447,redis-cache-67d574b944-ll9pf,gnn-cluster-worker2,scheduled_on,1.0
1774374447,workload-generator-667dc97f4f-67vch,gnn-cluster-worker3,scheduled_on,1.0
1774374477,backend-api-669d9964b8-b8qkw,gnn-cluster-worker2,scheduled_on,1.0
1774374477,backend-api-669d9964b8-qblwm,gnn-cluster-worker3,scheduled_on,1.0
1774374477,cpu-stressor-74d6ffcfc4-gghxs,gnn-cluster-worker,scheduled_on,1.0
1774374477,frontend-7868f8655b-25dwq,gnn-cluster-worker,scheduled_on,1.0
1774374477,frontend-7868f8655b-vqjvm,gnn-cluster-worker3,scheduled_on,1.0
1774374477,redis-cache-67d574b944-ll9pf,gnn-cluster-worker2,scheduled_on,1.0
1774374477,workload-generator-667dc97f4f-67vch,gnn-cluster-worker3,scheduled_on,1.0
1774374508,backend-api-669d9964b8-b8qkw,gnn-cluster-worker2,scheduled_on,1.0
1774374508,backend-api-669d9964b8-qblwm,gnn-cluster-worker3,scheduled_on,1.0
1774374508,cpu-stressor-74d6ffcfc4-gghxs,gnn-cluster-worker,scheduled_on,1.0
1774374508,frontend-7868f8655b-25dwq,gnn-cluster-worker,scheduled_on,1.0
1774374508,frontend-7868f8655b-vqjvm,gnn-cluster-worker3,scheduled_on,1.0
1774374508,redis-cache-67d574b944-ll9pf,gnn-cluster-worker2,scheduled_on,1.0
1774374508,workload-generator-667dc97f4f-67vch,gnn-cluster-worker3,scheduled_on,1.0
1774374538,backend-api-669d9964b8-b8qkw,gnn-cluster-worker2,scheduled_on,1.0
1774374538,backend-api-669d9964b8-qblwm,gnn-cluster-worker3,scheduled_on,1.0
1774374538,cpu-stressor-74d6ffcfc4-gghxs,gnn-cluster-worker,scheduled_on,1.0
1774374538,frontend-7868f8655b-25dwq,gnn-cluster-worker,scheduled_on,1.0
1774374538,frontend-7868f8655b-vqjvm,gnn-cluster-worker3,scheduled_on,1.0
1774374538,redis-cache-67d574b944-ll9pf,gnn-cluster-worker2,scheduled_on,1.0
1774374538,workload-generator-667dc97f4f-67vch,gnn-cluster-worker3,scheduled_on,1.0
1774374568,backend-api-669d9964b8-b8qkw,gnn-cluster-worker2,scheduled_on,1.0
1774374568,backend-api-669d9964b8-qblwm,gnn-cluster-worker3,scheduled_on,1.0
1774374568,cpu-stressor-74d6ffcfc4-gghxs,gnn-cluster-worker,scheduled_on,1.0
1774374568,frontend-7868f8655b-25dwq,gnn-cluster-worker,scheduled_on,1.0
1774374568,frontend-7868f8655b-vqjvm,gnn-cluster-worker3,scheduled_on,1.0
1774374568,redis-cache-67d574b944-ll9pf,gnn-cluster-worker2,scheduled_on,1.0
1774374568,workload-generator-667dc97f4f-67vch,gnn-cluster-worker3,scheduled_on,1.0
1774374598,backend-api-669d9964b8-b8qkw,gnn-cluster-worker2,scheduled_on,1.0
1774374598,backend-api-669d9964b8-qblwm,gnn-cluster-worker3,scheduled_on,1.0
1774374598,cpu-stressor-74d6ffcfc4-gghxs,gnn-cluster-worker,scheduled_on,1.0
1774374598,frontend-7868f8655b-25dwq,gnn-cluster-worker,scheduled_on,1.0
1774374598,frontend-7868f8655b-vqjvm,gnn-cluster-worker3,scheduled_on,1.0
1774374598,redis-cache-67d574b944-ll9pf,gnn-cluster-worker2,scheduled_on,1.0
1774374598,workload-generator-667dc97f4f-67vch,gnn-cluster-worker3,scheduled_on,1.0
1774374628,backend-api-669d9964b8-b8qkw,gnn-cluster-worker2,scheduled_on,1.0
1774374628,backend-api-669d9964b8-qblwm,gnn-cluster-worker3,scheduled_on,1.0
1774374628,cpu-stressor-74d6ffcfc4-gghxs,gnn-cluster-worker,scheduled_on,1.0
1774374628,frontend-7868f8655b-25dwq,gnn-cluster-worker,scheduled_on,1.0
1774374628,frontend-7868f8655b-vqjvm,gnn-cluster-worker3,scheduled_on,1.0
1774374628,redis-cache-67d574b944-ll9pf,gnn-cluster-worker2,scheduled_on,1.0
1774374628,workload-generator-667dc97f4f-67vch,gnn-cluster-worker3,scheduled_on,1.0
1774374658,backend-api-669d9964b8-b8qkw,gnn-cluster-worker2,scheduled_on,1.0
1774374658,backend-api-669d9964b8-qblwm,gnn-cluster-worker3,scheduled_on,1.0
1774374658,cpu-stressor-74d6ffcfc4-gghxs,gnn-cluster-worker,scheduled_on,1.0
1774374658,frontend-7868f8655b-25dwq,gnn-cluster-worker,scheduled_on,1.0
1774374658,frontend-7868f8655b-vqjvm,gnn-cluster-worker3,scheduled_on,1.0
1774374658,redis-cache-67d574b944-ll9pf,gnn-cluster-worker2,scheduled_on,1.0
1774374658,workload-generator-667dc97f4f-67vch,gnn-cluster-worker3,scheduled_on,1.0
1774374688,backend-api-669d9964b8-b8qkw,gnn-cluster-worker2,scheduled_on,1.0
1774374688,backend-api-669d9964b8-qblwm,gnn-cluster-worker3,scheduled_on,1.0
1774374688,cpu-stressor-74d6ffcfc4-gghxs,gnn-cluster-worker,scheduled_on,1.0
1774374688,frontend-7868f8655b-25dwq,gnn-cluster-worker,scheduled_on,1.0
1774374688,frontend-7868f8655b-vqjvm,gnn-cluster-worker3,scheduled_on,1.0
1774374688,redis-cache-67d574b944-ll9pf,gnn-cluster-worker2,scheduled_on,1.0
1774374688,workload-generator-667dc97f4f-67vch,gnn-cluster-worker3,scheduled_on,1.0
1774374718,backend-api-669d9964b8-b8qkw,gnn-cluster-worker2,scheduled_on,1.0
1774374718,backend-api-669d9964b8-qblwm,gnn-cluster-worker3,scheduled_on,1.0
1774374718,cpu-stressor-74d6ffcfc4-gghxs,gnn-cluster-worker,scheduled_on,1.0
1774374718,frontend-7868f8655b-25dwq,gnn-cluster-worker,scheduled_on,1.0
1774374718,frontend-7868f8655b-vqjvm,gnn-cluster-worker3,scheduled_on,1.0
1774374718,redis-cache-67d574b944-ll9pf,gnn-cluster-worker2,scheduled_on,1.0
1774374718,workload-generator-667dc97f4f-67vch,gnn-cluster-worker3,scheduled_on,1.0
1774374748,backend-api-669d9964b8-b8qkw,gnn-cluster-worker2,scheduled_on,1.0
1774374748,backend-api-669d9964b8-qblwm,gnn-cluster-worker3,scheduled_on,1.0
1774374748,cpu-stressor-74d6ffcfc4-gghxs,gnn-cluster-worker,scheduled_on,1.0
1774374748,frontend-7868f8655b-25dwq,gnn-cluster-worker,scheduled_on,1.0
1774374748,frontend-7868f8655b-vqjvm,gnn-cluster-worker3,scheduled_on,1.0
1774374748,redis-cache-67d574b944-ll9pf,gnn-cluster-worker2,scheduled_on,1.0
1774374748,workload-generator-667dc97f4f-67vch,gnn-cluster-worker3,scheduled_on,1.0
1774374778,backend-api-669d9964b8-b8qkw,gnn-cluster-worker2,scheduled_on,1.0
1774374778,backend-api-669d9964b8-qblwm,gnn-cluster-worker3,scheduled_on,1.0
1774374778,cpu-stressor-74d6ffcfc4-gghxs,gnn-cluster-worker,scheduled_on,1.0
1774374778,frontend-7868f8655b-25dwq,gnn-cluster-worker,scheduled_on,1.0
1774374778,frontend-7868f8655b-vqjvm,gnn-cluster-worker3,scheduled_on,1.0
1774374778,redis-cache-67d574b944-ll9pf,gnn-cluster-worker2,scheduled_on,1.0
1774374778,workload-generator-667dc97f4f-67vch,gnn-cluster-worker3,scheduled_on,1.0
1774374808,backend-api-669d9964b8-b8qkw,gnn-cluster-worker2,scheduled_on,1.0
1774374808,backend-api-669d9964b8-qblwm,gnn-cluster-worker3,scheduled_on,1.0
1774374808,cpu-stressor-74d6ffcfc4-gghxs,gnn-cluster-worker,scheduled_on,1.0
1774374808,frontend-7868f8655b-25dwq,gnn-cluster-worker,scheduled_on,1.0
1774374808,frontend-7868f8655b-vqjvm,gnn-cluster-worker3,scheduled_on,1.0
1774374808,redis-cache-67d574b944-ll9pf,gnn-cluster-worker2,scheduled_on,1.0
1774374808,workload-generator-667dc97f4f-67vch,gnn-cluster-worker3,scheduled_on,1.0
1774374838,backend-api-669d9964b8-b8qkw,gnn-cluster-worker2,scheduled_on,1.0
1774374838,backend-api-669d9964b8-qblwm,gnn-cluster-worker3,scheduled_on,1.0
1774374838,cpu-stressor-74d6ffcfc4-gghxs,gnn-cluster-worker,scheduled_on,1.0
1774374838,frontend-7868f8655b-25dwq,gnn-cluster-worker,scheduled_on,1.0
1774374838,frontend-7868f8655b-vqjvm,gnn-cluster-worker3,scheduled_on,1.0
1774374838,redis-cache-67d574b944-ll9pf,gnn-cluster-worker2,scheduled_on,1.0
1774374838,workload-generator-667dc97f4f-67vch,gnn-cluster-worker3,scheduled_on,1.0
1774374868,backend-api-669d9964b8-b8qkw,gnn-cluster-worker2,scheduled_on,1.0
1774374868,backend-api-669d9964b8-qblwm,gnn-cluster-worker3,scheduled_on,1.0
1774374868,cpu-stressor-74d6ffcfc4-gghxs,gnn-cluster-worker,scheduled_on,1.0
1774374868,frontend-7868f8655b-25dwq,gnn-cluster-worker,scheduled_on,1.0
1774374868,frontend-7868f8655b-vqjvm,gnn-cluster-worker3,scheduled_on,1.0
1774374868,redis-cache-67d574b944-ll9pf,gnn-cluster-worker2,scheduled_on,1.0
1774374868,workload-generator-667dc97f4f-67vch,gnn-cluster-worker3,scheduled_on,1.0
1774374898,backend-api-669d9964b8-b8qkw,gnn-cluster-worker2,scheduled_on,1.0
1774374898,backend-api-669d9964b8-qblwm,gnn-cluster-worker3,scheduled_on,1.0
1774374898,cpu-stressor-74d6ffcfc4-gghxs,gnn-cluster-worker,scheduled_on,1.0
1774374898,frontend-7868f8655b-25dwq,gnn-cluster-worker,scheduled_on,1.0
1774374898,frontend-7868f8655b-vqjvm,gnn-cluster-worker3,scheduled_on,1.0
1774374898,redis-cache-67d574b944-ll9pf,gnn-cluster-worker2,scheduled_on,1.0
1774374898,workload-generator-667dc97f4f-67vch,gnn-cluster-worker3,scheduled_on,1.0
1774374928,backend-api-669d9964b8-b8qkw,gnn-cluster-worker2,scheduled_on,1.0
1774374928,backend-api-669d9964b8-qblwm,gnn-cluster-worker3,scheduled_on,1.0
1774374928,cpu-stressor-74d6ffcfc4-gghxs,gnn-cluster-worker,scheduled_on,1.0
1774374928,frontend-7868f8655b-25dwq,gnn-cluster-worker,scheduled_on,1.0
1774374928,frontend-7868f8655b-vqjvm,gnn-cluster-worker3,scheduled_on,1.0
1774374928,redis-cache-67d574b944-ll9pf,gnn-cluster-worker2,scheduled_on,1.0
1774374928,workload-generator-667dc97f4f-67vch,gnn-cluster-worker3,scheduled_on,1.0
1774374958,backend-api-669d9964b8-b8qkw,gnn-cluster-worker2,scheduled_on,1.0
1774374958,backend-api-669d9964b8-qblwm,gnn-cluster-worker3,scheduled_on,1.0
1774374958,cpu-stressor-74d6ffcfc4-gghxs,gnn-cluster-worker,scheduled_on,1.0
1774374958,frontend-7868f8655b-25dwq,gnn-cluster-worker,scheduled_on,1.0
1774374958,frontend-7868f8655b-vqjvm,gnn-cluster-worker3,scheduled_on,1.0
1774374958,redis-cache-67d574b944-ll9pf,gnn-cluster-worker2,scheduled_on,1.0
1774374958,workload-generator-667dc97f4f-67vch,gnn-cluster-worker3,scheduled_on,1.0
1774374989,backend-api-669d9964b8-b8qkw,gnn-cluster-worker2,scheduled_on,1.0
1774374989,backend-api-669d9964b8-qblwm,gnn-cluster-worker3,scheduled_on,1.0
1774374989,cpu-stressor-74d6ffcfc4-gghxs,gnn-cluster-worker,scheduled_on,1.0
1774374989,frontend-7868f8655b-25dwq,gnn-cluster-worker,scheduled_on,1.0
1774374989,frontend-7868f8655b-vqjvm,gnn-cluster-worker3,scheduled_on,1.0
1774374989,redis-cache-67d574b944-ll9pf,gnn-cluster-worker2,scheduled_on,1.0
1774374989,workload-generator-667dc97f4f-67vch,gnn-cluster-worker3,scheduled_on,1.0
1774375019,backend-api-669d9964b8-b8qkw,gnn-cluster-worker2,scheduled_on,1.0
1774375019,backend-api-669d9964b8-qblwm,gnn-cluster-worker3,scheduled_on,1.0
1774375019,cpu-stressor-74d6ffcfc4-gghxs,gnn-cluster-worker,scheduled_on,1.0
1774375019,frontend-7868f8655b-25dwq,gnn-cluster-worker,scheduled_on,1.0
1774375019,frontend-7868f8655b-vqjvm,gnn-cluster-worker3,scheduled_on,1.0
1774375019,redis-cache-67d574b944-ll9pf,gnn-cluster-worker2,scheduled_on,1.0
1774375019,workload-generator-667dc97f4f-67vch,gnn-cluster-worker3,scheduled_on,1.0
1774375049,backend-api-669d9964b8-b8qkw,gnn-cluster-worker2,scheduled_on,1.0
1774375049,backend-api-669d9964b8-qblwm,gnn-cluster-worker3,scheduled_on,1.0
1774375049,cpu-stressor-74d6ffcfc4-gghxs,gnn-cluster-worker,scheduled_on,1.0
1774375049,frontend-7868f8655b-25dwq,gnn-cluster-worker,scheduled_on,1.0
1774375049,frontend-7868f8655b-vqjvm,gnn-cluster-worker3,scheduled_on,1.0
1774375049,redis-cache-67d574b944-ll9pf,gnn-cluster-worker2,scheduled_on,1.0
1774375049,workload-generator-667dc97f4f-67vch,gnn-cluster-worker3,scheduled_on,1.0
1774375079,backend-api-669d9964b8-b8qkw,gnn-cluster-worker2,scheduled_on,1.0
1774375079,backend-api-669d9964b8-qblwm,gnn-cluster-worker3,scheduled_on,1.0
1774375079,cpu-stressor-74d6ffcfc4-gghxs,gnn-cluster-worker,scheduled_on,1.0
1774375079,frontend-7868f8655b-25dwq,gnn-cluster-worker,scheduled_on,1.0
1774375079,frontend-7868f8655b-vqjvm,gnn-cluster-worker3,scheduled_on,1.0
1774375079,redis-cache-67d574b944-ll9pf,gnn-cluster-worker2,scheduled_on,1.0
1774375079,workload-generator-667dc97f4f-67vch,gnn-cluster-worker3,scheduled_on,1.0
1774375109,backend-api-669d9964b8-b8qkw,gnn-cluster-worker2,scheduled_on,1.0
1774375109,backend-api-669d9964b8-qblwm,gnn-cluster-worker3,scheduled_on,1.0
1774375109,cpu-stressor-74d6ffcfc4-gghxs,gnn-cluster-worker,scheduled_on,1.0
1774375109,frontend-7868f8655b-25dwq,gnn-cluster-worker,scheduled_on,1.0
1774375109,frontend-7868f8655b-vqjvm,gnn-cluster-worker3,scheduled_on,1.0
1774375109,redis-cache-67d574b944-ll9pf,gnn-cluster-worker2,scheduled_on,1.0
1774375109,workload-generator-667dc97f4f-67vch,gnn-cluster-worker3,scheduled_on,1.0
1774375139,backend-api-669d9964b8-b8qkw,gnn-cluster-worker2,scheduled_on,1.0
1774375139,backend-api-669d9964b8-qblwm,gnn-cluster-worker3,scheduled_on,1.0
1774375139,cpu-stressor-74d6ffcfc4-gghxs,gnn-cluster-worker,scheduled_on,1.0
1774375139,frontend-7868f8655b-25dwq,gnn-cluster-worker,scheduled_on,1.0
1774375139,frontend-7868f8655b-vqjvm,gnn-cluster-worker3,scheduled_on,1.0
1774375139,redis-cache-67d574b944-ll9pf,gnn-cluster-worker2,scheduled_on,1.0
1774375139,workload-generator-667dc97f4f-67vch,gnn-cluster-worker3,scheduled_on,1.0
1774375169,backend-api-669d9964b8-b8qkw,gnn-cluster-worker2,scheduled_on,1.0
1774375169,backend-api-669d9964b8-qblwm,gnn-cluster-worker3,scheduled_on,1.0
1774375169,cpu-stressor-74d6ffcfc4-gghxs,gnn-cluster-worker,scheduled_on,1.0
1774375169,frontend-7868f8655b-25dwq,gnn-cluster-worker,scheduled_on,1.0
1774375169,frontend-7868f8655b-vqjvm,gnn-cluster-worker3,scheduled_on,1.0
1774375169,redis-cache-67d574b944-ll9pf,gnn-cluster-worker2,scheduled_on,1.0
1774375169,workload-generator-667dc97f4f-67vch,gnn-cluster-worker3,scheduled_on,1.0
1774375199,backend-api-669d9964b8-b8qkw,gnn-cluster-worker2,scheduled_on,1.0
1774375199,backend-api-669d9964b8-qblwm,gnn-cluster-worker3,scheduled_on,1.0
1774375199,cpu-stressor-74d6ffcfc4-gghxs,gnn-cluster-worker,scheduled_on,1.0
1774375199,frontend-7868f8655b-25dwq,gnn-cluster-worker,scheduled_on,1.0
1774375199,frontend-7868f8655b-vqjvm,gnn-cluster-worker3,scheduled_on,1.0
1774375199,redis-cache-67d574b944-ll9pf,gnn-cluster-worker2,scheduled_on,1.0
1774375199,workload-generator-667dc97f4f-67vch,gnn-cluster-worker3,scheduled_on,1.0
1774375229,backend-api-669d9964b8-b8qkw,gnn-cluster-worker2,scheduled_on,1.0
1774375229,backend-api-669d9964b8-qblwm,gnn-cluster-worker3,scheduled_on,1.0
1774375229,cpu-stressor-74d6ffcfc4-gghxs,gnn-cluster-worker,scheduled_on,1.0
1774375229,frontend-7868f8655b-25dwq,gnn-cluster-worker,scheduled_on,1.0
1774375229,frontend-7868f8655b-vqjvm,gnn-cluster-worker3,scheduled_on,1.0
1774375229,redis-cache-67d574b944-ll9pf,gnn-cluster-worker2,scheduled_on,1.0
1774375229,workload-generator-667dc97f4f-67vch,gnn-cluster-worker3,scheduled_on,1.0
1774375259,backend-api-669d9964b8-b8qkw,gnn-cluster-worker2,scheduled_on,1.0
1774375259,backend-api-669d9964b8-qblwm,gnn-cluster-worker3,scheduled_on,1.0
1774375259,cpu-stressor-74d6ffcfc4-gghxs,gnn-cluster-worker,scheduled_on,1.0
1774375259,frontend-7868f8655b-25dwq,gnn-cluster-worker,scheduled_on,1.0
1774375259,frontend-7868f8655b-vqjvm,gnn-cluster-worker3,scheduled_on,1.0
1774375259,redis-cache-67d574b944-ll9pf,gnn-cluster-worker2,scheduled_on,1.0
1774375259,workload-generator-667dc97f4f-67vch,gnn-cluster-worker3,scheduled_on,1.0
1774375289,backend-api-669d9964b8-b8qkw,gnn-cluster-worker2,scheduled_on,1.0
1774375289,backend-api-669d9964b8-qblwm,gnn-cluster-worker3,scheduled_on,1.0
1774375289,cpu-stressor-74d6ffcfc4-gghxs,gnn-cluster-worker,scheduled_on,1.0
1774375289,frontend-7868f8655b-25dwq,gnn-cluster-worker,scheduled_on,1.0
1774375289,frontend-7868f8655b-vqjvm,gnn-cluster-worker3,scheduled_on,1.0
1774375289,redis-cache-67d574b944-ll9pf,gnn-cluster-worker2,scheduled_on,1.0
1774375289,workload-generator-667dc97f4f-67vch,gnn-cluster-worker3,scheduled_on,1.0
1774375319,backend-api-669d9964b8-b8qkw,gnn-cluster-worker2,scheduled_on,1.0
1774375319,backend-api-669d9964b8-qblwm,gnn-cluster-worker3,scheduled_on,1.0
1774375319,cpu-stressor-74d6ffcfc4-gghxs,gnn-cluster-worker,scheduled_on,1.0
1774375319,frontend-7868f8655b-25dwq,gnn-cluster-worker,scheduled_on,1.0
1774375319,frontend-7868f8655b-vqjvm,gnn-cluster-worker3,scheduled_on,1.0
1774375319,redis-cache-67d574b944-ll9pf,gnn-cluster-worker2,scheduled_on,1.0
1774375319,workload-generator-667dc97f4f-67vch,gnn-cluster-worker3,scheduled_on,1.0
1774375349,backend-api-669d9964b8-b8qkw,gnn-cluster-worker2,scheduled_on,1.0
1774375349,backend-api-669d9964b8-qblwm,gnn-cluster-worker3,scheduled_on,1.0
1774375349,cpu-stressor-74d6ffcfc4-gghxs,gnn-cluster-worker,scheduled_on,1.0
1774375349,frontend-7868f8655b-25dwq,gnn-cluster-worker,scheduled_on,1.0
1774375349,frontend-7868f8655b-vqjvm,gnn-cluster-worker3,scheduled_on,1.0
1774375349,redis-cache-67d574b944-ll9pf,gnn-cluster-worker2,scheduled_on,1.0
1774375349,workload-generator-667dc97f4f-67vch,gnn-cluster-worker3,scheduled_on,1.0
1774375379,backend-api-669d9964b8-b8qkw,gnn-cluster-worker2,scheduled_on,1.0
1774375379,backend-api-669d9964b8-qblwm,gnn-cluster-worker3,scheduled_on,1.0
1774375379,cpu-stressor-74d6ffcfc4-gghxs,gnn-cluster-worker,scheduled_on,1.0
1774375379,frontend-7868f8655b-25dwq,gnn-cluster-worker,scheduled_on,1.0
1774375379,frontend-7868f8655b-vqjvm,gnn-cluster-worker3,scheduled_on,1.0
1774375379,redis-cache-67d574b944-ll9pf,gnn-cluster-worker2,scheduled_on,1.0
1774375379,workload-generator-667dc97f4f-67vch,gnn-cluster-worker3,scheduled_on,1.0
1774375409,backend-api-669d9964b8-b8qkw,gnn-cluster-worker2,scheduled_on,1.0
1774375409,backend-api-669d9964b8-qblwm,gnn-cluster-worker3,scheduled_on,1.0
1774375409,cpu-stressor-74d6ffcfc4-gghxs,gnn-cluster-worker,scheduled_on,1.0
1774375409,frontend-7868f8655b-25dwq,gnn-cluster-worker,scheduled_on,1.0
1774375409,frontend-7868f8655b-vqjvm,gnn-cluster-worker3,scheduled_on,1.0
1774375409,redis-cache-67d574b944-ll9pf,gnn-cluster-worker2,scheduled_on,1.0
1774375409,workload-generator-667dc97f4f-67vch,gnn-cluster-worker3,scheduled_on,1.0
1774375440,backend-api-669d9964b8-b8qkw,gnn-cluster-worker2,scheduled_on,1.0
1774375440,backend-api-669d9964b8-qblwm,gnn-cluster-worker3,scheduled_on,1.0
1774375440,cpu-stressor-74d6ffcfc4-gghxs,gnn-cluster-worker,scheduled_on,1.0
1774375440,frontend-7868f8655b-25dwq,gnn-cluster-worker,scheduled_on,1.0
1774375440,frontend-7868f8655b-vqjvm,gnn-cluster-worker3,scheduled_on,1.0
1774375440,redis-cache-67d574b944-ll9pf,gnn-cluster-worker2,scheduled_on,1.0
1774375440,workload-generator-667dc97f4f-67vch,gnn-cluster-worker3,scheduled_on,1.0
1774375470,backend-api-669d9964b8-b8qkw,gnn-cluster-worker2,scheduled_on,1.0
1774375470,backend-api-669d9964b8-qblwm,gnn-cluster-worker3,scheduled_on,1.0
1774375470,cpu-stressor-74d6ffcfc4-gghxs,gnn-cluster-worker,scheduled_on,1.0
1774375470,frontend-7868f8655b-25dwq,gnn-cluster-worker,scheduled_on,1.0
1774375470,frontend-7868f8655b-vqjvm,gnn-cluster-worker3,scheduled_on,1.0
1774375470,redis-cache-67d574b944-ll9pf,gnn-cluster-worker2,scheduled_on,1.0
1774375470,workload-generator-667dc97f4f-67vch,gnn-cluster-worker3,scheduled_on,1.0
1774375500,backend-api-669d9964b8-b8qkw,gnn-cluster-worker2,scheduled_on,1.0
1774375500,backend-api-669d9964b8-qblwm,gnn-cluster-worker3,scheduled_on,1.0
1774375500,cpu-stressor-74d6ffcfc4-gghxs,gnn-cluster-worker,scheduled_on,1.0
1774375500,frontend-7868f8655b-25dwq,gnn-cluster-worker,scheduled_on,1.0
1774375500,frontend-7868f8655b-vqjvm,gnn-cluster-worker3,scheduled_on,1.0
1774375500,redis-cache-67d574b944-ll9pf,gnn-cluster-worker2,scheduled_on,1.0
1774375500,workload-generator-667dc97f4f-67vch,gnn-cluster-worker3,scheduled_on,1.0
1774375530,backend-api-669d9964b8-b8qkw,gnn-cluster-worker2,scheduled_on,1.0
1774375530,backend-api-669d9964b8-qblwm,gnn-cluster-worker3,scheduled_on,1.0
1774375530,cpu-stressor-74d6ffcfc4-gghxs,gnn-cluster-worker,scheduled_on,1.0
1774375530,frontend-7868f8655b-25dwq,gnn-cluster-worker,scheduled_on,1.0
1774375530,frontend-7868f8655b-vqjvm,gnn-cluster-worker3,scheduled_on,1.0
1774375530,redis-cache-67d574b944-ll9pf,gnn-cluster-worker2,scheduled_on,1.0
1774375530,workload-generator-667dc97f4f-67vch,gnn-cluster-worker3,scheduled_on,1.0
1774375560,backend-api-669d9964b8-b8qkw,gnn-cluster-worker2,scheduled_on,1.0
1774375560,backend-api-669d9964b8-qblwm,gnn-cluster-worker3,scheduled_on,1.0
1774375560,cpu-stressor-74d6ffcfc4-gghxs,gnn-cluster-worker,scheduled_on,1.0
1774375560,frontend-7868f8655b-25dwq,gnn-cluster-worker,scheduled_on,1.0
1774375560,frontend-7868f8655b-vqjvm,gnn-cluster-worker3,scheduled_on,1.0
1774375560,redis-cache-67d574b944-ll9pf,gnn-cluster-worker2,scheduled_on,1.0
1774375560,workload-generator-667dc97f4f-67vch,gnn-cluster-worker3,scheduled_on,1.0
1774375590,backend-api-669d9964b8-b8qkw,gnn-cluster-worker2,scheduled_on,1.0
1774375590,backend-api-669d9964b8-qblwm,gnn-cluster-worker3,scheduled_on,1.0
1774375590,cpu-stressor-74d6ffcfc4-gghxs,gnn-cluster-worker,scheduled_on,1.0
1774375590,frontend-7868f8655b-25dwq,gnn-cluster-worker,scheduled_on,1.0
1774375590,frontend-7868f8655b-vqjvm,gnn-cluster-worker3,scheduled_on,1.0
1774375590,redis-cache-67d574b944-ll9pf,gnn-cluster-worker2,scheduled_on,1.0
1774375590,workload-generator-667dc97f4f-67vch,gnn-cluster-worker3,scheduled_on,1.0
1774375620,backend-api-669d9964b8-b8qkw,gnn-cluster-worker2,scheduled_on,1.0
1774375620,backend-api-669d9964b8-qblwm,gnn-cluster-worker3,scheduled_on,1.0
1774375620,cpu-stressor-74d6ffcfc4-gghxs,gnn-cluster-worker,scheduled_on,1.0
1774375620,frontend-7868f8655b-25dwq,gnn-cluster-worker,scheduled_on,1.0
1774375620,frontend-7868f8655b-vqjvm,gnn-cluster-worker3,scheduled_on,1.0
1774375620,redis-cache-67d574b944-ll9pf,gnn-cluster-worker2,scheduled_on,1.0
1774375620,workload-generator-667dc97f4f-67vch,gnn-cluster-worker3,scheduled_on,1.0
1774375650,backend-api-669d9964b8-b8qkw,gnn-cluster-worker2,scheduled_on,1.0
1774375650,backend-api-669d9964b8-qblwm,gnn-cluster-worker3,scheduled_on,1.0
1774375650,cpu-stressor-74d6ffcfc4-gghxs,gnn-cluster-worker,scheduled_on,1.0
1774375650,frontend-7868f8655b-25dwq,gnn-cluster-worker,scheduled_on,1.0
1774375650,frontend-7868f8655b-vqjvm,gnn-cluster-worker3,scheduled_on,1.0
1774375650,redis-cache-67d574b944-ll9pf,gnn-cluster-worker2,scheduled_on,1.0
1774375650,workload-generator-667dc97f4f-67vch,gnn-cluster-worker3,scheduled_on,1.0
1774375680,backend-api-669d9964b8-b8qkw,gnn-cluster-worker2,scheduled_on,1.0
1774375680,backend-api-669d9964b8-qblwm,gnn-cluster-worker3,scheduled_on,1.0
1774375680,cpu-stressor-74d6ffcfc4-gghxs,gnn-cluster-worker,scheduled_on,1.0
1774375680,frontend-7868f8655b-25dwq,gnn-cluster-worker,scheduled_on,1.0
1774375680,frontend-7868f8655b-vqjvm,gnn-cluster-worker3,scheduled_on,1.0
1774375680,redis-cache-67d574b944-ll9pf,gnn-cluster-worker2,scheduled_on,1.0
1774375680,workload-generator-667dc97f4f-67vch,gnn-cluster-worker3,scheduled_on,1.0
1774375710,backend-api-669d9964b8-b8qkw,gnn-cluster-worker2,scheduled_on,1.0
1774375710,backend-api-669d9964b8-qblwm,gnn-cluster-worker3,scheduled_on,1.0
1774375710,cpu-stressor-74d6ffcfc4-gghxs,gnn-cluster-worker,scheduled_on,1.0
1774375710,frontend-7868f8655b-25dwq,gnn-cluster-worker,scheduled_on,1.0
1774375710,frontend-7868f8655b-vqjvm,gnn-cluster-worker3,scheduled_on,1.0
1774375710,redis-cache-67d574b944-ll9pf,gnn-cluster-worker2,scheduled_on,1.0
1774375710,workload-generator-667dc97f4f-67vch,gnn-cluster-worker3,scheduled_on,1.0
1774375740,backend-api-669d9964b8-b8qkw,gnn-cluster-worker2,scheduled_on,1.0
1774375740,backend-api-669d9964b8-qblwm,gnn-cluster-worker3,scheduled_on,1.0
1774375740,cpu-stressor-74d6ffcfc4-gghxs,gnn-cluster-worker,scheduled_on,1.0
1774375740,frontend-7868f8655b-25dwq,gnn-cluster-worker,scheduled_on,1.0
1774375740,frontend-7868f8655b-vqjvm,gnn-cluster-worker3,scheduled_on,1.0
1774375740,redis-cache-67d574b944-ll9pf,gnn-cluster-worker2,scheduled_on,1.0
1774375740,workload-generator-667dc97f4f-67vch,gnn-cluster-worker3,scheduled_on,1.0
1774375770,backend-api-669d9964b8-b8qkw,gnn-cluster-worker2,scheduled_on,1.0
1774375770,backend-api-669d9964b8-qblwm,gnn-cluster-worker3,scheduled_on,1.0
1774375770,cpu-stressor-74d6ffcfc4-gghxs,gnn-cluster-worker,scheduled_on,1.0
1774375770,frontend-7868f8655b-25dwq,gnn-cluster-worker,scheduled_on,1.0
1774375770,frontend-7868f8655b-vqjvm,gnn-cluster-worker3,scheduled_on,1.0
1774375770,redis-cache-67d574b944-ll9pf,gnn-cluster-worker2,scheduled_on,1.0
1774375770,workload-generator-667dc97f4f-67vch,gnn-cluster-worker3,scheduled_on,1.0
1774375800,backend-api-669d9964b8-b8qkw,gnn-cluster-worker2,scheduled_on,1.0
1774375800,backend-api-669d9964b8-qblwm,gnn-cluster-worker3,scheduled_on,1.0
1774375800,cpu-stressor-74d6ffcfc4-gghxs,gnn-cluster-worker,scheduled_on,1.0
1774375800,frontend-7868f8655b-25dwq,gnn-cluster-worker,scheduled_on,1.0
1774375800,frontend-7868f8655b-vqjvm,gnn-cluster-worker3,scheduled_on,1.0
1774375800,redis-cache-67d574b944-ll9pf,gnn-cluster-worker2,scheduled_on,1.0
1774375800,workload-generator-667dc97f4f-67vch,gnn-cluster-worker3,scheduled_on,1.0
1774375830,backend-api-669d9964b8-b8qkw,gnn-cluster-worker2,scheduled_on,1.0
1774375830,backend-api-669d9964b8-qblwm,gnn-cluster-worker3,scheduled_on,1.0
1774375830,cpu-stressor-74d6ffcfc4-gghxs,gnn-cluster-worker,scheduled_on,1.0
1774375830,frontend-7868f8655b-25dwq,gnn-cluster-worker,scheduled_on,1.0
1774375830,frontend-7868f8655b-vqjvm,gnn-cluster-worker3,scheduled_on,1.0
1774375830,redis-cache-67d574b944-ll9pf,gnn-cluster-worker2,scheduled_on,1.0
1774375830,workload-generator-667dc97f4f-67vch,gnn-cluster-worker3,scheduled_on,1.0
1774375860,backend-api-669d9964b8-b8qkw,gnn-cluster-worker2,scheduled_on,1.0
1774375860,backend-api-669d9964b8-qblwm,gnn-cluster-worker3,scheduled_on,1.0
1774375860,cpu-stressor-74d6ffcfc4-gghxs,gnn-cluster-worker,scheduled_on,1.0
1774375860,frontend-7868f8655b-25dwq,gnn-cluster-worker,scheduled_on,1.0
1774375860,frontend-7868f8655b-vqjvm,gnn-cluster-worker3,scheduled_on,1.0
1774375860,redis-cache-67d574b944-ll9pf,gnn-cluster-worker2,scheduled_on,1.0
1774375860,workload-generator-667dc97f4f-67vch,gnn-cluster-worker3,scheduled_on,1.0
1774375890,backend-api-669d9964b8-b8qkw,gnn-cluster-worker2,scheduled_on,1.0
1774375890,backend-api-669d9964b8-qblwm,gnn-cluster-worker3,scheduled_on,1.0
1774375890,cpu-stressor-74d6ffcfc4-gghxs,gnn-cluster-worker,scheduled_on,1.0
1774375890,frontend-7868f8655b-25dwq,gnn-cluster-worker,scheduled_on,1.0
1774375890,frontend-7868f8655b-vqjvm,gnn-cluster-worker3,scheduled_on,1.0
1774375890,redis-cache-67d574b944-ll9pf,gnn-cluster-worker2,scheduled_on,1.0
1774375890,workload-generator-667dc97f4f-67vch,gnn-cluster-worker3,scheduled_on,1.0
1774375921,backend-api-669d9964b8-b8qkw,gnn-cluster-worker2,scheduled_on,1.0
1774375921,backend-api-669d9964b8-qblwm,gnn-cluster-worker3,scheduled_on,1.0
1774375921,cpu-stressor-74d6ffcfc4-gghxs,gnn-cluster-worker,scheduled_on,1.0
1774375921,frontend-7868f8655b-25dwq,gnn-cluster-worker,scheduled_on,1.0
1774375921,frontend-7868f8655b-vqjvm,gnn-cluster-worker3,scheduled_on,1.0
1774375921,redis-cache-67d574b944-ll9pf,gnn-cluster-worker2,scheduled_on,1.0
1774375921,workload-generator-667dc97f4f-67vch,gnn-cluster-worker3,scheduled_on,1.0
1774375951,backend-api-669d9964b8-b8qkw,gnn-cluster-worker2,scheduled_on,1.0
1774375951,backend-api-669d9964b8-qblwm,gnn-cluster-worker3,scheduled_on,1.0
1774375951,cpu-stressor-74d6ffcfc4-gghxs,gnn-cluster-worker,scheduled_on,1.0
1774375951,frontend-7868f8655b-25dwq,gnn-cluster-worker,scheduled_on,1.0
1774375951,frontend-7868f8655b-vqjvm,gnn-cluster-worker3,scheduled_on,1.0
1774375951,redis-cache-67d574b944-ll9pf,gnn-cluster-worker2,scheduled_on,1.0
1774375951,workload-generator-667dc97f4f-67vch,gnn-cluster-worker3,scheduled_on,1.0
1774375981,backend-api-669d9964b8-b8qkw,gnn-cluster-worker2,scheduled_on,1.0
1774375981,backend-api-669d9964b8-qblwm,gnn-cluster-worker3,scheduled_on,1.0
1774375981,cpu-stressor-74d6ffcfc4-gghxs,gnn-cluster-worker,scheduled_on,1.0
1774375981,frontend-7868f8655b-25dwq,gnn-cluster-worker,scheduled_on,1.0
1774375981,frontend-7868f8655b-vqjvm,gnn-cluster-worker3,scheduled_on,1.0
1774375981,redis-cache-67d574b944-ll9pf,gnn-cluster-worker2,scheduled_on,1.0
1774375981,workload-generator-667dc97f4f-67vch,gnn-cluster-worker3,scheduled_on,1.0
1774376011,backend-api-669d9964b8-b8qkw,gnn-cluster-worker2,scheduled_on,1.0
1774376011,backend-api-669d9964b8-qblwm,gnn-cluster-worker3,scheduled_on,1.0
1774376011,cpu-stressor-74d6ffcfc4-gghxs,gnn-cluster-worker,scheduled_on,1.0
1774376011,frontend-7868f8655b-25dwq,gnn-cluster-worker,scheduled_on,1.0
1774376011,frontend-7868f8655b-vqjvm,gnn-cluster-worker3,scheduled_on,1.0
1774376011,redis-cache-67d574b944-ll9pf,gnn-cluster-worker2,scheduled_on,1.0
1774376011,workload-generator-667dc97f4f-67vch,gnn-cluster-worker3,scheduled_on,1.0
1774376041,backend-api-669d9964b8-b8qkw,gnn-cluster-worker2,scheduled_on,1.0
1774376041,backend-api-669d9964b8-qblwm,gnn-cluster-worker3,scheduled_on,1.0
1774376041,cpu-stressor-74d6ffcfc4-gghxs,gnn-cluster-worker,scheduled_on,1.0
1774376041,frontend-7868f8655b-25dwq,gnn-cluster-worker,scheduled_on,1.0
1774376041,frontend-7868f8655b-vqjvm,gnn-cluster-worker3,scheduled_on,1.0
1774376041,redis-cache-67d574b944-ll9pf,gnn-cluster-worker2,scheduled_on,1.0
1774376041,workload-generator-667dc97f4f-67vch,gnn-cluster-worker3,scheduled_on,1.0
1774376071,backend-api-669d9964b8-b8qkw,gnn-cluster-worker2,scheduled_on,1.0
1774376071,backend-api-669d9964b8-qblwm,gnn-cluster-worker3,scheduled_on,1.0
1774376071,cpu-stressor-74d6ffcfc4-gghxs,gnn-cluster-worker,scheduled_on,1.0
1774376071,frontend-7868f8655b-25dwq,gnn-cluster-worker,scheduled_on,1.0
1774376071,frontend-7868f8655b-vqjvm,gnn-cluster-worker3,scheduled_on,1.0
1774376071,redis-cache-67d574b944-ll9pf,gnn-cluster-worker2,scheduled_on,1.0
1774376071,workload-generator-667dc97f4f-67vch,gnn-cluster-worker3,scheduled_on,1.0
1774376101,backend-api-669d9964b8-b8qkw,gnn-cluster-worker2,scheduled_on,1.0
1774376101,backend-api-669d9964b8-qblwm,gnn-cluster-worker3,scheduled_on,1.0
1774376101,cpu-stressor-74d6ffcfc4-gghxs,gnn-cluster-worker,scheduled_on,1.0
1774376101,frontend-7868f8655b-25dwq,gnn-cluster-worker,scheduled_on,1.0
1774376101,frontend-7868f8655b-vqjvm,gnn-cluster-worker3,scheduled_on,1.0
1774376101,redis-cache-67d574b944-ll9pf,gnn-cluster-worker2,scheduled_on,1.0
1774376101,workload-generator-667dc97f4f-67vch,gnn-cluster-worker3,scheduled_on,1.0
1774376131,backend-api-669d9964b8-b8qkw,gnn-cluster-worker2,scheduled_on,1.0
1774376131,backend-api-669d9964b8-qblwm,gnn-cluster-worker3,scheduled_on,1.0
1774376131,cpu-stressor-74d6ffcfc4-gghxs,gnn-cluster-worker,scheduled_on,1.0
1774376131,frontend-7868f8655b-25dwq,gnn-cluster-worker,scheduled_on,1.0
1774376131,frontend-7868f8655b-vqjvm,gnn-cluster-worker3,scheduled_on,1.0
1774376131,redis-cache-67d574b944-ll9pf,gnn-cluster-worker2,scheduled_on,1.0
1774376131,workload-generator-667dc97f4f-67vch,gnn-cluster-worker3,scheduled_on,1.0
1774376161,backend-api-669d9964b8-b8qkw,gnn-cluster-worker2,scheduled_on,1.0
1774376161,backend-api-669d9964b8-qblwm,gnn-cluster-worker3,scheduled_on,1.0
1774376161,cpu-stressor-74d6ffcfc4-gghxs,gnn-cluster-worker,scheduled_on,1.0
1774376161,frontend-7868f8655b-25dwq,gnn-cluster-worker,scheduled_on,1.0
1774376161,frontend-7868f8655b-vqjvm,gnn-cluster-worker3,scheduled_on,1.0
1774376161,redis-cache-67d574b944-ll9pf,gnn-cluster-worker2,scheduled_on,1.0
1774376161,workload-generator-667dc97f4f-67vch,gnn-cluster-worker3,scheduled_on,1.0
1774376191,backend-api-669d9964b8-b8qkw,gnn-cluster-worker2,scheduled_on,1.0
1774376191,backend-api-669d9964b8-qblwm,gnn-cluster-worker3,scheduled_on,1.0
1774376191,cpu-stressor-74d6ffcfc4-gghxs,gnn-cluster-worker,scheduled_on,1.0
1774376191,frontend-7868f8655b-25dwq,gnn-cluster-worker,scheduled_on,1.0
1774376191,frontend-7868f8655b-vqjvm,gnn-cluster-worker3,scheduled_on,1.0
1774376191,redis-cache-67d574b944-ll9pf,gnn-cluster-worker2,scheduled_on,1.0
1774376191,workload-generator-667dc97f4f-67vch,gnn-cluster-worker3,scheduled_on,1.0
1774376221,backend-api-669d9964b8-b8qkw,gnn-cluster-worker2,scheduled_on,1.0
1774376221,backend-api-669d9964b8-qblwm,gnn-cluster-worker3,scheduled_on,1.0
1774376221,cpu-stressor-74d6ffcfc4-gghxs,gnn-cluster-worker,scheduled_on,1.0
1774376221,frontend-7868f8655b-25dwq,gnn-cluster-worker,scheduled_on,1.0
1774376221,frontend-7868f8655b-vqjvm,gnn-cluster-worker3,scheduled_on,1.0
1774376221,redis-cache-67d574b944-ll9pf,gnn-cluster-worker2,scheduled_on,1.0
1774376221,workload-generator-667dc97f4f-67vch,gnn-cluster-worker3,scheduled_on,1.0
1774376251,backend-api-669d9964b8-b8qkw,gnn-cluster-worker2,scheduled_on,1.0
1774376251,backend-api-669d9964b8-qblwm,gnn-cluster-worker3,scheduled_on,1.0
1774376251,cpu-stressor-74d6ffcfc4-gghxs,gnn-cluster-worker,scheduled_on,1.0
1774376251,frontend-7868f8655b-25dwq,gnn-cluster-worker,scheduled_on,1.0
1774376251,frontend-7868f8655b-vqjvm,gnn-cluster-worker3,scheduled_on,1.0
1774376251,redis-cache-67d574b944-ll9pf,gnn-cluster-worker2,scheduled_on,1.0
1774376251,workload-generator-667dc97f4f-67vch,gnn-cluster-worker3,scheduled_on,1.0
1774376281,backend-api-669d9964b8-b8qkw,gnn-cluster-worker2,scheduled_on,1.0
1774376281,backend-api-669d9964b8-qblwm,gnn-cluster-worker3,scheduled_on,1.0
1774376281,cpu-stressor-74d6ffcfc4-gghxs,gnn-cluster-worker,scheduled_on,1.0
1774376281,frontend-7868f8655b-25dwq,gnn-cluster-worker,scheduled_on,1.0
1774376281,frontend-7868f8655b-vqjvm,gnn-cluster-worker3,scheduled_on,1.0
1774376281,redis-cache-67d574b944-ll9pf,gnn-cluster-worker2,scheduled_on,1.0
1774376281,workload-generator-667dc97f4f-67vch,gnn-cluster-worker3,scheduled_on,1.0
1774376311,backend-api-669d9964b8-b8qkw,gnn-cluster-worker2,scheduled_on,1.0
1774376311,backend-api-669d9964b8-qblwm,gnn-cluster-worker3,scheduled_on,1.0
1774376311,cpu-stressor-74d6ffcfc4-gghxs,gnn-cluster-worker,scheduled_on,1.0
1774376311,frontend-7868f8655b-25dwq,gnn-cluster-worker,scheduled_on,1.0
1774376311,frontend-7868f8655b-vqjvm,gnn-cluster-worker3,scheduled_on,1.0
1774376311,redis-cache-67d574b944-ll9pf,gnn-cluster-worker2,scheduled_on,1.0
1774376311,workload-generator-667dc97f4f-67vch,gnn-cluster-worker3,scheduled_on,1.0
1774376341,backend-api-669d9964b8-b8qkw,gnn-cluster-worker2,scheduled_on,1.0
1774376341,backend-api-669d9964b8-qblwm,gnn-cluster-worker3,scheduled_on,1.0
1774376341,cpu-stressor-74d6ffcfc4-gghxs,gnn-cluster-worker,scheduled_on,1.0
1774376341,frontend-7868f8655b-25dwq,gnn-cluster-worker,scheduled_on,1.0
1774376341,frontend-7868f8655b-vqjvm,gnn-cluster-worker3,scheduled_on,1.0
1774376341,redis-cache-67d574b944-ll9pf,gnn-cluster-worker2,scheduled_on,1.0
1774376341,workload-generator-667dc97f4f-67vch,gnn-cluster-worker3,scheduled_on,1.0
1774376371,backend-api-669d9964b8-b8qkw,gnn-cluster-worker2,scheduled_on,1.0
1774376371,backend-api-669d9964b8-qblwm,gnn-cluster-worker3,scheduled_on,1.0
1774376371,cpu-stressor-74d6ffcfc4-gghxs,gnn-cluster-worker,scheduled_on,1.0
1774376371,frontend-7868f8655b-25dwq,gnn-cluster-worker,scheduled_on,1.0
1774376371,frontend-7868f8655b-vqjvm,gnn-cluster-worker3,scheduled_on,1.0
1774376371,redis-cache-67d574b944-ll9pf,gnn-cluster-worker2,scheduled_on,1.0
1774376371,workload-generator-667dc97f4f-67vch,gnn-cluster-worker3,scheduled_on,1.0
1774376401,backend-api-669d9964b8-b8qkw,gnn-cluster-worker2,scheduled_on,1.0
1774376401,backend-api-669d9964b8-qblwm,gnn-cluster-worker3,scheduled_on,1.0
1774376401,cpu-stressor-74d6ffcfc4-gghxs,gnn-cluster-worker,scheduled_on,1.0
1774376401,frontend-7868f8655b-25dwq,gnn-cluster-worker,scheduled_on,1.0
1774376401,frontend-7868f8655b-vqjvm,gnn-cluster-worker3,scheduled_on,1.0
1774376401,redis-cache-67d574b944-ll9pf,gnn-cluster-worker2,scheduled_on,1.0
1774376401,workload-generator-667dc97f4f-67vch,gnn-cluster-worker3,scheduled_on,1.0
1774376432,backend-api-669d9964b8-b8qkw,gnn-cluster-worker2,scheduled_on,1.0
1774376432,backend-api-669d9964b8-qblwm,gnn-cluster-worker3,scheduled_on,1.0
1774376432,cpu-stressor-74d6ffcfc4-gghxs,gnn-cluster-worker,scheduled_on,1.0
1774376432,frontend-7868f8655b-25dwq,gnn-cluster-worker,scheduled_on,1.0
1774376432,frontend-7868f8655b-vqjvm,gnn-cluster-worker3,scheduled_on,1.0
1774376432,redis-cache-67d574b944-ll9pf,gnn-cluster-worker2,scheduled_on,1.0
1774376432,workload-generator-667dc97f4f-67vch,gnn-cluster-worker3,scheduled_on,1.0
1774376462,backend-api-669d9964b8-b8qkw,gnn-cluster-worker2,scheduled_on,1.0
1774376462,backend-api-669d9964b8-qblwm,gnn-cluster-worker3,scheduled_on,1.0
1774376462,cpu-stressor-74d6ffcfc4-gghxs,gnn-cluster-worker,scheduled_on,1.0
1774376462,frontend-7868f8655b-25dwq,gnn-cluster-worker,scheduled_on,1.0
1774376462,frontend-7868f8655b-vqjvm,gnn-cluster-worker3,scheduled_on,1.0
1774376462,redis-cache-67d574b944-ll9pf,gnn-cluster-worker2,scheduled_on,1.0
1774376462,workload-generator-667dc97f4f-67vch,gnn-cluster-worker3,scheduled_on,1.0
1774376492,backend-api-669d9964b8-b8qkw,gnn-cluster-worker2,scheduled_on,1.0
1774376492,backend-api-669d9964b8-qblwm,gnn-cluster-worker3,scheduled_on,1.0
1774376492,cpu-stressor-74d6ffcfc4-gghxs,gnn-cluster-worker,scheduled_on,1.0
1774376492,frontend-7868f8655b-25dwq,gnn-cluster-worker,scheduled_on,1.0
1774376492,frontend-7868f8655b-vqjvm,gnn-cluster-worker3,scheduled_on,1.0
1774376492,redis-cache-67d574b944-ll9pf,gnn-cluster-worker2,scheduled_on,1.0
1774376492,workload-generator-667dc97f4f-67vch,gnn-cluster-worker3,scheduled_on,1.0
1774376522,backend-api-669d9964b8-b8qkw,gnn-cluster-worker2,scheduled_on,1.0
1774376522,backend-api-669d9964b8-qblwm,gnn-cluster-worker3,scheduled_on,1.0
1774376522,cpu-stressor-74d6ffcfc4-gghxs,gnn-cluster-worker,scheduled_on,1.0
1774376522,frontend-7868f8655b-25dwq,gnn-cluster-worker,scheduled_on,1.0
1774376522,frontend-7868f8655b-vqjvm,gnn-cluster-worker3,scheduled_on,1.0
1774376522,redis-cache-67d574b944-ll9pf,gnn-cluster-worker2,scheduled_on,1.0
1774376522,workload-generator-667dc97f4f-67vch,gnn-cluster-worker3,scheduled_on,1.0
1774376552,backend-api-669d9964b8-b8qkw,gnn-cluster-worker2,scheduled_on,1.0
1774376552,backend-api-669d9964b8-qblwm,gnn-cluster-worker3,scheduled_on,1.0
1774376552,cpu-stressor-74d6ffcfc4-gghxs,gnn-cluster-worker,scheduled_on,1.0
1774376552,frontend-7868f8655b-25dwq,gnn-cluster-worker,scheduled_on,1.0
1774376552,frontend-7868f8655b-vqjvm,gnn-cluster-worker3,scheduled_on,1.0
1774376552,redis-cache-67d574b944-ll9pf,gnn-cluster-worker2,scheduled_on,1.0
1774376552,workload-generator-667dc97f4f-67vch,gnn-cluster-worker3,scheduled_on,1.0
1774376582,backend-api-669d9964b8-b8qkw,gnn-cluster-worker2,scheduled_on,1.0
1774376582,backend-api-669d9964b8-qblwm,gnn-cluster-worker3,scheduled_on,1.0
1774376582,cpu-stressor-74d6ffcfc4-gghxs,gnn-cluster-worker,scheduled_on,1.0
1774376582,frontend-7868f8655b-25dwq,gnn-cluster-worker,scheduled_on,1.0
1774376582,frontend-7868f8655b-vqjvm,gnn-cluster-worker3,scheduled_on,1.0
1774376582,redis-cache-67d574b944-ll9pf,gnn-cluster-worker2,scheduled_on,1.0
1774376582,workload-generator-667dc97f4f-67vch,gnn-cluster-worker3,scheduled_on,1.0
1774376612,backend-api-669d9964b8-b8qkw,gnn-cluster-worker2,scheduled_on,1.0
1774376612,backend-api-669d9964b8-qblwm,gnn-cluster-worker3,scheduled_on,1.0
1774376612,cpu-stressor-74d6ffcfc4-gghxs,gnn-cluster-worker,scheduled_on,1.0
1774376612,frontend-7868f8655b-25dwq,gnn-cluster-worker,scheduled_on,1.0
1774376612,frontend-7868f8655b-vqjvm,gnn-cluster-worker3,scheduled_on,1.0
1774376612,redis-cache-67d574b944-ll9pf,gnn-cluster-worker2,scheduled_on,1.0
1774376612,workload-generator-667dc97f4f-67vch,gnn-cluster-worker3,scheduled_on,1.0
1774376642,backend-api-669d9964b8-b8qkw,gnn-cluster-worker2,scheduled_on,1.0
1774376642,backend-api-669d9964b8-qblwm,gnn-cluster-worker3,scheduled_on,1.0
1774376642,cpu-stressor-74d6ffcfc4-gghxs,gnn-cluster-worker,scheduled_on,1.0
1774376642,frontend-7868f8655b-25dwq,gnn-cluster-worker,scheduled_on,1.0
1774376642,frontend-7868f8655b-vqjvm,gnn-cluster-worker3,scheduled_on,1.0
1774376642,redis-cache-67d574b944-ll9pf,gnn-cluster-worker2,scheduled_on,1.0
1774376642,workload-generator-667dc97f4f-67vch,gnn-cluster-worker3,scheduled_on,1.0
1774376672,backend-api-669d9964b8-b8qkw,gnn-cluster-worker2,scheduled_on,1.0
1774376672,backend-api-669d9964b8-qblwm,gnn-cluster-worker3,scheduled_on,1.0
1774376672,cpu-stressor-74d6ffcfc4-gghxs,gnn-cluster-worker,scheduled_on,1.0
1774376672,frontend-7868f8655b-25dwq,gnn-cluster-worker,scheduled_on,1.0
1774376672,frontend-7868f8655b-vqjvm,gnn-cluster-worker3,scheduled_on,1.0
1774376672,redis-cache-67d574b944-ll9pf,gnn-cluster-worker2,scheduled_on,1.0
1774376672,workload-generator-667dc97f4f-67vch,gnn-cluster-worker3,scheduled_on,1.0
1774376702,backend-api-669d9964b8-b8qkw,gnn-cluster-worker2,scheduled_on,1.0
1774376702,backend-api-669d9964b8-qblwm,gnn-cluster-worker3,scheduled_on,1.0
1774376702,cpu-stressor-74d6ffcfc4-gghxs,gnn-cluster-worker,scheduled_on,1.0
1774376702,frontend-7868f8655b-25dwq,gnn-cluster-worker,scheduled_on,1.0
1774376702,frontend-7868f8655b-vqjvm,gnn-cluster-worker3,scheduled_on,1.0
1774376702,redis-cache-67d574b944-ll9pf,gnn-cluster-worker2,scheduled_on,1.0
1774376702,workload-generator-667dc97f4f-67vch,gnn-cluster-worker3,scheduled_on,1.0
1774376732,backend-api-669d9964b8-b8qkw,gnn-cluster-worker2,scheduled_on,1.0
1774376732,backend-api-669d9964b8-qblwm,gnn-cluster-worker3,scheduled_on,1.0
1774376732,cpu-stressor-74d6ffcfc4-gghxs,gnn-cluster-worker,scheduled_on,1.0
1774376732,frontend-7868f8655b-25dwq,gnn-cluster-worker,scheduled_on,1.0
1774376732,frontend-7868f8655b-vqjvm,gnn-cluster-worker3,scheduled_on,1.0
1774376732,redis-cache-67d574b944-ll9pf,gnn-cluster-worker2,scheduled_on,1.0
1774376732,workload-generator-667dc97f4f-67vch,gnn-cluster-worker3,scheduled_on,1.0
1774376762,backend-api-669d9964b8-b8qkw,gnn-cluster-worker2,scheduled_on,1.0
1774376762,backend-api-669d9964b8-qblwm,gnn-cluster-worker3,scheduled_on,1.0
1774376762,cpu-stressor-74d6ffcfc4-gghxs,gnn-cluster-worker,scheduled_on,1.0
1774376762,frontend-7868f8655b-25dwq,gnn-cluster-worker,scheduled_on,1.0
1774376762,frontend-7868f8655b-vqjvm,gnn-cluster-worker3,scheduled_on,1.0
1774376762,redis-cache-67d574b944-ll9pf,gnn-cluster-worker2,scheduled_on,1.0
1774376762,workload-generator-667dc97f4f-67vch,gnn-cluster-worker3,scheduled_on,1.0
1774376792,backend-api-669d9964b8-b8qkw,gnn-cluster-worker2,scheduled_on,1.0
1774376792,backend-api-669d9964b8-qblwm,gnn-cluster-worker3,scheduled_on,1.0
1774376792,cpu-stressor-74d6ffcfc4-gghxs,gnn-cluster-worker,scheduled_on,1.0
1774376792,frontend-7868f8655b-25dwq,gnn-cluster-worker,scheduled_on,1.0
1774376792,frontend-7868f8655b-vqjvm,gnn-cluster-worker3,scheduled_on,1.0
1774376792,redis-cache-67d574b944-ll9pf,gnn-cluster-worker2,scheduled_on,1.0
1774376792,workload-generator-667dc97f4f-67vch,gnn-cluster-worker3,scheduled_on,1.0
1774376822,backend-api-669d9964b8-b8qkw,gnn-cluster-worker2,scheduled_on,1.0
1774376822,backend-api-669d9964b8-qblwm,gnn-cluster-worker3,scheduled_on,1.0
1774376822,cpu-stressor-74d6ffcfc4-gghxs,gnn-cluster-worker,scheduled_on,1.0
1774376822,frontend-7868f8655b-25dwq,gnn-cluster-worker,scheduled_on,1.0
1774376822,frontend-7868f8655b-vqjvm,gnn-cluster-worker3,scheduled_on,1.0
1774376822,redis-cache-67d574b944-ll9pf,gnn-cluster-worker2,scheduled_on,1.0
1774376822,workload-generator-667dc97f4f-67vch,gnn-cluster-worker3,scheduled_on,1.0
1774376852,backend-api-669d9964b8-b8qkw,gnn-cluster-worker2,scheduled_on,1.0
1774376852,backend-api-669d9964b8-qblwm,gnn-cluster-worker3,scheduled_on,1.0
1774376852,cpu-stressor-74d6ffcfc4-gghxs,gnn-cluster-worker,scheduled_on,1.0
1774376852,frontend-7868f8655b-25dwq,gnn-cluster-worker,scheduled_on,1.0
1774376852,frontend-7868f8655b-vqjvm,gnn-cluster-worker3,scheduled_on,1.0
1774376852,redis-cache-67d574b944-ll9pf,gnn-cluster-worker2,scheduled_on,1.0
1774376852,workload-generator-667dc97f4f-67vch,gnn-cluster-worker3,scheduled_on,1.0
1774376883,backend-api-669d9964b8-b8qkw,gnn-cluster-worker2,scheduled_on,1.0
1774376883,backend-api-669d9964b8-qblwm,gnn-cluster-worker3,scheduled_on,1.0
1774376883,cpu-stressor-74d6ffcfc4-gghxs,gnn-cluster-worker,scheduled_on,1.0
1774376883,frontend-7868f8655b-25dwq,gnn-cluster-worker,scheduled_on,1.0
1774376883,frontend-7868f8655b-vqjvm,gnn-cluster-worker3,scheduled_on,1.0
1774376883,redis-cache-67d574b944-ll9pf,gnn-cluster-worker2,scheduled_on,1.0
1774376883,workload-generator-667dc97f4f-67vch,gnn-cluster-worker3,scheduled_on,1.0
1774376913,backend-api-669d9964b8-b8qkw,gnn-cluster-worker2,scheduled_on,1.0
1774376913,backend-api-669d9964b8-qblwm,gnn-cluster-worker3,scheduled_on,1.0
1774376913,cpu-stressor-74d6ffcfc4-gghxs,gnn-cluster-worker,scheduled_on,1.0
1774376913,frontend-7868f8655b-25dwq,gnn-cluster-worker,scheduled_on,1.0
1774376913,frontend-7868f8655b-vqjvm,gnn-cluster-worker3,scheduled_on,1.0
1774376913,redis-cache-67d574b944-ll9pf,gnn-cluster-worker2,scheduled_on,1.0
1774376913,workload-generator-667dc97f4f-67vch,gnn-cluster-worker3,scheduled_on,1.0
1774376943,backend-api-669d9964b8-b8qkw,gnn-cluster-worker2,scheduled_on,1.0
1774376943,backend-api-669d9964b8-qblwm,gnn-cluster-worker3,scheduled_on,1.0
1774376943,cpu-stressor-74d6ffcfc4-gghxs,gnn-cluster-worker,scheduled_on,1.0
1774376943,frontend-7868f8655b-25dwq,gnn-cluster-worker,scheduled_on,1.0
1774376943,frontend-7868f8655b-vqjvm,gnn-cluster-worker3,scheduled_on,1.0
1774376943,redis-cache-67d574b944-ll9pf,gnn-cluster-worker2,scheduled_on,1.0
1774376943,workload-generator-667dc97f4f-67vch,gnn-cluster-worker3,scheduled_on,1.0
1774376973,backend-api-669d9964b8-b8qkw,gnn-cluster-worker2,scheduled_on,1.0
1774376973,backend-api-669d9964b8-qblwm,gnn-cluster-worker3,scheduled_on,1.0
1774376973,cpu-stressor-74d6ffcfc4-gghxs,gnn-cluster-worker,scheduled_on,1.0
1774376973,frontend-7868f8655b-25dwq,gnn-cluster-worker,scheduled_on,1.0
1774376973,frontend-7868f8655b-vqjvm,gnn-cluster-worker3,scheduled_on,1.0
1774376973,redis-cache-67d574b944-ll9pf,gnn-cluster-worker2,scheduled_on,1.0
1774376973,workload-generator-667dc97f4f-67vch,gnn-cluster-worker3,scheduled_on,1.0
1774377003,backend-api-669d9964b8-b8qkw,gnn-cluster-worker2,scheduled_on,1.0
1774377003,backend-api-669d9964b8-qblwm,gnn-cluster-worker3,scheduled_on,1.0
1774377003,cpu-stressor-74d6ffcfc4-gghxs,gnn-cluster-worker,scheduled_on,1.0
1774377003,frontend-7868f8655b-25dwq,gnn-cluster-worker,scheduled_on,1.0
1774377003,frontend-7868f8655b-vqjvm,gnn-cluster-worker3,scheduled_on,1.0
1774377003,redis-cache-67d574b944-ll9pf,gnn-cluster-worker2,scheduled_on,1.0
1774377003,workload-generator-667dc97f4f-67vch,gnn-cluster-worker3,scheduled_on,1.0
1774377033,backend-api-669d9964b8-b8qkw,gnn-cluster-worker2,scheduled_on,1.0
1774377033,backend-api-669d9964b8-qblwm,gnn-cluster-worker3,scheduled_on,1.0
1774377033,cpu-stressor-74d6ffcfc4-gghxs,gnn-cluster-worker,scheduled_on,1.0
1774377033,frontend-7868f8655b-25dwq,gnn-cluster-worker,scheduled_on,1.0
1774377033,frontend-7868f8655b-vqjvm,gnn-cluster-worker3,scheduled_on,1.0
1774377033,redis-cache-67d574b944-ll9pf,gnn-cluster-worker2,scheduled_on,1.0
1774377033,workload-generator-667dc97f4f-67vch,gnn-cluster-worker3,scheduled_on,1.0
1774377063,backend-api-669d9964b8-b8qkw,gnn-cluster-worker2,scheduled_on,1.0
1774377063,backend-api-669d9964b8-qblwm,gnn-cluster-worker3,scheduled_on,1.0
1774377063,cpu-stressor-74d6ffcfc4-gghxs,gnn-cluster-worker,scheduled_on,1.0
1774377063,frontend-7868f8655b-25dwq,gnn-cluster-worker,scheduled_on,1.0
1774377063,frontend-7868f8655b-vqjvm,gnn-cluster-worker3,scheduled_on,1.0
1774377063,redis-cache-67d574b944-ll9pf,gnn-cluster-worker2,scheduled_on,1.0
1774377063,workload-generator-667dc97f4f-67vch,gnn-cluster-worker3,scheduled_on,1.0
1774377093,backend-api-669d9964b8-b8qkw,gnn-cluster-worker2,scheduled_on,1.0
1774377093,backend-api-669d9964b8-qblwm,gnn-cluster-worker3,scheduled_on,1.0
1774377093,cpu-stressor-74d6ffcfc4-gghxs,gnn-cluster-worker,scheduled_on,1.0
1774377093,frontend-7868f8655b-25dwq,gnn-cluster-worker,scheduled_on,1.0
1774377093,frontend-7868f8655b-vqjvm,gnn-cluster-worker3,scheduled_on,1.0
1774377093,redis-cache-67d574b944-ll9pf,gnn-cluster-worker2,scheduled_on,1.0
1774377093,workload-generator-667dc97f4f-67vch,gnn-cluster-worker3,scheduled_on,1.0
1774377123,backend-api-669d9964b8-b8qkw,gnn-cluster-worker2,scheduled_on,1.0
1774377123,backend-api-669d9964b8-qblwm,gnn-cluster-worker3,scheduled_on,1.0
1774377123,cpu-stressor-74d6ffcfc4-gghxs,gnn-cluster-worker,scheduled_on,1.0
1774377123,frontend-7868f8655b-25dwq,gnn-cluster-worker,scheduled_on,1.0
1774377123,frontend-7868f8655b-vqjvm,gnn-cluster-worker3,scheduled_on,1.0
1774377123,redis-cache-67d574b944-ll9pf,gnn-cluster-worker2,scheduled_on,1.0
1774377123,workload-generator-667dc97f4f-67vch,gnn-cluster-worker3,scheduled_on,1.0
1774377153,backend-api-669d9964b8-b8qkw,gnn-cluster-worker2,scheduled_on,1.0
1774377153,backend-api-669d9964b8-qblwm,gnn-cluster-worker3,scheduled_on,1.0
1774377153,cpu-stressor-74d6ffcfc4-gghxs,gnn-cluster-worker,scheduled_on,1.0
1774377153,frontend-7868f8655b-25dwq,gnn-cluster-worker,scheduled_on,1.0
1774377153,frontend-7868f8655b-vqjvm,gnn-cluster-worker3,scheduled_on,1.0
1774377153,redis-cache-67d574b944-ll9pf,gnn-cluster-worker2,scheduled_on,1.0
1774377153,workload-generator-667dc97f4f-67vch,gnn-cluster-worker3,scheduled_on,1.0
1774377183,backend-api-669d9964b8-b8qkw,gnn-cluster-worker2,scheduled_on,1.0
1774377183,backend-api-669d9964b8-qblwm,gnn-cluster-worker3,scheduled_on,1.0
1774377183,cpu-stressor-74d6ffcfc4-gghxs,gnn-cluster-worker,scheduled_on,1.0
1774377183,frontend-7868f8655b-25dwq,gnn-cluster-worker,scheduled_on,1.0
1774377183,frontend-7868f8655b-vqjvm,gnn-cluster-worker3,scheduled_on,1.0
1774377183,redis-cache-67d574b944-ll9pf,gnn-cluster-worker2,scheduled_on,1.0
1774377183,workload-generator-667dc97f4f-67vch,gnn-cluster-worker3,scheduled_on,1.0
1774377213,backend-api-669d9964b8-b8qkw,gnn-cluster-worker2,scheduled_on,1.0
1774377213,backend-api-669d9964b8-qblwm,gnn-cluster-worker3,scheduled_on,1.0
1774377213,cpu-stressor-74d6ffcfc4-gghxs,gnn-cluster-worker,scheduled_on,1.0
1774377213,frontend-7868f8655b-25dwq,gnn-cluster-worker,scheduled_on,1.0
1774377213,frontend-7868f8655b-vqjvm,gnn-cluster-worker3,scheduled_on,1.0
1774377213,redis-cache-67d574b944-ll9pf,gnn-cluster-worker2,scheduled_on,1.0
1774377213,workload-generator-667dc97f4f-67vch,gnn-cluster-worker3,scheduled_on,1.0
1774377243,backend-api-669d9964b8-b8qkw,gnn-cluster-worker2,scheduled_on,1.0
1774377243,backend-api-669d9964b8-qblwm,gnn-cluster-worker3,scheduled_on,1.0
1774377243,cpu-stressor-74d6ffcfc4-gghxs,gnn-cluster-worker,scheduled_on,1.0
1774377243,frontend-7868f8655b-25dwq,gnn-cluster-worker,scheduled_on,1.0
1774377243,frontend-7868f8655b-vqjvm,gnn-cluster-worker3,scheduled_on,1.0
1774377243,redis-cache-67d574b944-ll9pf,gnn-cluster-worker2,scheduled_on,1.0
1774377243,workload-generator-667dc97f4f-67vch,gnn-cluster-worker3,scheduled_on,1.0
1774377273,backend-api-669d9964b8-b8qkw,gnn-cluster-worker2,scheduled_on,1.0
1774377273,backend-api-669d9964b8-qblwm,gnn-cluster-worker3,scheduled_on,1.0
1774377273,cpu-stressor-74d6ffcfc4-gghxs,gnn-cluster-worker,scheduled_on,1.0
1774377273,frontend-7868f8655b-25dwq,gnn-cluster-worker,scheduled_on,1.0
1774377273,frontend-7868f8655b-vqjvm,gnn-cluster-worker3,scheduled_on,1.0
1774377273,redis-cache-67d574b944-ll9pf,gnn-cluster-worker2,scheduled_on,1.0
1774377273,workload-generator-667dc97f4f-67vch,gnn-cluster-worker3,scheduled_on,1.0
1774377303,backend-api-669d9964b8-b8qkw,gnn-cluster-worker2,scheduled_on,1.0
1774377303,backend-api-669d9964b8-qblwm,gnn-cluster-worker3,scheduled_on,1.0
1774377303,cpu-stressor-74d6ffcfc4-gghxs,gnn-cluster-worker,scheduled_on,1.0
1774377303,frontend-7868f8655b-25dwq,gnn-cluster-worker,scheduled_on,1.0
1774377303,frontend-7868f8655b-vqjvm,gnn-cluster-worker3,scheduled_on,1.0
1774377303,redis-cache-67d574b944-ll9pf,gnn-cluster-worker2,scheduled_on,1.0
1774377303,workload-generator-667dc97f4f-67vch,gnn-cluster-worker3,scheduled_on,1.0
1774377334,backend-api-669d9964b8-b8qkw,gnn-cluster-worker2,scheduled_on,1.0
1774377334,backend-api-669d9964b8-qblwm,gnn-cluster-worker3,scheduled_on,1.0
1774377334,cpu-stressor-74d6ffcfc4-gghxs,gnn-cluster-worker,scheduled_on,1.0
1774377334,frontend-7868f8655b-25dwq,gnn-cluster-worker,scheduled_on,1.0
1774377334,frontend-7868f8655b-vqjvm,gnn-cluster-worker3,scheduled_on,1.0
1774377334,redis-cache-67d574b944-ll9pf,gnn-cluster-worker2,scheduled_on,1.0
1774377334,workload-generator-667dc97f4f-67vch,gnn-cluster-worker3,scheduled_on,1.0
1774377364,backend-api-669d9964b8-b8qkw,gnn-cluster-worker2,scheduled_on,1.0
1774377364,backend-api-669d9964b8-qblwm,gnn-cluster-worker3,scheduled_on,1.0
1774377364,cpu-stressor-74d6ffcfc4-gghxs,gnn-cluster-worker,scheduled_on,1.0
1774377364,frontend-7868f8655b-25dwq,gnn-cluster-worker,scheduled_on,1.0
1774377364,frontend-7868f8655b-vqjvm,gnn-cluster-worker3,scheduled_on,1.0
1774377364,redis-cache-67d574b944-ll9pf,gnn-cluster-worker2,scheduled_on,1.0
1774377364,workload-generator-667dc97f4f-67vch,gnn-cluster-worker3,scheduled_on,1.0
1774377394,backend-api-669d9964b8-b8qkw,gnn-cluster-worker2,scheduled_on,1.0
1774377394,backend-api-669d9964b8-qblwm,gnn-cluster-worker3,scheduled_on,1.0
1774377394,cpu-stressor-74d6ffcfc4-gghxs,gnn-cluster-worker,scheduled_on,1.0
1774377394,frontend-7868f8655b-25dwq,gnn-cluster-worker,scheduled_on,1.0
1774377394,frontend-7868f8655b-vqjvm,gnn-cluster-worker3,scheduled_on,1.0
1774377394,redis-cache-67d574b944-ll9pf,gnn-cluster-worker2,scheduled_on,1.0
1774377394,workload-generator-667dc97f4f-67vch,gnn-cluster-worker3,scheduled_on,1.0
1774377424,backend-api-669d9964b8-b8qkw,gnn-cluster-worker2,scheduled_on,1.0
1774377424,backend-api-669d9964b8-qblwm,gnn-cluster-worker3,scheduled_on,1.0
1774377424,cpu-stressor-74d6ffcfc4-gghxs,gnn-cluster-worker,scheduled_on,1.0
1774377424,frontend-7868f8655b-25dwq,gnn-cluster-worker,scheduled_on,1.0
1774377424,frontend-7868f8655b-vqjvm,gnn-cluster-worker3,scheduled_on,1.0
1774377424,redis-cache-67d574b944-ll9pf,gnn-cluster-worker2,scheduled_on,1.0
1774377424,workload-generator-667dc97f4f-67vch,gnn-cluster-worker3,scheduled_on,1.0
1774377454,backend-api-669d9964b8-b8qkw,gnn-cluster-worker2,scheduled_on,1.0
1774377454,backend-api-669d9964b8-qblwm,gnn-cluster-worker3,scheduled_on,1.0
1774377454,cpu-stressor-74d6ffcfc4-gghxs,gnn-cluster-worker,scheduled_on,1.0
1774377454,frontend-7868f8655b-25dwq,gnn-cluster-worker,scheduled_on,1.0
1774377454,frontend-7868f8655b-vqjvm,gnn-cluster-worker3,scheduled_on,1.0
1774377454,redis-cache-67d574b944-ll9pf,gnn-cluster-worker2,scheduled_on,1.0
1774377454,workload-generator-667dc97f4f-67vch,gnn-cluster-worker3,scheduled_on,1.0
1774377484,backend-api-669d9964b8-b8qkw,gnn-cluster-worker2,scheduled_on,1.0
1774377484,backend-api-669d9964b8-qblwm,gnn-cluster-worker3,scheduled_on,1.0
1774377484,cpu-stressor-74d6ffcfc4-gghxs,gnn-cluster-worker,scheduled_on,1.0
1774377484,frontend-7868f8655b-25dwq,gnn-cluster-worker,scheduled_on,1.0
1774377484,frontend-7868f8655b-vqjvm,gnn-cluster-worker3,scheduled_on,1.0
1774377484,redis-cache-67d574b944-ll9pf,gnn-cluster-worker2,scheduled_on,1.0
1774377484,workload-generator-667dc97f4f-67vch,gnn-cluster-worker3,scheduled_on,1.0
1774377514,backend-api-669d9964b8-b8qkw,gnn-cluster-worker2,scheduled_on,1.0
1774377514,backend-api-669d9964b8-qblwm,gnn-cluster-worker3,scheduled_on,1.0
1774377514,cpu-stressor-74d6ffcfc4-gghxs,gnn-cluster-worker,scheduled_on,1.0
1774377514,frontend-7868f8655b-25dwq,gnn-cluster-worker,scheduled_on,1.0
1774377514,frontend-7868f8655b-vqjvm,gnn-cluster-worker3,scheduled_on,1.0
1774377514,redis-cache-67d574b944-ll9pf,gnn-cluster-worker2,scheduled_on,1.0
1774377514,workload-generator-667dc97f4f-67vch,gnn-cluster-worker3,scheduled_on,1.0
1774377544,backend-api-669d9964b8-b8qkw,gnn-cluster-worker2,scheduled_on,1.0
1774377544,backend-api-669d9964b8-qblwm,gnn-cluster-worker3,scheduled_on,1.0
1774377544,cpu-stressor-74d6ffcfc4-gghxs,gnn-cluster-worker,scheduled_on,1.0
1774377544,frontend-7868f8655b-25dwq,gnn-cluster-worker,scheduled_on,1.0
1774377544,frontend-7868f8655b-vqjvm,gnn-cluster-worker3,scheduled_on,1.0
1774377544,redis-cache-67d574b944-ll9pf,gnn-cluster-worker2,scheduled_on,1.0
1774377544,workload-generator-667dc97f4f-67vch,gnn-cluster-worker3,scheduled_on,1.0
1774377574,backend-api-669d9964b8-b8qkw,gnn-cluster-worker2,scheduled_on,1.0
1774377574,backend-api-669d9964b8-qblwm,gnn-cluster-worker3,scheduled_on,1.0
1774377574,cpu-stressor-74d6ffcfc4-gghxs,gnn-cluster-worker,scheduled_on,1.0
1774377574,frontend-7868f8655b-25dwq,gnn-cluster-worker,scheduled_on,1.0
1774377574,frontend-7868f8655b-vqjvm,gnn-cluster-worker3,scheduled_on,1.0
1774377574,redis-cache-67d574b944-ll9pf,gnn-cluster-worker2,scheduled_on,1.0
1774377574,workload-generator-667dc97f4f-67vch,gnn-cluster-worker3,scheduled_on,1.0
1774377604,backend-api-669d9964b8-b8qkw,gnn-cluster-worker2,scheduled_on,1.0
1774377604,backend-api-669d9964b8-qblwm,gnn-cluster-worker3,scheduled_on,1.0
1774377604,cpu-stressor-74d6ffcfc4-gghxs,gnn-cluster-worker,scheduled_on,1.0
1774377604,frontend-7868f8655b-25dwq,gnn-cluster-worker,scheduled_on,1.0
1774377604,frontend-7868f8655b-vqjvm,gnn-cluster-worker3,scheduled_on,1.0
1774377604,redis-cache-67d574b944-ll9pf,gnn-cluster-worker2,scheduled_on,1.0
1774377604,workload-generator-667dc97f4f-67vch,gnn-cluster-worker3,scheduled_on,1.0
1774377634,backend-api-669d9964b8-b8qkw,gnn-cluster-worker2,scheduled_on,1.0
1774377634,backend-api-669d9964b8-qblwm,gnn-cluster-worker3,scheduled_on,1.0
1774377634,cpu-stressor-74d6ffcfc4-gghxs,gnn-cluster-worker,scheduled_on,1.0
1774377634,frontend-7868f8655b-25dwq,gnn-cluster-worker,scheduled_on,1.0
1774377634,frontend-7868f8655b-vqjvm,gnn-cluster-worker3,scheduled_on,1.0
1774377634,redis-cache-67d574b944-ll9pf,gnn-cluster-worker2,scheduled_on,1.0
1774377634,workload-generator-667dc97f4f-67vch,gnn-cluster-worker3,scheduled_on,1.0
1774377664,backend-api-669d9964b8-b8qkw,gnn-cluster-worker2,scheduled_on,1.0
1774377664,backend-api-669d9964b8-qblwm,gnn-cluster-worker3,scheduled_on,1.0
1774377664,cpu-stressor-74d6ffcfc4-gghxs,gnn-cluster-worker,scheduled_on,1.0
1774377664,frontend-7868f8655b-25dwq,gnn-cluster-worker,scheduled_on,1.0
1774377664,frontend-7868f8655b-vqjvm,gnn-cluster-worker3,scheduled_on,1.0
1774377664,redis-cache-67d574b944-ll9pf,gnn-cluster-worker2,scheduled_on,1.0
1774377664,workload-generator-667dc97f4f-67vch,gnn-cluster-worker3,scheduled_on,1.0
1774377694,backend-api-669d9964b8-b8qkw,gnn-cluster-worker2,scheduled_on,1.0
1774377694,backend-api-669d9964b8-qblwm,gnn-cluster-worker3,scheduled_on,1.0
1774377694,cpu-stressor-74d6ffcfc4-gghxs,gnn-cluster-worker,scheduled_on,1.0
1774377694,frontend-7868f8655b-25dwq,gnn-cluster-worker,scheduled_on,1.0
1774377694,frontend-7868f8655b-vqjvm,gnn-cluster-worker3,scheduled_on,1.0
1774377694,redis-cache-67d574b944-ll9pf,gnn-cluster-worker2,scheduled_on,1.0
1774377694,workload-generator-667dc97f4f-67vch,gnn-cluster-worker3,scheduled_on,1.0
1774377724,backend-api-669d9964b8-b8qkw,gnn-cluster-worker2,scheduled_on,1.0
1774377724,backend-api-669d9964b8-qblwm,gnn-cluster-worker3,scheduled_on,1.0
1774377724,cpu-stressor-74d6ffcfc4-gghxs,gnn-cluster-worker,scheduled_on,1.0
1774377724,frontend-7868f8655b-25dwq,gnn-cluster-worker,scheduled_on,1.0
1774377724,frontend-7868f8655b-vqjvm,gnn-cluster-worker3,scheduled_on,1.0
1774377724,redis-cache-67d574b944-ll9pf,gnn-cluster-worker2,scheduled_on,1.0
1774377724,workload-generator-667dc97f4f-67vch,gnn-cluster-worker3,scheduled_on,1.0
1774377754,backend-api-669d9964b8-b8qkw,gnn-cluster-worker2,scheduled_on,1.0
1774377754,backend-api-669d9964b8-qblwm,gnn-cluster-worker3,scheduled_on,1.0
1774377754,cpu-stressor-74d6ffcfc4-gghxs,gnn-cluster-worker,scheduled_on,1.0
1774377754,frontend-7868f8655b-25dwq,gnn-cluster-worker,scheduled_on,1.0
1774377754,frontend-7868f8655b-vqjvm,gnn-cluster-worker3,scheduled_on,1.0
1774377754,redis-cache-67d574b944-ll9pf,gnn-cluster-worker2,scheduled_on,1.0
1774377754,workload-generator-667dc97f4f-67vch,gnn-cluster-worker3,scheduled_on,1.0
1774377784,backend-api-669d9964b8-b8qkw,gnn-cluster-worker2,scheduled_on,1.0
1774377784,backend-api-669d9964b8-qblwm,gnn-cluster-worker3,scheduled_on,1.0
1774377784,cpu-stressor-74d6ffcfc4-gghxs,gnn-cluster-worker,scheduled_on,1.0
1774377784,frontend-7868f8655b-25dwq,gnn-cluster-worker,scheduled_on,1.0
1774377784,frontend-7868f8655b-vqjvm,gnn-cluster-worker3,scheduled_on,1.0
1774377784,redis-cache-67d574b944-ll9pf,gnn-cluster-worker2,scheduled_on,1.0
1774377784,workload-generator-667dc97f4f-67vch,gnn-cluster-worker3,scheduled_on,1.0
1774377815,backend-api-669d9964b8-b8qkw,gnn-cluster-worker2,scheduled_on,1.0
1774377815,backend-api-669d9964b8-qblwm,gnn-cluster-worker3,scheduled_on,1.0
1774377815,cpu-stressor-74d6ffcfc4-gghxs,gnn-cluster-worker,scheduled_on,1.0
1774377815,frontend-7868f8655b-25dwq,gnn-cluster-worker,scheduled_on,1.0
1774377815,frontend-7868f8655b-vqjvm,gnn-cluster-worker3,scheduled_on,1.0
1774377815,redis-cache-67d574b944-ll9pf,gnn-cluster-worker2,scheduled_on,1.0
1774377815,workload-generator-667dc97f4f-67vch,gnn-cluster-worker3,scheduled_on,1.0
1774377845,backend-api-669d9964b8-b8qkw,gnn-cluster-worker2,scheduled_on,1.0
1774377845,backend-api-669d9964b8-qblwm,gnn-cluster-worker3,scheduled_on,1.0
1774377845,cpu-stressor-74d6ffcfc4-gghxs,gnn-cluster-worker,scheduled_on,1.0
1774377845,frontend-7868f8655b-25dwq,gnn-cluster-worker,scheduled_on,1.0
1774377845,frontend-7868f8655b-vqjvm,gnn-cluster-worker3,scheduled_on,1.0
1774377845,redis-cache-67d574b944-ll9pf,gnn-cluster-worker2,scheduled_on,1.0
1774377845,workload-generator-667dc97f4f-67vch,gnn-cluster-worker3,scheduled_on,1.0
1774377875,backend-api-669d9964b8-b8qkw,gnn-cluster-worker2,scheduled_on,1.0
1774377875,backend-api-669d9964b8-qblwm,gnn-cluster-worker3,scheduled_on,1.0
1774377875,cpu-stressor-74d6ffcfc4-gghxs,gnn-cluster-worker,scheduled_on,1.0
1774377875,frontend-7868f8655b-25dwq,gnn-cluster-worker,scheduled_on,1.0
1774377875,frontend-7868f8655b-vqjvm,gnn-cluster-worker3,scheduled_on,1.0
1774377875,redis-cache-67d574b944-ll9pf,gnn-cluster-worker2,scheduled_on,1.0
1774377875,workload-generator-667dc97f4f-67vch,gnn-cluster-worker3,scheduled_on,1.0
1774377905,backend-api-669d9964b8-b8qkw,gnn-cluster-worker2,scheduled_on,1.0
1774377905,backend-api-669d9964b8-qblwm,gnn-cluster-worker3,scheduled_on,1.0
1774377905,cpu-stressor-74d6ffcfc4-gghxs,gnn-cluster-worker,scheduled_on,1.0
1774377905,frontend-7868f8655b-25dwq,gnn-cluster-worker,scheduled_on,1.0
1774377905,frontend-7868f8655b-vqjvm,gnn-cluster-worker3,scheduled_on,1.0
1774377905,redis-cache-67d574b944-ll9pf,gnn-cluster-worker2,scheduled_on,1.0
1774377905,workload-generator-667dc97f4f-67vch,gnn-cluster-worker3,scheduled_on,1.0
1774377935,backend-api-669d9964b8-b8qkw,gnn-cluster-worker2,scheduled_on,1.0
1774377935,backend-api-669d9964b8-qblwm,gnn-cluster-worker3,scheduled_on,1.0
1774377935,cpu-stressor-74d6ffcfc4-gghxs,gnn-cluster-worker,scheduled_on,1.0
1774377935,frontend-7868f8655b-25dwq,gnn-cluster-worker,scheduled_on,1.0
1774377935,frontend-7868f8655b-vqjvm,gnn-cluster-worker3,scheduled_on,1.0
1774377935,redis-cache-67d574b944-ll9pf,gnn-cluster-worker2,scheduled_on,1.0
1774377935,workload-generator-667dc97f4f-67vch,gnn-cluster-worker3,scheduled_on,1.0
1774377965,backend-api-669d9964b8-b8qkw,gnn-cluster-worker2,scheduled_on,1.0
1774377965,backend-api-669d9964b8-qblwm,gnn-cluster-worker3,scheduled_on,1.0
1774377965,cpu-stressor-74d6ffcfc4-gghxs,gnn-cluster-worker,scheduled_on,1.0
1774377965,frontend-7868f8655b-25dwq,gnn-cluster-worker,scheduled_on,1.0
1774377965,frontend-7868f8655b-vqjvm,gnn-cluster-worker3,scheduled_on,1.0
1774377965,redis-cache-67d574b944-ll9pf,gnn-cluster-worker2,scheduled_on,1.0
1774377965,workload-generator-667dc97f4f-67vch,gnn-cluster-worker3,scheduled_on,1.0
1774377995,backend-api-669d9964b8-b8qkw,gnn-cluster-worker2,scheduled_on,1.0
1774377995,backend-api-669d9964b8-qblwm,gnn-cluster-worker3,scheduled_on,1.0
1774377995,cpu-stressor-74d6ffcfc4-gghxs,gnn-cluster-worker,scheduled_on,1.0
1774377995,frontend-7868f8655b-25dwq,gnn-cluster-worker,scheduled_on,1.0
1774377995,frontend-7868f8655b-vqjvm,gnn-cluster-worker3,scheduled_on,1.0
1774377995,redis-cache-67d574b944-ll9pf,gnn-cluster-worker2,scheduled_on,1.0
1774377995,workload-generator-667dc97f4f-67vch,gnn-cluster-worker3,scheduled_on,1.0
1774378025,backend-api-669d9964b8-b8qkw,gnn-cluster-worker2,scheduled_on,1.0
1774378025,backend-api-669d9964b8-qblwm,gnn-cluster-worker3,scheduled_on,1.0
1774378025,cpu-stressor-74d6ffcfc4-gghxs,gnn-cluster-worker,scheduled_on,1.0
1774378025,frontend-7868f8655b-25dwq,gnn-cluster-worker,scheduled_on,1.0
1774378025,frontend-7868f8655b-vqjvm,gnn-cluster-worker3,scheduled_on,1.0
1774378025,redis-cache-67d574b944-ll9pf,gnn-cluster-worker2,scheduled_on,1.0
1774378025,workload-generator-667dc97f4f-67vch,gnn-cluster-worker3,scheduled_on,1.0
1774378055,backend-api-669d9964b8-b8qkw,gnn-cluster-worker2,scheduled_on,1.0
1774378055,backend-api-669d9964b8-qblwm,gnn-cluster-worker3,scheduled_on,1.0
1774378055,cpu-stressor-74d6ffcfc4-gghxs,gnn-cluster-worker,scheduled_on,1.0
1774378055,frontend-7868f8655b-25dwq,gnn-cluster-worker,scheduled_on,1.0
1774378055,frontend-7868f8655b-vqjvm,gnn-cluster-worker3,scheduled_on,1.0
1774378055,redis-cache-67d574b944-ll9pf,gnn-cluster-worker2,scheduled_on,1.0
1774378055,workload-generator-667dc97f4f-67vch,gnn-cluster-worker3,scheduled_on,1.0
1774378085,backend-api-669d9964b8-b8qkw,gnn-cluster-worker2,scheduled_on,1.0
1774378085,backend-api-669d9964b8-qblwm,gnn-cluster-worker3,scheduled_on,1.0
1774378085,cpu-stressor-74d6ffcfc4-gghxs,gnn-cluster-worker,scheduled_on,1.0
1774378085,frontend-7868f8655b-25dwq,gnn-cluster-worker,scheduled_on,1.0
1774378085,frontend-7868f8655b-vqjvm,gnn-cluster-worker3,scheduled_on,1.0
1774378085,redis-cache-67d574b944-ll9pf,gnn-cluster-worker2,scheduled_on,1.0
1774378085,workload-generator-667dc97f4f-67vch,gnn-cluster-worker3,scheduled_on,1.0
1774378115,backend-api-669d9964b8-b8qkw,gnn-cluster-worker2,scheduled_on,1.0
1774378115,backend-api-669d9964b8-qblwm,gnn-cluster-worker3,scheduled_on,1.0
1774378115,cpu-stressor-74d6ffcfc4-gghxs,gnn-cluster-worker,scheduled_on,1.0
1774378115,frontend-7868f8655b-25dwq,gnn-cluster-worker,scheduled_on,1.0
1774378115,frontend-7868f8655b-vqjvm,gnn-cluster-worker3,scheduled_on,1.0
1774378115,redis-cache-67d574b944-ll9pf,gnn-cluster-worker2,scheduled_on,1.0
1774378115,workload-generator-667dc97f4f-67vch,gnn-cluster-worker3,scheduled_on,1.0
1774378145,backend-api-669d9964b8-b8qkw,gnn-cluster-worker2,scheduled_on,1.0
1774378145,backend-api-669d9964b8-qblwm,gnn-cluster-worker3,scheduled_on,1.0
1774378145,cpu-stressor-74d6ffcfc4-gghxs,gnn-cluster-worker,scheduled_on,1.0
1774378145,frontend-7868f8655b-25dwq,gnn-cluster-worker,scheduled_on,1.0
1774378145,frontend-7868f8655b-vqjvm,gnn-cluster-worker3,scheduled_on,1.0
1774378145,redis-cache-67d574b944-ll9pf,gnn-cluster-worker2,scheduled_on,1.0
1774378145,workload-generator-667dc97f4f-67vch,gnn-cluster-worker3,scheduled_on,1.0
1774378175,backend-api-669d9964b8-b8qkw,gnn-cluster-worker2,scheduled_on,1.0
1774378175,backend-api-669d9964b8-qblwm,gnn-cluster-worker3,scheduled_on,1.0
1774378175,cpu-stressor-74d6ffcfc4-gghxs,gnn-cluster-worker,scheduled_on,1.0
1774378175,frontend-7868f8655b-25dwq,gnn-cluster-worker,scheduled_on,1.0
1774378175,frontend-7868f8655b-vqjvm,gnn-cluster-worker3,scheduled_on,1.0
1774378175,redis-cache-67d574b944-ll9pf,gnn-cluster-worker2,scheduled_on,1.0
1774378175,workload-generator-667dc97f4f-67vch,gnn-cluster-worker3,scheduled_on,1.0
1774378205,backend-api-669d9964b8-b8qkw,gnn-cluster-worker2,scheduled_on,1.0
1774378205,backend-api-669d9964b8-qblwm,gnn-cluster-worker3,scheduled_on,1.0
1774378205,cpu-stressor-74d6ffcfc4-gghxs,gnn-cluster-worker,scheduled_on,1.0
1774378205,frontend-7868f8655b-25dwq,gnn-cluster-worker,scheduled_on,1.0
1774378205,frontend-7868f8655b-vqjvm,gnn-cluster-worker3,scheduled_on,1.0
1774378205,redis-cache-67d574b944-ll9pf,gnn-cluster-worker2,scheduled_on,1.0
1774378205,workload-generator-667dc97f4f-67vch,gnn-cluster-worker3,scheduled_on,1.0
1774378236,backend-api-669d9964b8-b8qkw,gnn-cluster-worker2,scheduled_on,1.0
1774378236,backend-api-669d9964b8-qblwm,gnn-cluster-worker3,scheduled_on,1.0
1774378236,cpu-stressor-74d6ffcfc4-gghxs,gnn-cluster-worker,scheduled_on,1.0
1774378236,frontend-7868f8655b-25dwq,gnn-cluster-worker,scheduled_on,1.0
1774378236,frontend-7868f8655b-vqjvm,gnn-cluster-worker3,scheduled_on,1.0
1774378236,redis-cache-67d574b944-ll9pf,gnn-cluster-worker2,scheduled_on,1.0
1774378236,workload-generator-667dc97f4f-67vch,gnn-cluster-worker3,scheduled_on,1.0
1774378266,backend-api-669d9964b8-b8qkw,gnn-cluster-worker2,scheduled_on,1.0
1774378266,backend-api-669d9964b8-qblwm,gnn-cluster-worker3,scheduled_on,1.0
1774378266,cpu-stressor-74d6ffcfc4-gghxs,gnn-cluster-worker,scheduled_on,1.0
1774378266,frontend-7868f8655b-25dwq,gnn-cluster-worker,scheduled_on,1.0
1774378266,frontend-7868f8655b-vqjvm,gnn-cluster-worker3,scheduled_on,1.0
1774378266,redis-cache-67d574b944-ll9pf,gnn-cluster-worker2,scheduled_on,1.0
1774378266,workload-generator-667dc97f4f-67vch,gnn-cluster-worker3,scheduled_on,1.0
1774378296,backend-api-669d9964b8-b8qkw,gnn-cluster-worker2,scheduled_on,1.0
1774378296,backend-api-669d9964b8-qblwm,gnn-cluster-worker3,scheduled_on,1.0
1774378296,cpu-stressor-74d6ffcfc4-gghxs,gnn-cluster-worker,scheduled_on,1.0
1774378296,frontend-7868f8655b-25dwq,gnn-cluster-worker,scheduled_on,1.0
1774378296,frontend-7868f8655b-vqjvm,gnn-cluster-worker3,scheduled_on,1.0
1774378296,redis-cache-67d574b944-ll9pf,gnn-cluster-worker2,scheduled_on,1.0
1774378296,workload-generator-667dc97f4f-67vch,gnn-cluster-worker3,scheduled_on,1.0
1774378326,backend-api-669d9964b8-b8qkw,gnn-cluster-worker2,scheduled_on,1.0
1774378326,backend-api-669d9964b8-qblwm,gnn-cluster-worker3,scheduled_on,1.0
1774378326,cpu-stressor-74d6ffcfc4-gghxs,gnn-cluster-worker,scheduled_on,1.0
1774378326,frontend-7868f8655b-25dwq,gnn-cluster-worker,scheduled_on,1.0
1774378326,frontend-7868f8655b-vqjvm,gnn-cluster-worker3,scheduled_on,1.0
1774378326,redis-cache-67d574b944-ll9pf,gnn-cluster-worker2,scheduled_on,1.0
1774378326,workload-generator-667dc97f4f-67vch,gnn-cluster-worker3,scheduled_on,1.0
1774378356,backend-api-669d9964b8-b8qkw,gnn-cluster-worker2,scheduled_on,1.0
1774378356,backend-api-669d9964b8-qblwm,gnn-cluster-worker3,scheduled_on,1.0
1774378356,cpu-stressor-74d6ffcfc4-gghxs,gnn-cluster-worker,scheduled_on,1.0
1774378356,frontend-7868f8655b-25dwq,gnn-cluster-worker,scheduled_on,1.0
1774378356,frontend-7868f8655b-vqjvm,gnn-cluster-worker3,scheduled_on,1.0
1774378356,redis-cache-67d574b944-ll9pf,gnn-cluster-worker2,scheduled_on,1.0
1774378356,workload-generator-667dc97f4f-67vch,gnn-cluster-worker3,scheduled_on,1.0
1774378386,backend-api-669d9964b8-b8qkw,gnn-cluster-worker2,scheduled_on,1.0
1774378386,backend-api-669d9964b8-qblwm,gnn-cluster-worker3,scheduled_on,1.0
1774378386,cpu-stressor-74d6ffcfc4-gghxs,gnn-cluster-worker,scheduled_on,1.0
1774378386,frontend-7868f8655b-25dwq,gnn-cluster-worker,scheduled_on,1.0
1774378386,frontend-7868f8655b-vqjvm,gnn-cluster-worker3,scheduled_on,1.0
1774378386,redis-cache-67d574b944-ll9pf,gnn-cluster-worker2,scheduled_on,1.0
1774378386,workload-generator-667dc97f4f-67vch,gnn-cluster-worker3,scheduled_on,1.0
1774378416,backend-api-669d9964b8-b8qkw,gnn-cluster-worker2,scheduled_on,1.0
1774378416,backend-api-669d9964b8-qblwm,gnn-cluster-worker3,scheduled_on,1.0
1774378416,cpu-stressor-74d6ffcfc4-gghxs,gnn-cluster-worker,scheduled_on,1.0
1774378416,frontend-7868f8655b-25dwq,gnn-cluster-worker,scheduled_on,1.0
1774378416,frontend-7868f8655b-vqjvm,gnn-cluster-worker3,scheduled_on,1.0
1774378416,redis-cache-67d574b944-ll9pf,gnn-cluster-worker2,scheduled_on,1.0
1774378416,workload-generator-667dc97f4f-67vch,gnn-cluster-worker3,scheduled_on,1.0
1774378446,backend-api-669d9964b8-b8qkw,gnn-cluster-worker2,scheduled_on,1.0
1774378446,backend-api-669d9964b8-qblwm,gnn-cluster-worker3,scheduled_on,1.0
1774378446,cpu-stressor-74d6ffcfc4-gghxs,gnn-cluster-worker,scheduled_on,1.0
1774378446,frontend-7868f8655b-25dwq,gnn-cluster-worker,scheduled_on,1.0
1774378446,frontend-7868f8655b-vqjvm,gnn-cluster-worker3,scheduled_on,1.0
1774378446,redis-cache-67d574b944-ll9pf,gnn-cluster-worker2,scheduled_on,1.0
1774378446,workload-generator-667dc97f4f-67vch,gnn-cluster-worker3,scheduled_on,1.0
1774378476,backend-api-669d9964b8-b8qkw,gnn-cluster-worker2,scheduled_on,1.0
1774378476,backend-api-669d9964b8-qblwm,gnn-cluster-worker3,scheduled_on,1.0
1774378476,cpu-stressor-74d6ffcfc4-gghxs,gnn-cluster-worker,scheduled_on,1.0
1774378476,frontend-7868f8655b-25dwq,gnn-cluster-worker,scheduled_on,1.0
1774378476,frontend-7868f8655b-vqjvm,gnn-cluster-worker3,scheduled_on,1.0
1774378476,redis-cache-67d574b944-ll9pf,gnn-cluster-worker2,scheduled_on,1.0
1774378476,workload-generator-667dc97f4f-67vch,gnn-cluster-worker3,scheduled_on,1.0
1774378506,backend-api-669d9964b8-b8qkw,gnn-cluster-worker2,scheduled_on,1.0
1774378506,backend-api-669d9964b8-qblwm,gnn-cluster-worker3,scheduled_on,1.0
1774378506,cpu-stressor-74d6ffcfc4-gghxs,gnn-cluster-worker,scheduled_on,1.0
1774378506,frontend-7868f8655b-25dwq,gnn-cluster-worker,scheduled_on,1.0
1774378506,frontend-7868f8655b-vqjvm,gnn-cluster-worker3,scheduled_on,1.0
1774378506,redis-cache-67d574b944-ll9pf,gnn-cluster-worker2,scheduled_on,1.0
1774378506,workload-generator-667dc97f4f-67vch,gnn-cluster-worker3,scheduled_on,1.0
1774378536,backend-api-669d9964b8-b8qkw,gnn-cluster-worker2,scheduled_on,1.0
1774378536,backend-api-669d9964b8-qblwm,gnn-cluster-worker3,scheduled_on,1.0
1774378536,cpu-stressor-74d6ffcfc4-gghxs,gnn-cluster-worker,scheduled_on,1.0
1774378536,frontend-7868f8655b-25dwq,gnn-cluster-worker,scheduled_on,1.0
1774378536,frontend-7868f8655b-vqjvm,gnn-cluster-worker3,scheduled_on,1.0
1774378536,redis-cache-67d574b944-ll9pf,gnn-cluster-worker2,scheduled_on,1.0
1774378536,workload-generator-667dc97f4f-67vch,gnn-cluster-worker3,scheduled_on,1.0
1774378566,backend-api-669d9964b8-b8qkw,gnn-cluster-worker2,scheduled_on,1.0
1774378566,backend-api-669d9964b8-qblwm,gnn-cluster-worker3,scheduled_on,1.0
1774378566,cpu-stressor-74d6ffcfc4-gghxs,gnn-cluster-worker,scheduled_on,1.0
1774378566,frontend-7868f8655b-25dwq,gnn-cluster-worker,scheduled_on,1.0
1774378566,frontend-7868f8655b-vqjvm,gnn-cluster-worker3,scheduled_on,1.0
1774378566,redis-cache-67d574b944-ll9pf,gnn-cluster-worker2,scheduled_on,1.0
1774378566,workload-generator-667dc97f4f-67vch,gnn-cluster-worker3,scheduled_on,1.0
1774378596,backend-api-669d9964b8-b8qkw,gnn-cluster-worker2,scheduled_on,1.0
1774378596,backend-api-669d9964b8-qblwm,gnn-cluster-worker3,scheduled_on,1.0
1774378596,cpu-stressor-74d6ffcfc4-gghxs,gnn-cluster-worker,scheduled_on,1.0
1774378596,frontend-7868f8655b-25dwq,gnn-cluster-worker,scheduled_on,1.0
1774378596,frontend-7868f8655b-vqjvm,gnn-cluster-worker3,scheduled_on,1.0
1774378596,redis-cache-67d574b944-ll9pf,gnn-cluster-worker2,scheduled_on,1.0
1774378596,workload-generator-667dc97f4f-67vch,gnn-cluster-worker3,scheduled_on,1.0
1774378626,backend-api-669d9964b8-b8qkw,gnn-cluster-worker2,scheduled_on,1.0
1774378626,backend-api-669d9964b8-qblwm,gnn-cluster-worker3,scheduled_on,1.0
1774378626,cpu-stressor-74d6ffcfc4-gghxs,gnn-cluster-worker,scheduled_on,1.0
1774378626,frontend-7868f8655b-25dwq,gnn-cluster-worker,scheduled_on,1.0
1774378626,frontend-7868f8655b-vqjvm,gnn-cluster-worker3,scheduled_on,1.0
1774378626,redis-cache-67d574b944-ll9pf,gnn-cluster-worker2,scheduled_on,1.0
1774378626,workload-generator-667dc97f4f-67vch,gnn-cluster-worker3,scheduled_on,1.0
1774378656,backend-api-669d9964b8-b8qkw,gnn-cluster-worker2,scheduled_on,1.0
1774378656,backend-api-669d9964b8-qblwm,gnn-cluster-worker3,scheduled_on,1.0
1774378656,cpu-stressor-74d6ffcfc4-gghxs,gnn-cluster-worker,scheduled_on,1.0
1774378656,frontend-7868f8655b-25dwq,gnn-cluster-worker,scheduled_on,1.0
1774378656,frontend-7868f8655b-vqjvm,gnn-cluster-worker3,scheduled_on,1.0
1774378656,redis-cache-67d574b944-ll9pf,gnn-cluster-worker2,scheduled_on,1.0
1774378656,workload-generator-667dc97f4f-67vch,gnn-cluster-worker3,scheduled_on,1.0
1774378686,backend-api-669d9964b8-b8qkw,gnn-cluster-worker2,scheduled_on,1.0
1774378686,backend-api-669d9964b8-qblwm,gnn-cluster-worker3,scheduled_on,1.0
1774378686,cpu-stressor-74d6ffcfc4-gghxs,gnn-cluster-worker,scheduled_on,1.0
1774378686,frontend-7868f8655b-25dwq,gnn-cluster-worker,scheduled_on,1.0
1774378686,frontend-7868f8655b-vqjvm,gnn-cluster-worker3,scheduled_on,1.0
1774378686,redis-cache-67d574b944-ll9pf,gnn-cluster-worker2,scheduled_on,1.0
1774378686,workload-generator-667dc97f4f-67vch,gnn-cluster-worker3,scheduled_on,1.0
1774378716,backend-api-669d9964b8-b8qkw,gnn-cluster-worker2,scheduled_on,1.0
1774378716,backend-api-669d9964b8-qblwm,gnn-cluster-worker3,scheduled_on,1.0
1774378716,cpu-stressor-74d6ffcfc4-gghxs,gnn-cluster-worker,scheduled_on,1.0
1774378716,frontend-7868f8655b-25dwq,gnn-cluster-worker,scheduled_on,1.0
1774378716,frontend-7868f8655b-vqjvm,gnn-cluster-worker3,scheduled_on,1.0
1774378716,redis-cache-67d574b944-ll9pf,gnn-cluster-worker2,scheduled_on,1.0
1774378716,workload-generator-667dc97f4f-67vch,gnn-cluster-worker3,scheduled_on,1.0
1774378747,backend-api-669d9964b8-b8qkw,gnn-cluster-worker2,scheduled_on,1.0
1774378747,backend-api-669d9964b8-qblwm,gnn-cluster-worker3,scheduled_on,1.0
1774378747,cpu-stressor-74d6ffcfc4-gghxs,gnn-cluster-worker,scheduled_on,1.0
1774378747,frontend-7868f8655b-25dwq,gnn-cluster-worker,scheduled_on,1.0
1774378747,frontend-7868f8655b-vqjvm,gnn-cluster-worker3,scheduled_on,1.0
1774378747,redis-cache-67d574b944-ll9pf,gnn-cluster-worker2,scheduled_on,1.0
1774378747,workload-generator-667dc97f4f-67vch,gnn-cluster-worker3,scheduled_on,1.0
1774378777,backend-api-669d9964b8-b8qkw,gnn-cluster-worker2,scheduled_on,1.0
1774378777,backend-api-669d9964b8-qblwm,gnn-cluster-worker3,scheduled_on,1.0
1774378777,cpu-stressor-74d6ffcfc4-gghxs,gnn-cluster-worker,scheduled_on,1.0
1774378777,frontend-7868f8655b-25dwq,gnn-cluster-worker,scheduled_on,1.0
1774378777,frontend-7868f8655b-vqjvm,gnn-cluster-worker3,scheduled_on,1.0
1774378777,redis-cache-67d574b944-ll9pf,gnn-cluster-worker2,scheduled_on,1.0
1774378777,workload-generator-667dc97f4f-67vch,gnn-cluster-worker3,scheduled_on,1.0
1774378807,backend-api-669d9964b8-b8qkw,gnn-cluster-worker2,scheduled_on,1.0
1774378807,backend-api-669d9964b8-qblwm,gnn-cluster-worker3,scheduled_on,1.0
1774378807,cpu-stressor-74d6ffcfc4-gghxs,gnn-cluster-worker,scheduled_on,1.0
1774378807,frontend-7868f8655b-25dwq,gnn-cluster-worker,scheduled_on,1.0
1774378807,frontend-7868f8655b-vqjvm,gnn-cluster-worker3,scheduled_on,1.0
1774378807,redis-cache-67d574b944-ll9pf,gnn-cluster-worker2,scheduled_on,1.0
1774378807,workload-generator-667dc97f4f-67vch,gnn-cluster-worker3,scheduled_on,1.0
1774378837,backend-api-669d9964b8-b8qkw,gnn-cluster-worker2,scheduled_on,1.0
1774378837,backend-api-669d9964b8-qblwm,gnn-cluster-worker3,scheduled_on,1.0
1774378837,cpu-stressor-74d6ffcfc4-gghxs,gnn-cluster-worker,scheduled_on,1.0
1774378837,frontend-7868f8655b-25dwq,gnn-cluster-worker,scheduled_on,1.0
1774378837,frontend-7868f8655b-vqjvm,gnn-cluster-worker3,scheduled_on,1.0
1774378837,redis-cache-67d574b944-ll9pf,gnn-cluster-worker2,scheduled_on,1.0
1774378837,workload-generator-667dc97f4f-67vch,gnn-cluster-worker3,scheduled_on,1.0
1774378867,backend-api-669d9964b8-b8qkw,gnn-cluster-worker2,scheduled_on,1.0
1774378867,backend-api-669d9964b8-qblwm,gnn-cluster-worker3,scheduled_on,1.0
1774378867,cpu-stressor-74d6ffcfc4-gghxs,gnn-cluster-worker,scheduled_on,1.0
1774378867,frontend-7868f8655b-25dwq,gnn-cluster-worker,scheduled_on,1.0
1774378867,frontend-7868f8655b-vqjvm,gnn-cluster-worker3,scheduled_on,1.0
1774378867,redis-cache-67d574b944-ll9pf,gnn-cluster-worker2,scheduled_on,1.0
1774378867,workload-generator-667dc97f4f-67vch,gnn-cluster-worker3,scheduled_on,1.0
1774378897,backend-api-669d9964b8-b8qkw,gnn-cluster-worker2,scheduled_on,1.0
1774378897,backend-api-669d9964b8-qblwm,gnn-cluster-worker3,scheduled_on,1.0
1774378897,cpu-stressor-74d6ffcfc4-gghxs,gnn-cluster-worker,scheduled_on,1.0
1774378897,frontend-7868f8655b-25dwq,gnn-cluster-worker,scheduled_on,1.0
1774378897,frontend-7868f8655b-vqjvm,gnn-cluster-worker3,scheduled_on,1.0
1774378897,redis-cache-67d574b944-ll9pf,gnn-cluster-worker2,scheduled_on,1.0
1774378897,workload-generator-667dc97f4f-67vch,gnn-cluster-worker3,scheduled_on,1.0
1774378927,backend-api-669d9964b8-b8qkw,gnn-cluster-worker2,scheduled_on,1.0
1774378927,backend-api-669d9964b8-qblwm,gnn-cluster-worker3,scheduled_on,1.0
1774378927,cpu-stressor-74d6ffcfc4-gghxs,gnn-cluster-worker,scheduled_on,1.0
1774378927,frontend-7868f8655b-25dwq,gnn-cluster-worker,scheduled_on,1.0
1774378927,frontend-7868f8655b-vqjvm,gnn-cluster-worker3,scheduled_on,1.0
1774378927,redis-cache-67d574b944-ll9pf,gnn-cluster-worker2,scheduled_on,1.0
1774378927,workload-generator-667dc97f4f-67vch,gnn-cluster-worker3,scheduled_on,1.0
1774378957,backend-api-669d9964b8-b8qkw,gnn-cluster-worker2,scheduled_on,1.0
1774378957,backend-api-669d9964b8-qblwm,gnn-cluster-worker3,scheduled_on,1.0
1774378957,cpu-stressor-74d6ffcfc4-gghxs,gnn-cluster-worker,scheduled_on,1.0
1774378957,frontend-7868f8655b-25dwq,gnn-cluster-worker,scheduled_on,1.0
1774378957,frontend-7868f8655b-vqjvm,gnn-cluster-worker3,scheduled_on,1.0
1774378957,redis-cache-67d574b944-ll9pf,gnn-cluster-worker2,scheduled_on,1.0
1774378957,workload-generator-667dc97f4f-67vch,gnn-cluster-worker3,scheduled_on,1.0
1774378987,backend-api-669d9964b8-b8qkw,gnn-cluster-worker2,scheduled_on,1.0
1774378987,backend-api-669d9964b8-qblwm,gnn-cluster-worker3,scheduled_on,1.0
1774378987,cpu-stressor-74d6ffcfc4-gghxs,gnn-cluster-worker,scheduled_on,1.0
1774378987,frontend-7868f8655b-25dwq,gnn-cluster-worker,scheduled_on,1.0
1774378987,frontend-7868f8655b-vqjvm,gnn-cluster-worker3,scheduled_on,1.0
1774378987,redis-cache-67d574b944-ll9pf,gnn-cluster-worker2,scheduled_on,1.0
1774378987,workload-generator-667dc97f4f-67vch,gnn-cluster-worker3,scheduled_on,1.0
1774379017,backend-api-669d9964b8-b8qkw,gnn-cluster-worker2,scheduled_on,1.0
1774379017,backend-api-669d9964b8-qblwm,gnn-cluster-worker3,scheduled_on,1.0
1774379017,cpu-stressor-74d6ffcfc4-gghxs,gnn-cluster-worker,scheduled_on,1.0
1774379017,frontend-7868f8655b-25dwq,gnn-cluster-worker,scheduled_on,1.0
1774379017,frontend-7868f8655b-vqjvm,gnn-cluster-worker3,scheduled_on,1.0
1774379017,redis-cache-67d574b944-ll9pf,gnn-cluster-worker2,scheduled_on,1.0
1774379017,workload-generator-667dc97f4f-67vch,gnn-cluster-worker3,scheduled_on,1.0
1774379047,backend-api-669d9964b8-b8qkw,gnn-cluster-worker2,scheduled_on,1.0
1774379047,backend-api-669d9964b8-qblwm,gnn-cluster-worker3,scheduled_on,1.0
1774379047,cpu-stressor-74d6ffcfc4-gghxs,gnn-cluster-worker,scheduled_on,1.0
1774379047,frontend-7868f8655b-25dwq,gnn-cluster-worker,scheduled_on,1.0
1774379047,frontend-7868f8655b-vqjvm,gnn-cluster-worker3,scheduled_on,1.0
1774379047,redis-cache-67d574b944-ll9pf,gnn-cluster-worker2,scheduled_on,1.0
1774379047,workload-generator-667dc97f4f-67vch,gnn-cluster-worker3,scheduled_on,1.0
1774379077,backend-api-669d9964b8-b8qkw,gnn-cluster-worker2,scheduled_on,1.0
1774379077,backend-api-669d9964b8-qblwm,gnn-cluster-worker3,scheduled_on,1.0
1774379077,cpu-stressor-74d6ffcfc4-gghxs,gnn-cluster-worker,scheduled_on,1.0
1774379077,frontend-7868f8655b-25dwq,gnn-cluster-worker,scheduled_on,1.0
1774379077,frontend-7868f8655b-vqjvm,gnn-cluster-worker3,scheduled_on,1.0
1774379077,redis-cache-67d574b944-ll9pf,gnn-cluster-worker2,scheduled_on,1.0
1774379077,workload-generator-667dc97f4f-67vch,gnn-cluster-worker3,scheduled_on,1.0
1774379107,backend-api-669d9964b8-b8qkw,gnn-cluster-worker2,scheduled_on,1.0
1774379107,backend-api-669d9964b8-qblwm,gnn-cluster-worker3,scheduled_on,1.0
1774379107,cpu-stressor-74d6ffcfc4-gghxs,gnn-cluster-worker,scheduled_on,1.0
1774379107,frontend-7868f8655b-25dwq,gnn-cluster-worker,scheduled_on,1.0
1774379107,frontend-7868f8655b-vqjvm,gnn-cluster-worker3,scheduled_on,1.0
1774379107,redis-cache-67d574b944-ll9pf,gnn-cluster-worker2,scheduled_on,1.0
1774379107,workload-generator-667dc97f4f-67vch,gnn-cluster-worker3,scheduled_on,1.0
1774379137,backend-api-669d9964b8-b8qkw,gnn-cluster-worker2,scheduled_on,1.0
1774379137,backend-api-669d9964b8-qblwm,gnn-cluster-worker3,scheduled_on,1.0
1774379137,cpu-stressor-74d6ffcfc4-gghxs,gnn-cluster-worker,scheduled_on,1.0
1774379137,frontend-7868f8655b-25dwq,gnn-cluster-worker,scheduled_on,1.0
1774379137,frontend-7868f8655b-vqjvm,gnn-cluster-worker3,scheduled_on,1.0
1774379137,redis-cache-67d574b944-ll9pf,gnn-cluster-worker2,scheduled_on,1.0
1774379137,workload-generator-667dc97f4f-67vch,gnn-cluster-worker3,scheduled_on,1.0
1774379167,backend-api-669d9964b8-b8qkw,gnn-cluster-worker2,scheduled_on,1.0
1774379167,backend-api-669d9964b8-qblwm,gnn-cluster-worker3,scheduled_on,1.0
1774379167,cpu-stressor-74d6ffcfc4-gghxs,gnn-cluster-worker,scheduled_on,1.0
1774379167,frontend-7868f8655b-25dwq,gnn-cluster-worker,scheduled_on,1.0
1774379167,frontend-7868f8655b-vqjvm,gnn-cluster-worker3,scheduled_on,1.0
1774379167,redis-cache-67d574b944-ll9pf,gnn-cluster-worker2,scheduled_on,1.0
1774379167,workload-generator-667dc97f4f-67vch,gnn-cluster-worker3,scheduled_on,1.0
1774379197,backend-api-669d9964b8-b8qkw,gnn-cluster-worker2,scheduled_on,1.0
1774379197,backend-api-669d9964b8-qblwm,gnn-cluster-worker3,scheduled_on,1.0
1774379197,cpu-stressor-74d6ffcfc4-gghxs,gnn-cluster-worker,scheduled_on,1.0
1774379197,frontend-7868f8655b-25dwq,gnn-cluster-worker,scheduled_on,1.0
1774379197,frontend-7868f8655b-vqjvm,gnn-cluster-worker3,scheduled_on,1.0
1774379197,redis-cache-67d574b944-ll9pf,gnn-cluster-worker2,scheduled_on,1.0
1774379197,workload-generator-667dc97f4f-67vch,gnn-cluster-worker3,scheduled_on,1.0
1774379228,backend-api-669d9964b8-b8qkw,gnn-cluster-worker2,scheduled_on,1.0
1774379228,backend-api-669d9964b8-qblwm,gnn-cluster-worker3,scheduled_on,1.0
1774379228,cpu-stressor-74d6ffcfc4-gghxs,gnn-cluster-worker,scheduled_on,1.0
1774379228,frontend-7868f8655b-25dwq,gnn-cluster-worker,scheduled_on,1.0
1774379228,frontend-7868f8655b-vqjvm,gnn-cluster-worker3,scheduled_on,1.0
1774379228,redis-cache-67d574b944-ll9pf,gnn-cluster-worker2,scheduled_on,1.0
1774379228,workload-generator-667dc97f4f-67vch,gnn-cluster-worker3,scheduled_on,1.0
1774379258,backend-api-669d9964b8-b8qkw,gnn-cluster-worker2,scheduled_on,1.0
1774379258,backend-api-669d9964b8-qblwm,gnn-cluster-worker3,scheduled_on,1.0
1774379258,cpu-stressor-74d6ffcfc4-gghxs,gnn-cluster-worker,scheduled_on,1.0
1774379258,frontend-7868f8655b-25dwq,gnn-cluster-worker,scheduled_on,1.0
1774379258,frontend-7868f8655b-vqjvm,gnn-cluster-worker3,scheduled_on,1.0
1774379258,redis-cache-67d574b944-ll9pf,gnn-cluster-worker2,scheduled_on,1.0
1774379258,workload-generator-667dc97f4f-67vch,gnn-cluster-worker3,scheduled_on,1.0
1774379288,backend-api-669d9964b8-b8qkw,gnn-cluster-worker2,scheduled_on,1.0
1774379288,backend-api-669d9964b8-qblwm,gnn-cluster-worker3,scheduled_on,1.0
1774379288,cpu-stressor-74d6ffcfc4-gghxs,gnn-cluster-worker,scheduled_on,1.0
1774379288,frontend-7868f8655b-25dwq,gnn-cluster-worker,scheduled_on,1.0
1774379288,frontend-7868f8655b-vqjvm,gnn-cluster-worker3,scheduled_on,1.0
1774379288,redis-cache-67d574b944-ll9pf,gnn-cluster-worker2,scheduled_on,1.0
1774379288,workload-generator-667dc97f4f-67vch,gnn-cluster-worker3,scheduled_on,1.0
1774379318,backend-api-669d9964b8-b8qkw,gnn-cluster-worker2,scheduled_on,1.0
1774379318,backend-api-669d9964b8-qblwm,gnn-cluster-worker3,scheduled_on,1.0
1774379318,cpu-stressor-74d6ffcfc4-gghxs,gnn-cluster-worker,scheduled_on,1.0
1774379318,frontend-7868f8655b-25dwq,gnn-cluster-worker,scheduled_on,1.0
1774379318,frontend-7868f8655b-vqjvm,gnn-cluster-worker3,scheduled_on,1.0
1774379318,redis-cache-67d574b944-ll9pf,gnn-cluster-worker2,scheduled_on,1.0
1774379318,workload-generator-667dc97f4f-67vch,gnn-cluster-worker3,scheduled_on,1.0
1774379348,backend-api-669d9964b8-b8qkw,gnn-cluster-worker2,scheduled_on,1.0
1774379348,backend-api-669d9964b8-qblwm,gnn-cluster-worker3,scheduled_on,1.0
1774379348,cpu-stressor-74d6ffcfc4-gghxs,gnn-cluster-worker,scheduled_on,1.0
1774379348,frontend-7868f8655b-25dwq,gnn-cluster-worker,scheduled_on,1.0
1774379348,frontend-7868f8655b-vqjvm,gnn-cluster-worker3,scheduled_on,1.0
1774379348,redis-cache-67d574b944-ll9pf,gnn-cluster-worker2,scheduled_on,1.0
1774379348,workload-generator-667dc97f4f-67vch,gnn-cluster-worker3,scheduled_on,1.0
1774379378,backend-api-669d9964b8-b8qkw,gnn-cluster-worker2,scheduled_on,1.0
1774379378,backend-api-669d9964b8-qblwm,gnn-cluster-worker3,scheduled_on,1.0
1774379378,cpu-stressor-74d6ffcfc4-gghxs,gnn-cluster-worker,scheduled_on,1.0
1774379378,frontend-7868f8655b-25dwq,gnn-cluster-worker,scheduled_on,1.0
1774379378,frontend-7868f8655b-vqjvm,gnn-cluster-worker3,scheduled_on,1.0
1774379378,redis-cache-67d574b944-ll9pf,gnn-cluster-worker2,scheduled_on,1.0
1774379378,workload-generator-667dc97f4f-67vch,gnn-cluster-worker3,scheduled_on,1.0
1774379408,backend-api-669d9964b8-b8qkw,gnn-cluster-worker2,scheduled_on,1.0
1774379408,backend-api-669d9964b8-qblwm,gnn-cluster-worker3,scheduled_on,1.0
1774379408,cpu-stressor-74d6ffcfc4-gghxs,gnn-cluster-worker,scheduled_on,1.0
1774379408,frontend-7868f8655b-25dwq,gnn-cluster-worker,scheduled_on,1.0
1774379408,frontend-7868f8655b-vqjvm,gnn-cluster-worker3,scheduled_on,1.0
1774379408,redis-cache-67d574b944-ll9pf,gnn-cluster-worker2,scheduled_on,1.0
1774379408,workload-generator-667dc97f4f-67vch,gnn-cluster-worker3,scheduled_on,1.0
1774379438,backend-api-669d9964b8-b8qkw,gnn-cluster-worker2,scheduled_on,1.0
1774379438,backend-api-669d9964b8-qblwm,gnn-cluster-worker3,scheduled_on,1.0
1774379438,cpu-stressor-74d6ffcfc4-gghxs,gnn-cluster-worker,scheduled_on,1.0
1774379438,frontend-7868f8655b-25dwq,gnn-cluster-worker,scheduled_on,1.0
1774379438,frontend-7868f8655b-vqjvm,gnn-cluster-worker3,scheduled_on,1.0
1774379438,redis-cache-67d574b944-ll9pf,gnn-cluster-worker2,scheduled_on,1.0
1774379438,workload-generator-667dc97f4f-67vch,gnn-cluster-worker3,scheduled_on,1.0
1774379468,backend-api-669d9964b8-b8qkw,gnn-cluster-worker2,scheduled_on,1.0
1774379468,backend-api-669d9964b8-qblwm,gnn-cluster-worker3,scheduled_on,1.0
1774379468,cpu-stressor-74d6ffcfc4-gghxs,gnn-cluster-worker,scheduled_on,1.0
1774379468,frontend-7868f8655b-25dwq,gnn-cluster-worker,scheduled_on,1.0
1774379468,frontend-7868f8655b-vqjvm,gnn-cluster-worker3,scheduled_on,1.0
1774379468,redis-cache-67d574b944-ll9pf,gnn-cluster-worker2,scheduled_on,1.0
1774379468,workload-generator-667dc97f4f-67vch,gnn-cluster-worker3,scheduled_on,1.0
1774379498,backend-api-669d9964b8-b8qkw,gnn-cluster-worker2,scheduled_on,1.0
1774379498,backend-api-669d9964b8-qblwm,gnn-cluster-worker3,scheduled_on,1.0
1774379498,cpu-stressor-74d6ffcfc4-gghxs,gnn-cluster-worker,scheduled_on,1.0
1774379498,frontend-7868f8655b-25dwq,gnn-cluster-worker,scheduled_on,1.0
1774379498,frontend-7868f8655b-vqjvm,gnn-cluster-worker3,scheduled_on,1.0
1774379498,redis-cache-67d574b944-ll9pf,gnn-cluster-worker2,scheduled_on,1.0
1774379498,workload-generator-667dc97f4f-67vch,gnn-cluster-worker3,scheduled_on,1.0
1774379528,backend-api-669d9964b8-b8qkw,gnn-cluster-worker2,scheduled_on,1.0
1774379528,backend-api-669d9964b8-qblwm,gnn-cluster-worker3,scheduled_on,1.0
1774379528,cpu-stressor-74d6ffcfc4-gghxs,gnn-cluster-worker,scheduled_on,1.0
1774379528,frontend-7868f8655b-25dwq,gnn-cluster-worker,scheduled_on,1.0
1774379528,frontend-7868f8655b-vqjvm,gnn-cluster-worker3,scheduled_on,1.0
1774379528,redis-cache-67d574b944-ll9pf,gnn-cluster-worker2,scheduled_on,1.0
1774379528,workload-generator-667dc97f4f-67vch,gnn-cluster-worker3,scheduled_on,1.0
1774379558,backend-api-669d9964b8-b8qkw,gnn-cluster-worker2,scheduled_on,1.0
1774379558,backend-api-669d9964b8-qblwm,gnn-cluster-worker3,scheduled_on,1.0
1774379558,cpu-stressor-74d6ffcfc4-gghxs,gnn-cluster-worker,scheduled_on,1.0
1774379558,frontend-7868f8655b-25dwq,gnn-cluster-worker,scheduled_on,1.0
1774379558,frontend-7868f8655b-vqjvm,gnn-cluster-worker3,scheduled_on,1.0
1774379558,redis-cache-67d574b944-ll9pf,gnn-cluster-worker2,scheduled_on,1.0
1774379558,workload-generator-667dc97f4f-67vch,gnn-cluster-worker3,scheduled_on,1.0
1774379588,backend-api-669d9964b8-b8qkw,gnn-cluster-worker2,scheduled_on,1.0
1774379588,backend-api-669d9964b8-qblwm,gnn-cluster-worker3,scheduled_on,1.0
1774379588,cpu-stressor-74d6ffcfc4-gghxs,gnn-cluster-worker,scheduled_on,1.0
1774379588,frontend-7868f8655b-25dwq,gnn-cluster-worker,scheduled_on,1.0
1774379588,frontend-7868f8655b-vqjvm,gnn-cluster-worker3,scheduled_on,1.0
1774379588,redis-cache-67d574b944-ll9pf,gnn-cluster-worker2,scheduled_on,1.0
1774379588,workload-generator-667dc97f4f-67vch,gnn-cluster-worker3,scheduled_on,1.0
1774379618,backend-api-669d9964b8-b8qkw,gnn-cluster-worker2,scheduled_on,1.0
1774379618,backend-api-669d9964b8-qblwm,gnn-cluster-worker3,scheduled_on,1.0
1774379618,cpu-stressor-74d6ffcfc4-gghxs,gnn-cluster-worker,scheduled_on,1.0
1774379618,frontend-7868f8655b-25dwq,gnn-cluster-worker,scheduled_on,1.0
1774379618,frontend-7868f8655b-vqjvm,gnn-cluster-worker3,scheduled_on,1.0
1774379618,redis-cache-67d574b944-ll9pf,gnn-cluster-worker2,scheduled_on,1.0
1774379618,workload-generator-667dc97f4f-67vch,gnn-cluster-worker3,scheduled_on,1.0
1774379648,backend-api-669d9964b8-b8qkw,gnn-cluster-worker2,scheduled_on,1.0
1774379648,backend-api-669d9964b8-qblwm,gnn-cluster-worker3,scheduled_on,1.0
1774379648,cpu-stressor-74d6ffcfc4-gghxs,gnn-cluster-worker,scheduled_on,1.0
1774379648,frontend-7868f8655b-25dwq,gnn-cluster-worker,scheduled_on,1.0
1774379648,frontend-7868f8655b-vqjvm,gnn-cluster-worker3,scheduled_on,1.0
1774379648,redis-cache-67d574b944-ll9pf,gnn-cluster-worker2,scheduled_on,1.0
1774379648,workload-generator-667dc97f4f-67vch,gnn-cluster-worker3,scheduled_on,1.0
1774379678,backend-api-669d9964b8-b8qkw,gnn-cluster-worker2,scheduled_on,1.0
1774379678,backend-api-669d9964b8-qblwm,gnn-cluster-worker3,scheduled_on,1.0
1774379678,cpu-stressor-74d6ffcfc4-gghxs,gnn-cluster-worker,scheduled_on,1.0
1774379678,frontend-7868f8655b-25dwq,gnn-cluster-worker,scheduled_on,1.0
1774379678,frontend-7868f8655b-vqjvm,gnn-cluster-worker3,scheduled_on,1.0
1774379678,redis-cache-67d574b944-ll9pf,gnn-cluster-worker2,scheduled_on,1.0
1774379678,workload-generator-667dc97f4f-67vch,gnn-cluster-worker3,scheduled_on,1.0
1774379708,backend-api-669d9964b8-b8qkw,gnn-cluster-worker2,scheduled_on,1.0
1774379708,backend-api-669d9964b8-qblwm,gnn-cluster-worker3,scheduled_on,1.0
1774379708,cpu-stressor-74d6ffcfc4-gghxs,gnn-cluster-worker,scheduled_on,1.0
1774379708,frontend-7868f8655b-25dwq,gnn-cluster-worker,scheduled_on,1.0
1774379708,frontend-7868f8655b-vqjvm,gnn-cluster-worker3,scheduled_on,1.0
1774379708,redis-cache-67d574b944-ll9pf,gnn-cluster-worker2,scheduled_on,1.0
1774379708,workload-generator-667dc97f4f-67vch,gnn-cluster-worker3,scheduled_on,1.0
1774379739,backend-api-669d9964b8-b8qkw,gnn-cluster-worker2,scheduled_on,1.0
1774379739,backend-api-669d9964b8-qblwm,gnn-cluster-worker3,scheduled_on,1.0
1774379739,cpu-stressor-74d6ffcfc4-gghxs,gnn-cluster-worker,scheduled_on,1.0
1774379739,frontend-7868f8655b-25dwq,gnn-cluster-worker,scheduled_on,1.0
1774379739,frontend-7868f8655b-vqjvm,gnn-cluster-worker3,scheduled_on,1.0
1774379739,redis-cache-67d574b944-ll9pf,gnn-cluster-worker2,scheduled_on,1.0
1774379739,workload-generator-667dc97f4f-67vch,gnn-cluster-worker3,scheduled_on,1.0
1774379769,backend-api-669d9964b8-b8qkw,gnn-cluster-worker2,scheduled_on,1.0
1774379769,backend-api-669d9964b8-qblwm,gnn-cluster-worker3,scheduled_on,1.0
1774379769,cpu-stressor-74d6ffcfc4-gghxs,gnn-cluster-worker,scheduled_on,1.0
1774379769,frontend-7868f8655b-25dwq,gnn-cluster-worker,scheduled_on,1.0
1774379769,frontend-7868f8655b-vqjvm,gnn-cluster-worker3,scheduled_on,1.0
1774379769,redis-cache-67d574b944-ll9pf,gnn-cluster-worker2,scheduled_on,1.0
1774379769,workload-generator-667dc97f4f-67vch,gnn-cluster-worker3,scheduled_on,1.0
1774379799,backend-api-669d9964b8-b8qkw,gnn-cluster-worker2,scheduled_on,1.0
1774379799,backend-api-669d9964b8-qblwm,gnn-cluster-worker3,scheduled_on,1.0
1774379799,cpu-stressor-74d6ffcfc4-gghxs,gnn-cluster-worker,scheduled_on,1.0
1774379799,frontend-7868f8655b-25dwq,gnn-cluster-worker,scheduled_on,1.0
1774379799,frontend-7868f8655b-vqjvm,gnn-cluster-worker3,scheduled_on,1.0
1774379799,redis-cache-67d574b944-ll9pf,gnn-cluster-worker2,scheduled_on,1.0
1774379799,workload-generator-667dc97f4f-67vch,gnn-cluster-worker3,scheduled_on,1.0
1774379829,backend-api-669d9964b8-b8qkw,gnn-cluster-worker2,scheduled_on,1.0
1774379829,backend-api-669d9964b8-qblwm,gnn-cluster-worker3,scheduled_on,1.0
1774379829,cpu-stressor-74d6ffcfc4-gghxs,gnn-cluster-worker,scheduled_on,1.0
1774379829,frontend-7868f8655b-25dwq,gnn-cluster-worker,scheduled_on,1.0
1774379829,frontend-7868f8655b-vqjvm,gnn-cluster-worker3,scheduled_on,1.0
1774379829,redis-cache-67d574b944-ll9pf,gnn-cluster-worker2,scheduled_on,1.0
1774379829,workload-generator-667dc97f4f-67vch,gnn-cluster-worker3,scheduled_on,1.0
1774379859,backend-api-669d9964b8-b8qkw,gnn-cluster-worker2,scheduled_on,1.0
1774379859,backend-api-669d9964b8-qblwm,gnn-cluster-worker3,scheduled_on,1.0
1774379859,cpu-stressor-74d6ffcfc4-gghxs,gnn-cluster-worker,scheduled_on,1.0
1774379859,frontend-7868f8655b-25dwq,gnn-cluster-worker,scheduled_on,1.0
1774379859,frontend-7868f8655b-vqjvm,gnn-cluster-worker3,scheduled_on,1.0
1774379859,redis-cache-67d574b944-ll9pf,gnn-cluster-worker2,scheduled_on,1.0
1774379859,workload-generator-667dc97f4f-67vch,gnn-cluster-worker3,scheduled_on,1.0
1774379889,backend-api-669d9964b8-b8qkw,gnn-cluster-worker2,scheduled_on,1.0
1774379889,backend-api-669d9964b8-qblwm,gnn-cluster-worker3,scheduled_on,1.0
1774379889,cpu-stressor-74d6ffcfc4-gghxs,gnn-cluster-worker,scheduled_on,1.0
1774379889,frontend-7868f8655b-25dwq,gnn-cluster-worker,scheduled_on,1.0
1774379889,frontend-7868f8655b-vqjvm,gnn-cluster-worker3,scheduled_on,1.0
1774379889,redis-cache-67d574b944-ll9pf,gnn-cluster-worker2,scheduled_on,1.0
1774379889,workload-generator-667dc97f4f-67vch,gnn-cluster-worker3,scheduled_on,1.0
1774379919,backend-api-669d9964b8-b8qkw,gnn-cluster-worker2,scheduled_on,1.0
1774379919,backend-api-669d9964b8-qblwm,gnn-cluster-worker3,scheduled_on,1.0
1774379919,cpu-stressor-74d6ffcfc4-gghxs,gnn-cluster-worker,scheduled_on,1.0
1774379919,frontend-7868f8655b-25dwq,gnn-cluster-worker,scheduled_on,1.0
1774379919,frontend-7868f8655b-vqjvm,gnn-cluster-worker3,scheduled_on,1.0
1774379919,redis-cache-67d574b944-ll9pf,gnn-cluster-worker2,scheduled_on,1.0
1774379919,workload-generator-667dc97f4f-67vch,gnn-cluster-worker3,scheduled_on,1.0
1774379949,backend-api-669d9964b8-b8qkw,gnn-cluster-worker2,scheduled_on,1.0
1774379949,backend-api-669d9964b8-qblwm,gnn-cluster-worker3,scheduled_on,1.0
1774379949,cpu-stressor-74d6ffcfc4-gghxs,gnn-cluster-worker,scheduled_on,1.0
1774379949,frontend-7868f8655b-25dwq,gnn-cluster-worker,scheduled_on,1.0
1774379949,frontend-7868f8655b-vqjvm,gnn-cluster-worker3,scheduled_on,1.0
1774379949,redis-cache-67d574b944-ll9pf,gnn-cluster-worker2,scheduled_on,1.0
1774379949,workload-generator-667dc97f4f-67vch,gnn-cluster-worker3,scheduled_on,1.0
1774379979,backend-api-669d9964b8-b8qkw,gnn-cluster-worker2,scheduled_on,1.0
1774379979,backend-api-669d9964b8-qblwm,gnn-cluster-worker3,scheduled_on,1.0
1774379979,cpu-stressor-74d6ffcfc4-gghxs,gnn-cluster-worker,scheduled_on,1.0
1774379979,frontend-7868f8655b-25dwq,gnn-cluster-worker,scheduled_on,1.0
1774379979,frontend-7868f8655b-vqjvm,gnn-cluster-worker3,scheduled_on,1.0
1774379979,redis-cache-67d574b944-ll9pf,gnn-cluster-worker2,scheduled_on,1.0
1774379979,workload-generator-667dc97f4f-67vch,gnn-cluster-worker3,scheduled_on,1.0
1774380009,backend-api-669d9964b8-b8qkw,gnn-cluster-worker2,scheduled_on,1.0
1774380009,backend-api-669d9964b8-qblwm,gnn-cluster-worker3,scheduled_on,1.0
1774380009,cpu-stressor-74d6ffcfc4-gghxs,gnn-cluster-worker,scheduled_on,1.0
1774380009,frontend-7868f8655b-25dwq,gnn-cluster-worker,scheduled_on,1.0
1774380009,frontend-7868f8655b-vqjvm,gnn-cluster-worker3,scheduled_on,1.0
1774380009,redis-cache-67d574b944-ll9pf,gnn-cluster-worker2,scheduled_on,1.0
1774380009,workload-generator-667dc97f4f-67vch,gnn-cluster-worker3,scheduled_on,1.0
1774380039,backend-api-669d9964b8-b8qkw,gnn-cluster-worker2,scheduled_on,1.0
1774380039,backend-api-669d9964b8-qblwm,gnn-cluster-worker3,scheduled_on,1.0
1774380039,cpu-stressor-74d6ffcfc4-gghxs,gnn-cluster-worker,scheduled_on,1.0
1774380039,frontend-7868f8655b-25dwq,gnn-cluster-worker,scheduled_on,1.0
1774380039,frontend-7868f8655b-vqjvm,gnn-cluster-worker3,scheduled_on,1.0
1774380039,redis-cache-67d574b944-ll9pf,gnn-cluster-worker2,scheduled_on,1.0
1774380039,workload-generator-667dc97f4f-67vch,gnn-cluster-worker3,scheduled_on,1.0
1774380069,backend-api-669d9964b8-b8qkw,gnn-cluster-worker2,scheduled_on,1.0
1774380069,backend-api-669d9964b8-qblwm,gnn-cluster-worker3,scheduled_on,1.0
1774380069,cpu-stressor-74d6ffcfc4-gghxs,gnn-cluster-worker,scheduled_on,1.0
1774380069,frontend-7868f8655b-25dwq,gnn-cluster-worker,scheduled_on,1.0
1774380069,frontend-7868f8655b-vqjvm,gnn-cluster-worker3,scheduled_on,1.0
1774380069,redis-cache-67d574b944-ll9pf,gnn-cluster-worker2,scheduled_on,1.0
1774380069,workload-generator-667dc97f4f-67vch,gnn-cluster-worker3,scheduled_on,1.0
1774380099,backend-api-669d9964b8-b8qkw,gnn-cluster-worker2,scheduled_on,1.0
1774380099,backend-api-669d9964b8-qblwm,gnn-cluster-worker3,scheduled_on,1.0
1774380099,cpu-stressor-74d6ffcfc4-gghxs,gnn-cluster-worker,scheduled_on,1.0
1774380099,frontend-7868f8655b-25dwq,gnn-cluster-worker,scheduled_on,1.0
1774380099,frontend-7868f8655b-vqjvm,gnn-cluster-worker3,scheduled_on,1.0
1774380099,redis-cache-67d574b944-ll9pf,gnn-cluster-worker2,scheduled_on,1.0
1774380099,workload-generator-667dc97f4f-67vch,gnn-cluster-worker3,scheduled_on,1.0
1774380129,backend-api-669d9964b8-b8qkw,gnn-cluster-worker2,scheduled_on,1.0
1774380129,backend-api-669d9964b8-qblwm,gnn-cluster-worker3,scheduled_on,1.0
1774380129,cpu-stressor-74d6ffcfc4-gghxs,gnn-cluster-worker,scheduled_on,1.0
1774380129,frontend-7868f8655b-25dwq,gnn-cluster-worker,scheduled_on,1.0
1774380129,frontend-7868f8655b-vqjvm,gnn-cluster-worker3,scheduled_on,1.0
1774380129,redis-cache-67d574b944-ll9pf,gnn-cluster-worker2,scheduled_on,1.0
1774380129,workload-generator-667dc97f4f-67vch,gnn-cluster-worker3,scheduled_on,1.0
1774380159,backend-api-669d9964b8-b8qkw,gnn-cluster-worker2,scheduled_on,1.0
1774380159,backend-api-669d9964b8-qblwm,gnn-cluster-worker3,scheduled_on,1.0
1774380159,cpu-stressor-74d6ffcfc4-gghxs,gnn-cluster-worker,scheduled_on,1.0
1774380159,frontend-7868f8655b-25dwq,gnn-cluster-worker,scheduled_on,1.0
1774380159,frontend-7868f8655b-vqjvm,gnn-cluster-worker3,scheduled_on,1.0
1774380159,redis-cache-67d574b944-ll9pf,gnn-cluster-worker2,scheduled_on,1.0
1774380159,workload-generator-667dc97f4f-67vch,gnn-cluster-worker3,scheduled_on,1.0
1774380190,backend-api-669d9964b8-b8qkw,gnn-cluster-worker2,scheduled_on,1.0
1774380190,backend-api-669d9964b8-qblwm,gnn-cluster-worker3,scheduled_on,1.0
1774380190,cpu-stressor-74d6ffcfc4-gghxs,gnn-cluster-worker,scheduled_on,1.0
1774380190,frontend-7868f8655b-25dwq,gnn-cluster-worker,scheduled_on,1.0
1774380190,frontend-7868f8655b-vqjvm,gnn-cluster-worker3,scheduled_on,1.0
1774380190,redis-cache-67d574b944-ll9pf,gnn-cluster-worker2,scheduled_on,1.0
1774380190,workload-generator-667dc97f4f-67vch,gnn-cluster-worker3,scheduled_on,1.0
1774380220,backend-api-669d9964b8-b8qkw,gnn-cluster-worker2,scheduled_on,1.0
1774380220,backend-api-669d9964b8-qblwm,gnn-cluster-worker3,scheduled_on,1.0
1774380220,cpu-stressor-74d6ffcfc4-gghxs,gnn-cluster-worker,scheduled_on,1.0
1774380220,frontend-7868f8655b-25dwq,gnn-cluster-worker,scheduled_on,1.0
1774380220,frontend-7868f8655b-vqjvm,gnn-cluster-worker3,scheduled_on,1.0
1774380220,redis-cache-67d574b944-ll9pf,gnn-cluster-worker2,scheduled_on,1.0
1774380220,workload-generator-667dc97f4f-67vch,gnn-cluster-worker3,scheduled_on,1.0
1774380250,backend-api-669d9964b8-b8qkw,gnn-cluster-worker2,scheduled_on,1.0
1774380250,backend-api-669d9964b8-qblwm,gnn-cluster-worker3,scheduled_on,1.0
1774380250,cpu-stressor-74d6ffcfc4-gghxs,gnn-cluster-worker,scheduled_on,1.0
1774380250,frontend-7868f8655b-25dwq,gnn-cluster-worker,scheduled_on,1.0
1774380250,frontend-7868f8655b-vqjvm,gnn-cluster-worker3,scheduled_on,1.0
1774380250,redis-cache-67d574b944-ll9pf,gnn-cluster-worker2,scheduled_on,1.0
1774380250,workload-generator-667dc97f4f-67vch,gnn-cluster-worker3,scheduled_on,1.0
1774380280,backend-api-669d9964b8-b8qkw,gnn-cluster-worker2,scheduled_on,1.0
1774380280,backend-api-669d9964b8-qblwm,gnn-cluster-worker3,scheduled_on,1.0
1774380280,cpu-stressor-74d6ffcfc4-gghxs,gnn-cluster-worker,scheduled_on,1.0
1774380280,frontend-7868f8655b-25dwq,gnn-cluster-worker,scheduled_on,1.0
1774380280,frontend-7868f8655b-vqjvm,gnn-cluster-worker3,scheduled_on,1.0
1774380280,redis-cache-67d574b944-ll9pf,gnn-cluster-worker2,scheduled_on,1.0
1774380280,workload-generator-667dc97f4f-67vch,gnn-cluster-worker3,scheduled_on,1.0
1774380310,backend-api-669d9964b8-b8qkw,gnn-cluster-worker2,scheduled_on,1.0
1774380310,backend-api-669d9964b8-qblwm,gnn-cluster-worker3,scheduled_on,1.0
1774380310,cpu-stressor-74d6ffcfc4-gghxs,gnn-cluster-worker,scheduled_on,1.0
1774380310,frontend-7868f8655b-25dwq,gnn-cluster-worker,scheduled_on,1.0
1774380310,frontend-7868f8655b-vqjvm,gnn-cluster-worker3,scheduled_on,1.0
1774380310,redis-cache-67d574b944-ll9pf,gnn-cluster-worker2,scheduled_on,1.0
1774380310,workload-generator-667dc97f4f-67vch,gnn-cluster-worker3,scheduled_on,1.0
1774380340,backend-api-669d9964b8-b8qkw,gnn-cluster-worker2,scheduled_on,1.0
1774380340,backend-api-669d9964b8-qblwm,gnn-cluster-worker3,scheduled_on,1.0
1774380340,cpu-stressor-74d6ffcfc4-gghxs,gnn-cluster-worker,scheduled_on,1.0
1774380340,frontend-7868f8655b-25dwq,gnn-cluster-worker,scheduled_on,1.0
1774380340,frontend-7868f8655b-vqjvm,gnn-cluster-worker3,scheduled_on,1.0
1774380340,redis-cache-67d574b944-ll9pf,gnn-cluster-worker2,scheduled_on,1.0
1774380340,workload-generator-667dc97f4f-67vch,gnn-cluster-worker3,scheduled_on,1.0
1774380370,backend-api-669d9964b8-b8qkw,gnn-cluster-worker2,scheduled_on,1.0
1774380370,backend-api-669d9964b8-qblwm,gnn-cluster-worker3,scheduled_on,1.0
1774380370,cpu-stressor-74d6ffcfc4-gghxs,gnn-cluster-worker,scheduled_on,1.0
1774380370,frontend-7868f8655b-25dwq,gnn-cluster-worker,scheduled_on,1.0
1774380370,frontend-7868f8655b-vqjvm,gnn-cluster-worker3,scheduled_on,1.0
1774380370,redis-cache-67d574b944-ll9pf,gnn-cluster-worker2,scheduled_on,1.0
1774380370,workload-generator-667dc97f4f-67vch,gnn-cluster-worker3,scheduled_on,1.0
1774380400,backend-api-669d9964b8-b8qkw,gnn-cluster-worker2,scheduled_on,1.0
1774380400,backend-api-669d9964b8-qblwm,gnn-cluster-worker3,scheduled_on,1.0
1774380400,cpu-stressor-74d6ffcfc4-gghxs,gnn-cluster-worker,scheduled_on,1.0
1774380400,frontend-7868f8655b-25dwq,gnn-cluster-worker,scheduled_on,1.0
1774380400,frontend-7868f8655b-vqjvm,gnn-cluster-worker3,scheduled_on,1.0
1774380400,redis-cache-67d574b944-ll9pf,gnn-cluster-worker2,scheduled_on,1.0
1774380400,workload-generator-667dc97f4f-67vch,gnn-cluster-worker3,scheduled_on,1.0
1774380430,backend-api-669d9964b8-b8qkw,gnn-cluster-worker2,scheduled_on,1.0
1774380430,backend-api-669d9964b8-qblwm,gnn-cluster-worker3,scheduled_on,1.0
1774380430,cpu-stressor-74d6ffcfc4-gghxs,gnn-cluster-worker,scheduled_on,1.0
1774380430,frontend-7868f8655b-25dwq,gnn-cluster-worker,scheduled_on,1.0
1774380430,frontend-7868f8655b-vqjvm,gnn-cluster-worker3,scheduled_on,1.0
1774380430,redis-cache-67d574b944-ll9pf,gnn-cluster-worker2,scheduled_on,1.0
1774380430,workload-generator-667dc97f4f-67vch,gnn-cluster-worker3,scheduled_on,1.0
1774380460,backend-api-669d9964b8-b8qkw,gnn-cluster-worker2,scheduled_on,1.0
1774380460,backend-api-669d9964b8-qblwm,gnn-cluster-worker3,scheduled_on,1.0
1774380460,cpu-stressor-74d6ffcfc4-gghxs,gnn-cluster-worker,scheduled_on,1.0
1774380460,frontend-7868f8655b-25dwq,gnn-cluster-worker,scheduled_on,1.0
1774380460,frontend-7868f8655b-vqjvm,gnn-cluster-worker3,scheduled_on,1.0
1774380460,redis-cache-67d574b944-ll9pf,gnn-cluster-worker2,scheduled_on,1.0
1774380460,workload-generator-667dc97f4f-67vch,gnn-cluster-worker3,scheduled_on,1.0
1774380490,backend-api-669d9964b8-b8qkw,gnn-cluster-worker2,scheduled_on,1.0
1774380490,backend-api-669d9964b8-qblwm,gnn-cluster-worker3,scheduled_on,1.0
1774380490,cpu-stressor-74d6ffcfc4-gghxs,gnn-cluster-worker,scheduled_on,1.0
1774380490,frontend-7868f8655b-25dwq,gnn-cluster-worker,scheduled_on,1.0
1774380490,frontend-7868f8655b-vqjvm,gnn-cluster-worker3,scheduled_on,1.0
1774380490,redis-cache-67d574b944-ll9pf,gnn-cluster-worker2,scheduled_on,1.0
1774380490,workload-generator-667dc97f4f-67vch,gnn-cluster-worker3,scheduled_on,1.0
1774380520,backend-api-669d9964b8-b8qkw,gnn-cluster-worker2,scheduled_on,1.0
1774380520,backend-api-669d9964b8-qblwm,gnn-cluster-worker3,scheduled_on,1.0
1774380520,cpu-stressor-74d6ffcfc4-gghxs,gnn-cluster-worker,scheduled_on,1.0
1774380520,frontend-7868f8655b-25dwq,gnn-cluster-worker,scheduled_on,1.0
1774380520,frontend-7868f8655b-vqjvm,gnn-cluster-worker3,scheduled_on,1.0
1774380520,redis-cache-67d574b944-ll9pf,gnn-cluster-worker2,scheduled_on,1.0
1774380520,workload-generator-667dc97f4f-67vch,gnn-cluster-worker3,scheduled_on,1.0
1774380550,backend-api-669d9964b8-b8qkw,gnn-cluster-worker2,scheduled_on,1.0
1774380550,backend-api-669d9964b8-qblwm,gnn-cluster-worker3,scheduled_on,1.0
1774380550,cpu-stressor-74d6ffcfc4-gghxs,gnn-cluster-worker,scheduled_on,1.0
1774380550,frontend-7868f8655b-25dwq,gnn-cluster-worker,scheduled_on,1.0
1774380550,frontend-7868f8655b-vqjvm,gnn-cluster-worker3,scheduled_on,1.0
1774380550,redis-cache-67d574b944-ll9pf,gnn-cluster-worker2,scheduled_on,1.0
1774380550,workload-generator-667dc97f4f-67vch,gnn-cluster-worker3,scheduled_on,1.0
1774380580,backend-api-669d9964b8-b8qkw,gnn-cluster-worker2,scheduled_on,1.0
1774380580,backend-api-669d9964b8-qblwm,gnn-cluster-worker3,scheduled_on,1.0
1774380580,cpu-stressor-74d6ffcfc4-gghxs,gnn-cluster-worker,scheduled_on,1.0
1774380580,frontend-7868f8655b-25dwq,gnn-cluster-worker,scheduled_on,1.0
1774380580,frontend-7868f8655b-vqjvm,gnn-cluster-worker3,scheduled_on,1.0
1774380580,redis-cache-67d574b944-ll9pf,gnn-cluster-worker2,scheduled_on,1.0
1774380580,workload-generator-667dc97f4f-67vch,gnn-cluster-worker3,scheduled_on,1.0
1774380610,backend-api-669d9964b8-b8qkw,gnn-cluster-worker2,scheduled_on,1.0
1774380610,backend-api-669d9964b8-qblwm,gnn-cluster-worker3,scheduled_on,1.0
1774380610,cpu-stressor-74d6ffcfc4-gghxs,gnn-cluster-worker,scheduled_on,1.0
1774380610,frontend-7868f8655b-25dwq,gnn-cluster-worker,scheduled_on,1.0
1774380610,frontend-7868f8655b-vqjvm,gnn-cluster-worker3,scheduled_on,1.0
1774380610,redis-cache-67d574b944-ll9pf,gnn-cluster-worker2,scheduled_on,1.0
1774380610,workload-generator-667dc97f4f-67vch,gnn-cluster-worker3,scheduled_on,1.0
1774380641,backend-api-669d9964b8-b8qkw,gnn-cluster-worker2,scheduled_on,1.0
1774380641,backend-api-669d9964b8-qblwm,gnn-cluster-worker3,scheduled_on,1.0
1774380641,cpu-stressor-74d6ffcfc4-gghxs,gnn-cluster-worker,scheduled_on,1.0
1774380641,frontend-7868f8655b-25dwq,gnn-cluster-worker,scheduled_on,1.0
1774380641,frontend-7868f8655b-vqjvm,gnn-cluster-worker3,scheduled_on,1.0
1774380641,redis-cache-67d574b944-ll9pf,gnn-cluster-worker2,scheduled_on,1.0
1774380641,workload-generator-667dc97f4f-67vch,gnn-cluster-worker3,scheduled_on,1.0
1774380671,backend-api-669d9964b8-b8qkw,gnn-cluster-worker2,scheduled_on,1.0
1774380671,backend-api-669d9964b8-qblwm,gnn-cluster-worker3,scheduled_on,1.0
1774380671,cpu-stressor-74d6ffcfc4-gghxs,gnn-cluster-worker,scheduled_on,1.0
1774380671,frontend-7868f8655b-25dwq,gnn-cluster-worker,scheduled_on,1.0
1774380671,frontend-7868f8655b-vqjvm,gnn-cluster-worker3,scheduled_on,1.0
1774380671,redis-cache-67d574b944-ll9pf,gnn-cluster-worker2,scheduled_on,1.0
1774380671,workload-generator-667dc97f4f-67vch,gnn-cluster-worker3,scheduled_on,1.0
1774380701,backend-api-669d9964b8-b8qkw,gnn-cluster-worker2,scheduled_on,1.0
1774380701,backend-api-669d9964b8-qblwm,gnn-cluster-worker3,scheduled_on,1.0
1774380701,cpu-stressor-74d6ffcfc4-gghxs,gnn-cluster-worker,scheduled_on,1.0
1774380701,frontend-7868f8655b-25dwq,gnn-cluster-worker,scheduled_on,1.0
1774380701,frontend-7868f8655b-vqjvm,gnn-cluster-worker3,scheduled_on,1.0
1774380701,redis-cache-67d574b944-ll9pf,gnn-cluster-worker2,scheduled_on,1.0
1774380701,workload-generator-667dc97f4f-67vch,gnn-cluster-worker3,scheduled_on,1.0
1774380731,backend-api-669d9964b8-b8qkw,gnn-cluster-worker2,scheduled_on,1.0
1774380731,backend-api-669d9964b8-qblwm,gnn-cluster-worker3,scheduled_on,1.0
1774380731,cpu-stressor-74d6ffcfc4-gghxs,gnn-cluster-worker,scheduled_on,1.0
1774380731,frontend-7868f8655b-25dwq,gnn-cluster-worker,scheduled_on,1.0
1774380731,frontend-7868f8655b-vqjvm,gnn-cluster-worker3,scheduled_on,1.0
1774380731,redis-cache-67d574b944-ll9pf,gnn-cluster-worker2,scheduled_on,1.0
1774380731,workload-generator-667dc97f4f-67vch,gnn-cluster-worker3,scheduled_on,1.0
1774380761,backend-api-669d9964b8-b8qkw,gnn-cluster-worker2,scheduled_on,1.0
1774380761,backend-api-669d9964b8-qblwm,gnn-cluster-worker3,scheduled_on,1.0
1774380761,cpu-stressor-74d6ffcfc4-gghxs,gnn-cluster-worker,scheduled_on,1.0
1774380761,frontend-7868f8655b-25dwq,gnn-cluster-worker,scheduled_on,1.0
1774380761,frontend-7868f8655b-vqjvm,gnn-cluster-worker3,scheduled_on,1.0
1774380761,redis-cache-67d574b944-ll9pf,gnn-cluster-worker2,scheduled_on,1.0
1774380761,workload-generator-667dc97f4f-67vch,gnn-cluster-worker3,scheduled_on,1.0
1774380791,backend-api-669d9964b8-b8qkw,gnn-cluster-worker2,scheduled_on,1.0
1774380791,backend-api-669d9964b8-qblwm,gnn-cluster-worker3,scheduled_on,1.0
1774380791,cpu-stressor-74d6ffcfc4-gghxs,gnn-cluster-worker,scheduled_on,1.0
1774380791,frontend-7868f8655b-25dwq,gnn-cluster-worker,scheduled_on,1.0
1774380791,frontend-7868f8655b-vqjvm,gnn-cluster-worker3,scheduled_on,1.0
1774380791,redis-cache-67d574b944-ll9pf,gnn-cluster-worker2,scheduled_on,1.0
1774380791,workload-generator-667dc97f4f-67vch,gnn-cluster-worker3,scheduled_on,1.0
1774380821,backend-api-669d9964b8-b8qkw,gnn-cluster-worker2,scheduled_on,1.0
1774380821,backend-api-669d9964b8-qblwm,gnn-cluster-worker3,scheduled_on,1.0
1774380821,cpu-stressor-74d6ffcfc4-gghxs,gnn-cluster-worker,scheduled_on,1.0
1774380821,frontend-7868f8655b-25dwq,gnn-cluster-worker,scheduled_on,1.0
1774380821,frontend-7868f8655b-vqjvm,gnn-cluster-worker3,scheduled_on,1.0
1774380821,redis-cache-67d574b944-ll9pf,gnn-cluster-worker2,scheduled_on,1.0
1774380821,workload-generator-667dc97f4f-67vch,gnn-cluster-worker3,scheduled_on,1.0
1774380851,backend-api-669d9964b8-b8qkw,gnn-cluster-worker2,scheduled_on,1.0
1774380851,backend-api-669d9964b8-qblwm,gnn-cluster-worker3,scheduled_on,1.0
1774380851,cpu-stressor-74d6ffcfc4-gghxs,gnn-cluster-worker,scheduled_on,1.0
1774380851,frontend-7868f8655b-25dwq,gnn-cluster-worker,scheduled_on,1.0
1774380851,frontend-7868f8655b-vqjvm,gnn-cluster-worker3,scheduled_on,1.0
1774380851,redis-cache-67d574b944-ll9pf,gnn-cluster-worker2,scheduled_on,1.0
1774380851,workload-generator-667dc97f4f-67vch,gnn-cluster-worker3,scheduled_on,1.0
1774380881,backend-api-669d9964b8-b8qkw,gnn-cluster-worker2,scheduled_on,1.0
1774380881,backend-api-669d9964b8-qblwm,gnn-cluster-worker3,scheduled_on,1.0
1774380881,cpu-stressor-74d6ffcfc4-gghxs,gnn-cluster-worker,scheduled_on,1.0
1774380881,frontend-7868f8655b-25dwq,gnn-cluster-worker,scheduled_on,1.0
1774380881,frontend-7868f8655b-vqjvm,gnn-cluster-worker3,scheduled_on,1.0
1774380881,redis-cache-67d574b944-ll9pf,gnn-cluster-worker2,scheduled_on,1.0
1774380881,workload-generator-667dc97f4f-67vch,gnn-cluster-worker3,scheduled_on,1.0
1774380911,backend-api-669d9964b8-b8qkw,gnn-cluster-worker2,scheduled_on,1.0
1774380911,backend-api-669d9964b8-qblwm,gnn-cluster-worker3,scheduled_on,1.0
1774380911,cpu-stressor-74d6ffcfc4-gghxs,gnn-cluster-worker,scheduled_on,1.0
1774380911,frontend-7868f8655b-25dwq,gnn-cluster-worker,scheduled_on,1.0
1774380911,frontend-7868f8655b-vqjvm,gnn-cluster-worker3,scheduled_on,1.0
1774380911,redis-cache-67d574b944-ll9pf,gnn-cluster-worker2,scheduled_on,1.0
1774380911,workload-generator-667dc97f4f-67vch,gnn-cluster-worker3,scheduled_on,1.0
1774380941,backend-api-669d9964b8-b8qkw,gnn-cluster-worker2,scheduled_on,1.0
1774380941,backend-api-669d9964b8-qblwm,gnn-cluster-worker3,scheduled_on,1.0
1774380941,cpu-stressor-74d6ffcfc4-gghxs,gnn-cluster-worker,scheduled_on,1.0
1774380941,frontend-7868f8655b-25dwq,gnn-cluster-worker,scheduled_on,1.0
1774380941,frontend-7868f8655b-vqjvm,gnn-cluster-worker3,scheduled_on,1.0
1774380941,redis-cache-67d574b944-ll9pf,gnn-cluster-worker2,scheduled_on,1.0
1774380941,workload-generator-667dc97f4f-67vch,gnn-cluster-worker3,scheduled_on,1.0
1774380971,backend-api-669d9964b8-b8qkw,gnn-cluster-worker2,scheduled_on,1.0
1774380971,backend-api-669d9964b8-qblwm,gnn-cluster-worker3,scheduled_on,1.0
1774380971,cpu-stressor-74d6ffcfc4-gghxs,gnn-cluster-worker,scheduled_on,1.0
1774380971,frontend-7868f8655b-25dwq,gnn-cluster-worker,scheduled_on,1.0
1774380971,frontend-7868f8655b-vqjvm,gnn-cluster-worker3,scheduled_on,1.0
1774380971,redis-cache-67d574b944-ll9pf,gnn-cluster-worker2,scheduled_on,1.0
1774380971,workload-generator-667dc97f4f-67vch,gnn-cluster-worker3,scheduled_on,1.0
1774381001,backend-api-669d9964b8-b8qkw,gnn-cluster-worker2,scheduled_on,1.0
1774381001,backend-api-669d9964b8-qblwm,gnn-cluster-worker3,scheduled_on,1.0
1774381001,cpu-stressor-74d6ffcfc4-gghxs,gnn-cluster-worker,scheduled_on,1.0
1774381001,frontend-7868f8655b-25dwq,gnn-cluster-worker,scheduled_on,1.0
1774381001,frontend-7868f8655b-vqjvm,gnn-cluster-worker3,scheduled_on,1.0
1774381001,redis-cache-67d574b944-ll9pf,gnn-cluster-worker2,scheduled_on,1.0
1774381001,workload-generator-667dc97f4f-67vch,gnn-cluster-worker3,scheduled_on,1.0
1774381031,backend-api-669d9964b8-b8qkw,gnn-cluster-worker2,scheduled_on,1.0
1774381031,backend-api-669d9964b8-qblwm,gnn-cluster-worker3,scheduled_on,1.0
1774381031,cpu-stressor-74d6ffcfc4-gghxs,gnn-cluster-worker,scheduled_on,1.0
1774381031,frontend-7868f8655b-25dwq,gnn-cluster-worker,scheduled_on,1.0
1774381031,frontend-7868f8655b-vqjvm,gnn-cluster-worker3,scheduled_on,1.0
1774381031,redis-cache-67d574b944-ll9pf,gnn-cluster-worker2,scheduled_on,1.0
1774381031,workload-generator-667dc97f4f-67vch,gnn-cluster-worker3,scheduled_on,1.0
1774381062,backend-api-669d9964b8-b8qkw,gnn-cluster-worker2,scheduled_on,1.0
1774381062,backend-api-669d9964b8-qblwm,gnn-cluster-worker3,scheduled_on,1.0
1774381062,cpu-stressor-74d6ffcfc4-gghxs,gnn-cluster-worker,scheduled_on,1.0
1774381062,frontend-7868f8655b-25dwq,gnn-cluster-worker,scheduled_on,1.0
1774381062,frontend-7868f8655b-vqjvm,gnn-cluster-worker3,scheduled_on,1.0
1774381062,redis-cache-67d574b944-ll9pf,gnn-cluster-worker2,scheduled_on,1.0
1774381062,workload-generator-667dc97f4f-67vch,gnn-cluster-worker3,scheduled_on,1.0
1774381092,backend-api-669d9964b8-b8qkw,gnn-cluster-worker2,scheduled_on,1.0
1774381092,backend-api-669d9964b8-qblwm,gnn-cluster-worker3,scheduled_on,1.0
1774381092,cpu-stressor-74d6ffcfc4-gghxs,gnn-cluster-worker,scheduled_on,1.0
1774381092,frontend-7868f8655b-25dwq,gnn-cluster-worker,scheduled_on,1.0
1774381092,frontend-7868f8655b-vqjvm,gnn-cluster-worker3,scheduled_on,1.0
1774381092,redis-cache-67d574b944-ll9pf,gnn-cluster-worker2,scheduled_on,1.0
1774381092,workload-generator-667dc97f4f-67vch,gnn-cluster-worker3,scheduled_on,1.0
1774381122,backend-api-669d9964b8-b8qkw,gnn-cluster-worker2,scheduled_on,1.0
1774381122,backend-api-669d9964b8-qblwm,gnn-cluster-worker3,scheduled_on,1.0
1774381122,cpu-stressor-74d6ffcfc4-gghxs,gnn-cluster-worker,scheduled_on,1.0
1774381122,frontend-7868f8655b-25dwq,gnn-cluster-worker,scheduled_on,1.0
1774381122,frontend-7868f8655b-vqjvm,gnn-cluster-worker3,scheduled_on,1.0
1774381122,redis-cache-67d574b944-ll9pf,gnn-cluster-worker2,scheduled_on,1.0
1774381122,workload-generator-667dc97f4f-67vch,gnn-cluster-worker3,scheduled_on,1.0
1774381152,backend-api-669d9964b8-b8qkw,gnn-cluster-worker2,scheduled_on,1.0
1774381152,backend-api-669d9964b8-qblwm,gnn-cluster-worker3,scheduled_on,1.0
1774381152,cpu-stressor-74d6ffcfc4-gghxs,gnn-cluster-worker,scheduled_on,1.0
1774381152,frontend-7868f8655b-25dwq,gnn-cluster-worker,scheduled_on,1.0
1774381152,frontend-7868f8655b-vqjvm,gnn-cluster-worker3,scheduled_on,1.0
1774381152,redis-cache-67d574b944-ll9pf,gnn-cluster-worker2,scheduled_on,1.0
1774381152,workload-generator-667dc97f4f-67vch,gnn-cluster-worker3,scheduled_on,1.0
1774381182,backend-api-669d9964b8-b8qkw,gnn-cluster-worker2,scheduled_on,1.0
1774381182,backend-api-669d9964b8-qblwm,gnn-cluster-worker3,scheduled_on,1.0
1774381182,cpu-stressor-74d6ffcfc4-gghxs,gnn-cluster-worker,scheduled_on,1.0
1774381182,frontend-7868f8655b-25dwq,gnn-cluster-worker,scheduled_on,1.0
1774381182,frontend-7868f8655b-vqjvm,gnn-cluster-worker3,scheduled_on,1.0
1774381182,redis-cache-67d574b944-ll9pf,gnn-cluster-worker2,scheduled_on,1.0
1774381182,workload-generator-667dc97f4f-67vch,gnn-cluster-worker3,scheduled_on,1.0
1774381212,backend-api-669d9964b8-b8qkw,gnn-cluster-worker2,scheduled_on,1.0
1774381212,backend-api-669d9964b8-qblwm,gnn-cluster-worker3,scheduled_on,1.0
1774381212,cpu-stressor-74d6ffcfc4-gghxs,gnn-cluster-worker,scheduled_on,1.0
1774381212,frontend-7868f8655b-25dwq,gnn-cluster-worker,scheduled_on,1.0
1774381212,frontend-7868f8655b-vqjvm,gnn-cluster-worker3,scheduled_on,1.0
1774381212,redis-cache-67d574b944-ll9pf,gnn-cluster-worker2,scheduled_on,1.0
1774381212,workload-generator-667dc97f4f-67vch,gnn-cluster-worker3,scheduled_on,1.0
1774381242,backend-api-669d9964b8-b8qkw,gnn-cluster-worker2,scheduled_on,1.0
1774381242,backend-api-669d9964b8-qblwm,gnn-cluster-worker3,scheduled_on,1.0
1774381242,cpu-stressor-74d6ffcfc4-gghxs,gnn-cluster-worker,scheduled_on,1.0
1774381242,frontend-7868f8655b-25dwq,gnn-cluster-worker,scheduled_on,1.0
1774381242,frontend-7868f8655b-vqjvm,gnn-cluster-worker3,scheduled_on,1.0
1774381242,redis-cache-67d574b944-ll9pf,gnn-cluster-worker2,scheduled_on,1.0
1774381242,workload-generator-667dc97f4f-67vch,gnn-cluster-worker3,scheduled_on,1.0
1774381272,backend-api-669d9964b8-b8qkw,gnn-cluster-worker2,scheduled_on,1.0
1774381272,backend-api-669d9964b8-qblwm,gnn-cluster-worker3,scheduled_on,1.0
1774381272,cpu-stressor-74d6ffcfc4-gghxs,gnn-cluster-worker,scheduled_on,1.0
1774381272,frontend-7868f8655b-25dwq,gnn-cluster-worker,scheduled_on,1.0
1774381272,frontend-7868f8655b-vqjvm,gnn-cluster-worker3,scheduled_on,1.0
1774381272,redis-cache-67d574b944-ll9pf,gnn-cluster-worker2,scheduled_on,1.0
1774381272,workload-generator-667dc97f4f-67vch,gnn-cluster-worker3,scheduled_on,1.0
1774381302,backend-api-669d9964b8-b8qkw,gnn-cluster-worker2,scheduled_on,1.0
1774381302,backend-api-669d9964b8-qblwm,gnn-cluster-worker3,scheduled_on,1.0
1774381302,cpu-stressor-74d6ffcfc4-gghxs,gnn-cluster-worker,scheduled_on,1.0
1774381302,frontend-7868f8655b-25dwq,gnn-cluster-worker,scheduled_on,1.0
1774381302,frontend-7868f8655b-vqjvm,gnn-cluster-worker3,scheduled_on,1.0
1774381302,redis-cache-67d574b944-ll9pf,gnn-cluster-worker2,scheduled_on,1.0
1774381302,workload-generator-667dc97f4f-67vch,gnn-cluster-worker3,scheduled_on,1.0
1774381332,backend-api-669d9964b8-b8qkw,gnn-cluster-worker2,scheduled_on,1.0
1774381332,backend-api-669d9964b8-qblwm,gnn-cluster-worker3,scheduled_on,1.0
1774381332,cpu-stressor-74d6ffcfc4-gghxs,gnn-cluster-worker,scheduled_on,1.0
1774381332,frontend-7868f8655b-25dwq,gnn-cluster-worker,scheduled_on,1.0
1774381332,frontend-7868f8655b-vqjvm,gnn-cluster-worker3,scheduled_on,1.0
1774381332,redis-cache-67d574b944-ll9pf,gnn-cluster-worker2,scheduled_on,1.0
1774381332,workload-generator-667dc97f4f-67vch,gnn-cluster-worker3,scheduled_on,1.0
1774381362,backend-api-669d9964b8-b8qkw,gnn-cluster-worker2,scheduled_on,1.0
1774381362,backend-api-669d9964b8-qblwm,gnn-cluster-worker3,scheduled_on,1.0
1774381362,cpu-stressor-74d6ffcfc4-gghxs,gnn-cluster-worker,scheduled_on,1.0
1774381362,frontend-7868f8655b-25dwq,gnn-cluster-worker,scheduled_on,1.0
1774381362,frontend-7868f8655b-vqjvm,gnn-cluster-worker3,scheduled_on,1.0
1774381362,redis-cache-67d574b944-ll9pf,gnn-cluster-worker2,scheduled_on,1.0
1774381362,workload-generator-667dc97f4f-67vch,gnn-cluster-worker3,scheduled_on,1.0
1774381392,backend-api-669d9964b8-b8qkw,gnn-cluster-worker2,scheduled_on,1.0
1774381392,backend-api-669d9964b8-qblwm,gnn-cluster-worker3,scheduled_on,1.0
1774381392,cpu-stressor-74d6ffcfc4-gghxs,gnn-cluster-worker,scheduled_on,1.0
1774381392,frontend-7868f8655b-25dwq,gnn-cluster-worker,scheduled_on,1.0
1774381392,frontend-7868f8655b-vqjvm,gnn-cluster-worker3,scheduled_on,1.0
1774381392,redis-cache-67d574b944-ll9pf,gnn-cluster-worker2,scheduled_on,1.0
1774381392,workload-generator-667dc97f4f-67vch,gnn-cluster-worker3,scheduled_on,1.0
1774381422,backend-api-669d9964b8-b8qkw,gnn-cluster-worker2,scheduled_on,1.0
1774381422,backend-api-669d9964b8-qblwm,gnn-cluster-worker3,scheduled_on,1.0
1774381422,cpu-stressor-74d6ffcfc4-gghxs,gnn-cluster-worker,scheduled_on,1.0
1774381422,frontend-7868f8655b-25dwq,gnn-cluster-worker,scheduled_on,1.0
1774381422,frontend-7868f8655b-vqjvm,gnn-cluster-worker3,scheduled_on,1.0
1774381422,redis-cache-67d574b944-ll9pf,gnn-cluster-worker2,scheduled_on,1.0
1774381422,workload-generator-667dc97f4f-67vch,gnn-cluster-worker3,scheduled_on,1.0
1774381452,backend-api-669d9964b8-b8qkw,gnn-cluster-worker2,scheduled_on,1.0
1774381452,backend-api-669d9964b8-qblwm,gnn-cluster-worker3,scheduled_on,1.0
1774381452,cpu-stressor-74d6ffcfc4-gghxs,gnn-cluster-worker,scheduled_on,1.0
1774381452,frontend-7868f8655b-25dwq,gnn-cluster-worker,scheduled_on,1.0
1774381452,frontend-7868f8655b-vqjvm,gnn-cluster-worker3,scheduled_on,1.0
1774381452,redis-cache-67d574b944-ll9pf,gnn-cluster-worker2,scheduled_on,1.0
1774381452,workload-generator-667dc97f4f-67vch,gnn-cluster-worker3,scheduled_on,1.0
1774381483,backend-api-669d9964b8-b8qkw,gnn-cluster-worker2,scheduled_on,1.0
1774381483,backend-api-669d9964b8-qblwm,gnn-cluster-worker3,scheduled_on,1.0
1774381483,cpu-stressor-74d6ffcfc4-gghxs,gnn-cluster-worker,scheduled_on,1.0
1774381483,frontend-7868f8655b-25dwq,gnn-cluster-worker,scheduled_on,1.0
1774381483,frontend-7868f8655b-vqjvm,gnn-cluster-worker3,scheduled_on,1.0
1774381483,redis-cache-67d574b944-ll9pf,gnn-cluster-worker2,scheduled_on,1.0
1774381483,workload-generator-667dc97f4f-67vch,gnn-cluster-worker3,scheduled_on,1.0
1774381513,backend-api-669d9964b8-b8qkw,gnn-cluster-worker2,scheduled_on,1.0
1774381513,backend-api-669d9964b8-qblwm,gnn-cluster-worker3,scheduled_on,1.0
1774381513,cpu-stressor-74d6ffcfc4-gghxs,gnn-cluster-worker,scheduled_on,1.0
1774381513,frontend-7868f8655b-25dwq,gnn-cluster-worker,scheduled_on,1.0
1774381513,frontend-7868f8655b-vqjvm,gnn-cluster-worker3,scheduled_on,1.0
1774381513,redis-cache-67d574b944-ll9pf,gnn-cluster-worker2,scheduled_on,1.0
1774381513,workload-generator-667dc97f4f-67vch,gnn-cluster-worker3,scheduled_on,1.0
1774381543,backend-api-669d9964b8-b8qkw,gnn-cluster-worker2,scheduled_on,1.0
1774381543,backend-api-669d9964b8-qblwm,gnn-cluster-worker3,scheduled_on,1.0
1774381543,cpu-stressor-74d6ffcfc4-gghxs,gnn-cluster-worker,scheduled_on,1.0
1774381543,frontend-7868f8655b-25dwq,gnn-cluster-worker,scheduled_on,1.0
1774381543,frontend-7868f8655b-vqjvm,gnn-cluster-worker3,scheduled_on,1.0
1774381543,redis-cache-67d574b944-ll9pf,gnn-cluster-worker2,scheduled_on,1.0
1774381543,workload-generator-667dc97f4f-67vch,gnn-cluster-worker3,scheduled_on,1.0
1774381573,backend-api-669d9964b8-b8qkw,gnn-cluster-worker2,scheduled_on,1.0
1774381573,backend-api-669d9964b8-qblwm,gnn-cluster-worker3,scheduled_on,1.0
1774381573,cpu-stressor-74d6ffcfc4-gghxs,gnn-cluster-worker,scheduled_on,1.0
1774381573,frontend-7868f8655b-25dwq,gnn-cluster-worker,scheduled_on,1.0
1774381573,frontend-7868f8655b-vqjvm,gnn-cluster-worker3,scheduled_on,1.0
1774381573,redis-cache-67d574b944-ll9pf,gnn-cluster-worker2,scheduled_on,1.0
1774381573,workload-generator-667dc97f4f-67vch,gnn-cluster-worker3,scheduled_on,1.0
1774381603,backend-api-669d9964b8-b8qkw,gnn-cluster-worker2,scheduled_on,1.0
1774381603,backend-api-669d9964b8-qblwm,gnn-cluster-worker3,scheduled_on,1.0
1774381603,cpu-stressor-74d6ffcfc4-gghxs,gnn-cluster-worker,scheduled_on,1.0
1774381603,frontend-7868f8655b-25dwq,gnn-cluster-worker,scheduled_on,1.0
1774381603,frontend-7868f8655b-vqjvm,gnn-cluster-worker3,scheduled_on,1.0
1774381603,redis-cache-67d574b944-ll9pf,gnn-cluster-worker2,scheduled_on,1.0
1774381603,workload-generator-667dc97f4f-67vch,gnn-cluster-worker3,scheduled_on,1.0
1774381633,backend-api-669d9964b8-b8qkw,gnn-cluster-worker2,scheduled_on,1.0
1774381633,backend-api-669d9964b8-qblwm,gnn-cluster-worker3,scheduled_on,1.0
1774381633,cpu-stressor-74d6ffcfc4-gghxs,gnn-cluster-worker,scheduled_on,1.0
1774381633,frontend-7868f8655b-25dwq,gnn-cluster-worker,scheduled_on,1.0
1774381633,frontend-7868f8655b-vqjvm,gnn-cluster-worker3,scheduled_on,1.0
1774381633,redis-cache-67d574b944-ll9pf,gnn-cluster-worker2,scheduled_on,1.0
1774381633,workload-generator-667dc97f4f-67vch,gnn-cluster-worker3,scheduled_on,1.0
1774381663,backend-api-669d9964b8-b8qkw,gnn-cluster-worker2,scheduled_on,1.0
1774381663,backend-api-669d9964b8-qblwm,gnn-cluster-worker3,scheduled_on,1.0
1774381663,cpu-stressor-74d6ffcfc4-gghxs,gnn-cluster-worker,scheduled_on,1.0
1774381663,frontend-7868f8655b-25dwq,gnn-cluster-worker,scheduled_on,1.0
1774381663,frontend-7868f8655b-vqjvm,gnn-cluster-worker3,scheduled_on,1.0
1774381663,redis-cache-67d574b944-ll9pf,gnn-cluster-worker2,scheduled_on,1.0
1774381663,workload-generator-667dc97f4f-67vch,gnn-cluster-worker3,scheduled_on,1.0
1774381693,backend-api-669d9964b8-b8qkw,gnn-cluster-worker2,scheduled_on,1.0
1774381693,backend-api-669d9964b8-qblwm,gnn-cluster-worker3,scheduled_on,1.0
1774381693,cpu-stressor-74d6ffcfc4-gghxs,gnn-cluster-worker,scheduled_on,1.0
1774381693,frontend-7868f8655b-25dwq,gnn-cluster-worker,scheduled_on,1.0
1774381693,frontend-7868f8655b-vqjvm,gnn-cluster-worker3,scheduled_on,1.0
1774381693,redis-cache-67d574b944-ll9pf,gnn-cluster-worker2,scheduled_on,1.0
1774381693,workload-generator-667dc97f4f-67vch,gnn-cluster-worker3,scheduled_on,1.0
1774381723,backend-api-669d9964b8-b8qkw,gnn-cluster-worker2,scheduled_on,1.0
1774381723,backend-api-669d9964b8-qblwm,gnn-cluster-worker3,scheduled_on,1.0
1774381723,cpu-stressor-74d6ffcfc4-gghxs,gnn-cluster-worker,scheduled_on,1.0
1774381723,frontend-7868f8655b-25dwq,gnn-cluster-worker,scheduled_on,1.0
1774381723,frontend-7868f8655b-vqjvm,gnn-cluster-worker3,scheduled_on,1.0
1774381723,redis-cache-67d574b944-ll9pf,gnn-cluster-worker2,scheduled_on,1.0
1774381723,workload-generator-667dc97f4f-67vch,gnn-cluster-worker3,scheduled_on,1.0
1774381753,backend-api-669d9964b8-b8qkw,gnn-cluster-worker2,scheduled_on,1.0
1774381753,backend-api-669d9964b8-qblwm,gnn-cluster-worker3,scheduled_on,1.0
1774381753,cpu-stressor-74d6ffcfc4-gghxs,gnn-cluster-worker,scheduled_on,1.0
1774381753,frontend-7868f8655b-25dwq,gnn-cluster-worker,scheduled_on,1.0
1774381753,frontend-7868f8655b-vqjvm,gnn-cluster-worker3,scheduled_on,1.0
1774381753,redis-cache-67d574b944-ll9pf,gnn-cluster-worker2,scheduled_on,1.0
1774381753,workload-generator-667dc97f4f-67vch,gnn-cluster-worker3,scheduled_on,1.0
1774381783,backend-api-669d9964b8-b8qkw,gnn-cluster-worker2,scheduled_on,1.0
1774381783,backend-api-669d9964b8-qblwm,gnn-cluster-worker3,scheduled_on,1.0
1774381783,cpu-stressor-74d6ffcfc4-gghxs,gnn-cluster-worker,scheduled_on,1.0
1774381783,frontend-7868f8655b-25dwq,gnn-cluster-worker,scheduled_on,1.0
1774381783,frontend-7868f8655b-vqjvm,gnn-cluster-worker3,scheduled_on,1.0
1774381783,redis-cache-67d574b944-ll9pf,gnn-cluster-worker2,scheduled_on,1.0
1774381783,workload-generator-667dc97f4f-67vch,gnn-cluster-worker3,scheduled_on,1.0
1774381813,backend-api-669d9964b8-b8qkw,gnn-cluster-worker2,scheduled_on,1.0
1774381813,backend-api-669d9964b8-qblwm,gnn-cluster-worker3,scheduled_on,1.0
1774381813,cpu-stressor-74d6ffcfc4-gghxs,gnn-cluster-worker,scheduled_on,1.0
1774381813,frontend-7868f8655b-25dwq,gnn-cluster-worker,scheduled_on,1.0
1774381813,frontend-7868f8655b-vqjvm,gnn-cluster-worker3,scheduled_on,1.0
1774381813,redis-cache-67d574b944-ll9pf,gnn-cluster-worker2,scheduled_on,1.0
1774381813,workload-generator-667dc97f4f-67vch,gnn-cluster-worker3,scheduled_on,1.0
1774381843,backend-api-669d9964b8-b8qkw,gnn-cluster-worker2,scheduled_on,1.0
1774381843,backend-api-669d9964b8-qblwm,gnn-cluster-worker3,scheduled_on,1.0
1774381843,cpu-stressor-74d6ffcfc4-gghxs,gnn-cluster-worker,scheduled_on,1.0
1774381843,frontend-7868f8655b-25dwq,gnn-cluster-worker,scheduled_on,1.0
1774381843,frontend-7868f8655b-vqjvm,gnn-cluster-worker3,scheduled_on,1.0
1774381843,redis-cache-67d574b944-ll9pf,gnn-cluster-worker2,scheduled_on,1.0
1774381843,workload-generator-667dc97f4f-67vch,gnn-cluster-worker3,scheduled_on,1.0
1774381873,backend-api-669d9964b8-b8qkw,gnn-cluster-worker2,scheduled_on,1.0
1774381873,backend-api-669d9964b8-qblwm,gnn-cluster-worker3,scheduled_on,1.0
1774381873,cpu-stressor-74d6ffcfc4-gghxs,gnn-cluster-worker,scheduled_on,1.0
1774381873,frontend-7868f8655b-25dwq,gnn-cluster-worker,scheduled_on,1.0
1774381873,frontend-7868f8655b-vqjvm,gnn-cluster-worker3,scheduled_on,1.0
1774381873,redis-cache-67d574b944-ll9pf,gnn-cluster-worker2,scheduled_on,1.0
1774381873,workload-generator-667dc97f4f-67vch,gnn-cluster-worker3,scheduled_on,1.0
1774381904,backend-api-669d9964b8-b8qkw,gnn-cluster-worker2,scheduled_on,1.0
1774381904,backend-api-669d9964b8-qblwm,gnn-cluster-worker3,scheduled_on,1.0
1774381904,cpu-stressor-74d6ffcfc4-gghxs,gnn-cluster-worker,scheduled_on,1.0
1774381904,frontend-7868f8655b-25dwq,gnn-cluster-worker,scheduled_on,1.0
1774381904,frontend-7868f8655b-vqjvm,gnn-cluster-worker3,scheduled_on,1.0
1774381904,redis-cache-67d574b944-ll9pf,gnn-cluster-worker2,scheduled_on,1.0
1774381904,workload-generator-667dc97f4f-67vch,gnn-cluster-worker3,scheduled_on,1.0
1774381934,backend-api-669d9964b8-b8qkw,gnn-cluster-worker2,scheduled_on,1.0
1774381934,backend-api-669d9964b8-qblwm,gnn-cluster-worker3,scheduled_on,1.0
1774381934,cpu-stressor-74d6ffcfc4-gghxs,gnn-cluster-worker,scheduled_on,1.0
1774381934,frontend-7868f8655b-25dwq,gnn-cluster-worker,scheduled_on,1.0
1774381934,frontend-7868f8655b-vqjvm,gnn-cluster-worker3,scheduled_on,1.0
1774381934,redis-cache-67d574b944-ll9pf,gnn-cluster-worker2,scheduled_on,1.0
1774381934,workload-generator-667dc97f4f-67vch,gnn-cluster-worker3,scheduled_on,1.0
1774381964,backend-api-669d9964b8-b8qkw,gnn-cluster-worker2,scheduled_on,1.0
1774381964,backend-api-669d9964b8-qblwm,gnn-cluster-worker3,scheduled_on,1.0
1774381964,cpu-stressor-74d6ffcfc4-gghxs,gnn-cluster-worker,scheduled_on,1.0
1774381964,frontend-7868f8655b-25dwq,gnn-cluster-worker,scheduled_on,1.0
1774381964,frontend-7868f8655b-vqjvm,gnn-cluster-worker3,scheduled_on,1.0
1774381964,redis-cache-67d574b944-ll9pf,gnn-cluster-worker2,scheduled_on,1.0
1774381964,workload-generator-667dc97f4f-67vch,gnn-cluster-worker3,scheduled_on,1.0
1774381994,backend-api-669d9964b8-b8qkw,gnn-cluster-worker2,scheduled_on,1.0
1774381994,backend-api-669d9964b8-qblwm,gnn-cluster-worker3,scheduled_on,1.0
1774381994,cpu-stressor-74d6ffcfc4-gghxs,gnn-cluster-worker,scheduled_on,1.0
1774381994,frontend-7868f8655b-25dwq,gnn-cluster-worker,scheduled_on,1.0
1774381994,frontend-7868f8655b-vqjvm,gnn-cluster-worker3,scheduled_on,1.0
1774381994,redis-cache-67d574b944-ll9pf,gnn-cluster-worker2,scheduled_on,1.0
1774381994,workload-generator-667dc97f4f-67vch,gnn-cluster-worker3,scheduled_on,1.0
1774382024,backend-api-669d9964b8-b8qkw,gnn-cluster-worker2,scheduled_on,1.0
1774382024,backend-api-669d9964b8-qblwm,gnn-cluster-worker3,scheduled_on,1.0
1774382024,cpu-stressor-74d6ffcfc4-gghxs,gnn-cluster-worker,scheduled_on,1.0
1774382024,frontend-7868f8655b-25dwq,gnn-cluster-worker,scheduled_on,1.0
1774382024,frontend-7868f8655b-vqjvm,gnn-cluster-worker3,scheduled_on,1.0
1774382024,redis-cache-67d574b944-ll9pf,gnn-cluster-worker2,scheduled_on,1.0
1774382024,workload-generator-667dc97f4f-67vch,gnn-cluster-worker3,scheduled_on,1.0
1774382054,backend-api-669d9964b8-b8qkw,gnn-cluster-worker2,scheduled_on,1.0
1774382054,backend-api-669d9964b8-qblwm,gnn-cluster-worker3,scheduled_on,1.0
1774382054,cpu-stressor-74d6ffcfc4-gghxs,gnn-cluster-worker,scheduled_on,1.0
1774382054,frontend-7868f8655b-25dwq,gnn-cluster-worker,scheduled_on,1.0
1774382054,frontend-7868f8655b-vqjvm,gnn-cluster-worker3,scheduled_on,1.0
1774382054,redis-cache-67d574b944-ll9pf,gnn-cluster-worker2,scheduled_on,1.0
1774382054,workload-generator-667dc97f4f-67vch,gnn-cluster-worker3,scheduled_on,1.0
1774382084,backend-api-669d9964b8-b8qkw,gnn-cluster-worker2,scheduled_on,1.0
1774382084,backend-api-669d9964b8-qblwm,gnn-cluster-worker3,scheduled_on,1.0
1774382084,cpu-stressor-74d6ffcfc4-gghxs,gnn-cluster-worker,scheduled_on,1.0
1774382084,frontend-7868f8655b-25dwq,gnn-cluster-worker,scheduled_on,1.0
1774382084,frontend-7868f8655b-vqjvm,gnn-cluster-worker3,scheduled_on,1.0
1774382084,redis-cache-67d574b944-ll9pf,gnn-cluster-worker2,scheduled_on,1.0
1774382084,workload-generator-667dc97f4f-67vch,gnn-cluster-worker3,scheduled_on,1.0
1774382114,backend-api-669d9964b8-b8qkw,gnn-cluster-worker2,scheduled_on,1.0
1774382114,backend-api-669d9964b8-qblwm,gnn-cluster-worker3,scheduled_on,1.0
1774382114,cpu-stressor-74d6ffcfc4-gghxs,gnn-cluster-worker,scheduled_on,1.0
1774382114,frontend-7868f8655b-25dwq,gnn-cluster-worker,scheduled_on,1.0
1774382114,frontend-7868f8655b-vqjvm,gnn-cluster-worker3,scheduled_on,1.0
1774382114,redis-cache-67d574b944-ll9pf,gnn-cluster-worker2,scheduled_on,1.0
1774382114,workload-generator-667dc97f4f-67vch,gnn-cluster-worker3,scheduled_on,1.0
1774382144,backend-api-669d9964b8-b8qkw,gnn-cluster-worker2,scheduled_on,1.0
1774382144,backend-api-669d9964b8-qblwm,gnn-cluster-worker3,scheduled_on,1.0
1774382144,cpu-stressor-74d6ffcfc4-gghxs,gnn-cluster-worker,scheduled_on,1.0
1774382144,frontend-7868f8655b-25dwq,gnn-cluster-worker,scheduled_on,1.0
1774382144,frontend-7868f8655b-vqjvm,gnn-cluster-worker3,scheduled_on,1.0
1774382144,redis-cache-67d574b944-ll9pf,gnn-cluster-worker2,scheduled_on,1.0
1774382144,workload-generator-667dc97f4f-67vch,gnn-cluster-worker3,scheduled_on,1.0
1774382174,backend-api-669d9964b8-b8qkw,gnn-cluster-worker2,scheduled_on,1.0
1774382174,backend-api-669d9964b8-qblwm,gnn-cluster-worker3,scheduled_on,1.0
1774382174,cpu-stressor-74d6ffcfc4-gghxs,gnn-cluster-worker,scheduled_on,1.0
1774382174,frontend-7868f8655b-25dwq,gnn-cluster-worker,scheduled_on,1.0
1774382174,frontend-7868f8655b-vqjvm,gnn-cluster-worker3,scheduled_on,1.0
1774382174,redis-cache-67d574b944-ll9pf,gnn-cluster-worker2,scheduled_on,1.0
1774382174,workload-generator-667dc97f4f-67vch,gnn-cluster-worker3,scheduled_on,1.0
1774382204,backend-api-669d9964b8-b8qkw,gnn-cluster-worker2,scheduled_on,1.0
1774382204,backend-api-669d9964b8-qblwm,gnn-cluster-worker3,scheduled_on,1.0
1774382204,cpu-stressor-74d6ffcfc4-gghxs,gnn-cluster-worker,scheduled_on,1.0
1774382204,frontend-7868f8655b-25dwq,gnn-cluster-worker,scheduled_on,1.0
1774382204,frontend-7868f8655b-vqjvm,gnn-cluster-worker3,scheduled_on,1.0
1774382204,redis-cache-67d574b944-ll9pf,gnn-cluster-worker2,scheduled_on,1.0
1774382204,workload-generator-667dc97f4f-67vch,gnn-cluster-worker3,scheduled_on,1.0
1774382234,backend-api-669d9964b8-b8qkw,gnn-cluster-worker2,scheduled_on,1.0
1774382234,backend-api-669d9964b8-qblwm,gnn-cluster-worker3,scheduled_on,1.0
1774382234,cpu-stressor-74d6ffcfc4-gghxs,gnn-cluster-worker,scheduled_on,1.0
1774382234,frontend-7868f8655b-25dwq,gnn-cluster-worker,scheduled_on,1.0
1774382234,frontend-7868f8655b-vqjvm,gnn-cluster-worker3,scheduled_on,1.0
1774382234,redis-cache-67d574b944-ll9pf,gnn-cluster-worker2,scheduled_on,1.0
1774382234,workload-generator-667dc97f4f-67vch,gnn-cluster-worker3,scheduled_on,1.0
1774382264,backend-api-669d9964b8-b8qkw,gnn-cluster-worker2,scheduled_on,1.0
1774382264,backend-api-669d9964b8-qblwm,gnn-cluster-worker3,scheduled_on,1.0
1774382264,cpu-stressor-74d6ffcfc4-gghxs,gnn-cluster-worker,scheduled_on,1.0
1774382264,frontend-7868f8655b-25dwq,gnn-cluster-worker,scheduled_on,1.0
1774382264,frontend-7868f8655b-vqjvm,gnn-cluster-worker3,scheduled_on,1.0
1774382264,redis-cache-67d574b944-ll9pf,gnn-cluster-worker2,scheduled_on,1.0
1774382264,workload-generator-667dc97f4f-67vch,gnn-cluster-worker3,scheduled_on,1.0
1774382294,backend-api-669d9964b8-b8qkw,gnn-cluster-worker2,scheduled_on,1.0
1774382294,backend-api-669d9964b8-qblwm,gnn-cluster-worker3,scheduled_on,1.0
1774382294,cpu-stressor-74d6ffcfc4-gghxs,gnn-cluster-worker,scheduled_on,1.0
1774382294,frontend-7868f8655b-25dwq,gnn-cluster-worker,scheduled_on,1.0
1774382294,frontend-7868f8655b-vqjvm,gnn-cluster-worker3,scheduled_on,1.0
1774382294,redis-cache-67d574b944-ll9pf,gnn-cluster-worker2,scheduled_on,1.0
1774382294,workload-generator-667dc97f4f-67vch,gnn-cluster-worker3,scheduled_on,1.0
1774382324,backend-api-669d9964b8-b8qkw,gnn-cluster-worker2,scheduled_on,1.0
1774382324,backend-api-669d9964b8-qblwm,gnn-cluster-worker3,scheduled_on,1.0
1774382324,cpu-stressor-74d6ffcfc4-gghxs,gnn-cluster-worker,scheduled_on,1.0
1774382324,frontend-7868f8655b-25dwq,gnn-cluster-worker,scheduled_on,1.0
1774382324,frontend-7868f8655b-vqjvm,gnn-cluster-worker3,scheduled_on,1.0
1774382324,redis-cache-67d574b944-ll9pf,gnn-cluster-worker2,scheduled_on,1.0
1774382324,workload-generator-667dc97f4f-67vch,gnn-cluster-worker3,scheduled_on,1.0
1774382355,backend-api-669d9964b8-b8qkw,gnn-cluster-worker2,scheduled_on,1.0
1774382355,backend-api-669d9964b8-qblwm,gnn-cluster-worker3,scheduled_on,1.0
1774382355,cpu-stressor-74d6ffcfc4-gghxs,gnn-cluster-worker,scheduled_on,1.0
1774382355,frontend-7868f8655b-25dwq,gnn-cluster-worker,scheduled_on,1.0
1774382355,frontend-7868f8655b-vqjvm,gnn-cluster-worker3,scheduled_on,1.0
1774382355,redis-cache-67d574b944-ll9pf,gnn-cluster-worker2,scheduled_on,1.0
1774382355,workload-generator-667dc97f4f-67vch,gnn-cluster-worker3,scheduled_on,1.0
1774382385,backend-api-669d9964b8-b8qkw,gnn-cluster-worker2,scheduled_on,1.0
1774382385,backend-api-669d9964b8-qblwm,gnn-cluster-worker3,scheduled_on,1.0
1774382385,cpu-stressor-74d6ffcfc4-gghxs,gnn-cluster-worker,scheduled_on,1.0
1774382385,frontend-7868f8655b-25dwq,gnn-cluster-worker,scheduled_on,1.0
1774382385,frontend-7868f8655b-vqjvm,gnn-cluster-worker3,scheduled_on,1.0
1774382385,redis-cache-67d574b944-ll9pf,gnn-cluster-worker2,scheduled_on,1.0
1774382385,workload-generator-667dc97f4f-67vch,gnn-cluster-worker3,scheduled_on,1.0
1774382415,backend-api-669d9964b8-b8qkw,gnn-cluster-worker2,scheduled_on,1.0
1774382415,backend-api-669d9964b8-qblwm,gnn-cluster-worker3,scheduled_on,1.0
1774382415,cpu-stressor-74d6ffcfc4-gghxs,gnn-cluster-worker,scheduled_on,1.0
1774382415,frontend-7868f8655b-25dwq,gnn-cluster-worker,scheduled_on,1.0
1774382415,frontend-7868f8655b-vqjvm,gnn-cluster-worker3,scheduled_on,1.0
1774382415,redis-cache-67d574b944-ll9pf,gnn-cluster-worker2,scheduled_on,1.0
1774382415,workload-generator-667dc97f4f-67vch,gnn-cluster-worker3,scheduled_on,1.0
1774382445,backend-api-669d9964b8-b8qkw,gnn-cluster-worker2,scheduled_on,1.0
1774382445,backend-api-669d9964b8-qblwm,gnn-cluster-worker3,scheduled_on,1.0
1774382445,cpu-stressor-74d6ffcfc4-gghxs,gnn-cluster-worker,scheduled_on,1.0
1774382445,frontend-7868f8655b-25dwq,gnn-cluster-worker,scheduled_on,1.0
1774382445,frontend-7868f8655b-vqjvm,gnn-cluster-worker3,scheduled_on,1.0
1774382445,redis-cache-67d574b944-ll9pf,gnn-cluster-worker2,scheduled_on,1.0
1774382445,workload-generator-667dc97f4f-67vch,gnn-cluster-worker3,scheduled_on,1.0
1774382475,backend-api-669d9964b8-b8qkw,gnn-cluster-worker2,scheduled_on,1.0
1774382475,backend-api-669d9964b8-qblwm,gnn-cluster-worker3,scheduled_on,1.0
1774382475,cpu-stressor-74d6ffcfc4-gghxs,gnn-cluster-worker,scheduled_on,1.0
1774382475,frontend-7868f8655b-25dwq,gnn-cluster-worker,scheduled_on,1.0
1774382475,frontend-7868f8655b-vqjvm,gnn-cluster-worker3,scheduled_on,1.0
1774382475,redis-cache-67d574b944-ll9pf,gnn-cluster-worker2,scheduled_on,1.0
1774382475,workload-generator-667dc97f4f-67vch,gnn-cluster-worker3,scheduled_on,1.0
1774382505,backend-api-669d9964b8-b8qkw,gnn-cluster-worker2,scheduled_on,1.0
1774382505,backend-api-669d9964b8-qblwm,gnn-cluster-worker3,scheduled_on,1.0
1774382505,cpu-stressor-74d6ffcfc4-gghxs,gnn-cluster-worker,scheduled_on,1.0
1774382505,frontend-7868f8655b-25dwq,gnn-cluster-worker,scheduled_on,1.0
1774382505,frontend-7868f8655b-vqjvm,gnn-cluster-worker3,scheduled_on,1.0
1774382505,redis-cache-67d574b944-ll9pf,gnn-cluster-worker2,scheduled_on,1.0
1774382505,workload-generator-667dc97f4f-67vch,gnn-cluster-worker3,scheduled_on,1.0
1774382535,backend-api-669d9964b8-b8qkw,gnn-cluster-worker2,scheduled_on,1.0
1774382535,backend-api-669d9964b8-qblwm,gnn-cluster-worker3,scheduled_on,1.0
1774382535,cpu-stressor-74d6ffcfc4-gghxs,gnn-cluster-worker,scheduled_on,1.0
1774382535,frontend-7868f8655b-25dwq,gnn-cluster-worker,scheduled_on,1.0
1774382535,frontend-7868f8655b-vqjvm,gnn-cluster-worker3,scheduled_on,1.0
1774382535,redis-cache-67d574b944-ll9pf,gnn-cluster-worker2,scheduled_on,1.0
1774382535,workload-generator-667dc97f4f-67vch,gnn-cluster-worker3,scheduled_on,1.0
1774382565,backend-api-669d9964b8-b8qkw,gnn-cluster-worker2,scheduled_on,1.0
1774382565,backend-api-669d9964b8-qblwm,gnn-cluster-worker3,scheduled_on,1.0
1774382565,cpu-stressor-74d6ffcfc4-gghxs,gnn-cluster-worker,scheduled_on,1.0
1774382565,frontend-7868f8655b-25dwq,gnn-cluster-worker,scheduled_on,1.0
1774382565,frontend-7868f8655b-vqjvm,gnn-cluster-worker3,scheduled_on,1.0
1774382565,redis-cache-67d574b944-ll9pf,gnn-cluster-worker2,scheduled_on,1.0
1774382565,workload-generator-667dc97f4f-67vch,gnn-cluster-worker3,scheduled_on,1.0
1774382595,backend-api-669d9964b8-b8qkw,gnn-cluster-worker2,scheduled_on,1.0
1774382595,backend-api-669d9964b8-qblwm,gnn-cluster-worker3,scheduled_on,1.0
1774382595,cpu-stressor-74d6ffcfc4-gghxs,gnn-cluster-worker,scheduled_on,1.0
1774382595,frontend-7868f8655b-25dwq,gnn-cluster-worker,scheduled_on,1.0
1774382595,frontend-7868f8655b-vqjvm,gnn-cluster-worker3,scheduled_on,1.0
1774382595,redis-cache-67d574b944-ll9pf,gnn-cluster-worker2,scheduled_on,1.0
1774382595,workload-generator-667dc97f4f-67vch,gnn-cluster-worker3,scheduled_on,1.0
1774382625,backend-api-669d9964b8-b8qkw,gnn-cluster-worker2,scheduled_on,1.0
1774382625,backend-api-669d9964b8-qblwm,gnn-cluster-worker3,scheduled_on,1.0
1774382625,cpu-stressor-74d6ffcfc4-gghxs,gnn-cluster-worker,scheduled_on,1.0
1774382625,frontend-7868f8655b-25dwq,gnn-cluster-worker,scheduled_on,1.0
1774382625,frontend-7868f8655b-vqjvm,gnn-cluster-worker3,scheduled_on,1.0
1774382625,redis-cache-67d574b944-ll9pf,gnn-cluster-worker2,scheduled_on,1.0
1774382625,workload-generator-667dc97f4f-67vch,gnn-cluster-worker3,scheduled_on,1.0
1774382655,backend-api-669d9964b8-b8qkw,gnn-cluster-worker2,scheduled_on,1.0
1774382655,backend-api-669d9964b8-qblwm,gnn-cluster-worker3,scheduled_on,1.0
1774382655,cpu-stressor-74d6ffcfc4-gghxs,gnn-cluster-worker,scheduled_on,1.0
1774382655,frontend-7868f8655b-25dwq,gnn-cluster-worker,scheduled_on,1.0
1774382655,frontend-7868f8655b-vqjvm,gnn-cluster-worker3,scheduled_on,1.0
1774382655,redis-cache-67d574b944-ll9pf,gnn-cluster-worker2,scheduled_on,1.0
1774382655,workload-generator-667dc97f4f-67vch,gnn-cluster-worker3,scheduled_on,1.0
1774382685,backend-api-669d9964b8-b8qkw,gnn-cluster-worker2,scheduled_on,1.0
1774382685,backend-api-669d9964b8-qblwm,gnn-cluster-worker3,scheduled_on,1.0
1774382685,cpu-stressor-74d6ffcfc4-gghxs,gnn-cluster-worker,scheduled_on,1.0
1774382685,frontend-7868f8655b-25dwq,gnn-cluster-worker,scheduled_on,1.0
1774382685,frontend-7868f8655b-vqjvm,gnn-cluster-worker3,scheduled_on,1.0
1774382685,redis-cache-67d574b944-ll9pf,gnn-cluster-worker2,scheduled_on,1.0
1774382685,workload-generator-667dc97f4f-67vch,gnn-cluster-worker3,scheduled_on,1.0
1774382715,backend-api-669d9964b8-b8qkw,gnn-cluster-worker2,scheduled_on,1.0
1774382715,backend-api-669d9964b8-qblwm,gnn-cluster-worker3,scheduled_on,1.0
1774382715,cpu-stressor-74d6ffcfc4-gghxs,gnn-cluster-worker,scheduled_on,1.0
1774382715,frontend-7868f8655b-25dwq,gnn-cluster-worker,scheduled_on,1.0
1774382715,frontend-7868f8655b-vqjvm,gnn-cluster-worker3,scheduled_on,1.0
1774382715,redis-cache-67d574b944-ll9pf,gnn-cluster-worker2,scheduled_on,1.0
1774382715,workload-generator-667dc97f4f-67vch,gnn-cluster-worker3,scheduled_on,1.0
1774382745,backend-api-669d9964b8-b8qkw,gnn-cluster-worker2,scheduled_on,1.0
1774382745,backend-api-669d9964b8-qblwm,gnn-cluster-worker3,scheduled_on,1.0
1774382745,cpu-stressor-74d6ffcfc4-gghxs,gnn-cluster-worker,scheduled_on,1.0
1774382745,frontend-7868f8655b-25dwq,gnn-cluster-worker,scheduled_on,1.0
1774382745,frontend-7868f8655b-vqjvm,gnn-cluster-worker3,scheduled_on,1.0
1774382745,redis-cache-67d574b944-ll9pf,gnn-cluster-worker2,scheduled_on,1.0
1774382745,workload-generator-667dc97f4f-67vch,gnn-cluster-worker3,scheduled_on,1.0
1774382775,backend-api-669d9964b8-b8qkw,gnn-cluster-worker2,scheduled_on,1.0
1774382775,backend-api-669d9964b8-qblwm,gnn-cluster-worker3,scheduled_on,1.0
1774382775,cpu-stressor-74d6ffcfc4-gghxs,gnn-cluster-worker,scheduled_on,1.0
1774382775,frontend-7868f8655b-25dwq,gnn-cluster-worker,scheduled_on,1.0
1774382775,frontend-7868f8655b-vqjvm,gnn-cluster-worker3,scheduled_on,1.0
1774382775,redis-cache-67d574b944-ll9pf,gnn-cluster-worker2,scheduled_on,1.0
1774382775,workload-generator-667dc97f4f-67vch,gnn-cluster-worker3,scheduled_on,1.0
1774382805,backend-api-669d9964b8-b8qkw,gnn-cluster-worker2,scheduled_on,1.0
1774382805,backend-api-669d9964b8-qblwm,gnn-cluster-worker3,scheduled_on,1.0
1774382805,cpu-stressor-74d6ffcfc4-gghxs,gnn-cluster-worker,scheduled_on,1.0
1774382805,frontend-7868f8655b-25dwq,gnn-cluster-worker,scheduled_on,1.0
1774382805,frontend-7868f8655b-vqjvm,gnn-cluster-worker3,scheduled_on,1.0
1774382805,redis-cache-67d574b944-ll9pf,gnn-cluster-worker2,scheduled_on,1.0
1774382805,workload-generator-667dc97f4f-67vch,gnn-cluster-worker3,scheduled_on,1.0
1774382835,backend-api-669d9964b8-b8qkw,gnn-cluster-worker2,scheduled_on,1.0
1774382835,backend-api-669d9964b8-qblwm,gnn-cluster-worker3,scheduled_on,1.0
1774382835,cpu-stressor-74d6ffcfc4-gghxs,gnn-cluster-worker,scheduled_on,1.0
1774382835,frontend-7868f8655b-25dwq,gnn-cluster-worker,scheduled_on,1.0
1774382835,frontend-7868f8655b-vqjvm,gnn-cluster-worker3,scheduled_on,1.0
1774382835,redis-cache-67d574b944-ll9pf,gnn-cluster-worker2,scheduled_on,1.0
1774382835,workload-generator-667dc97f4f-67vch,gnn-cluster-worker3,scheduled_on,1.0
1774382866,backend-api-669d9964b8-b8qkw,gnn-cluster-worker2,scheduled_on,1.0
1774382866,backend-api-669d9964b8-qblwm,gnn-cluster-worker3,scheduled_on,1.0
1774382866,cpu-stressor-74d6ffcfc4-gghxs,gnn-cluster-worker,scheduled_on,1.0
1774382866,frontend-7868f8655b-25dwq,gnn-cluster-worker,scheduled_on,1.0
1774382866,frontend-7868f8655b-vqjvm,gnn-cluster-worker3,scheduled_on,1.0
1774382866,redis-cache-67d574b944-ll9pf,gnn-cluster-worker2,scheduled_on,1.0
1774382866,workload-generator-667dc97f4f-67vch,gnn-cluster-worker3,scheduled_on,1.0
1774382896,backend-api-669d9964b8-b8qkw,gnn-cluster-worker2,scheduled_on,1.0
1774382896,backend-api-669d9964b8-qblwm,gnn-cluster-worker3,scheduled_on,1.0
1774382896,cpu-stressor-74d6ffcfc4-gghxs,gnn-cluster-worker,scheduled_on,1.0
1774382896,frontend-7868f8655b-25dwq,gnn-cluster-worker,scheduled_on,1.0
1774382896,frontend-7868f8655b-vqjvm,gnn-cluster-worker3,scheduled_on,1.0
1774382896,redis-cache-67d574b944-ll9pf,gnn-cluster-worker2,scheduled_on,1.0
1774382896,workload-generator-667dc97f4f-67vch,gnn-cluster-worker3,scheduled_on,1.0
1774382926,backend-api-669d9964b8-b8qkw,gnn-cluster-worker2,scheduled_on,1.0
1774382926,backend-api-669d9964b8-qblwm,gnn-cluster-worker3,scheduled_on,1.0
1774382926,cpu-stressor-74d6ffcfc4-gghxs,gnn-cluster-worker,scheduled_on,1.0
1774382926,frontend-7868f8655b-25dwq,gnn-cluster-worker,scheduled_on,1.0
1774382926,frontend-7868f8655b-vqjvm,gnn-cluster-worker3,scheduled_on,1.0
1774382926,redis-cache-67d574b944-ll9pf,gnn-cluster-worker2,scheduled_on,1.0
1774382926,workload-generator-667dc97f4f-67vch,gnn-cluster-worker3,scheduled_on,1.0
1774382956,backend-api-669d9964b8-b8qkw,gnn-cluster-worker2,scheduled_on,1.0
1774382956,backend-api-669d9964b8-qblwm,gnn-cluster-worker3,scheduled_on,1.0
1774382956,cpu-stressor-74d6ffcfc4-gghxs,gnn-cluster-worker,scheduled_on,1.0
1774382956,frontend-7868f8655b-25dwq,gnn-cluster-worker,scheduled_on,1.0
1774382956,frontend-7868f8655b-vqjvm,gnn-cluster-worker3,scheduled_on,1.0
1774382956,redis-cache-67d574b944-ll9pf,gnn-cluster-worker2,scheduled_on,1.0
1774382956,workload-generator-667dc97f4f-67vch,gnn-cluster-worker3,scheduled_on,1.0
1774382986,backend-api-669d9964b8-b8qkw,gnn-cluster-worker2,scheduled_on,1.0
1774382986,backend-api-669d9964b8-qblwm,gnn-cluster-worker3,scheduled_on,1.0
1774382986,cpu-stressor-74d6ffcfc4-gghxs,gnn-cluster-worker,scheduled_on,1.0
1774382986,frontend-7868f8655b-25dwq,gnn-cluster-worker,scheduled_on,1.0
1774382986,frontend-7868f8655b-vqjvm,gnn-cluster-worker3,scheduled_on,1.0
1774382986,redis-cache-67d574b944-ll9pf,gnn-cluster-worker2,scheduled_on,1.0
1774382986,workload-generator-667dc97f4f-67vch,gnn-cluster-worker3,scheduled_on,1.0
1774383016,backend-api-669d9964b8-b8qkw,gnn-cluster-worker2,scheduled_on,1.0
1774383016,backend-api-669d9964b8-qblwm,gnn-cluster-worker3,scheduled_on,1.0
1774383016,cpu-stressor-74d6ffcfc4-gghxs,gnn-cluster-worker,scheduled_on,1.0
1774383016,frontend-7868f8655b-25dwq,gnn-cluster-worker,scheduled_on,1.0
1774383016,frontend-7868f8655b-vqjvm,gnn-cluster-worker3,scheduled_on,1.0
1774383016,redis-cache-67d574b944-ll9pf,gnn-cluster-worker2,scheduled_on,1.0
1774383016,workload-generator-667dc97f4f-67vch,gnn-cluster-worker3,scheduled_on,1.0
1774383046,backend-api-669d9964b8-b8qkw,gnn-cluster-worker2,scheduled_on,1.0
1774383046,backend-api-669d9964b8-qblwm,gnn-cluster-worker3,scheduled_on,1.0
1774383046,cpu-stressor-74d6ffcfc4-gghxs,gnn-cluster-worker,scheduled_on,1.0
1774383046,frontend-7868f8655b-25dwq,gnn-cluster-worker,scheduled_on,1.0
1774383046,frontend-7868f8655b-vqjvm,gnn-cluster-worker3,scheduled_on,1.0
1774383046,redis-cache-67d574b944-ll9pf,gnn-cluster-worker2,scheduled_on,1.0
1774383046,workload-generator-667dc97f4f-67vch,gnn-cluster-worker3,scheduled_on,1.0
1774383076,backend-api-669d9964b8-b8qkw,gnn-cluster-worker2,scheduled_on,1.0
1774383076,backend-api-669d9964b8-qblwm,gnn-cluster-worker3,scheduled_on,1.0
1774383076,cpu-stressor-74d6ffcfc4-gghxs,gnn-cluster-worker,scheduled_on,1.0
1774383076,frontend-7868f8655b-25dwq,gnn-cluster-worker,scheduled_on,1.0
1774383076,frontend-7868f8655b-vqjvm,gnn-cluster-worker3,scheduled_on,1.0
1774383076,redis-cache-67d574b944-ll9pf,gnn-cluster-worker2,scheduled_on,1.0
1774383076,workload-generator-667dc97f4f-67vch,gnn-cluster-worker3,scheduled_on,1.0
1774383106,backend-api-669d9964b8-b8qkw,gnn-cluster-worker2,scheduled_on,1.0
1774383106,backend-api-669d9964b8-qblwm,gnn-cluster-worker3,scheduled_on,1.0
1774383106,cpu-stressor-74d6ffcfc4-gghxs,gnn-cluster-worker,scheduled_on,1.0
1774383106,frontend-7868f8655b-25dwq,gnn-cluster-worker,scheduled_on,1.0
1774383106,frontend-7868f8655b-vqjvm,gnn-cluster-worker3,scheduled_on,1.0
1774383106,redis-cache-67d574b944-ll9pf,gnn-cluster-worker2,scheduled_on,1.0
1774383106,workload-generator-667dc97f4f-67vch,gnn-cluster-worker3,scheduled_on,1.0
1774383136,backend-api-669d9964b8-b8qkw,gnn-cluster-worker2,scheduled_on,1.0
1774383136,backend-api-669d9964b8-qblwm,gnn-cluster-worker3,scheduled_on,1.0
1774383136,cpu-stressor-74d6ffcfc4-gghxs,gnn-cluster-worker,scheduled_on,1.0
1774383136,frontend-7868f8655b-25dwq,gnn-cluster-worker,scheduled_on,1.0
1774383136,frontend-7868f8655b-vqjvm,gnn-cluster-worker3,scheduled_on,1.0
1774383136,redis-cache-67d574b944-ll9pf,gnn-cluster-worker2,scheduled_on,1.0
1774383136,workload-generator-667dc97f4f-67vch,gnn-cluster-worker3,scheduled_on,1.0
1774383166,backend-api-669d9964b8-b8qkw,gnn-cluster-worker2,scheduled_on,1.0
1774383166,backend-api-669d9964b8-qblwm,gnn-cluster-worker3,scheduled_on,1.0
1774383166,cpu-stressor-74d6ffcfc4-gghxs,gnn-cluster-worker,scheduled_on,1.0
1774383166,frontend-7868f8655b-25dwq,gnn-cluster-worker,scheduled_on,1.0
1774383166,frontend-7868f8655b-vqjvm,gnn-cluster-worker3,scheduled_on,1.0
1774383166,redis-cache-67d574b944-ll9pf,gnn-cluster-worker2,scheduled_on,1.0
1774383166,workload-generator-667dc97f4f-67vch,gnn-cluster-worker3,scheduled_on,1.0
1774383196,backend-api-669d9964b8-b8qkw,gnn-cluster-worker2,scheduled_on,1.0
1774383196,backend-api-669d9964b8-qblwm,gnn-cluster-worker3,scheduled_on,1.0
1774383196,cpu-stressor-74d6ffcfc4-gghxs,gnn-cluster-worker,scheduled_on,1.0
1774383196,frontend-7868f8655b-25dwq,gnn-cluster-worker,scheduled_on,1.0
1774383196,frontend-7868f8655b-vqjvm,gnn-cluster-worker3,scheduled_on,1.0
1774383196,redis-cache-67d574b944-ll9pf,gnn-cluster-worker2,scheduled_on,1.0
1774383196,workload-generator-667dc97f4f-67vch,gnn-cluster-worker3,scheduled_on,1.0
1774383226,backend-api-669d9964b8-b8qkw,gnn-cluster-worker2,scheduled_on,1.0
1774383226,backend-api-669d9964b8-qblwm,gnn-cluster-worker3,scheduled_on,1.0
1774383226,cpu-stressor-74d6ffcfc4-gghxs,gnn-cluster-worker,scheduled_on,1.0
1774383226,frontend-7868f8655b-25dwq,gnn-cluster-worker,scheduled_on,1.0
1774383226,frontend-7868f8655b-vqjvm,gnn-cluster-worker3,scheduled_on,1.0
1774383226,redis-cache-67d574b944-ll9pf,gnn-cluster-worker2,scheduled_on,1.0
1774383226,workload-generator-667dc97f4f-67vch,gnn-cluster-worker3,scheduled_on,1.0
1774383256,backend-api-669d9964b8-b8qkw,gnn-cluster-worker2,scheduled_on,1.0
1774383256,backend-api-669d9964b8-qblwm,gnn-cluster-worker3,scheduled_on,1.0
1774383256,cpu-stressor-74d6ffcfc4-gghxs,gnn-cluster-worker,scheduled_on,1.0
1774383256,frontend-7868f8655b-25dwq,gnn-cluster-worker,scheduled_on,1.0
1774383256,frontend-7868f8655b-vqjvm,gnn-cluster-worker3,scheduled_on,1.0
1774383256,redis-cache-67d574b944-ll9pf,gnn-cluster-worker2,scheduled_on,1.0
1774383256,workload-generator-667dc97f4f-67vch,gnn-cluster-worker3,scheduled_on,1.0
1774383286,backend-api-669d9964b8-b8qkw,gnn-cluster-worker2,scheduled_on,1.0
1774383286,backend-api-669d9964b8-qblwm,gnn-cluster-worker3,scheduled_on,1.0
1774383286,cpu-stressor-74d6ffcfc4-gghxs,gnn-cluster-worker,scheduled_on,1.0
1774383286,frontend-7868f8655b-25dwq,gnn-cluster-worker,scheduled_on,1.0
1774383286,frontend-7868f8655b-vqjvm,gnn-cluster-worker3,scheduled_on,1.0
1774383286,redis-cache-67d574b944-ll9pf,gnn-cluster-worker2,scheduled_on,1.0
1774383286,workload-generator-667dc97f4f-67vch,gnn-cluster-worker3,scheduled_on,1.0
1774383316,backend-api-669d9964b8-b8qkw,gnn-cluster-worker2,scheduled_on,1.0
1774383316,backend-api-669d9964b8-qblwm,gnn-cluster-worker3,scheduled_on,1.0
1774383316,cpu-stressor-74d6ffcfc4-gghxs,gnn-cluster-worker,scheduled_on,1.0
1774383316,frontend-7868f8655b-25dwq,gnn-cluster-worker,scheduled_on,1.0
1774383316,frontend-7868f8655b-vqjvm,gnn-cluster-worker3,scheduled_on,1.0
1774383316,redis-cache-67d574b944-ll9pf,gnn-cluster-worker2,scheduled_on,1.0
1774383316,workload-generator-667dc97f4f-67vch,gnn-cluster-worker3,scheduled_on,1.0
1774383346,backend-api-669d9964b8-b8qkw,gnn-cluster-worker2,scheduled_on,1.0
1774383346,backend-api-669d9964b8-qblwm,gnn-cluster-worker3,scheduled_on,1.0
1774383346,cpu-stressor-74d6ffcfc4-gghxs,gnn-cluster-worker,scheduled_on,1.0
1774383346,frontend-7868f8655b-25dwq,gnn-cluster-worker,scheduled_on,1.0
1774383346,frontend-7868f8655b-vqjvm,gnn-cluster-worker3,scheduled_on,1.0
1774383346,redis-cache-67d574b944-ll9pf,gnn-cluster-worker2,scheduled_on,1.0
1774383346,workload-generator-667dc97f4f-67vch,gnn-cluster-worker3,scheduled_on,1.0
1774383377,backend-api-669d9964b8-b8qkw,gnn-cluster-worker2,scheduled_on,1.0
1774383377,backend-api-669d9964b8-qblwm,gnn-cluster-worker3,scheduled_on,1.0
1774383377,cpu-stressor-74d6ffcfc4-gghxs,gnn-cluster-worker,scheduled_on,1.0
1774383377,frontend-7868f8655b-25dwq,gnn-cluster-worker,scheduled_on,1.0
1774383377,frontend-7868f8655b-vqjvm,gnn-cluster-worker3,scheduled_on,1.0
1774383377,redis-cache-67d574b944-ll9pf,gnn-cluster-worker2,scheduled_on,1.0
1774383377,workload-generator-667dc97f4f-67vch,gnn-cluster-worker3,scheduled_on,1.0
1774383407,backend-api-669d9964b8-b8qkw,gnn-cluster-worker2,scheduled_on,1.0
1774383407,backend-api-669d9964b8-qblwm,gnn-cluster-worker3,scheduled_on,1.0
1774383407,cpu-stressor-74d6ffcfc4-gghxs,gnn-cluster-worker,scheduled_on,1.0
1774383407,frontend-7868f8655b-25dwq,gnn-cluster-worker,scheduled_on,1.0
1774383407,frontend-7868f8655b-vqjvm,gnn-cluster-worker3,scheduled_on,1.0
1774383407,redis-cache-67d574b944-ll9pf,gnn-cluster-worker2,scheduled_on,1.0
1774383407,workload-generator-667dc97f4f-67vch,gnn-cluster-worker3,scheduled_on,1.0
1774383437,backend-api-669d9964b8-b8qkw,gnn-cluster-worker2,scheduled_on,1.0
1774383437,backend-api-669d9964b8-qblwm,gnn-cluster-worker3,scheduled_on,1.0
1774383437,cpu-stressor-74d6ffcfc4-gghxs,gnn-cluster-worker,scheduled_on,1.0
1774383437,frontend-7868f8655b-25dwq,gnn-cluster-worker,scheduled_on,1.0
1774383437,frontend-7868f8655b-vqjvm,gnn-cluster-worker3,scheduled_on,1.0
1774383437,redis-cache-67d574b944-ll9pf,gnn-cluster-worker2,scheduled_on,1.0
1774383437,workload-generator-667dc97f4f-67vch,gnn-cluster-worker3,scheduled_on,1.0
1774383467,backend-api-669d9964b8-b8qkw,gnn-cluster-worker2,scheduled_on,1.0
1774383467,backend-api-669d9964b8-qblwm,gnn-cluster-worker3,scheduled_on,1.0
1774383467,cpu-stressor-74d6ffcfc4-gghxs,gnn-cluster-worker,scheduled_on,1.0
1774383467,frontend-7868f8655b-25dwq,gnn-cluster-worker,scheduled_on,1.0
1774383467,frontend-7868f8655b-vqjvm,gnn-cluster-worker3,scheduled_on,1.0
1774383467,redis-cache-67d574b944-ll9pf,gnn-cluster-worker2,scheduled_on,1.0
1774383467,workload-generator-667dc97f4f-67vch,gnn-cluster-worker3,scheduled_on,1.0
1774383497,backend-api-669d9964b8-b8qkw,gnn-cluster-worker2,scheduled_on,1.0
1774383497,backend-api-669d9964b8-qblwm,gnn-cluster-worker3,scheduled_on,1.0
1774383497,cpu-stressor-74d6ffcfc4-gghxs,gnn-cluster-worker,scheduled_on,1.0
1774383497,frontend-7868f8655b-25dwq,gnn-cluster-worker,scheduled_on,1.0
1774383497,frontend-7868f8655b-vqjvm,gnn-cluster-worker3,scheduled_on,1.0
1774383497,redis-cache-67d574b944-ll9pf,gnn-cluster-worker2,scheduled_on,1.0
1774383497,workload-generator-667dc97f4f-67vch,gnn-cluster-worker3,scheduled_on,1.0
1774383527,backend-api-669d9964b8-b8qkw,gnn-cluster-worker2,scheduled_on,1.0
1774383527,backend-api-669d9964b8-qblwm,gnn-cluster-worker3,scheduled_on,1.0
1774383527,cpu-stressor-74d6ffcfc4-gghxs,gnn-cluster-worker,scheduled_on,1.0
1774383527,frontend-7868f8655b-25dwq,gnn-cluster-worker,scheduled_on,1.0
1774383527,frontend-7868f8655b-vqjvm,gnn-cluster-worker3,scheduled_on,1.0
1774383527,redis-cache-67d574b944-ll9pf,gnn-cluster-worker2,scheduled_on,1.0
1774383527,workload-generator-667dc97f4f-67vch,gnn-cluster-worker3,scheduled_on,1.0
1774383557,backend-api-669d9964b8-b8qkw,gnn-cluster-worker2,scheduled_on,1.0
1774383557,backend-api-669d9964b8-qblwm,gnn-cluster-worker3,scheduled_on,1.0
1774383557,cpu-stressor-74d6ffcfc4-gghxs,gnn-cluster-worker,scheduled_on,1.0
1774383557,frontend-7868f8655b-25dwq,gnn-cluster-worker,scheduled_on,1.0
1774383557,frontend-7868f8655b-vqjvm,gnn-cluster-worker3,scheduled_on,1.0
1774383557,redis-cache-67d574b944-ll9pf,gnn-cluster-worker2,scheduled_on,1.0
1774383557,workload-generator-667dc97f4f-67vch,gnn-cluster-worker3,scheduled_on,1.0
1774383587,backend-api-669d9964b8-b8qkw,gnn-cluster-worker2,scheduled_on,1.0
1774383587,backend-api-669d9964b8-qblwm,gnn-cluster-worker3,scheduled_on,1.0
1774383587,cpu-stressor-74d6ffcfc4-gghxs,gnn-cluster-worker,scheduled_on,1.0
1774383587,frontend-7868f8655b-25dwq,gnn-cluster-worker,scheduled_on,1.0
1774383587,frontend-7868f8655b-vqjvm,gnn-cluster-worker3,scheduled_on,1.0
1774383587,redis-cache-67d574b944-ll9pf,gnn-cluster-worker2,scheduled_on,1.0
1774383587,workload-generator-667dc97f4f-67vch,gnn-cluster-worker3,scheduled_on,1.0
1774383617,backend-api-669d9964b8-b8qkw,gnn-cluster-worker2,scheduled_on,1.0
1774383617,backend-api-669d9964b8-qblwm,gnn-cluster-worker3,scheduled_on,1.0
1774383617,cpu-stressor-74d6ffcfc4-gghxs,gnn-cluster-worker,scheduled_on,1.0
1774383617,frontend-7868f8655b-25dwq,gnn-cluster-worker,scheduled_on,1.0
1774383617,frontend-7868f8655b-vqjvm,gnn-cluster-worker3,scheduled_on,1.0
1774383617,redis-cache-67d574b944-ll9pf,gnn-cluster-worker2,scheduled_on,1.0
1774383617,workload-generator-667dc97f4f-67vch,gnn-cluster-worker3,scheduled_on,1.0
1774383647,backend-api-669d9964b8-b8qkw,gnn-cluster-worker2,scheduled_on,1.0
1774383647,backend-api-669d9964b8-qblwm,gnn-cluster-worker3,scheduled_on,1.0
1774383647,cpu-stressor-74d6ffcfc4-gghxs,gnn-cluster-worker,scheduled_on,1.0
1774383647,frontend-7868f8655b-25dwq,gnn-cluster-worker,scheduled_on,1.0
1774383647,frontend-7868f8655b-vqjvm,gnn-cluster-worker3,scheduled_on,1.0
1774383647,redis-cache-67d574b944-ll9pf,gnn-cluster-worker2,scheduled_on,1.0
1774383647,workload-generator-667dc97f4f-67vch,gnn-cluster-worker3,scheduled_on,1.0
1774383677,backend-api-669d9964b8-b8qkw,gnn-cluster-worker2,scheduled_on,1.0
1774383677,backend-api-669d9964b8-qblwm,gnn-cluster-worker3,scheduled_on,1.0
1774383677,cpu-stressor-74d6ffcfc4-gghxs,gnn-cluster-worker,scheduled_on,1.0
1774383677,frontend-7868f8655b-25dwq,gnn-cluster-worker,scheduled_on,1.0
1774383677,frontend-7868f8655b-vqjvm,gnn-cluster-worker3,scheduled_on,1.0
1774383677,redis-cache-67d574b944-ll9pf,gnn-cluster-worker2,scheduled_on,1.0
1774383677,workload-generator-667dc97f4f-67vch,gnn-cluster-worker3,scheduled_on,1.0
1774383707,backend-api-669d9964b8-b8qkw,gnn-cluster-worker2,scheduled_on,1.0
1774383707,backend-api-669d9964b8-qblwm,gnn-cluster-worker3,scheduled_on,1.0
1774383707,cpu-stressor-74d6ffcfc4-gghxs,gnn-cluster-worker,scheduled_on,1.0
1774383707,frontend-7868f8655b-25dwq,gnn-cluster-worker,scheduled_on,1.0
1774383707,frontend-7868f8655b-vqjvm,gnn-cluster-worker3,scheduled_on,1.0
1774383707,redis-cache-67d574b944-ll9pf,gnn-cluster-worker2,scheduled_on,1.0
1774383707,workload-generator-667dc97f4f-67vch,gnn-cluster-worker3,scheduled_on,1.0
1774383737,backend-api-669d9964b8-b8qkw,gnn-cluster-worker2,scheduled_on,1.0
1774383737,backend-api-669d9964b8-qblwm,gnn-cluster-worker3,scheduled_on,1.0
1774383737,cpu-stressor-74d6ffcfc4-gghxs,gnn-cluster-worker,scheduled_on,1.0
1774383737,frontend-7868f8655b-25dwq,gnn-cluster-worker,scheduled_on,1.0
1774383737,frontend-7868f8655b-vqjvm,gnn-cluster-worker3,scheduled_on,1.0
1774383737,redis-cache-67d574b944-ll9pf,gnn-cluster-worker2,scheduled_on,1.0
1774383737,workload-generator-667dc97f4f-67vch,gnn-cluster-worker3,scheduled_on,1.0
1774383767,backend-api-669d9964b8-b8qkw,gnn-cluster-worker2,scheduled_on,1.0
1774383767,backend-api-669d9964b8-qblwm,gnn-cluster-worker3,scheduled_on,1.0
1774383767,cpu-stressor-74d6ffcfc4-gghxs,gnn-cluster-worker,scheduled_on,1.0
1774383767,frontend-7868f8655b-25dwq,gnn-cluster-worker,scheduled_on,1.0
1774383767,frontend-7868f8655b-vqjvm,gnn-cluster-worker3,scheduled_on,1.0
1774383767,redis-cache-67d574b944-ll9pf,gnn-cluster-worker2,scheduled_on,1.0
1774383767,workload-generator-667dc97f4f-67vch,gnn-cluster-worker3,scheduled_on,1.0
1774383797,backend-api-669d9964b8-b8qkw,gnn-cluster-worker2,scheduled_on,1.0
1774383797,backend-api-669d9964b8-qblwm,gnn-cluster-worker3,scheduled_on,1.0
1774383797,cpu-stressor-74d6ffcfc4-gghxs,gnn-cluster-worker,scheduled_on,1.0
1774383797,frontend-7868f8655b-25dwq,gnn-cluster-worker,scheduled_on,1.0
1774383797,frontend-7868f8655b-vqjvm,gnn-cluster-worker3,scheduled_on,1.0
1774383797,redis-cache-67d574b944-ll9pf,gnn-cluster-worker2,scheduled_on,1.0
1774383797,workload-generator-667dc97f4f-67vch,gnn-cluster-worker3,scheduled_on,1.0
1774383827,backend-api-669d9964b8-b8qkw,gnn-cluster-worker2,scheduled_on,1.0
1774383827,backend-api-669d9964b8-qblwm,gnn-cluster-worker3,scheduled_on,1.0
1774383827,cpu-stressor-74d6ffcfc4-gghxs,gnn-cluster-worker,scheduled_on,1.0
1774383827,frontend-7868f8655b-25dwq,gnn-cluster-worker,scheduled_on,1.0
1774383827,frontend-7868f8655b-vqjvm,gnn-cluster-worker3,scheduled_on,1.0
1774383827,redis-cache-67d574b944-ll9pf,gnn-cluster-worker2,scheduled_on,1.0
1774383827,workload-generator-667dc97f4f-67vch,gnn-cluster-worker3,scheduled_on,1.0
1774383858,backend-api-669d9964b8-b8qkw,gnn-cluster-worker2,scheduled_on,1.0
1774383858,backend-api-669d9964b8-qblwm,gnn-cluster-worker3,scheduled_on,1.0
1774383858,cpu-stressor-74d6ffcfc4-gghxs,gnn-cluster-worker,scheduled_on,1.0
1774383858,frontend-7868f8655b-25dwq,gnn-cluster-worker,scheduled_on,1.0
1774383858,frontend-7868f8655b-vqjvm,gnn-cluster-worker3,scheduled_on,1.0
1774383858,redis-cache-67d574b944-ll9pf,gnn-cluster-worker2,scheduled_on,1.0
1774383858,workload-generator-667dc97f4f-67vch,gnn-cluster-worker3,scheduled_on,1.0
1774383888,backend-api-669d9964b8-b8qkw,gnn-cluster-worker2,scheduled_on,1.0
1774383888,backend-api-669d9964b8-qblwm,gnn-cluster-worker3,scheduled_on,1.0
1774383888,cpu-stressor-74d6ffcfc4-gghxs,gnn-cluster-worker,scheduled_on,1.0
1774383888,frontend-7868f8655b-25dwq,gnn-cluster-worker,scheduled_on,1.0
1774383888,frontend-7868f8655b-vqjvm,gnn-cluster-worker3,scheduled_on,1.0
1774383888,redis-cache-67d574b944-ll9pf,gnn-cluster-worker2,scheduled_on,1.0
1774383888,workload-generator-667dc97f4f-67vch,gnn-cluster-worker3,scheduled_on,1.0
1774383918,backend-api-669d9964b8-b8qkw,gnn-cluster-worker2,scheduled_on,1.0
1774383918,backend-api-669d9964b8-qblwm,gnn-cluster-worker3,scheduled_on,1.0
1774383918,cpu-stressor-74d6ffcfc4-gghxs,gnn-cluster-worker,scheduled_on,1.0
1774383918,frontend-7868f8655b-25dwq,gnn-cluster-worker,scheduled_on,1.0
1774383918,frontend-7868f8655b-vqjvm,gnn-cluster-worker3,scheduled_on,1.0
1774383918,redis-cache-67d574b944-ll9pf,gnn-cluster-worker2,scheduled_on,1.0
1774383918,workload-generator-667dc97f4f-67vch,gnn-cluster-worker3,scheduled_on,1.0
1774383948,backend-api-669d9964b8-b8qkw,gnn-cluster-worker2,scheduled_on,1.0
1774383948,backend-api-669d9964b8-qblwm,gnn-cluster-worker3,scheduled_on,1.0
1774383948,cpu-stressor-74d6ffcfc4-gghxs,gnn-cluster-worker,scheduled_on,1.0
1774383948,frontend-7868f8655b-25dwq,gnn-cluster-worker,scheduled_on,1.0
1774383948,frontend-7868f8655b-vqjvm,gnn-cluster-worker3,scheduled_on,1.0
1774383948,redis-cache-67d574b944-ll9pf,gnn-cluster-worker2,scheduled_on,1.0
1774383948,workload-generator-667dc97f4f-67vch,gnn-cluster-worker3,scheduled_on,1.0
1774383978,backend-api-669d9964b8-b8qkw,gnn-cluster-worker2,scheduled_on,1.0
1774383978,backend-api-669d9964b8-qblwm,gnn-cluster-worker3,scheduled_on,1.0
1774383978,cpu-stressor-74d6ffcfc4-gghxs,gnn-cluster-worker,scheduled_on,1.0
1774383978,frontend-7868f8655b-25dwq,gnn-cluster-worker,scheduled_on,1.0
1774383978,frontend-7868f8655b-vqjvm,gnn-cluster-worker3,scheduled_on,1.0
1774383978,redis-cache-67d574b944-ll9pf,gnn-cluster-worker2,scheduled_on,1.0
1774383978,workload-generator-667dc97f4f-67vch,gnn-cluster-worker3,scheduled_on,1.0
1774384008,backend-api-669d9964b8-b8qkw,gnn-cluster-worker2,scheduled_on,1.0
1774384008,backend-api-669d9964b8-qblwm,gnn-cluster-worker3,scheduled_on,1.0
1774384008,cpu-stressor-74d6ffcfc4-gghxs,gnn-cluster-worker,scheduled_on,1.0
1774384008,frontend-7868f8655b-25dwq,gnn-cluster-worker,scheduled_on,1.0
1774384008,frontend-7868f8655b-vqjvm,gnn-cluster-worker3,scheduled_on,1.0
1774384008,redis-cache-67d574b944-ll9pf,gnn-cluster-worker2,scheduled_on,1.0
1774384008,workload-generator-667dc97f4f-67vch,gnn-cluster-worker3,scheduled_on,1.0
1774384038,backend-api-669d9964b8-b8qkw,gnn-cluster-worker2,scheduled_on,1.0
1774384038,backend-api-669d9964b8-qblwm,gnn-cluster-worker3,scheduled_on,1.0
1774384038,cpu-stressor-74d6ffcfc4-gghxs,gnn-cluster-worker,scheduled_on,1.0
1774384038,frontend-7868f8655b-25dwq,gnn-cluster-worker,scheduled_on,1.0
1774384038,frontend-7868f8655b-vqjvm,gnn-cluster-worker3,scheduled_on,1.0
1774384038,redis-cache-67d574b944-ll9pf,gnn-cluster-worker2,scheduled_on,1.0
1774384038,workload-generator-667dc97f4f-67vch,gnn-cluster-worker3,scheduled_on,1.0
1774384068,backend-api-669d9964b8-b8qkw,gnn-cluster-worker2,scheduled_on,1.0
1774384068,backend-api-669d9964b8-qblwm,gnn-cluster-worker3,scheduled_on,1.0
1774384068,cpu-stressor-74d6ffcfc4-gghxs,gnn-cluster-worker,scheduled_on,1.0
1774384068,frontend-7868f8655b-25dwq,gnn-cluster-worker,scheduled_on,1.0
1774384068,frontend-7868f8655b-vqjvm,gnn-cluster-worker3,scheduled_on,1.0
1774384068,redis-cache-67d574b944-ll9pf,gnn-cluster-worker2,scheduled_on,1.0
1774384068,workload-generator-667dc97f4f-67vch,gnn-cluster-worker3,scheduled_on,1.0
1774384098,backend-api-669d9964b8-b8qkw,gnn-cluster-worker2,scheduled_on,1.0
1774384098,backend-api-669d9964b8-qblwm,gnn-cluster-worker3,scheduled_on,1.0
1774384098,cpu-stressor-74d6ffcfc4-gghxs,gnn-cluster-worker,scheduled_on,1.0
1774384098,frontend-7868f8655b-25dwq,gnn-cluster-worker,scheduled_on,1.0
1774384098,frontend-7868f8655b-vqjvm,gnn-cluster-worker3,scheduled_on,1.0
1774384098,redis-cache-67d574b944-ll9pf,gnn-cluster-worker2,scheduled_on,1.0
1774384098,workload-generator-667dc97f4f-67vch,gnn-cluster-worker3,scheduled_on,1.0
1774384128,backend-api-669d9964b8-b8qkw,gnn-cluster-worker2,scheduled_on,1.0
1774384128,backend-api-669d9964b8-qblwm,gnn-cluster-worker3,scheduled_on,1.0
1774384128,cpu-stressor-74d6ffcfc4-gghxs,gnn-cluster-worker,scheduled_on,1.0
1774384128,frontend-7868f8655b-25dwq,gnn-cluster-worker,scheduled_on,1.0
1774384128,frontend-7868f8655b-vqjvm,gnn-cluster-worker3,scheduled_on,1.0
1774384128,redis-cache-67d574b944-ll9pf,gnn-cluster-worker2,scheduled_on,1.0
1774384128,workload-generator-667dc97f4f-67vch,gnn-cluster-worker3,scheduled_on,1.0
1774384158,backend-api-669d9964b8-b8qkw,gnn-cluster-worker2,scheduled_on,1.0
1774384158,backend-api-669d9964b8-qblwm,gnn-cluster-worker3,scheduled_on,1.0
1774384158,cpu-stressor-74d6ffcfc4-gghxs,gnn-cluster-worker,scheduled_on,1.0
1774384158,frontend-7868f8655b-25dwq,gnn-cluster-worker,scheduled_on,1.0
1774384158,frontend-7868f8655b-vqjvm,gnn-cluster-worker3,scheduled_on,1.0
1774384158,redis-cache-67d574b944-ll9pf,gnn-cluster-worker2,scheduled_on,1.0
1774384158,workload-generator-667dc97f4f-67vch,gnn-cluster-worker3,scheduled_on,1.0
1774384188,backend-api-669d9964b8-b8qkw,gnn-cluster-worker2,scheduled_on,1.0
1774384188,backend-api-669d9964b8-qblwm,gnn-cluster-worker3,scheduled_on,1.0
1774384188,cpu-stressor-74d6ffcfc4-gghxs,gnn-cluster-worker,scheduled_on,1.0
1774384188,frontend-7868f8655b-25dwq,gnn-cluster-worker,scheduled_on,1.0
1774384188,frontend-7868f8655b-vqjvm,gnn-cluster-worker3,scheduled_on,1.0
1774384188,redis-cache-67d574b944-ll9pf,gnn-cluster-worker2,scheduled_on,1.0
1774384188,workload-generator-667dc97f4f-67vch,gnn-cluster-worker3,scheduled_on,1.0
1774384218,backend-api-669d9964b8-b8qkw,gnn-cluster-worker2,scheduled_on,1.0
1774384218,backend-api-669d9964b8-qblwm,gnn-cluster-worker3,scheduled_on,1.0
1774384218,cpu-stressor-74d6ffcfc4-gghxs,gnn-cluster-worker,scheduled_on,1.0
1774384218,frontend-7868f8655b-25dwq,gnn-cluster-worker,scheduled_on,1.0
1774384218,frontend-7868f8655b-vqjvm,gnn-cluster-worker3,scheduled_on,1.0
1774384218,redis-cache-67d574b944-ll9pf,gnn-cluster-worker2,scheduled_on,1.0
1774384218,workload-generator-667dc97f4f-67vch,gnn-cluster-worker3,scheduled_on,1.0
1774384248,backend-api-669d9964b8-b8qkw,gnn-cluster-worker2,scheduled_on,1.0
1774384248,backend-api-669d9964b8-qblwm,gnn-cluster-worker3,scheduled_on,1.0
1774384248,cpu-stressor-74d6ffcfc4-gghxs,gnn-cluster-worker,scheduled_on,1.0
1774384248,frontend-7868f8655b-25dwq,gnn-cluster-worker,scheduled_on,1.0
1774384248,frontend-7868f8655b-vqjvm,gnn-cluster-worker3,scheduled_on,1.0
1774384248,redis-cache-67d574b944-ll9pf,gnn-cluster-worker2,scheduled_on,1.0
1774384248,workload-generator-667dc97f4f-67vch,gnn-cluster-worker3,scheduled_on,1.0
1774384278,backend-api-669d9964b8-b8qkw,gnn-cluster-worker2,scheduled_on,1.0
1774384278,backend-api-669d9964b8-qblwm,gnn-cluster-worker3,scheduled_on,1.0
1774384278,cpu-stressor-74d6ffcfc4-gghxs,gnn-cluster-worker,scheduled_on,1.0
1774384278,frontend-7868f8655b-25dwq,gnn-cluster-worker,scheduled_on,1.0
1774384278,frontend-7868f8655b-vqjvm,gnn-cluster-worker3,scheduled_on,1.0
1774384278,redis-cache-67d574b944-ll9pf,gnn-cluster-worker2,scheduled_on,1.0
1774384278,workload-generator-667dc97f4f-67vch,gnn-cluster-worker3,scheduled_on,1.0
1774384308,backend-api-669d9964b8-b8qkw,gnn-cluster-worker2,scheduled_on,1.0
1774384308,backend-api-669d9964b8-qblwm,gnn-cluster-worker3,scheduled_on,1.0
1774384308,cpu-stressor-74d6ffcfc4-gghxs,gnn-cluster-worker,scheduled_on,1.0
1774384308,frontend-7868f8655b-25dwq,gnn-cluster-worker,scheduled_on,1.0
1774384308,frontend-7868f8655b-vqjvm,gnn-cluster-worker3,scheduled_on,1.0
1774384308,redis-cache-67d574b944-ll9pf,gnn-cluster-worker2,scheduled_on,1.0
1774384308,workload-generator-667dc97f4f-67vch,gnn-cluster-worker3,scheduled_on,1.0
1774384339,backend-api-669d9964b8-b8qkw,gnn-cluster-worker2,scheduled_on,1.0
1774384339,backend-api-669d9964b8-qblwm,gnn-cluster-worker3,scheduled_on,1.0
1774384339,cpu-stressor-74d6ffcfc4-gghxs,gnn-cluster-worker,scheduled_on,1.0
1774384339,frontend-7868f8655b-25dwq,gnn-cluster-worker,scheduled_on,1.0
1774384339,frontend-7868f8655b-vqjvm,gnn-cluster-worker3,scheduled_on,1.0
1774384339,redis-cache-67d574b944-ll9pf,gnn-cluster-worker2,scheduled_on,1.0
1774384339,workload-generator-667dc97f4f-67vch,gnn-cluster-worker3,scheduled_on,1.0
1774384369,backend-api-669d9964b8-b8qkw,gnn-cluster-worker2,scheduled_on,1.0
1774384369,backend-api-669d9964b8-qblwm,gnn-cluster-worker3,scheduled_on,1.0
1774384369,cpu-stressor-74d6ffcfc4-gghxs,gnn-cluster-worker,scheduled_on,1.0
1774384369,frontend-7868f8655b-25dwq,gnn-cluster-worker,scheduled_on,1.0
1774384369,frontend-7868f8655b-vqjvm,gnn-cluster-worker3,scheduled_on,1.0
1774384369,redis-cache-67d574b944-ll9pf,gnn-cluster-worker2,scheduled_on,1.0
1774384369,workload-generator-667dc97f4f-67vch,gnn-cluster-worker3,scheduled_on,1.0
1774384399,backend-api-669d9964b8-b8qkw,gnn-cluster-worker2,scheduled_on,1.0
1774384399,backend-api-669d9964b8-qblwm,gnn-cluster-worker3,scheduled_on,1.0
1774384399,cpu-stressor-74d6ffcfc4-gghxs,gnn-cluster-worker,scheduled_on,1.0
1774384399,frontend-7868f8655b-25dwq,gnn-cluster-worker,scheduled_on,1.0
1774384399,frontend-7868f8655b-vqjvm,gnn-cluster-worker3,scheduled_on,1.0
1774384399,redis-cache-67d574b944-ll9pf,gnn-cluster-worker2,scheduled_on,1.0
1774384399,workload-generator-667dc97f4f-67vch,gnn-cluster-worker3,scheduled_on,1.0
1774384429,backend-api-669d9964b8-b8qkw,gnn-cluster-worker2,scheduled_on,1.0
1774384429,backend-api-669d9964b8-qblwm,gnn-cluster-worker3,scheduled_on,1.0
1774384429,cpu-stressor-74d6ffcfc4-gghxs,gnn-cluster-worker,scheduled_on,1.0
1774384429,frontend-7868f8655b-25dwq,gnn-cluster-worker,scheduled_on,1.0
1774384429,frontend-7868f8655b-vqjvm,gnn-cluster-worker3,scheduled_on,1.0
1774384429,redis-cache-67d574b944-ll9pf,gnn-cluster-worker2,scheduled_on,1.0
1774384429,workload-generator-667dc97f4f-67vch,gnn-cluster-worker3,scheduled_on,1.0
1774384459,backend-api-669d9964b8-b8qkw,gnn-cluster-worker2,scheduled_on,1.0
1774384459,backend-api-669d9964b8-qblwm,gnn-cluster-worker3,scheduled_on,1.0
1774384459,cpu-stressor-74d6ffcfc4-gghxs,gnn-cluster-worker,scheduled_on,1.0
1774384459,frontend-7868f8655b-25dwq,gnn-cluster-worker,scheduled_on,1.0
1774384459,frontend-7868f8655b-vqjvm,gnn-cluster-worker3,scheduled_on,1.0
1774384459,redis-cache-67d574b944-ll9pf,gnn-cluster-worker2,scheduled_on,1.0
1774384459,workload-generator-667dc97f4f-67vch,gnn-cluster-worker3,scheduled_on,1.0
1774384489,backend-api-669d9964b8-b8qkw,gnn-cluster-worker2,scheduled_on,1.0
1774384489,backend-api-669d9964b8-qblwm,gnn-cluster-worker3,scheduled_on,1.0
1774384489,cpu-stressor-74d6ffcfc4-gghxs,gnn-cluster-worker,scheduled_on,1.0
1774384489,frontend-7868f8655b-25dwq,gnn-cluster-worker,scheduled_on,1.0
1774384489,frontend-7868f8655b-vqjvm,gnn-cluster-worker3,scheduled_on,1.0
1774384489,redis-cache-67d574b944-ll9pf,gnn-cluster-worker2,scheduled_on,1.0
1774384489,workload-generator-667dc97f4f-67vch,gnn-cluster-worker3,scheduled_on,1.0
1774384519,backend-api-669d9964b8-b8qkw,gnn-cluster-worker2,scheduled_on,1.0
1774384519,backend-api-669d9964b8-qblwm,gnn-cluster-worker3,scheduled_on,1.0
1774384519,cpu-stressor-74d6ffcfc4-gghxs,gnn-cluster-worker,scheduled_on,1.0
1774384519,frontend-7868f8655b-25dwq,gnn-cluster-worker,scheduled_on,1.0
1774384519,frontend-7868f8655b-vqjvm,gnn-cluster-worker3,scheduled_on,1.0
1774384519,redis-cache-67d574b944-ll9pf,gnn-cluster-worker2,scheduled_on,1.0
1774384519,workload-generator-667dc97f4f-67vch,gnn-cluster-worker3,scheduled_on,1.0
1774384549,backend-api-669d9964b8-b8qkw,gnn-cluster-worker2,scheduled_on,1.0
1774384549,backend-api-669d9964b8-qblwm,gnn-cluster-worker3,scheduled_on,1.0
1774384549,cpu-stressor-74d6ffcfc4-gghxs,gnn-cluster-worker,scheduled_on,1.0
1774384549,frontend-7868f8655b-25dwq,gnn-cluster-worker,scheduled_on,1.0
1774384549,frontend-7868f8655b-vqjvm,gnn-cluster-worker3,scheduled_on,1.0
1774384549,redis-cache-67d574b944-ll9pf,gnn-cluster-worker2,scheduled_on,1.0
1774384549,workload-generator-667dc97f4f-67vch,gnn-cluster-worker3,scheduled_on,1.0
1774384579,backend-api-669d9964b8-b8qkw,gnn-cluster-worker2,scheduled_on,1.0
1774384579,backend-api-669d9964b8-qblwm,gnn-cluster-worker3,scheduled_on,1.0
1774384579,cpu-stressor-74d6ffcfc4-gghxs,gnn-cluster-worker,scheduled_on,1.0
1774384579,frontend-7868f8655b-25dwq,gnn-cluster-worker,scheduled_on,1.0
1774384579,frontend-7868f8655b-vqjvm,gnn-cluster-worker3,scheduled_on,1.0
1774384579,redis-cache-67d574b944-ll9pf,gnn-cluster-worker2,scheduled_on,1.0
1774384579,workload-generator-667dc97f4f-67vch,gnn-cluster-worker3,scheduled_on,1.0
1774384609,backend-api-669d9964b8-b8qkw,gnn-cluster-worker2,scheduled_on,1.0
1774384609,backend-api-669d9964b8-qblwm,gnn-cluster-worker3,scheduled_on,1.0
1774384609,cpu-stressor-74d6ffcfc4-gghxs,gnn-cluster-worker,scheduled_on,1.0
1774384609,frontend-7868f8655b-25dwq,gnn-cluster-worker,scheduled_on,1.0
1774384609,frontend-7868f8655b-vqjvm,gnn-cluster-worker3,scheduled_on,1.0
1774384609,redis-cache-67d574b944-ll9pf,gnn-cluster-worker2,scheduled_on,1.0
1774384609,workload-generator-667dc97f4f-67vch,gnn-cluster-worker3,scheduled_on,1.0
1774384639,backend-api-669d9964b8-b8qkw,gnn-cluster-worker2,scheduled_on,1.0
1774384639,backend-api-669d9964b8-qblwm,gnn-cluster-worker3,scheduled_on,1.0
1774384639,cpu-stressor-74d6ffcfc4-gghxs,gnn-cluster-worker,scheduled_on,1.0
1774384639,frontend-7868f8655b-25dwq,gnn-cluster-worker,scheduled_on,1.0
1774384639,frontend-7868f8655b-vqjvm,gnn-cluster-worker3,scheduled_on,1.0
1774384639,redis-cache-67d574b944-ll9pf,gnn-cluster-worker2,scheduled_on,1.0
1774384639,workload-generator-667dc97f4f-67vch,gnn-cluster-worker3,scheduled_on,1.0
1774384669,backend-api-669d9964b8-b8qkw,gnn-cluster-worker2,scheduled_on,1.0
1774384669,backend-api-669d9964b8-qblwm,gnn-cluster-worker3,scheduled_on,1.0
1774384669,cpu-stressor-74d6ffcfc4-gghxs,gnn-cluster-worker,scheduled_on,1.0
1774384669,frontend-7868f8655b-25dwq,gnn-cluster-worker,scheduled_on,1.0
1774384669,frontend-7868f8655b-vqjvm,gnn-cluster-worker3,scheduled_on,1.0
1774384669,redis-cache-67d574b944-ll9pf,gnn-cluster-worker2,scheduled_on,1.0
1774384669,workload-generator-667dc97f4f-67vch,gnn-cluster-worker3,scheduled_on,1.0
1774384699,backend-api-669d9964b8-b8qkw,gnn-cluster-worker2,scheduled_on,1.0
1774384699,backend-api-669d9964b8-qblwm,gnn-cluster-worker3,scheduled_on,1.0
1774384699,cpu-stressor-74d6ffcfc4-gghxs,gnn-cluster-worker,scheduled_on,1.0
1774384699,frontend-7868f8655b-25dwq,gnn-cluster-worker,scheduled_on,1.0
1774384699,frontend-7868f8655b-vqjvm,gnn-cluster-worker3,scheduled_on,1.0
1774384699,redis-cache-67d574b944-ll9pf,gnn-cluster-worker2,scheduled_on,1.0
1774384699,workload-generator-667dc97f4f-67vch,gnn-cluster-worker3,scheduled_on,1.0
1774384729,backend-api-669d9964b8-b8qkw,gnn-cluster-worker2,scheduled_on,1.0
1774384729,backend-api-669d9964b8-qblwm,gnn-cluster-worker3,scheduled_on,1.0
1774384729,cpu-stressor-74d6ffcfc4-gghxs,gnn-cluster-worker,scheduled_on,1.0
1774384729,frontend-7868f8655b-25dwq,gnn-cluster-worker,scheduled_on,1.0
1774384729,frontend-7868f8655b-vqjvm,gnn-cluster-worker3,scheduled_on,1.0
1774384729,redis-cache-67d574b944-ll9pf,gnn-cluster-worker2,scheduled_on,1.0
1774384729,workload-generator-667dc97f4f-67vch,gnn-cluster-worker3,scheduled_on,1.0
1774384759,backend-api-669d9964b8-b8qkw,gnn-cluster-worker2,scheduled_on,1.0
1774384759,backend-api-669d9964b8-qblwm,gnn-cluster-worker3,scheduled_on,1.0
1774384759,cpu-stressor-74d6ffcfc4-gghxs,gnn-cluster-worker,scheduled_on,1.0
1774384759,frontend-7868f8655b-25dwq,gnn-cluster-worker,scheduled_on,1.0
1774384759,frontend-7868f8655b-vqjvm,gnn-cluster-worker3,scheduled_on,1.0
1774384759,redis-cache-67d574b944-ll9pf,gnn-cluster-worker2,scheduled_on,1.0
1774384759,workload-generator-667dc97f4f-67vch,gnn-cluster-worker3,scheduled_on,1.0
1774384789,backend-api-669d9964b8-b8qkw,gnn-cluster-worker2,scheduled_on,1.0
1774384789,backend-api-669d9964b8-qblwm,gnn-cluster-worker3,scheduled_on,1.0
1774384789,cpu-stressor-74d6ffcfc4-gghxs,gnn-cluster-worker,scheduled_on,1.0
1774384789,frontend-7868f8655b-25dwq,gnn-cluster-worker,scheduled_on,1.0
1774384789,frontend-7868f8655b-vqjvm,gnn-cluster-worker3,scheduled_on,1.0
1774384789,redis-cache-67d574b944-ll9pf,gnn-cluster-worker2,scheduled_on,1.0
1774384789,workload-generator-667dc97f4f-67vch,gnn-cluster-worker3,scheduled_on,1.0
1774384820,backend-api-669d9964b8-b8qkw,gnn-cluster-worker2,scheduled_on,1.0
1774384820,backend-api-669d9964b8-qblwm,gnn-cluster-worker3,scheduled_on,1.0
1774384820,cpu-stressor-74d6ffcfc4-gghxs,gnn-cluster-worker,scheduled_on,1.0
1774384820,frontend-7868f8655b-25dwq,gnn-cluster-worker,scheduled_on,1.0
1774384820,frontend-7868f8655b-vqjvm,gnn-cluster-worker3,scheduled_on,1.0
1774384820,redis-cache-67d574b944-ll9pf,gnn-cluster-worker2,scheduled_on,1.0
1774384820,workload-generator-667dc97f4f-67vch,gnn-cluster-worker3,scheduled_on,1.0
1774384850,backend-api-669d9964b8-b8qkw,gnn-cluster-worker2,scheduled_on,1.0
1774384850,backend-api-669d9964b8-qblwm,gnn-cluster-worker3,scheduled_on,1.0
1774384850,cpu-stressor-74d6ffcfc4-gghxs,gnn-cluster-worker,scheduled_on,1.0
1774384850,frontend-7868f8655b-25dwq,gnn-cluster-worker,scheduled_on,1.0
1774384850,frontend-7868f8655b-vqjvm,gnn-cluster-worker3,scheduled_on,1.0
1774384850,redis-cache-67d574b944-ll9pf,gnn-cluster-worker2,scheduled_on,1.0
1774384850,workload-generator-667dc97f4f-67vch,gnn-cluster-worker3,scheduled_on,1.0
1774384880,backend-api-669d9964b8-b8qkw,gnn-cluster-worker2,scheduled_on,1.0
1774384880,backend-api-669d9964b8-qblwm,gnn-cluster-worker3,scheduled_on,1.0
1774384880,cpu-stressor-74d6ffcfc4-gghxs,gnn-cluster-worker,scheduled_on,1.0
1774384880,frontend-7868f8655b-25dwq,gnn-cluster-worker,scheduled_on,1.0
1774384880,frontend-7868f8655b-vqjvm,gnn-cluster-worker3,scheduled_on,1.0
1774384880,redis-cache-67d574b944-ll9pf,gnn-cluster-worker2,scheduled_on,1.0
1774384880,workload-generator-667dc97f4f-67vch,gnn-cluster-worker3,scheduled_on,1.0
1774384910,backend-api-669d9964b8-b8qkw,gnn-cluster-worker2,scheduled_on,1.0
1774384910,backend-api-669d9964b8-qblwm,gnn-cluster-worker3,scheduled_on,1.0
1774384910,cpu-stressor-74d6ffcfc4-gghxs,gnn-cluster-worker,scheduled_on,1.0
1774384910,frontend-7868f8655b-25dwq,gnn-cluster-worker,scheduled_on,1.0
1774384910,frontend-7868f8655b-vqjvm,gnn-cluster-worker3,scheduled_on,1.0
1774384910,redis-cache-67d574b944-ll9pf,gnn-cluster-worker2,scheduled_on,1.0
1774384910,workload-generator-667dc97f4f-67vch,gnn-cluster-worker3,scheduled_on,1.0
1774384940,backend-api-669d9964b8-b8qkw,gnn-cluster-worker2,scheduled_on,1.0
1774384940,backend-api-669d9964b8-qblwm,gnn-cluster-worker3,scheduled_on,1.0
1774384940,cpu-stressor-74d6ffcfc4-gghxs,gnn-cluster-worker,scheduled_on,1.0
1774384940,frontend-7868f8655b-25dwq,gnn-cluster-worker,scheduled_on,1.0
1774384940,frontend-7868f8655b-vqjvm,gnn-cluster-worker3,scheduled_on,1.0
1774384940,redis-cache-67d574b944-ll9pf,gnn-cluster-worker2,scheduled_on,1.0
1774384940,workload-generator-667dc97f4f-67vch,gnn-cluster-worker3,scheduled_on,1.0
1774384970,backend-api-669d9964b8-b8qkw,gnn-cluster-worker2,scheduled_on,1.0
1774384970,backend-api-669d9964b8-qblwm,gnn-cluster-worker3,scheduled_on,1.0
1774384970,cpu-stressor-74d6ffcfc4-gghxs,gnn-cluster-worker,scheduled_on,1.0
1774384970,frontend-7868f8655b-25dwq,gnn-cluster-worker,scheduled_on,1.0
1774384970,frontend-7868f8655b-vqjvm,gnn-cluster-worker3,scheduled_on,1.0
1774384970,redis-cache-67d574b944-ll9pf,gnn-cluster-worker2,scheduled_on,1.0
1774384970,workload-generator-667dc97f4f-67vch,gnn-cluster-worker3,scheduled_on,1.0
1774385000,backend-api-669d9964b8-b8qkw,gnn-cluster-worker2,scheduled_on,1.0
1774385000,backend-api-669d9964b8-qblwm,gnn-cluster-worker3,scheduled_on,1.0
1774385000,cpu-stressor-74d6ffcfc4-gghxs,gnn-cluster-worker,scheduled_on,1.0
1774385000,frontend-7868f8655b-25dwq,gnn-cluster-worker,scheduled_on,1.0
1774385000,frontend-7868f8655b-vqjvm,gnn-cluster-worker3,scheduled_on,1.0
1774385000,redis-cache-67d574b944-ll9pf,gnn-cluster-worker2,scheduled_on,1.0
1774385000,workload-generator-667dc97f4f-67vch,gnn-cluster-worker3,scheduled_on,1.0
1774385030,backend-api-669d9964b8-b8qkw,gnn-cluster-worker2,scheduled_on,1.0
1774385030,backend-api-669d9964b8-qblwm,gnn-cluster-worker3,scheduled_on,1.0
1774385030,cpu-stressor-74d6ffcfc4-gghxs,gnn-cluster-worker,scheduled_on,1.0
1774385030,frontend-7868f8655b-25dwq,gnn-cluster-worker,scheduled_on,1.0
1774385030,frontend-7868f8655b-vqjvm,gnn-cluster-worker3,scheduled_on,1.0
1774385030,redis-cache-67d574b944-ll9pf,gnn-cluster-worker2,scheduled_on,1.0
1774385030,workload-generator-667dc97f4f-67vch,gnn-cluster-worker3,scheduled_on,1.0
1774385060,backend-api-669d9964b8-b8qkw,gnn-cluster-worker2,scheduled_on,1.0
1774385060,backend-api-669d9964b8-qblwm,gnn-cluster-worker3,scheduled_on,1.0
1774385060,cpu-stressor-74d6ffcfc4-gghxs,gnn-cluster-worker,scheduled_on,1.0
1774385060,frontend-7868f8655b-25dwq,gnn-cluster-worker,scheduled_on,1.0
1774385060,frontend-7868f8655b-vqjvm,gnn-cluster-worker3,scheduled_on,1.0
1774385060,redis-cache-67d574b944-ll9pf,gnn-cluster-worker2,scheduled_on,1.0
1774385060,workload-generator-667dc97f4f-67vch,gnn-cluster-worker3,scheduled_on,1.0
1774385090,backend-api-669d9964b8-b8qkw,gnn-cluster-worker2,scheduled_on,1.0
1774385090,backend-api-669d9964b8-qblwm,gnn-cluster-worker3,scheduled_on,1.0
1774385090,cpu-stressor-74d6ffcfc4-gghxs,gnn-cluster-worker,scheduled_on,1.0
1774385090,frontend-7868f8655b-25dwq,gnn-cluster-worker,scheduled_on,1.0
1774385090,frontend-7868f8655b-vqjvm,gnn-cluster-worker3,scheduled_on,1.0
1774385090,redis-cache-67d574b944-ll9pf,gnn-cluster-worker2,scheduled_on,1.0
1774385090,workload-generator-667dc97f4f-67vch,gnn-cluster-worker3,scheduled_on,1.0
1774385120,backend-api-669d9964b8-b8qkw,gnn-cluster-worker2,scheduled_on,1.0
1774385120,backend-api-669d9964b8-qblwm,gnn-cluster-worker3,scheduled_on,1.0
1774385120,cpu-stressor-74d6ffcfc4-gghxs,gnn-cluster-worker,scheduled_on,1.0
1774385120,frontend-7868f8655b-25dwq,gnn-cluster-worker,scheduled_on,1.0
1774385120,frontend-7868f8655b-vqjvm,gnn-cluster-worker3,scheduled_on,1.0
1774385120,redis-cache-67d574b944-ll9pf,gnn-cluster-worker2,scheduled_on,1.0
1774385120,workload-generator-667dc97f4f-67vch,gnn-cluster-worker3,scheduled_on,1.0
1774385150,backend-api-669d9964b8-b8qkw,gnn-cluster-worker2,scheduled_on,1.0
1774385150,backend-api-669d9964b8-qblwm,gnn-cluster-worker3,scheduled_on,1.0
1774385150,cpu-stressor-74d6ffcfc4-gghxs,gnn-cluster-worker,scheduled_on,1.0
1774385150,frontend-7868f8655b-25dwq,gnn-cluster-worker,scheduled_on,1.0
1774385150,frontend-7868f8655b-vqjvm,gnn-cluster-worker3,scheduled_on,1.0
1774385150,redis-cache-67d574b944-ll9pf,gnn-cluster-worker2,scheduled_on,1.0
1774385150,workload-generator-667dc97f4f-67vch,gnn-cluster-worker3,scheduled_on,1.0
1774385180,backend-api-669d9964b8-b8qkw,gnn-cluster-worker2,scheduled_on,1.0
1774385180,backend-api-669d9964b8-qblwm,gnn-cluster-worker3,scheduled_on,1.0
1774385180,cpu-stressor-74d6ffcfc4-gghxs,gnn-cluster-worker,scheduled_on,1.0
1774385180,frontend-7868f8655b-25dwq,gnn-cluster-worker,scheduled_on,1.0
1774385180,frontend-7868f8655b-vqjvm,gnn-cluster-worker3,scheduled_on,1.0
1774385180,redis-cache-67d574b944-ll9pf,gnn-cluster-worker2,scheduled_on,1.0
1774385180,workload-generator-667dc97f4f-67vch,gnn-cluster-worker3,scheduled_on,1.0
1774385210,backend-api-669d9964b8-b8qkw,gnn-cluster-worker2,scheduled_on,1.0
1774385210,backend-api-669d9964b8-qblwm,gnn-cluster-worker3,scheduled_on,1.0
1774385210,cpu-stressor-74d6ffcfc4-gghxs,gnn-cluster-worker,scheduled_on,1.0
1774385210,frontend-7868f8655b-25dwq,gnn-cluster-worker,scheduled_on,1.0
1774385210,frontend-7868f8655b-vqjvm,gnn-cluster-worker3,scheduled_on,1.0
1774385210,redis-cache-67d574b944-ll9pf,gnn-cluster-worker2,scheduled_on,1.0
1774385210,workload-generator-667dc97f4f-67vch,gnn-cluster-worker3,scheduled_on,1.0
1774385240,backend-api-669d9964b8-b8qkw,gnn-cluster-worker2,scheduled_on,1.0
1774385240,backend-api-669d9964b8-qblwm,gnn-cluster-worker3,scheduled_on,1.0
1774385240,cpu-stressor-74d6ffcfc4-gghxs,gnn-cluster-worker,scheduled_on,1.0
1774385240,frontend-7868f8655b-25dwq,gnn-cluster-worker,scheduled_on,1.0
1774385240,frontend-7868f8655b-vqjvm,gnn-cluster-worker3,scheduled_on,1.0
1774385240,redis-cache-67d574b944-ll9pf,gnn-cluster-worker2,scheduled_on,1.0
1774385240,workload-generator-667dc97f4f-67vch,gnn-cluster-worker3,scheduled_on,1.0
1774385271,backend-api-669d9964b8-b8qkw,gnn-cluster-worker2,scheduled_on,1.0
1774385271,backend-api-669d9964b8-qblwm,gnn-cluster-worker3,scheduled_on,1.0
1774385271,cpu-stressor-74d6ffcfc4-gghxs,gnn-cluster-worker,scheduled_on,1.0
1774385271,frontend-7868f8655b-25dwq,gnn-cluster-worker,scheduled_on,1.0
1774385271,frontend-7868f8655b-vqjvm,gnn-cluster-worker3,scheduled_on,1.0
1774385271,redis-cache-67d574b944-ll9pf,gnn-cluster-worker2,scheduled_on,1.0
1774385271,workload-generator-667dc97f4f-67vch,gnn-cluster-worker3,scheduled_on,1.0
1774385301,backend-api-669d9964b8-b8qkw,gnn-cluster-worker2,scheduled_on,1.0
1774385301,backend-api-669d9964b8-qblwm,gnn-cluster-worker3,scheduled_on,1.0
1774385301,cpu-stressor-74d6ffcfc4-gghxs,gnn-cluster-worker,scheduled_on,1.0
1774385301,frontend-7868f8655b-25dwq,gnn-cluster-worker,scheduled_on,1.0
1774385301,frontend-7868f8655b-vqjvm,gnn-cluster-worker3,scheduled_on,1.0
1774385301,redis-cache-67d574b944-ll9pf,gnn-cluster-worker2,scheduled_on,1.0
1774385301,workload-generator-667dc97f4f-67vch,gnn-cluster-worker3,scheduled_on,1.0
1774385331,backend-api-669d9964b8-b8qkw,gnn-cluster-worker2,scheduled_on,1.0
1774385331,backend-api-669d9964b8-qblwm,gnn-cluster-worker3,scheduled_on,1.0
1774385331,cpu-stressor-74d6ffcfc4-gghxs,gnn-cluster-worker,scheduled_on,1.0
1774385331,frontend-7868f8655b-25dwq,gnn-cluster-worker,scheduled_on,1.0
1774385331,frontend-7868f8655b-vqjvm,gnn-cluster-worker3,scheduled_on,1.0
1774385331,redis-cache-67d574b944-ll9pf,gnn-cluster-worker2,scheduled_on,1.0
1774385331,workload-generator-667dc97f4f-67vch,gnn-cluster-worker3,scheduled_on,1.0
1774385361,backend-api-669d9964b8-b8qkw,gnn-cluster-worker2,scheduled_on,1.0
1774385361,backend-api-669d9964b8-qblwm,gnn-cluster-worker3,scheduled_on,1.0
1774385361,cpu-stressor-74d6ffcfc4-gghxs,gnn-cluster-worker,scheduled_on,1.0
1774385361,frontend-7868f8655b-25dwq,gnn-cluster-worker,scheduled_on,1.0
1774385361,frontend-7868f8655b-vqjvm,gnn-cluster-worker3,scheduled_on,1.0
1774385361,redis-cache-67d574b944-ll9pf,gnn-cluster-worker2,scheduled_on,1.0
1774385361,workload-generator-667dc97f4f-67vch,gnn-cluster-worker3,scheduled_on,1.0
1774385391,backend-api-669d9964b8-b8qkw,gnn-cluster-worker2,scheduled_on,1.0
1774385391,backend-api-669d9964b8-qblwm,gnn-cluster-worker3,scheduled_on,1.0
1774385391,cpu-stressor-74d6ffcfc4-gghxs,gnn-cluster-worker,scheduled_on,1.0
1774385391,frontend-7868f8655b-25dwq,gnn-cluster-worker,scheduled_on,1.0
1774385391,frontend-7868f8655b-vqjvm,gnn-cluster-worker3,scheduled_on,1.0
1774385391,redis-cache-67d574b944-ll9pf,gnn-cluster-worker2,scheduled_on,1.0
1774385391,workload-generator-667dc97f4f-67vch,gnn-cluster-worker3,scheduled_on,1.0
1774385421,backend-api-669d9964b8-b8qkw,gnn-cluster-worker2,scheduled_on,1.0
1774385421,backend-api-669d9964b8-qblwm,gnn-cluster-worker3,scheduled_on,1.0
1774385421,cpu-stressor-74d6ffcfc4-gghxs,gnn-cluster-worker,scheduled_on,1.0
1774385421,frontend-7868f8655b-25dwq,gnn-cluster-worker,scheduled_on,1.0
1774385421,frontend-7868f8655b-vqjvm,gnn-cluster-worker3,scheduled_on,1.0
1774385421,redis-cache-67d574b944-ll9pf,gnn-cluster-worker2,scheduled_on,1.0
1774385421,workload-generator-667dc97f4f-67vch,gnn-cluster-worker3,scheduled_on,1.0
1774385451,backend-api-669d9964b8-b8qkw,gnn-cluster-worker2,scheduled_on,1.0
1774385451,backend-api-669d9964b8-qblwm,gnn-cluster-worker3,scheduled_on,1.0
1774385451,cpu-stressor-74d6ffcfc4-gghxs,gnn-cluster-worker,scheduled_on,1.0
1774385451,frontend-7868f8655b-25dwq,gnn-cluster-worker,scheduled_on,1.0
1774385451,frontend-7868f8655b-vqjvm,gnn-cluster-worker3,scheduled_on,1.0
1774385451,redis-cache-67d574b944-ll9pf,gnn-cluster-worker2,scheduled_on,1.0
1774385451,workload-generator-667dc97f4f-67vch,gnn-cluster-worker3,scheduled_on,1.0
1774385481,backend-api-669d9964b8-b8qkw,gnn-cluster-worker2,scheduled_on,1.0
1774385481,backend-api-669d9964b8-qblwm,gnn-cluster-worker3,scheduled_on,1.0
1774385481,cpu-stressor-74d6ffcfc4-gghxs,gnn-cluster-worker,scheduled_on,1.0
1774385481,frontend-7868f8655b-25dwq,gnn-cluster-worker,scheduled_on,1.0
1774385481,frontend-7868f8655b-vqjvm,gnn-cluster-worker3,scheduled_on,1.0
1774385481,redis-cache-67d574b944-ll9pf,gnn-cluster-worker2,scheduled_on,1.0
1774385481,workload-generator-667dc97f4f-67vch,gnn-cluster-worker3,scheduled_on,1.0
1774385511,backend-api-669d9964b8-b8qkw,gnn-cluster-worker2,scheduled_on,1.0
1774385511,backend-api-669d9964b8-qblwm,gnn-cluster-worker3,scheduled_on,1.0
1774385511,cpu-stressor-74d6ffcfc4-gghxs,gnn-cluster-worker,scheduled_on,1.0
1774385511,frontend-7868f8655b-25dwq,gnn-cluster-worker,scheduled_on,1.0
1774385511,frontend-7868f8655b-vqjvm,gnn-cluster-worker3,scheduled_on,1.0
1774385511,redis-cache-67d574b944-ll9pf,gnn-cluster-worker2,scheduled_on,1.0
1774385511,workload-generator-667dc97f4f-67vch,gnn-cluster-worker3,scheduled_on,1.0
1774385541,backend-api-669d9964b8-b8qkw,gnn-cluster-worker2,scheduled_on,1.0
1774385541,backend-api-669d9964b8-qblwm,gnn-cluster-worker3,scheduled_on,1.0
1774385541,cpu-stressor-74d6ffcfc4-gghxs,gnn-cluster-worker,scheduled_on,1.0
1774385541,frontend-7868f8655b-25dwq,gnn-cluster-worker,scheduled_on,1.0
1774385541,frontend-7868f8655b-vqjvm,gnn-cluster-worker3,scheduled_on,1.0
1774385541,redis-cache-67d574b944-ll9pf,gnn-cluster-worker2,scheduled_on,1.0
1774385541,workload-generator-667dc97f4f-67vch,gnn-cluster-worker3,scheduled_on,1.0
1774385571,backend-api-669d9964b8-b8qkw,gnn-cluster-worker2,scheduled_on,1.0
1774385571,backend-api-669d9964b8-qblwm,gnn-cluster-worker3,scheduled_on,1.0
1774385571,cpu-stressor-74d6ffcfc4-gghxs,gnn-cluster-worker,scheduled_on,1.0
1774385571,frontend-7868f8655b-25dwq,gnn-cluster-worker,scheduled_on,1.0
1774385571,frontend-7868f8655b-vqjvm,gnn-cluster-worker3,scheduled_on,1.0
1774385571,redis-cache-67d574b944-ll9pf,gnn-cluster-worker2,scheduled_on,1.0
1774385571,workload-generator-667dc97f4f-67vch,gnn-cluster-worker3,scheduled_on,1.0
1774385601,backend-api-669d9964b8-b8qkw,gnn-cluster-worker2,scheduled_on,1.0
1774385601,backend-api-669d9964b8-qblwm,gnn-cluster-worker3,scheduled_on,1.0
1774385601,cpu-stressor-74d6ffcfc4-gghxs,gnn-cluster-worker,scheduled_on,1.0
1774385601,frontend-7868f8655b-25dwq,gnn-cluster-worker,scheduled_on,1.0
1774385601,frontend-7868f8655b-vqjvm,gnn-cluster-worker3,scheduled_on,1.0
1774385601,redis-cache-67d574b944-ll9pf,gnn-cluster-worker2,scheduled_on,1.0
1774385601,workload-generator-667dc97f4f-67vch,gnn-cluster-worker3,scheduled_on,1.0
1774385631,backend-api-669d9964b8-b8qkw,gnn-cluster-worker2,scheduled_on,1.0
1774385631,backend-api-669d9964b8-qblwm,gnn-cluster-worker3,scheduled_on,1.0
1774385631,cpu-stressor-74d6ffcfc4-gghxs,gnn-cluster-worker,scheduled_on,1.0
1774385631,frontend-7868f8655b-25dwq,gnn-cluster-worker,scheduled_on,1.0
1774385631,frontend-7868f8655b-vqjvm,gnn-cluster-worker3,scheduled_on,1.0
1774385631,redis-cache-67d574b944-ll9pf,gnn-cluster-worker2,scheduled_on,1.0
1774385631,workload-generator-667dc97f4f-67vch,gnn-cluster-worker3,scheduled_on,1.0
1774385661,backend-api-669d9964b8-b8qkw,gnn-cluster-worker2,scheduled_on,1.0
1774385661,backend-api-669d9964b8-qblwm,gnn-cluster-worker3,scheduled_on,1.0
1774385661,cpu-stressor-74d6ffcfc4-gghxs,gnn-cluster-worker,scheduled_on,1.0
1774385661,frontend-7868f8655b-25dwq,gnn-cluster-worker,scheduled_on,1.0
1774385661,frontend-7868f8655b-vqjvm,gnn-cluster-worker3,scheduled_on,1.0
1774385661,redis-cache-67d574b944-ll9pf,gnn-cluster-worker2,scheduled_on,1.0
1774385661,workload-generator-667dc97f4f-67vch,gnn-cluster-worker3,scheduled_on,1.0
1774385691,backend-api-669d9964b8-b8qkw,gnn-cluster-worker2,scheduled_on,1.0
1774385691,backend-api-669d9964b8-qblwm,gnn-cluster-worker3,scheduled_on,1.0
1774385691,cpu-stressor-74d6ffcfc4-gghxs,gnn-cluster-worker,scheduled_on,1.0
1774385691,frontend-7868f8655b-25dwq,gnn-cluster-worker,scheduled_on,1.0
1774385691,frontend-7868f8655b-vqjvm,gnn-cluster-worker3,scheduled_on,1.0
1774385691,redis-cache-67d574b944-ll9pf,gnn-cluster-worker2,scheduled_on,1.0
1774385691,workload-generator-667dc97f4f-67vch,gnn-cluster-worker3,scheduled_on,1.0
1774385722,backend-api-669d9964b8-b8qkw,gnn-cluster-worker2,scheduled_on,1.0
1774385722,backend-api-669d9964b8-qblwm,gnn-cluster-worker3,scheduled_on,1.0
1774385722,cpu-stressor-74d6ffcfc4-gghxs,gnn-cluster-worker,scheduled_on,1.0
1774385722,frontend-7868f8655b-25dwq,gnn-cluster-worker,scheduled_on,1.0
1774385722,frontend-7868f8655b-vqjvm,gnn-cluster-worker3,scheduled_on,1.0
1774385722,redis-cache-67d574b944-ll9pf,gnn-cluster-worker2,scheduled_on,1.0
1774385722,workload-generator-667dc97f4f-67vch,gnn-cluster-worker3,scheduled_on,1.0
1774385752,backend-api-669d9964b8-b8qkw,gnn-cluster-worker2,scheduled_on,1.0
1774385752,backend-api-669d9964b8-qblwm,gnn-cluster-worker3,scheduled_on,1.0
1774385752,cpu-stressor-74d6ffcfc4-gghxs,gnn-cluster-worker,scheduled_on,1.0
1774385752,frontend-7868f8655b-25dwq,gnn-cluster-worker,scheduled_on,1.0
1774385752,frontend-7868f8655b-vqjvm,gnn-cluster-worker3,scheduled_on,1.0
1774385752,redis-cache-67d574b944-ll9pf,gnn-cluster-worker2,scheduled_on,1.0
1774385752,workload-generator-667dc97f4f-67vch,gnn-cluster-worker3,scheduled_on,1.0
1774385782,backend-api-669d9964b8-b8qkw,gnn-cluster-worker2,scheduled_on,1.0
1774385782,backend-api-669d9964b8-qblwm,gnn-cluster-worker3,scheduled_on,1.0
1774385782,cpu-stressor-74d6ffcfc4-gghxs,gnn-cluster-worker,scheduled_on,1.0
1774385782,frontend-7868f8655b-25dwq,gnn-cluster-worker,scheduled_on,1.0
1774385782,frontend-7868f8655b-vqjvm,gnn-cluster-worker3,scheduled_on,1.0
1774385782,redis-cache-67d574b944-ll9pf,gnn-cluster-worker2,scheduled_on,1.0
1774385782,workload-generator-667dc97f4f-67vch,gnn-cluster-worker3,scheduled_on,1.0
1774385812,backend-api-669d9964b8-b8qkw,gnn-cluster-worker2,scheduled_on,1.0
1774385812,backend-api-669d9964b8-qblwm,gnn-cluster-worker3,scheduled_on,1.0
1774385812,cpu-stressor-74d6ffcfc4-gghxs,gnn-cluster-worker,scheduled_on,1.0
1774385812,frontend-7868f8655b-25dwq,gnn-cluster-worker,scheduled_on,1.0
1774385812,frontend-7868f8655b-vqjvm,gnn-cluster-worker3,scheduled_on,1.0
1774385812,redis-cache-67d574b944-ll9pf,gnn-cluster-worker2,scheduled_on,1.0
1774385812,workload-generator-667dc97f4f-67vch,gnn-cluster-worker3,scheduled_on,1.0
1774385842,backend-api-669d9964b8-b8qkw,gnn-cluster-worker2,scheduled_on,1.0
1774385842,backend-api-669d9964b8-qblwm,gnn-cluster-worker3,scheduled_on,1.0
1774385842,cpu-stressor-74d6ffcfc4-gghxs,gnn-cluster-worker,scheduled_on,1.0
1774385842,frontend-7868f8655b-25dwq,gnn-cluster-worker,scheduled_on,1.0
1774385842,frontend-7868f8655b-vqjvm,gnn-cluster-worker3,scheduled_on,1.0
1774385842,redis-cache-67d574b944-ll9pf,gnn-cluster-worker2,scheduled_on,1.0
1774385842,workload-generator-667dc97f4f-67vch,gnn-cluster-worker3,scheduled_on,1.0
1774385872,backend-api-669d9964b8-b8qkw,gnn-cluster-worker2,scheduled_on,1.0
1774385872,backend-api-669d9964b8-qblwm,gnn-cluster-worker3,scheduled_on,1.0
1774385872,cpu-stressor-74d6ffcfc4-gghxs,gnn-cluster-worker,scheduled_on,1.0
1774385872,frontend-7868f8655b-25dwq,gnn-cluster-worker,scheduled_on,1.0
1774385872,frontend-7868f8655b-vqjvm,gnn-cluster-worker3,scheduled_on,1.0
1774385872,redis-cache-67d574b944-ll9pf,gnn-cluster-worker2,scheduled_on,1.0
1774385872,workload-generator-667dc97f4f-67vch,gnn-cluster-worker3,scheduled_on,1.0
1774385902,backend-api-669d9964b8-b8qkw,gnn-cluster-worker2,scheduled_on,1.0
1774385902,backend-api-669d9964b8-qblwm,gnn-cluster-worker3,scheduled_on,1.0
1774385902,cpu-stressor-74d6ffcfc4-gghxs,gnn-cluster-worker,scheduled_on,1.0
1774385902,frontend-7868f8655b-25dwq,gnn-cluster-worker,scheduled_on,1.0
1774385902,frontend-7868f8655b-vqjvm,gnn-cluster-worker3,scheduled_on,1.0
1774385902,redis-cache-67d574b944-ll9pf,gnn-cluster-worker2,scheduled_on,1.0
1774385902,workload-generator-667dc97f4f-67vch,gnn-cluster-worker3,scheduled_on,1.0
1774385932,backend-api-669d9964b8-b8qkw,gnn-cluster-worker2,scheduled_on,1.0
1774385932,backend-api-669d9964b8-qblwm,gnn-cluster-worker3,scheduled_on,1.0
1774385932,cpu-stressor-74d6ffcfc4-gghxs,gnn-cluster-worker,scheduled_on,1.0
1774385932,frontend-7868f8655b-25dwq,gnn-cluster-worker,scheduled_on,1.0
1774385932,frontend-7868f8655b-vqjvm,gnn-cluster-worker3,scheduled_on,1.0
1774385932,redis-cache-67d574b944-ll9pf,gnn-cluster-worker2,scheduled_on,1.0
1774385932,workload-generator-667dc97f4f-67vch,gnn-cluster-worker3,scheduled_on,1.0
1774385962,backend-api-669d9964b8-b8qkw,gnn-cluster-worker2,scheduled_on,1.0
1774385962,backend-api-669d9964b8-qblwm,gnn-cluster-worker3,scheduled_on,1.0
1774385962,cpu-stressor-74d6ffcfc4-gghxs,gnn-cluster-worker,scheduled_on,1.0
1774385962,frontend-7868f8655b-25dwq,gnn-cluster-worker,scheduled_on,1.0
1774385962,frontend-7868f8655b-vqjvm,gnn-cluster-worker3,scheduled_on,1.0
1774385962,redis-cache-67d574b944-ll9pf,gnn-cluster-worker2,scheduled_on,1.0
1774385962,workload-generator-667dc97f4f-67vch,gnn-cluster-worker3,scheduled_on,1.0
1774385992,backend-api-669d9964b8-b8qkw,gnn-cluster-worker2,scheduled_on,1.0
1774385992,backend-api-669d9964b8-qblwm,gnn-cluster-worker3,scheduled_on,1.0
1774385992,cpu-stressor-74d6ffcfc4-gghxs,gnn-cluster-worker,scheduled_on,1.0
1774385992,frontend-7868f8655b-25dwq,gnn-cluster-worker,scheduled_on,1.0
1774385992,frontend-7868f8655b-vqjvm,gnn-cluster-worker3,scheduled_on,1.0
1774385992,redis-cache-67d574b944-ll9pf,gnn-cluster-worker2,scheduled_on,1.0
1774385992,workload-generator-667dc97f4f-67vch,gnn-cluster-worker3,scheduled_on,1.0
1774386022,backend-api-669d9964b8-b8qkw,gnn-cluster-worker2,scheduled_on,1.0
1774386022,backend-api-669d9964b8-qblwm,gnn-cluster-worker3,scheduled_on,1.0
1774386022,cpu-stressor-74d6ffcfc4-gghxs,gnn-cluster-worker,scheduled_on,1.0
1774386022,frontend-7868f8655b-25dwq,gnn-cluster-worker,scheduled_on,1.0
1774386022,frontend-7868f8655b-vqjvm,gnn-cluster-worker3,scheduled_on,1.0
1774386022,redis-cache-67d574b944-ll9pf,gnn-cluster-worker2,scheduled_on,1.0
1774386022,workload-generator-667dc97f4f-67vch,gnn-cluster-worker3,scheduled_on,1.0
1774386052,backend-api-669d9964b8-b8qkw,gnn-cluster-worker2,scheduled_on,1.0
1774386052,backend-api-669d9964b8-qblwm,gnn-cluster-worker3,scheduled_on,1.0
1774386052,cpu-stressor-74d6ffcfc4-gghxs,gnn-cluster-worker,scheduled_on,1.0
1774386052,frontend-7868f8655b-25dwq,gnn-cluster-worker,scheduled_on,1.0
1774386052,frontend-7868f8655b-vqjvm,gnn-cluster-worker3,scheduled_on,1.0
1774386052,redis-cache-67d574b944-ll9pf,gnn-cluster-worker2,scheduled_on,1.0
1774386052,workload-generator-667dc97f4f-67vch,gnn-cluster-worker3,scheduled_on,1.0
1774386082,backend-api-669d9964b8-b8qkw,gnn-cluster-worker2,scheduled_on,1.0
1774386082,backend-api-669d9964b8-qblwm,gnn-cluster-worker3,scheduled_on,1.0
1774386082,cpu-stressor-74d6ffcfc4-gghxs,gnn-cluster-worker,scheduled_on,1.0
1774386082,frontend-7868f8655b-25dwq,gnn-cluster-worker,scheduled_on,1.0
1774386082,frontend-7868f8655b-vqjvm,gnn-cluster-worker3,scheduled_on,1.0
1774386082,redis-cache-67d574b944-ll9pf,gnn-cluster-worker2,scheduled_on,1.0
1774386082,workload-generator-667dc97f4f-67vch,gnn-cluster-worker3,scheduled_on,1.0
1774386112,backend-api-669d9964b8-b8qkw,gnn-cluster-worker2,scheduled_on,1.0
1774386112,backend-api-669d9964b8-qblwm,gnn-cluster-worker3,scheduled_on,1.0
1774386112,cpu-stressor-74d6ffcfc4-gghxs,gnn-cluster-worker,scheduled_on,1.0
1774386112,frontend-7868f8655b-25dwq,gnn-cluster-worker,scheduled_on,1.0
1774386112,frontend-7868f8655b-vqjvm,gnn-cluster-worker3,scheduled_on,1.0
1774386112,redis-cache-67d574b944-ll9pf,gnn-cluster-worker2,scheduled_on,1.0
1774386112,workload-generator-667dc97f4f-67vch,gnn-cluster-worker3,scheduled_on,1.0
1774386143,backend-api-669d9964b8-b8qkw,gnn-cluster-worker2,scheduled_on,1.0
1774386143,backend-api-669d9964b8-qblwm,gnn-cluster-worker3,scheduled_on,1.0
1774386143,cpu-stressor-74d6ffcfc4-gghxs,gnn-cluster-worker,scheduled_on,1.0
1774386143,frontend-7868f8655b-25dwq,gnn-cluster-worker,scheduled_on,1.0
1774386143,frontend-7868f8655b-vqjvm,gnn-cluster-worker3,scheduled_on,1.0
1774386143,redis-cache-67d574b944-ll9pf,gnn-cluster-worker2,scheduled_on,1.0
1774386143,workload-generator-667dc97f4f-67vch,gnn-cluster-worker3,scheduled_on,1.0
1774386173,backend-api-669d9964b8-b8qkw,gnn-cluster-worker2,scheduled_on,1.0
1774386173,backend-api-669d9964b8-qblwm,gnn-cluster-worker3,scheduled_on,1.0
1774386173,cpu-stressor-74d6ffcfc4-gghxs,gnn-cluster-worker,scheduled_on,1.0
1774386173,frontend-7868f8655b-25dwq,gnn-cluster-worker,scheduled_on,1.0
1774386173,frontend-7868f8655b-vqjvm,gnn-cluster-worker3,scheduled_on,1.0
1774386173,redis-cache-67d574b944-ll9pf,gnn-cluster-worker2,scheduled_on,1.0
1774386173,workload-generator-667dc97f4f-67vch,gnn-cluster-worker3,scheduled_on,1.0
1774386203,backend-api-669d9964b8-b8qkw,gnn-cluster-worker2,scheduled_on,1.0
1774386203,backend-api-669d9964b8-qblwm,gnn-cluster-worker3,scheduled_on,1.0
1774386203,cpu-stressor-74d6ffcfc4-gghxs,gnn-cluster-worker,scheduled_on,1.0
1774386203,frontend-7868f8655b-25dwq,gnn-cluster-worker,scheduled_on,1.0
1774386203,frontend-7868f8655b-vqjvm,gnn-cluster-worker3,scheduled_on,1.0
1774386203,redis-cache-67d574b944-ll9pf,gnn-cluster-worker2,scheduled_on,1.0
1774386203,workload-generator-667dc97f4f-67vch,gnn-cluster-worker3,scheduled_on,1.0
1774386233,backend-api-669d9964b8-b8qkw,gnn-cluster-worker2,scheduled_on,1.0
1774386233,backend-api-669d9964b8-qblwm,gnn-cluster-worker3,scheduled_on,1.0
1774386233,cpu-stressor-74d6ffcfc4-gghxs,gnn-cluster-worker,scheduled_on,1.0
1774386233,frontend-7868f8655b-25dwq,gnn-cluster-worker,scheduled_on,1.0
1774386233,frontend-7868f8655b-vqjvm,gnn-cluster-worker3,scheduled_on,1.0
1774386233,redis-cache-67d574b944-ll9pf,gnn-cluster-worker2,scheduled_on,1.0
1774386233,workload-generator-667dc97f4f-67vch,gnn-cluster-worker3,scheduled_on,1.0
1774386263,backend-api-669d9964b8-b8qkw,gnn-cluster-worker2,scheduled_on,1.0
1774386263,backend-api-669d9964b8-qblwm,gnn-cluster-worker3,scheduled_on,1.0
1774386263,cpu-stressor-74d6ffcfc4-gghxs,gnn-cluster-worker,scheduled_on,1.0
1774386263,frontend-7868f8655b-25dwq,gnn-cluster-worker,scheduled_on,1.0
1774386263,frontend-7868f8655b-vqjvm,gnn-cluster-worker3,scheduled_on,1.0
1774386263,redis-cache-67d574b944-ll9pf,gnn-cluster-worker2,scheduled_on,1.0
1774386263,workload-generator-667dc97f4f-67vch,gnn-cluster-worker3,scheduled_on,1.0
1774386293,backend-api-669d9964b8-b8qkw,gnn-cluster-worker2,scheduled_on,1.0
1774386293,backend-api-669d9964b8-qblwm,gnn-cluster-worker3,scheduled_on,1.0
1774386293,cpu-stressor-74d6ffcfc4-gghxs,gnn-cluster-worker,scheduled_on,1.0
1774386293,frontend-7868f8655b-25dwq,gnn-cluster-worker,scheduled_on,1.0
1774386293,frontend-7868f8655b-vqjvm,gnn-cluster-worker3,scheduled_on,1.0
1774386293,redis-cache-67d574b944-ll9pf,gnn-cluster-worker2,scheduled_on,1.0
1774386293,workload-generator-667dc97f4f-67vch,gnn-cluster-worker3,scheduled_on,1.0
1774386323,backend-api-669d9964b8-b8qkw,gnn-cluster-worker2,scheduled_on,1.0
1774386323,backend-api-669d9964b8-qblwm,gnn-cluster-worker3,scheduled_on,1.0
1774386323,cpu-stressor-74d6ffcfc4-gghxs,gnn-cluster-worker,scheduled_on,1.0
1774386323,frontend-7868f8655b-25dwq,gnn-cluster-worker,scheduled_on,1.0
1774386323,frontend-7868f8655b-vqjvm,gnn-cluster-worker3,scheduled_on,1.0
1774386323,redis-cache-67d574b944-ll9pf,gnn-cluster-worker2,scheduled_on,1.0
1774386323,workload-generator-667dc97f4f-67vch,gnn-cluster-worker3,scheduled_on,1.0
1774386353,backend-api-669d9964b8-b8qkw,gnn-cluster-worker2,scheduled_on,1.0
1774386353,backend-api-669d9964b8-qblwm,gnn-cluster-worker3,scheduled_on,1.0
1774386353,cpu-stressor-74d6ffcfc4-gghxs,gnn-cluster-worker,scheduled_on,1.0
1774386353,frontend-7868f8655b-25dwq,gnn-cluster-worker,scheduled_on,1.0
1774386353,frontend-7868f8655b-vqjvm,gnn-cluster-worker3,scheduled_on,1.0
1774386353,redis-cache-67d574b944-ll9pf,gnn-cluster-worker2,scheduled_on,1.0
1774386353,workload-generator-667dc97f4f-67vch,gnn-cluster-worker3,scheduled_on,1.0
1774386383,backend-api-669d9964b8-b8qkw,gnn-cluster-worker2,scheduled_on,1.0
1774386383,backend-api-669d9964b8-qblwm,gnn-cluster-worker3,scheduled_on,1.0
1774386383,cpu-stressor-74d6ffcfc4-gghxs,gnn-cluster-worker,scheduled_on,1.0
1774386383,frontend-7868f8655b-25dwq,gnn-cluster-worker,scheduled_on,1.0
1774386383,frontend-7868f8655b-vqjvm,gnn-cluster-worker3,scheduled_on,1.0
1774386383,redis-cache-67d574b944-ll9pf,gnn-cluster-worker2,scheduled_on,1.0
1774386383,workload-generator-667dc97f4f-67vch,gnn-cluster-worker3,scheduled_on,1.0
1774386413,backend-api-669d9964b8-b8qkw,gnn-cluster-worker2,scheduled_on,1.0
1774386413,backend-api-669d9964b8-qblwm,gnn-cluster-worker3,scheduled_on,1.0
1774386413,cpu-stressor-74d6ffcfc4-gghxs,gnn-cluster-worker,scheduled_on,1.0
1774386413,frontend-7868f8655b-25dwq,gnn-cluster-worker,scheduled_on,1.0
1774386413,frontend-7868f8655b-vqjvm,gnn-cluster-worker3,scheduled_on,1.0
1774386413,redis-cache-67d574b944-ll9pf,gnn-cluster-worker2,scheduled_on,1.0
1774386413,workload-generator-667dc97f4f-67vch,gnn-cluster-worker3,scheduled_on,1.0
1774386443,backend-api-669d9964b8-b8qkw,gnn-cluster-worker2,scheduled_on,1.0
1774386443,backend-api-669d9964b8-qblwm,gnn-cluster-worker3,scheduled_on,1.0
1774386443,cpu-stressor-74d6ffcfc4-gghxs,gnn-cluster-worker,scheduled_on,1.0
1774386443,frontend-7868f8655b-25dwq,gnn-cluster-worker,scheduled_on,1.0
1774386443,frontend-7868f8655b-vqjvm,gnn-cluster-worker3,scheduled_on,1.0
1774386443,redis-cache-67d574b944-ll9pf,gnn-cluster-worker2,scheduled_on,1.0
1774386443,workload-generator-667dc97f4f-67vch,gnn-cluster-worker3,scheduled_on,1.0
1774386473,backend-api-669d9964b8-b8qkw,gnn-cluster-worker2,scheduled_on,1.0
1774386473,backend-api-669d9964b8-qblwm,gnn-cluster-worker3,scheduled_on,1.0
1774386473,cpu-stressor-74d6ffcfc4-gghxs,gnn-cluster-worker,scheduled_on,1.0
1774386473,frontend-7868f8655b-25dwq,gnn-cluster-worker,scheduled_on,1.0
1774386473,frontend-7868f8655b-vqjvm,gnn-cluster-worker3,scheduled_on,1.0
1774386473,redis-cache-67d574b944-ll9pf,gnn-cluster-worker2,scheduled_on,1.0
1774386473,workload-generator-667dc97f4f-67vch,gnn-cluster-worker3,scheduled_on,1.0
1774386503,backend-api-669d9964b8-b8qkw,gnn-cluster-worker2,scheduled_on,1.0
1774386503,backend-api-669d9964b8-qblwm,gnn-cluster-worker3,scheduled_on,1.0
1774386503,cpu-stressor-74d6ffcfc4-gghxs,gnn-cluster-worker,scheduled_on,1.0
1774386503,frontend-7868f8655b-25dwq,gnn-cluster-worker,scheduled_on,1.0
1774386503,frontend-7868f8655b-vqjvm,gnn-cluster-worker3,scheduled_on,1.0
1774386503,redis-cache-67d574b944-ll9pf,gnn-cluster-worker2,scheduled_on,1.0
1774386503,workload-generator-667dc97f4f-67vch,gnn-cluster-worker3,scheduled_on,1.0
1774386533,backend-api-669d9964b8-b8qkw,gnn-cluster-worker2,scheduled_on,1.0
1774386533,backend-api-669d9964b8-qblwm,gnn-cluster-worker3,scheduled_on,1.0
1774386533,cpu-stressor-74d6ffcfc4-gghxs,gnn-cluster-worker,scheduled_on,1.0
1774386533,frontend-7868f8655b-25dwq,gnn-cluster-worker,scheduled_on,1.0
1774386533,frontend-7868f8655b-vqjvm,gnn-cluster-worker3,scheduled_on,1.0
1774386533,redis-cache-67d574b944-ll9pf,gnn-cluster-worker2,scheduled_on,1.0
1774386533,workload-generator-667dc97f4f-67vch,gnn-cluster-worker3,scheduled_on,1.0
1774386563,backend-api-669d9964b8-b8qkw,gnn-cluster-worker2,scheduled_on,1.0
1774386563,backend-api-669d9964b8-qblwm,gnn-cluster-worker3,scheduled_on,1.0
1774386563,cpu-stressor-74d6ffcfc4-gghxs,gnn-cluster-worker,scheduled_on,1.0
1774386563,frontend-7868f8655b-25dwq,gnn-cluster-worker,scheduled_on,1.0
1774386563,frontend-7868f8655b-vqjvm,gnn-cluster-worker3,scheduled_on,1.0
1774386563,redis-cache-67d574b944-ll9pf,gnn-cluster-worker2,scheduled_on,1.0
1774386563,workload-generator-667dc97f4f-67vch,gnn-cluster-worker3,scheduled_on,1.0
1774386593,backend-api-669d9964b8-b8qkw,gnn-cluster-worker2,scheduled_on,1.0
1774386593,backend-api-669d9964b8-qblwm,gnn-cluster-worker3,scheduled_on,1.0
1774386593,cpu-stressor-74d6ffcfc4-gghxs,gnn-cluster-worker,scheduled_on,1.0
1774386593,frontend-7868f8655b-25dwq,gnn-cluster-worker,scheduled_on,1.0
1774386593,frontend-7868f8655b-vqjvm,gnn-cluster-worker3,scheduled_on,1.0
1774386593,redis-cache-67d574b944-ll9pf,gnn-cluster-worker2,scheduled_on,1.0
1774386593,workload-generator-667dc97f4f-67vch,gnn-cluster-worker3,scheduled_on,1.0
1774386624,backend-api-669d9964b8-b8qkw,gnn-cluster-worker2,scheduled_on,1.0
1774386624,backend-api-669d9964b8-qblwm,gnn-cluster-worker3,scheduled_on,1.0
1774386624,cpu-stressor-74d6ffcfc4-gghxs,gnn-cluster-worker,scheduled_on,1.0
1774386624,frontend-7868f8655b-25dwq,gnn-cluster-worker,scheduled_on,1.0
1774386624,frontend-7868f8655b-vqjvm,gnn-cluster-worker3,scheduled_on,1.0
1774386624,redis-cache-67d574b944-ll9pf,gnn-cluster-worker2,scheduled_on,1.0
1774386624,workload-generator-667dc97f4f-67vch,gnn-cluster-worker3,scheduled_on,1.0
1774386654,backend-api-669d9964b8-b8qkw,gnn-cluster-worker2,scheduled_on,1.0
1774386654,backend-api-669d9964b8-qblwm,gnn-cluster-worker3,scheduled_on,1.0
1774386654,cpu-stressor-74d6ffcfc4-gghxs,gnn-cluster-worker,scheduled_on,1.0
1774386654,frontend-7868f8655b-25dwq,gnn-cluster-worker,scheduled_on,1.0
1774386654,frontend-7868f8655b-vqjvm,gnn-cluster-worker3,scheduled_on,1.0
1774386654,redis-cache-67d574b944-ll9pf,gnn-cluster-worker2,scheduled_on,1.0
1774386654,workload-generator-667dc97f4f-67vch,gnn-cluster-worker3,scheduled_on,1.0
1774386684,backend-api-669d9964b8-b8qkw,gnn-cluster-worker2,scheduled_on,1.0
1774386684,backend-api-669d9964b8-qblwm,gnn-cluster-worker3,scheduled_on,1.0
1774386684,cpu-stressor-74d6ffcfc4-gghxs,gnn-cluster-worker,scheduled_on,1.0
1774386684,frontend-7868f8655b-25dwq,gnn-cluster-worker,scheduled_on,1.0
1774386684,frontend-7868f8655b-vqjvm,gnn-cluster-worker3,scheduled_on,1.0
1774386684,redis-cache-67d574b944-ll9pf,gnn-cluster-worker2,scheduled_on,1.0
1774386684,workload-generator-667dc97f4f-67vch,gnn-cluster-worker3,scheduled_on,1.0
1774386714,backend-api-669d9964b8-b8qkw,gnn-cluster-worker2,scheduled_on,1.0
1774386714,backend-api-669d9964b8-qblwm,gnn-cluster-worker3,scheduled_on,1.0
1774386714,cpu-stressor-74d6ffcfc4-gghxs,gnn-cluster-worker,scheduled_on,1.0
1774386714,frontend-7868f8655b-25dwq,gnn-cluster-worker,scheduled_on,1.0
1774386714,frontend-7868f8655b-vqjvm,gnn-cluster-worker3,scheduled_on,1.0
1774386714,redis-cache-67d574b944-ll9pf,gnn-cluster-worker2,scheduled_on,1.0
1774386714,workload-generator-667dc97f4f-67vch,gnn-cluster-worker3,scheduled_on,1.0
1774386744,backend-api-669d9964b8-b8qkw,gnn-cluster-worker2,scheduled_on,1.0
1774386744,backend-api-669d9964b8-qblwm,gnn-cluster-worker3,scheduled_on,1.0
1774386744,cpu-stressor-74d6ffcfc4-gghxs,gnn-cluster-worker,scheduled_on,1.0
1774386744,frontend-7868f8655b-25dwq,gnn-cluster-worker,scheduled_on,1.0
1774386744,frontend-7868f8655b-vqjvm,gnn-cluster-worker3,scheduled_on,1.0
1774386744,redis-cache-67d574b944-ll9pf,gnn-cluster-worker2,scheduled_on,1.0
1774386744,workload-generator-667dc97f4f-67vch,gnn-cluster-worker3,scheduled_on,1.0
1774386774,backend-api-669d9964b8-b8qkw,gnn-cluster-worker2,scheduled_on,1.0
1774386774,backend-api-669d9964b8-qblwm,gnn-cluster-worker3,scheduled_on,1.0
1774386774,cpu-stressor-74d6ffcfc4-gghxs,gnn-cluster-worker,scheduled_on,1.0
1774386774,frontend-7868f8655b-25dwq,gnn-cluster-worker,scheduled_on,1.0
1774386774,frontend-7868f8655b-vqjvm,gnn-cluster-worker3,scheduled_on,1.0
1774386774,redis-cache-67d574b944-ll9pf,gnn-cluster-worker2,scheduled_on,1.0
1774386774,workload-generator-667dc97f4f-67vch,gnn-cluster-worker3,scheduled_on,1.0
1774386804,backend-api-669d9964b8-b8qkw,gnn-cluster-worker2,scheduled_on,1.0
1774386804,backend-api-669d9964b8-qblwm,gnn-cluster-worker3,scheduled_on,1.0
1774386804,cpu-stressor-74d6ffcfc4-gghxs,gnn-cluster-worker,scheduled_on,1.0
1774386804,frontend-7868f8655b-25dwq,gnn-cluster-worker,scheduled_on,1.0
1774386804,frontend-7868f8655b-vqjvm,gnn-cluster-worker3,scheduled_on,1.0
1774386804,redis-cache-67d574b944-ll9pf,gnn-cluster-worker2,scheduled_on,1.0
1774386804,workload-generator-667dc97f4f-67vch,gnn-cluster-worker3,scheduled_on,1.0
1774386834,backend-api-669d9964b8-b8qkw,gnn-cluster-worker2,scheduled_on,1.0
1774386834,backend-api-669d9964b8-qblwm,gnn-cluster-worker3,scheduled_on,1.0
1774386834,cpu-stressor-74d6ffcfc4-gghxs,gnn-cluster-worker,scheduled_on,1.0
1774386834,frontend-7868f8655b-25dwq,gnn-cluster-worker,scheduled_on,1.0
1774386834,frontend-7868f8655b-vqjvm,gnn-cluster-worker3,scheduled_on,1.0
1774386834,redis-cache-67d574b944-ll9pf,gnn-cluster-worker2,scheduled_on,1.0
1774386834,workload-generator-667dc97f4f-67vch,gnn-cluster-worker3,scheduled_on,1.0
1774386864,backend-api-669d9964b8-b8qkw,gnn-cluster-worker2,scheduled_on,1.0
1774386864,backend-api-669d9964b8-qblwm,gnn-cluster-worker3,scheduled_on,1.0
1774386864,cpu-stressor-74d6ffcfc4-gghxs,gnn-cluster-worker,scheduled_on,1.0
1774386864,frontend-7868f8655b-25dwq,gnn-cluster-worker,scheduled_on,1.0
1774386864,frontend-7868f8655b-vqjvm,gnn-cluster-worker3,scheduled_on,1.0
1774386864,redis-cache-67d574b944-ll9pf,gnn-cluster-worker2,scheduled_on,1.0
1774386864,workload-generator-667dc97f4f-67vch,gnn-cluster-worker3,scheduled_on,1.0
1774386894,backend-api-669d9964b8-b8qkw,gnn-cluster-worker2,scheduled_on,1.0
1774386894,backend-api-669d9964b8-qblwm,gnn-cluster-worker3,scheduled_on,1.0
1774386894,cpu-stressor-74d6ffcfc4-gghxs,gnn-cluster-worker,scheduled_on,1.0
1774386894,frontend-7868f8655b-25dwq,gnn-cluster-worker,scheduled_on,1.0
1774386894,frontend-7868f8655b-vqjvm,gnn-cluster-worker3,scheduled_on,1.0
1774386894,redis-cache-67d574b944-ll9pf,gnn-cluster-worker2,scheduled_on,1.0
1774386894,workload-generator-667dc97f4f-67vch,gnn-cluster-worker3,scheduled_on,1.0
1774386924,backend-api-669d9964b8-b8qkw,gnn-cluster-worker2,scheduled_on,1.0
1774386924,backend-api-669d9964b8-qblwm,gnn-cluster-worker3,scheduled_on,1.0
1774386924,cpu-stressor-74d6ffcfc4-gghxs,gnn-cluster-worker,scheduled_on,1.0
1774386924,frontend-7868f8655b-25dwq,gnn-cluster-worker,scheduled_on,1.0
1774386924,frontend-7868f8655b-vqjvm,gnn-cluster-worker3,scheduled_on,1.0
1774386924,redis-cache-67d574b944-ll9pf,gnn-cluster-worker2,scheduled_on,1.0
1774386924,workload-generator-667dc97f4f-67vch,gnn-cluster-worker3,scheduled_on,1.0
1774386954,backend-api-669d9964b8-b8qkw,gnn-cluster-worker2,scheduled_on,1.0
1774386954,backend-api-669d9964b8-qblwm,gnn-cluster-worker3,scheduled_on,1.0
1774386954,cpu-stressor-74d6ffcfc4-gghxs,gnn-cluster-worker,scheduled_on,1.0
1774386954,frontend-7868f8655b-25dwq,gnn-cluster-worker,scheduled_on,1.0
1774386954,frontend-7868f8655b-vqjvm,gnn-cluster-worker3,scheduled_on,1.0
1774386954,redis-cache-67d574b944-ll9pf,gnn-cluster-worker2,scheduled_on,1.0
1774386954,workload-generator-667dc97f4f-67vch,gnn-cluster-worker3,scheduled_on,1.0
1774386984,backend-api-669d9964b8-b8qkw,gnn-cluster-worker2,scheduled_on,1.0
1774386984,backend-api-669d9964b8-qblwm,gnn-cluster-worker3,scheduled_on,1.0
1774386984,cpu-stressor-74d6ffcfc4-gghxs,gnn-cluster-worker,scheduled_on,1.0
1774386984,frontend-7868f8655b-25dwq,gnn-cluster-worker,scheduled_on,1.0
1774386984,frontend-7868f8655b-vqjvm,gnn-cluster-worker3,scheduled_on,1.0
1774386984,redis-cache-67d574b944-ll9pf,gnn-cluster-worker2,scheduled_on,1.0
1774386984,workload-generator-667dc97f4f-67vch,gnn-cluster-worker3,scheduled_on,1.0
1774387014,backend-api-669d9964b8-b8qkw,gnn-cluster-worker2,scheduled_on,1.0
1774387014,backend-api-669d9964b8-qblwm,gnn-cluster-worker3,scheduled_on,1.0
1774387014,cpu-stressor-74d6ffcfc4-gghxs,gnn-cluster-worker,scheduled_on,1.0
1774387014,frontend-7868f8655b-25dwq,gnn-cluster-worker,scheduled_on,1.0
1774387014,frontend-7868f8655b-vqjvm,gnn-cluster-worker3,scheduled_on,1.0
1774387014,redis-cache-67d574b944-ll9pf,gnn-cluster-worker2,scheduled_on,1.0
1774387014,workload-generator-667dc97f4f-67vch,gnn-cluster-worker3,scheduled_on,1.0
1774387044,backend-api-669d9964b8-b8qkw,gnn-cluster-worker2,scheduled_on,1.0
1774387044,backend-api-669d9964b8-qblwm,gnn-cluster-worker3,scheduled_on,1.0
1774387044,cpu-stressor-74d6ffcfc4-gghxs,gnn-cluster-worker,scheduled_on,1.0
1774387044,frontend-7868f8655b-25dwq,gnn-cluster-worker,scheduled_on,1.0
1774387044,frontend-7868f8655b-vqjvm,gnn-cluster-worker3,scheduled_on,1.0
1774387044,redis-cache-67d574b944-ll9pf,gnn-cluster-worker2,scheduled_on,1.0
1774387044,workload-generator-667dc97f4f-67vch,gnn-cluster-worker3,scheduled_on,1.0
1774387074,backend-api-669d9964b8-b8qkw,gnn-cluster-worker2,scheduled_on,1.0
1774387074,backend-api-669d9964b8-qblwm,gnn-cluster-worker3,scheduled_on,1.0
1774387074,cpu-stressor-74d6ffcfc4-gghxs,gnn-cluster-worker,scheduled_on,1.0
1774387074,frontend-7868f8655b-25dwq,gnn-cluster-worker,scheduled_on,1.0
1774387074,frontend-7868f8655b-vqjvm,gnn-cluster-worker3,scheduled_on,1.0
1774387074,redis-cache-67d574b944-ll9pf,gnn-cluster-worker2,scheduled_on,1.0
1774387074,workload-generator-667dc97f4f-67vch,gnn-cluster-worker3,scheduled_on,1.0
1774387104,backend-api-669d9964b8-b8qkw,gnn-cluster-worker2,scheduled_on,1.0
1774387104,backend-api-669d9964b8-qblwm,gnn-cluster-worker3,scheduled_on,1.0
1774387104,cpu-stressor-74d6ffcfc4-gghxs,gnn-cluster-worker,scheduled_on,1.0
1774387104,frontend-7868f8655b-25dwq,gnn-cluster-worker,scheduled_on,1.0
1774387104,frontend-7868f8655b-vqjvm,gnn-cluster-worker3,scheduled_on,1.0
1774387104,redis-cache-67d574b944-ll9pf,gnn-cluster-worker2,scheduled_on,1.0
1774387104,workload-generator-667dc97f4f-67vch,gnn-cluster-worker3,scheduled_on,1.0
1774387135,backend-api-669d9964b8-b8qkw,gnn-cluster-worker2,scheduled_on,1.0
1774387135,backend-api-669d9964b8-qblwm,gnn-cluster-worker3,scheduled_on,1.0
1774387135,cpu-stressor-74d6ffcfc4-gghxs,gnn-cluster-worker,scheduled_on,1.0
1774387135,frontend-7868f8655b-25dwq,gnn-cluster-worker,scheduled_on,1.0
1774387135,frontend-7868f8655b-vqjvm,gnn-cluster-worker3,scheduled_on,1.0
1774387135,redis-cache-67d574b944-ll9pf,gnn-cluster-worker2,scheduled_on,1.0
1774387135,workload-generator-667dc97f4f-67vch,gnn-cluster-worker3,scheduled_on,1.0
1774387165,backend-api-669d9964b8-b8qkw,gnn-cluster-worker2,scheduled_on,1.0
1774387165,backend-api-669d9964b8-qblwm,gnn-cluster-worker3,scheduled_on,1.0
1774387165,cpu-stressor-74d6ffcfc4-gghxs,gnn-cluster-worker,scheduled_on,1.0
1774387165,frontend-7868f8655b-25dwq,gnn-cluster-worker,scheduled_on,1.0
1774387165,frontend-7868f8655b-vqjvm,gnn-cluster-worker3,scheduled_on,1.0
1774387165,redis-cache-67d574b944-ll9pf,gnn-cluster-worker2,scheduled_on,1.0
1774387165,workload-generator-667dc97f4f-67vch,gnn-cluster-worker3,scheduled_on,1.0
1774387195,backend-api-669d9964b8-b8qkw,gnn-cluster-worker2,scheduled_on,1.0
1774387195,backend-api-669d9964b8-qblwm,gnn-cluster-worker3,scheduled_on,1.0
1774387195,cpu-stressor-74d6ffcfc4-gghxs,gnn-cluster-worker,scheduled_on,1.0
1774387195,frontend-7868f8655b-25dwq,gnn-cluster-worker,scheduled_on,1.0
1774387195,frontend-7868f8655b-vqjvm,gnn-cluster-worker3,scheduled_on,1.0
1774387195,redis-cache-67d574b944-ll9pf,gnn-cluster-worker2,scheduled_on,1.0
1774387195,workload-generator-667dc97f4f-67vch,gnn-cluster-worker3,scheduled_on,1.0
1774387225,backend-api-669d9964b8-b8qkw,gnn-cluster-worker2,scheduled_on,1.0
1774387225,backend-api-669d9964b8-qblwm,gnn-cluster-worker3,scheduled_on,1.0
1774387225,cpu-stressor-74d6ffcfc4-gghxs,gnn-cluster-worker,scheduled_on,1.0
1774387225,frontend-7868f8655b-25dwq,gnn-cluster-worker,scheduled_on,1.0
1774387225,frontend-7868f8655b-vqjvm,gnn-cluster-worker3,scheduled_on,1.0
1774387225,redis-cache-67d574b944-ll9pf,gnn-cluster-worker2,scheduled_on,1.0
1774387225,workload-generator-667dc97f4f-67vch,gnn-cluster-worker3,scheduled_on,1.0
1774387255,backend-api-669d9964b8-b8qkw,gnn-cluster-worker2,scheduled_on,1.0
1774387255,backend-api-669d9964b8-qblwm,gnn-cluster-worker3,scheduled_on,1.0
1774387255,cpu-stressor-74d6ffcfc4-gghxs,gnn-cluster-worker,scheduled_on,1.0
1774387255,frontend-7868f8655b-25dwq,gnn-cluster-worker,scheduled_on,1.0
1774387255,frontend-7868f8655b-vqjvm,gnn-cluster-worker3,scheduled_on,1.0
1774387255,redis-cache-67d574b944-ll9pf,gnn-cluster-worker2,scheduled_on,1.0
1774387255,workload-generator-667dc97f4f-67vch,gnn-cluster-worker3,scheduled_on,1.0
1774387285,backend-api-669d9964b8-b8qkw,gnn-cluster-worker2,scheduled_on,1.0
1774387285,backend-api-669d9964b8-qblwm,gnn-cluster-worker3,scheduled_on,1.0
1774387285,cpu-stressor-74d6ffcfc4-gghxs,gnn-cluster-worker,scheduled_on,1.0
1774387285,frontend-7868f8655b-25dwq,gnn-cluster-worker,scheduled_on,1.0
1774387285,frontend-7868f8655b-vqjvm,gnn-cluster-worker3,scheduled_on,1.0
1774387285,redis-cache-67d574b944-ll9pf,gnn-cluster-worker2,scheduled_on,1.0
1774387285,workload-generator-667dc97f4f-67vch,gnn-cluster-worker3,scheduled_on,1.0
1774387315,backend-api-669d9964b8-b8qkw,gnn-cluster-worker2,scheduled_on,1.0
1774387315,backend-api-669d9964b8-qblwm,gnn-cluster-worker3,scheduled_on,1.0
1774387315,cpu-stressor-74d6ffcfc4-gghxs,gnn-cluster-worker,scheduled_on,1.0
1774387315,frontend-7868f8655b-25dwq,gnn-cluster-worker,scheduled_on,1.0
1774387315,frontend-7868f8655b-vqjvm,gnn-cluster-worker3,scheduled_on,1.0
1774387315,redis-cache-67d574b944-ll9pf,gnn-cluster-worker2,scheduled_on,1.0
1774387315,workload-generator-667dc97f4f-67vch,gnn-cluster-worker3,scheduled_on,1.0
1774387345,backend-api-669d9964b8-b8qkw,gnn-cluster-worker2,scheduled_on,1.0
1774387345,backend-api-669d9964b8-qblwm,gnn-cluster-worker3,scheduled_on,1.0
1774387345,cpu-stressor-74d6ffcfc4-gghxs,gnn-cluster-worker,scheduled_on,1.0
1774387345,frontend-7868f8655b-25dwq,gnn-cluster-worker,scheduled_on,1.0
1774387345,frontend-7868f8655b-vqjvm,gnn-cluster-worker3,scheduled_on,1.0
1774387345,redis-cache-67d574b944-ll9pf,gnn-cluster-worker2,scheduled_on,1.0
1774387345,workload-generator-667dc97f4f-67vch,gnn-cluster-worker3,scheduled_on,1.0
1774387375,backend-api-669d9964b8-b8qkw,gnn-cluster-worker2,scheduled_on,1.0
1774387375,backend-api-669d9964b8-qblwm,gnn-cluster-worker3,scheduled_on,1.0
1774387375,cpu-stressor-74d6ffcfc4-gghxs,gnn-cluster-worker,scheduled_on,1.0
1774387375,frontend-7868f8655b-25dwq,gnn-cluster-worker,scheduled_on,1.0
1774387375,frontend-7868f8655b-vqjvm,gnn-cluster-worker3,scheduled_on,1.0
1774387375,redis-cache-67d574b944-ll9pf,gnn-cluster-worker2,scheduled_on,1.0
1774387375,workload-generator-667dc97f4f-67vch,gnn-cluster-worker3,scheduled_on,1.0
1774387405,backend-api-669d9964b8-b8qkw,gnn-cluster-worker2,scheduled_on,1.0
1774387405,backend-api-669d9964b8-qblwm,gnn-cluster-worker3,scheduled_on,1.0
1774387405,cpu-stressor-74d6ffcfc4-gghxs,gnn-cluster-worker,scheduled_on,1.0
1774387405,frontend-7868f8655b-25dwq,gnn-cluster-worker,scheduled_on,1.0
1774387405,frontend-7868f8655b-vqjvm,gnn-cluster-worker3,scheduled_on,1.0
1774387405,redis-cache-67d574b944-ll9pf,gnn-cluster-worker2,scheduled_on,1.0
1774387405,workload-generator-667dc97f4f-67vch,gnn-cluster-worker3,scheduled_on,1.0
1774387435,backend-api-669d9964b8-b8qkw,gnn-cluster-worker2,scheduled_on,1.0
1774387435,backend-api-669d9964b8-qblwm,gnn-cluster-worker3,scheduled_on,1.0
1774387435,cpu-stressor-74d6ffcfc4-gghxs,gnn-cluster-worker,scheduled_on,1.0
1774387435,frontend-7868f8655b-25dwq,gnn-cluster-worker,scheduled_on,1.0
1774387435,frontend-7868f8655b-vqjvm,gnn-cluster-worker3,scheduled_on,1.0
1774387435,redis-cache-67d574b944-ll9pf,gnn-cluster-worker2,scheduled_on,1.0
1774387435,workload-generator-667dc97f4f-67vch,gnn-cluster-worker3,scheduled_on,1.0
1774387465,backend-api-669d9964b8-b8qkw,gnn-cluster-worker2,scheduled_on,1.0
1774387465,backend-api-669d9964b8-qblwm,gnn-cluster-worker3,scheduled_on,1.0
1774387465,cpu-stressor-74d6ffcfc4-gghxs,gnn-cluster-worker,scheduled_on,1.0
1774387465,frontend-7868f8655b-25dwq,gnn-cluster-worker,scheduled_on,1.0
1774387465,frontend-7868f8655b-vqjvm,gnn-cluster-worker3,scheduled_on,1.0
1774387465,redis-cache-67d574b944-ll9pf,gnn-cluster-worker2,scheduled_on,1.0
1774387465,workload-generator-667dc97f4f-67vch,gnn-cluster-worker3,scheduled_on,1.0
1774387495,backend-api-669d9964b8-b8qkw,gnn-cluster-worker2,scheduled_on,1.0
1774387495,backend-api-669d9964b8-qblwm,gnn-cluster-worker3,scheduled_on,1.0
1774387495,cpu-stressor-74d6ffcfc4-gghxs,gnn-cluster-worker,scheduled_on,1.0
1774387495,frontend-7868f8655b-25dwq,gnn-cluster-worker,scheduled_on,1.0
1774387495,frontend-7868f8655b-vqjvm,gnn-cluster-worker3,scheduled_on,1.0
1774387495,redis-cache-67d574b944-ll9pf,gnn-cluster-worker2,scheduled_on,1.0
1774387495,workload-generator-667dc97f4f-67vch,gnn-cluster-worker3,scheduled_on,1.0
1774387525,backend-api-669d9964b8-b8qkw,gnn-cluster-worker2,scheduled_on,1.0
1774387525,backend-api-669d9964b8-qblwm,gnn-cluster-worker3,scheduled_on,1.0
1774387525,cpu-stressor-74d6ffcfc4-gghxs,gnn-cluster-worker,scheduled_on,1.0
1774387525,frontend-7868f8655b-25dwq,gnn-cluster-worker,scheduled_on,1.0
1774387525,frontend-7868f8655b-vqjvm,gnn-cluster-worker3,scheduled_on,1.0
1774387525,redis-cache-67d574b944-ll9pf,gnn-cluster-worker2,scheduled_on,1.0
1774387525,workload-generator-667dc97f4f-67vch,gnn-cluster-worker3,scheduled_on,1.0
1774387555,backend-api-669d9964b8-b8qkw,gnn-cluster-worker2,scheduled_on,1.0
1774387555,backend-api-669d9964b8-qblwm,gnn-cluster-worker3,scheduled_on,1.0
1774387555,cpu-stressor-74d6ffcfc4-gghxs,gnn-cluster-worker,scheduled_on,1.0
1774387555,frontend-7868f8655b-25dwq,gnn-cluster-worker,scheduled_on,1.0
1774387555,frontend-7868f8655b-vqjvm,gnn-cluster-worker3,scheduled_on,1.0
1774387555,redis-cache-67d574b944-ll9pf,gnn-cluster-worker2,scheduled_on,1.0
1774387555,workload-generator-667dc97f4f-67vch,gnn-cluster-worker3,scheduled_on,1.0
1774387586,backend-api-669d9964b8-b8qkw,gnn-cluster-worker2,scheduled_on,1.0
1774387586,backend-api-669d9964b8-qblwm,gnn-cluster-worker3,scheduled_on,1.0
1774387586,cpu-stressor-74d6ffcfc4-gghxs,gnn-cluster-worker,scheduled_on,1.0
1774387586,frontend-7868f8655b-25dwq,gnn-cluster-worker,scheduled_on,1.0
1774387586,frontend-7868f8655b-vqjvm,gnn-cluster-worker3,scheduled_on,1.0
1774387586,redis-cache-67d574b944-ll9pf,gnn-cluster-worker2,scheduled_on,1.0
1774387586,workload-generator-667dc97f4f-67vch,gnn-cluster-worker3,scheduled_on,1.0
1774387616,backend-api-669d9964b8-b8qkw,gnn-cluster-worker2,scheduled_on,1.0
1774387616,backend-api-669d9964b8-qblwm,gnn-cluster-worker3,scheduled_on,1.0
1774387616,cpu-stressor-74d6ffcfc4-gghxs,gnn-cluster-worker,scheduled_on,1.0
1774387616,frontend-7868f8655b-25dwq,gnn-cluster-worker,scheduled_on,1.0
1774387616,frontend-7868f8655b-vqjvm,gnn-cluster-worker3,scheduled_on,1.0
1774387616,redis-cache-67d574b944-ll9pf,gnn-cluster-worker2,scheduled_on,1.0
1774387616,workload-generator-667dc97f4f-67vch,gnn-cluster-worker3,scheduled_on,1.0
1774387646,backend-api-669d9964b8-b8qkw,gnn-cluster-worker2,scheduled_on,1.0
1774387646,backend-api-669d9964b8-qblwm,gnn-cluster-worker3,scheduled_on,1.0
1774387646,cpu-stressor-74d6ffcfc4-gghxs,gnn-cluster-worker,scheduled_on,1.0
1774387646,frontend-7868f8655b-25dwq,gnn-cluster-worker,scheduled_on,1.0
1774387646,frontend-7868f8655b-vqjvm,gnn-cluster-worker3,scheduled_on,1.0
1774387646,redis-cache-67d574b944-ll9pf,gnn-cluster-worker2,scheduled_on,1.0
1774387646,workload-generator-667dc97f4f-67vch,gnn-cluster-worker3,scheduled_on,1.0
1774387676,backend-api-669d9964b8-b8qkw,gnn-cluster-worker2,scheduled_on,1.0
1774387676,backend-api-669d9964b8-qblwm,gnn-cluster-worker3,scheduled_on,1.0
1774387676,cpu-stressor-74d6ffcfc4-gghxs,gnn-cluster-worker,scheduled_on,1.0
1774387676,frontend-7868f8655b-25dwq,gnn-cluster-worker,scheduled_on,1.0
1774387676,frontend-7868f8655b-vqjvm,gnn-cluster-worker3,scheduled_on,1.0
1774387676,redis-cache-67d574b944-ll9pf,gnn-cluster-worker2,scheduled_on,1.0
1774387676,workload-generator-667dc97f4f-67vch,gnn-cluster-worker3,scheduled_on,1.0
1774387706,backend-api-669d9964b8-b8qkw,gnn-cluster-worker2,scheduled_on,1.0
1774387706,backend-api-669d9964b8-qblwm,gnn-cluster-worker3,scheduled_on,1.0
1774387706,cpu-stressor-74d6ffcfc4-gghxs,gnn-cluster-worker,scheduled_on,1.0
1774387706,frontend-7868f8655b-25dwq,gnn-cluster-worker,scheduled_on,1.0
1774387706,frontend-7868f8655b-vqjvm,gnn-cluster-worker3,scheduled_on,1.0
1774387706,redis-cache-67d574b944-ll9pf,gnn-cluster-worker2,scheduled_on,1.0
1774387706,workload-generator-667dc97f4f-67vch,gnn-cluster-worker3,scheduled_on,1.0
1774387736,backend-api-669d9964b8-b8qkw,gnn-cluster-worker2,scheduled_on,1.0
1774387736,backend-api-669d9964b8-qblwm,gnn-cluster-worker3,scheduled_on,1.0
1774387736,cpu-stressor-74d6ffcfc4-gghxs,gnn-cluster-worker,scheduled_on,1.0
1774387736,frontend-7868f8655b-25dwq,gnn-cluster-worker,scheduled_on,1.0
1774387736,frontend-7868f8655b-vqjvm,gnn-cluster-worker3,scheduled_on,1.0
1774387736,redis-cache-67d574b944-ll9pf,gnn-cluster-worker2,scheduled_on,1.0
1774387736,workload-generator-667dc97f4f-67vch,gnn-cluster-worker3,scheduled_on,1.0
1774387766,backend-api-669d9964b8-b8qkw,gnn-cluster-worker2,scheduled_on,1.0
1774387766,backend-api-669d9964b8-qblwm,gnn-cluster-worker3,scheduled_on,1.0
1774387766,cpu-stressor-74d6ffcfc4-gghxs,gnn-cluster-worker,scheduled_on,1.0
1774387766,frontend-7868f8655b-25dwq,gnn-cluster-worker,scheduled_on,1.0
1774387766,frontend-7868f8655b-vqjvm,gnn-cluster-worker3,scheduled_on,1.0
1774387766,redis-cache-67d574b944-ll9pf,gnn-cluster-worker2,scheduled_on,1.0
1774387766,workload-generator-667dc97f4f-67vch,gnn-cluster-worker3,scheduled_on,1.0
1774387796,backend-api-669d9964b8-b8qkw,gnn-cluster-worker2,scheduled_on,1.0
1774387796,backend-api-669d9964b8-qblwm,gnn-cluster-worker3,scheduled_on,1.0
1774387796,cpu-stressor-74d6ffcfc4-gghxs,gnn-cluster-worker,scheduled_on,1.0
1774387796,frontend-7868f8655b-25dwq,gnn-cluster-worker,scheduled_on,1.0
1774387796,frontend-7868f8655b-vqjvm,gnn-cluster-worker3,scheduled_on,1.0
1774387796,redis-cache-67d574b944-ll9pf,gnn-cluster-worker2,scheduled_on,1.0
1774387796,workload-generator-667dc97f4f-67vch,gnn-cluster-worker3,scheduled_on,1.0
1774387826,backend-api-669d9964b8-b8qkw,gnn-cluster-worker2,scheduled_on,1.0
1774387826,backend-api-669d9964b8-qblwm,gnn-cluster-worker3,scheduled_on,1.0
1774387826,cpu-stressor-74d6ffcfc4-gghxs,gnn-cluster-worker,scheduled_on,1.0
1774387826,frontend-7868f8655b-25dwq,gnn-cluster-worker,scheduled_on,1.0
1774387826,frontend-7868f8655b-vqjvm,gnn-cluster-worker3,scheduled_on,1.0
1774387826,redis-cache-67d574b944-ll9pf,gnn-cluster-worker2,scheduled_on,1.0
1774387826,workload-generator-667dc97f4f-67vch,gnn-cluster-worker3,scheduled_on,1.0
1774387856,backend-api-669d9964b8-b8qkw,gnn-cluster-worker2,scheduled_on,1.0
1774387856,backend-api-669d9964b8-qblwm,gnn-cluster-worker3,scheduled_on,1.0
1774387856,cpu-stressor-74d6ffcfc4-gghxs,gnn-cluster-worker,scheduled_on,1.0
1774387856,frontend-7868f8655b-25dwq,gnn-cluster-worker,scheduled_on,1.0
1774387856,frontend-7868f8655b-vqjvm,gnn-cluster-worker3,scheduled_on,1.0
1774387856,redis-cache-67d574b944-ll9pf,gnn-cluster-worker2,scheduled_on,1.0
1774387856,workload-generator-667dc97f4f-67vch,gnn-cluster-worker3,scheduled_on,1.0
1774387886,backend-api-669d9964b8-b8qkw,gnn-cluster-worker2,scheduled_on,1.0
1774387886,backend-api-669d9964b8-qblwm,gnn-cluster-worker3,scheduled_on,1.0
1774387886,cpu-stressor-74d6ffcfc4-gghxs,gnn-cluster-worker,scheduled_on,1.0
1774387886,frontend-7868f8655b-25dwq,gnn-cluster-worker,scheduled_on,1.0
1774387886,frontend-7868f8655b-vqjvm,gnn-cluster-worker3,scheduled_on,1.0
1774387886,redis-cache-67d574b944-ll9pf,gnn-cluster-worker2,scheduled_on,1.0
1774387886,workload-generator-667dc97f4f-67vch,gnn-cluster-worker3,scheduled_on,1.0
1774387916,backend-api-669d9964b8-b8qkw,gnn-cluster-worker2,scheduled_on,1.0
1774387916,backend-api-669d9964b8-qblwm,gnn-cluster-worker3,scheduled_on,1.0
1774387916,cpu-stressor-74d6ffcfc4-gghxs,gnn-cluster-worker,scheduled_on,1.0
1774387916,frontend-7868f8655b-25dwq,gnn-cluster-worker,scheduled_on,1.0
1774387916,frontend-7868f8655b-vqjvm,gnn-cluster-worker3,scheduled_on,1.0
1774387916,redis-cache-67d574b944-ll9pf,gnn-cluster-worker2,scheduled_on,1.0
1774387916,workload-generator-667dc97f4f-67vch,gnn-cluster-worker3,scheduled_on,1.0
1774387946,backend-api-669d9964b8-b8qkw,gnn-cluster-worker2,scheduled_on,1.0
1774387946,backend-api-669d9964b8-qblwm,gnn-cluster-worker3,scheduled_on,1.0
1774387946,cpu-stressor-74d6ffcfc4-gghxs,gnn-cluster-worker,scheduled_on,1.0
1774387946,frontend-7868f8655b-25dwq,gnn-cluster-worker,scheduled_on,1.0
1774387946,frontend-7868f8655b-vqjvm,gnn-cluster-worker3,scheduled_on,1.0
1774387946,redis-cache-67d574b944-ll9pf,gnn-cluster-worker2,scheduled_on,1.0
1774387946,workload-generator-667dc97f4f-67vch,gnn-cluster-worker3,scheduled_on,1.0
1774387976,backend-api-669d9964b8-b8qkw,gnn-cluster-worker2,scheduled_on,1.0
1774387976,backend-api-669d9964b8-qblwm,gnn-cluster-worker3,scheduled_on,1.0
1774387976,cpu-stressor-74d6ffcfc4-gghxs,gnn-cluster-worker,scheduled_on,1.0
1774387976,frontend-7868f8655b-25dwq,gnn-cluster-worker,scheduled_on,1.0
1774387976,frontend-7868f8655b-vqjvm,gnn-cluster-worker3,scheduled_on,1.0
1774387976,redis-cache-67d574b944-ll9pf,gnn-cluster-worker2,scheduled_on,1.0
1774387976,workload-generator-667dc97f4f-67vch,gnn-cluster-worker3,scheduled_on,1.0
1774388006,backend-api-669d9964b8-b8qkw,gnn-cluster-worker2,scheduled_on,1.0
1774388006,backend-api-669d9964b8-qblwm,gnn-cluster-worker3,scheduled_on,1.0
1774388006,cpu-stressor-74d6ffcfc4-gghxs,gnn-cluster-worker,scheduled_on,1.0
1774388006,frontend-7868f8655b-25dwq,gnn-cluster-worker,scheduled_on,1.0
1774388006,frontend-7868f8655b-vqjvm,gnn-cluster-worker3,scheduled_on,1.0
1774388006,redis-cache-67d574b944-ll9pf,gnn-cluster-worker2,scheduled_on,1.0
1774388006,workload-generator-667dc97f4f-67vch,gnn-cluster-worker3,scheduled_on,1.0
1774388037,backend-api-669d9964b8-b8qkw,gnn-cluster-worker2,scheduled_on,1.0
1774388037,backend-api-669d9964b8-qblwm,gnn-cluster-worker3,scheduled_on,1.0
1774388037,cpu-stressor-74d6ffcfc4-gghxs,gnn-cluster-worker,scheduled_on,1.0
1774388037,frontend-7868f8655b-25dwq,gnn-cluster-worker,scheduled_on,1.0
1774388037,frontend-7868f8655b-vqjvm,gnn-cluster-worker3,scheduled_on,1.0
1774388037,redis-cache-67d574b944-ll9pf,gnn-cluster-worker2,scheduled_on,1.0
1774388037,workload-generator-667dc97f4f-67vch,gnn-cluster-worker3,scheduled_on,1.0
1774388067,backend-api-669d9964b8-b8qkw,gnn-cluster-worker2,scheduled_on,1.0
1774388067,backend-api-669d9964b8-qblwm,gnn-cluster-worker3,scheduled_on,1.0
1774388067,cpu-stressor-74d6ffcfc4-gghxs,gnn-cluster-worker,scheduled_on,1.0
1774388067,frontend-7868f8655b-25dwq,gnn-cluster-worker,scheduled_on,1.0
1774388067,frontend-7868f8655b-vqjvm,gnn-cluster-worker3,scheduled_on,1.0
1774388067,redis-cache-67d574b944-ll9pf,gnn-cluster-worker2,scheduled_on,1.0
1774388067,workload-generator-667dc97f4f-67vch,gnn-cluster-worker3,scheduled_on,1.0
1774388097,backend-api-669d9964b8-b8qkw,gnn-cluster-worker2,scheduled_on,1.0
1774388097,backend-api-669d9964b8-qblwm,gnn-cluster-worker3,scheduled_on,1.0
1774388097,cpu-stressor-74d6ffcfc4-gghxs,gnn-cluster-worker,scheduled_on,1.0
1774388097,frontend-7868f8655b-25dwq,gnn-cluster-worker,scheduled_on,1.0
1774388097,frontend-7868f8655b-vqjvm,gnn-cluster-worker3,scheduled_on,1.0
1774388097,redis-cache-67d574b944-ll9pf,gnn-cluster-worker2,scheduled_on,1.0
1774388097,workload-generator-667dc97f4f-67vch,gnn-cluster-worker3,scheduled_on,1.0
1774388127,backend-api-669d9964b8-b8qkw,gnn-cluster-worker2,scheduled_on,1.0
1774388127,backend-api-669d9964b8-qblwm,gnn-cluster-worker3,scheduled_on,1.0
1774388127,cpu-stressor-74d6ffcfc4-gghxs,gnn-cluster-worker,scheduled_on,1.0
1774388127,frontend-7868f8655b-25dwq,gnn-cluster-worker,scheduled_on,1.0
1774388127,frontend-7868f8655b-vqjvm,gnn-cluster-worker3,scheduled_on,1.0
1774388127,redis-cache-67d574b944-ll9pf,gnn-cluster-worker2,scheduled_on,1.0
1774388127,workload-generator-667dc97f4f-67vch,gnn-cluster-worker3,scheduled_on,1.0
1774388157,backend-api-669d9964b8-b8qkw,gnn-cluster-worker2,scheduled_on,1.0
1774388157,backend-api-669d9964b8-qblwm,gnn-cluster-worker3,scheduled_on,1.0
1774388157,cpu-stressor-74d6ffcfc4-gghxs,gnn-cluster-worker,scheduled_on,1.0
1774388157,frontend-7868f8655b-25dwq,gnn-cluster-worker,scheduled_on,1.0
1774388157,frontend-7868f8655b-vqjvm,gnn-cluster-worker3,scheduled_on,1.0
1774388157,redis-cache-67d574b944-ll9pf,gnn-cluster-worker2,scheduled_on,1.0
1774388157,workload-generator-667dc97f4f-67vch,gnn-cluster-worker3,scheduled_on,1.0
1774388187,backend-api-669d9964b8-b8qkw,gnn-cluster-worker2,scheduled_on,1.0
1774388187,backend-api-669d9964b8-qblwm,gnn-cluster-worker3,scheduled_on,1.0
1774388187,cpu-stressor-74d6ffcfc4-gghxs,gnn-cluster-worker,scheduled_on,1.0
1774388187,frontend-7868f8655b-25dwq,gnn-cluster-worker,scheduled_on,1.0
1774388187,frontend-7868f8655b-vqjvm,gnn-cluster-worker3,scheduled_on,1.0
1774388187,redis-cache-67d574b944-ll9pf,gnn-cluster-worker2,scheduled_on,1.0
1774388187,workload-generator-667dc97f4f-67vch,gnn-cluster-worker3,scheduled_on,1.0
1774388217,backend-api-669d9964b8-b8qkw,gnn-cluster-worker2,scheduled_on,1.0
1774388217,backend-api-669d9964b8-qblwm,gnn-cluster-worker3,scheduled_on,1.0
1774388217,cpu-stressor-74d6ffcfc4-gghxs,gnn-cluster-worker,scheduled_on,1.0
1774388217,frontend-7868f8655b-25dwq,gnn-cluster-worker,scheduled_on,1.0
1774388217,frontend-7868f8655b-vqjvm,gnn-cluster-worker3,scheduled_on,1.0
1774388217,redis-cache-67d574b944-ll9pf,gnn-cluster-worker2,scheduled_on,1.0
1774388217,workload-generator-667dc97f4f-67vch,gnn-cluster-worker3,scheduled_on,1.0
1774388247,backend-api-669d9964b8-b8qkw,gnn-cluster-worker2,scheduled_on,1.0
1774388247,backend-api-669d9964b8-qblwm,gnn-cluster-worker3,scheduled_on,1.0
1774388247,cpu-stressor-74d6ffcfc4-gghxs,gnn-cluster-worker,scheduled_on,1.0
1774388247,frontend-7868f8655b-25dwq,gnn-cluster-worker,scheduled_on,1.0
1774388247,frontend-7868f8655b-vqjvm,gnn-cluster-worker3,scheduled_on,1.0
1774388247,redis-cache-67d574b944-ll9pf,gnn-cluster-worker2,scheduled_on,1.0
1774388247,workload-generator-667dc97f4f-67vch,gnn-cluster-worker3,scheduled_on,1.0
1774388277,backend-api-669d9964b8-b8qkw,gnn-cluster-worker2,scheduled_on,1.0
1774388277,backend-api-669d9964b8-qblwm,gnn-cluster-worker3,scheduled_on,1.0
1774388277,cpu-stressor-74d6ffcfc4-gghxs,gnn-cluster-worker,scheduled_on,1.0
1774388277,frontend-7868f8655b-25dwq,gnn-cluster-worker,scheduled_on,1.0
1774388277,frontend-7868f8655b-vqjvm,gnn-cluster-worker3,scheduled_on,1.0
1774388277,redis-cache-67d574b944-ll9pf,gnn-cluster-worker2,scheduled_on,1.0
1774388277,workload-generator-667dc97f4f-67vch,gnn-cluster-worker3,scheduled_on,1.0
1774388307,backend-api-669d9964b8-b8qkw,gnn-cluster-worker2,scheduled_on,1.0
1774388307,backend-api-669d9964b8-qblwm,gnn-cluster-worker3,scheduled_on,1.0
1774388307,cpu-stressor-74d6ffcfc4-gghxs,gnn-cluster-worker,scheduled_on,1.0
1774388307,frontend-7868f8655b-25dwq,gnn-cluster-worker,scheduled_on,1.0
1774388307,frontend-7868f8655b-vqjvm,gnn-cluster-worker3,scheduled_on,1.0
1774388307,redis-cache-67d574b944-ll9pf,gnn-cluster-worker2,scheduled_on,1.0
1774388307,workload-generator-667dc97f4f-67vch,gnn-cluster-worker3,scheduled_on,1.0
1774388337,backend-api-669d9964b8-b8qkw,gnn-cluster-worker2,scheduled_on,1.0
1774388337,backend-api-669d9964b8-qblwm,gnn-cluster-worker3,scheduled_on,1.0
1774388337,cpu-stressor-74d6ffcfc4-gghxs,gnn-cluster-worker,scheduled_on,1.0
1774388337,frontend-7868f8655b-25dwq,gnn-cluster-worker,scheduled_on,1.0
1774388337,frontend-7868f8655b-vqjvm,gnn-cluster-worker3,scheduled_on,1.0
1774388337,redis-cache-67d574b944-ll9pf,gnn-cluster-worker2,scheduled_on,1.0
1774388337,workload-generator-667dc97f4f-67vch,gnn-cluster-worker3,scheduled_on,1.0
1774388367,backend-api-669d9964b8-b8qkw,gnn-cluster-worker2,scheduled_on,1.0
1774388367,backend-api-669d9964b8-qblwm,gnn-cluster-worker3,scheduled_on,1.0
1774388367,cpu-stressor-74d6ffcfc4-gghxs,gnn-cluster-worker,scheduled_on,1.0
1774388367,frontend-7868f8655b-25dwq,gnn-cluster-worker,scheduled_on,1.0
1774388367,frontend-7868f8655b-vqjvm,gnn-cluster-worker3,scheduled_on,1.0
1774388367,redis-cache-67d574b944-ll9pf,gnn-cluster-worker2,scheduled_on,1.0
1774388367,workload-generator-667dc97f4f-67vch,gnn-cluster-worker3,scheduled_on,1.0
1774388397,backend-api-669d9964b8-b8qkw,gnn-cluster-worker2,scheduled_on,1.0
1774388397,backend-api-669d9964b8-qblwm,gnn-cluster-worker3,scheduled_on,1.0
1774388397,cpu-stressor-74d6ffcfc4-gghxs,gnn-cluster-worker,scheduled_on,1.0
1774388397,frontend-7868f8655b-25dwq,gnn-cluster-worker,scheduled_on,1.0
1774388397,frontend-7868f8655b-vqjvm,gnn-cluster-worker3,scheduled_on,1.0
1774388397,redis-cache-67d574b944-ll9pf,gnn-cluster-worker2,scheduled_on,1.0
1774388397,workload-generator-667dc97f4f-67vch,gnn-cluster-worker3,scheduled_on,1.0
1774388427,backend-api-669d9964b8-b8qkw,gnn-cluster-worker2,scheduled_on,1.0
1774388427,backend-api-669d9964b8-qblwm,gnn-cluster-worker3,scheduled_on,1.0
1774388427,cpu-stressor-74d6ffcfc4-gghxs,gnn-cluster-worker,scheduled_on,1.0
1774388427,frontend-7868f8655b-25dwq,gnn-cluster-worker,scheduled_on,1.0
1774388427,frontend-7868f8655b-vqjvm,gnn-cluster-worker3,scheduled_on,1.0
1774388427,redis-cache-67d574b944-ll9pf,gnn-cluster-worker2,scheduled_on,1.0
1774388427,workload-generator-667dc97f4f-67vch,gnn-cluster-worker3,scheduled_on,1.0
1774388457,backend-api-669d9964b8-b8qkw,gnn-cluster-worker2,scheduled_on,1.0
1774388457,backend-api-669d9964b8-qblwm,gnn-cluster-worker3,scheduled_on,1.0
1774388457,cpu-stressor-74d6ffcfc4-gghxs,gnn-cluster-worker,scheduled_on,1.0
1774388457,frontend-7868f8655b-25dwq,gnn-cluster-worker,scheduled_on,1.0
1774388457,frontend-7868f8655b-vqjvm,gnn-cluster-worker3,scheduled_on,1.0
1774388457,redis-cache-67d574b944-ll9pf,gnn-cluster-worker2,scheduled_on,1.0
1774388457,workload-generator-667dc97f4f-67vch,gnn-cluster-worker3,scheduled_on,1.0
1774388488,backend-api-669d9964b8-b8qkw,gnn-cluster-worker2,scheduled_on,1.0
1774388488,backend-api-669d9964b8-qblwm,gnn-cluster-worker3,scheduled_on,1.0
1774388488,cpu-stressor-74d6ffcfc4-gghxs,gnn-cluster-worker,scheduled_on,1.0
1774388488,frontend-7868f8655b-25dwq,gnn-cluster-worker,scheduled_on,1.0
1774388488,frontend-7868f8655b-vqjvm,gnn-cluster-worker3,scheduled_on,1.0
1774388488,redis-cache-67d574b944-ll9pf,gnn-cluster-worker2,scheduled_on,1.0
1774388488,workload-generator-667dc97f4f-67vch,gnn-cluster-worker3,scheduled_on,1.0
1774388518,backend-api-669d9964b8-b8qkw,gnn-cluster-worker2,scheduled_on,1.0
1774388518,backend-api-669d9964b8-qblwm,gnn-cluster-worker3,scheduled_on,1.0
1774388518,cpu-stressor-74d6ffcfc4-gghxs,gnn-cluster-worker,scheduled_on,1.0
1774388518,frontend-7868f8655b-25dwq,gnn-cluster-worker,scheduled_on,1.0
1774388518,frontend-7868f8655b-vqjvm,gnn-cluster-worker3,scheduled_on,1.0
1774388518,redis-cache-67d574b944-ll9pf,gnn-cluster-worker2,scheduled_on,1.0
1774388518,workload-generator-667dc97f4f-67vch,gnn-cluster-worker3,scheduled_on,1.0
1774388548,backend-api-669d9964b8-b8qkw,gnn-cluster-worker2,scheduled_on,1.0
1774388548,backend-api-669d9964b8-qblwm,gnn-cluster-worker3,scheduled_on,1.0
1774388548,cpu-stressor-74d6ffcfc4-gghxs,gnn-cluster-worker,scheduled_on,1.0
1774388548,frontend-7868f8655b-25dwq,gnn-cluster-worker,scheduled_on,1.0
1774388548,frontend-7868f8655b-vqjvm,gnn-cluster-worker3,scheduled_on,1.0
1774388548,redis-cache-67d574b944-ll9pf,gnn-cluster-worker2,scheduled_on,1.0
1774388548,workload-generator-667dc97f4f-67vch,gnn-cluster-worker3,scheduled_on,1.0
1774388578,backend-api-669d9964b8-b8qkw,gnn-cluster-worker2,scheduled_on,1.0
1774388578,backend-api-669d9964b8-qblwm,gnn-cluster-worker3,scheduled_on,1.0
1774388578,cpu-stressor-74d6ffcfc4-gghxs,gnn-cluster-worker,scheduled_on,1.0
1774388578,frontend-7868f8655b-25dwq,gnn-cluster-worker,scheduled_on,1.0
1774388578,frontend-7868f8655b-vqjvm,gnn-cluster-worker3,scheduled_on,1.0
1774388578,redis-cache-67d574b944-ll9pf,gnn-cluster-worker2,scheduled_on,1.0
1774388578,workload-generator-667dc97f4f-67vch,gnn-cluster-worker3,scheduled_on,1.0
1774388608,backend-api-669d9964b8-b8qkw,gnn-cluster-worker2,scheduled_on,1.0
1774388608,backend-api-669d9964b8-qblwm,gnn-cluster-worker3,scheduled_on,1.0
1774388608,cpu-stressor-74d6ffcfc4-gghxs,gnn-cluster-worker,scheduled_on,1.0
1774388608,frontend-7868f8655b-25dwq,gnn-cluster-worker,scheduled_on,1.0
1774388608,frontend-7868f8655b-vqjvm,gnn-cluster-worker3,scheduled_on,1.0
1774388608,redis-cache-67d574b944-ll9pf,gnn-cluster-worker2,scheduled_on,1.0
1774388608,workload-generator-667dc97f4f-67vch,gnn-cluster-worker3,scheduled_on,1.0
1774388638,backend-api-669d9964b8-b8qkw,gnn-cluster-worker2,scheduled_on,1.0
1774388638,backend-api-669d9964b8-qblwm,gnn-cluster-worker3,scheduled_on,1.0
1774388638,cpu-stressor-74d6ffcfc4-gghxs,gnn-cluster-worker,scheduled_on,1.0
1774388638,frontend-7868f8655b-25dwq,gnn-cluster-worker,scheduled_on,1.0
1774388638,frontend-7868f8655b-vqjvm,gnn-cluster-worker3,scheduled_on,1.0
1774388638,redis-cache-67d574b944-ll9pf,gnn-cluster-worker2,scheduled_on,1.0
1774388638,workload-generator-667dc97f4f-67vch,gnn-cluster-worker3,scheduled_on,1.0
1774388668,backend-api-669d9964b8-b8qkw,gnn-cluster-worker2,scheduled_on,1.0
1774388668,backend-api-669d9964b8-qblwm,gnn-cluster-worker3,scheduled_on,1.0
1774388668,cpu-stressor-74d6ffcfc4-gghxs,gnn-cluster-worker,scheduled_on,1.0
1774388668,frontend-7868f8655b-25dwq,gnn-cluster-worker,scheduled_on,1.0
1774388668,frontend-7868f8655b-vqjvm,gnn-cluster-worker3,scheduled_on,1.0
1774388668,redis-cache-67d574b944-ll9pf,gnn-cluster-worker2,scheduled_on,1.0
1774388668,workload-generator-667dc97f4f-67vch,gnn-cluster-worker3,scheduled_on,1.0
1774388698,backend-api-669d9964b8-b8qkw,gnn-cluster-worker2,scheduled_on,1.0
1774388698,backend-api-669d9964b8-qblwm,gnn-cluster-worker3,scheduled_on,1.0
1774388698,cpu-stressor-74d6ffcfc4-gghxs,gnn-cluster-worker,scheduled_on,1.0
1774388698,frontend-7868f8655b-25dwq,gnn-cluster-worker,scheduled_on,1.0
1774388698,frontend-7868f8655b-vqjvm,gnn-cluster-worker3,scheduled_on,1.0
1774388698,redis-cache-67d574b944-ll9pf,gnn-cluster-worker2,scheduled_on,1.0
1774388698,workload-generator-667dc97f4f-67vch,gnn-cluster-worker3,scheduled_on,1.0
1774388728,backend-api-669d9964b8-b8qkw,gnn-cluster-worker2,scheduled_on,1.0
1774388728,backend-api-669d9964b8-qblwm,gnn-cluster-worker3,scheduled_on,1.0
1774388728,cpu-stressor-74d6ffcfc4-gghxs,gnn-cluster-worker,scheduled_on,1.0
1774388728,frontend-7868f8655b-25dwq,gnn-cluster-worker,scheduled_on,1.0
1774388728,frontend-7868f8655b-vqjvm,gnn-cluster-worker3,scheduled_on,1.0
1774388728,redis-cache-67d574b944-ll9pf,gnn-cluster-worker2,scheduled_on,1.0
1774388728,workload-generator-667dc97f4f-67vch,gnn-cluster-worker3,scheduled_on,1.0
1774388758,backend-api-669d9964b8-b8qkw,gnn-cluster-worker2,scheduled_on,1.0
1774388758,backend-api-669d9964b8-qblwm,gnn-cluster-worker3,scheduled_on,1.0
1774388758,cpu-stressor-74d6ffcfc4-gghxs,gnn-cluster-worker,scheduled_on,1.0
1774388758,frontend-7868f8655b-25dwq,gnn-cluster-worker,scheduled_on,1.0
1774388758,frontend-7868f8655b-vqjvm,gnn-cluster-worker3,scheduled_on,1.0
1774388758,redis-cache-67d574b944-ll9pf,gnn-cluster-worker2,scheduled_on,1.0
1774388758,workload-generator-667dc97f4f-67vch,gnn-cluster-worker3,scheduled_on,1.0
1774388788,backend-api-669d9964b8-b8qkw,gnn-cluster-worker2,scheduled_on,1.0
1774388788,backend-api-669d9964b8-qblwm,gnn-cluster-worker3,scheduled_on,1.0
1774388788,cpu-stressor-74d6ffcfc4-gghxs,gnn-cluster-worker,scheduled_on,1.0
1774388788,frontend-7868f8655b-25dwq,gnn-cluster-worker,scheduled_on,1.0
1774388788,frontend-7868f8655b-vqjvm,gnn-cluster-worker3,scheduled_on,1.0
1774388788,redis-cache-67d574b944-ll9pf,gnn-cluster-worker2,scheduled_on,1.0
1774388788,workload-generator-667dc97f4f-67vch,gnn-cluster-worker3,scheduled_on,1.0
1774388818,backend-api-669d9964b8-b8qkw,gnn-cluster-worker2,scheduled_on,1.0
1774388818,backend-api-669d9964b8-qblwm,gnn-cluster-worker3,scheduled_on,1.0
1774388818,cpu-stressor-74d6ffcfc4-gghxs,gnn-cluster-worker,scheduled_on,1.0
1774388818,frontend-7868f8655b-25dwq,gnn-cluster-worker,scheduled_on,1.0
1774388818,frontend-7868f8655b-vqjvm,gnn-cluster-worker3,scheduled_on,1.0
1774388818,redis-cache-67d574b944-ll9pf,gnn-cluster-worker2,scheduled_on,1.0
1774388818,workload-generator-667dc97f4f-67vch,gnn-cluster-worker3,scheduled_on,1.0
1774388848,backend-api-669d9964b8-b8qkw,gnn-cluster-worker2,scheduled_on,1.0
1774388848,backend-api-669d9964b8-qblwm,gnn-cluster-worker3,scheduled_on,1.0
1774388848,cpu-stressor-74d6ffcfc4-gghxs,gnn-cluster-worker,scheduled_on,1.0
1774388848,frontend-7868f8655b-25dwq,gnn-cluster-worker,scheduled_on,1.0
1774388848,frontend-7868f8655b-vqjvm,gnn-cluster-worker3,scheduled_on,1.0
1774388848,redis-cache-67d574b944-ll9pf,gnn-cluster-worker2,scheduled_on,1.0
1774388848,workload-generator-667dc97f4f-67vch,gnn-cluster-worker3,scheduled_on,1.0
1774388878,backend-api-669d9964b8-b8qkw,gnn-cluster-worker2,scheduled_on,1.0
1774388878,backend-api-669d9964b8-qblwm,gnn-cluster-worker3,scheduled_on,1.0
1774388878,cpu-stressor-74d6ffcfc4-gghxs,gnn-cluster-worker,scheduled_on,1.0
1774388878,frontend-7868f8655b-25dwq,gnn-cluster-worker,scheduled_on,1.0
1774388878,frontend-7868f8655b-vqjvm,gnn-cluster-worker3,scheduled_on,1.0
1774388878,redis-cache-67d574b944-ll9pf,gnn-cluster-worker2,scheduled_on,1.0
1774388878,workload-generator-667dc97f4f-67vch,gnn-cluster-worker3,scheduled_on,1.0
1774388909,backend-api-669d9964b8-b8qkw,gnn-cluster-worker2,scheduled_on,1.0
1774388909,backend-api-669d9964b8-qblwm,gnn-cluster-worker3,scheduled_on,1.0
1774388909,cpu-stressor-74d6ffcfc4-gghxs,gnn-cluster-worker,scheduled_on,1.0
1774388909,frontend-7868f8655b-25dwq,gnn-cluster-worker,scheduled_on,1.0
1774388909,frontend-7868f8655b-vqjvm,gnn-cluster-worker3,scheduled_on,1.0
1774388909,redis-cache-67d574b944-ll9pf,gnn-cluster-worker2,scheduled_on,1.0
1774388909,workload-generator-667dc97f4f-67vch,gnn-cluster-worker3,scheduled_on,1.0
1774388939,backend-api-669d9964b8-b8qkw,gnn-cluster-worker2,scheduled_on,1.0
1774388939,backend-api-669d9964b8-qblwm,gnn-cluster-worker3,scheduled_on,1.0
1774388939,cpu-stressor-74d6ffcfc4-gghxs,gnn-cluster-worker,scheduled_on,1.0
1774388939,frontend-7868f8655b-25dwq,gnn-cluster-worker,scheduled_on,1.0
1774388939,frontend-7868f8655b-vqjvm,gnn-cluster-worker3,scheduled_on,1.0
1774388939,redis-cache-67d574b944-ll9pf,gnn-cluster-worker2,scheduled_on,1.0
1774388939,workload-generator-667dc97f4f-67vch,gnn-cluster-worker3,scheduled_on,1.0
1774388969,backend-api-669d9964b8-b8qkw,gnn-cluster-worker2,scheduled_on,1.0
1774388969,backend-api-669d9964b8-qblwm,gnn-cluster-worker3,scheduled_on,1.0
1774388969,cpu-stressor-74d6ffcfc4-gghxs,gnn-cluster-worker,scheduled_on,1.0
1774388969,frontend-7868f8655b-25dwq,gnn-cluster-worker,scheduled_on,1.0
1774388969,frontend-7868f8655b-vqjvm,gnn-cluster-worker3,scheduled_on,1.0
1774388969,redis-cache-67d574b944-ll9pf,gnn-cluster-worker2,scheduled_on,1.0
1774388969,workload-generator-667dc97f4f-67vch,gnn-cluster-worker3,scheduled_on,1.0
1774388999,backend-api-669d9964b8-b8qkw,gnn-cluster-worker2,scheduled_on,1.0
1774388999,backend-api-669d9964b8-qblwm,gnn-cluster-worker3,scheduled_on,1.0
1774388999,cpu-stressor-74d6ffcfc4-gghxs,gnn-cluster-worker,scheduled_on,1.0
1774388999,frontend-7868f8655b-25dwq,gnn-cluster-worker,scheduled_on,1.0
1774388999,frontend-7868f8655b-vqjvm,gnn-cluster-worker3,scheduled_on,1.0
1774388999,redis-cache-67d574b944-ll9pf,gnn-cluster-worker2,scheduled_on,1.0
1774388999,workload-generator-667dc97f4f-67vch,gnn-cluster-worker3,scheduled_on,1.0
1774389029,backend-api-669d9964b8-b8qkw,gnn-cluster-worker2,scheduled_on,1.0
1774389029,backend-api-669d9964b8-qblwm,gnn-cluster-worker3,scheduled_on,1.0
1774389029,cpu-stressor-74d6ffcfc4-gghxs,gnn-cluster-worker,scheduled_on,1.0
1774389029,frontend-7868f8655b-25dwq,gnn-cluster-worker,scheduled_on,1.0
1774389029,frontend-7868f8655b-vqjvm,gnn-cluster-worker3,scheduled_on,1.0
1774389029,redis-cache-67d574b944-ll9pf,gnn-cluster-worker2,scheduled_on,1.0
1774389029,workload-generator-667dc97f4f-67vch,gnn-cluster-worker3,scheduled_on,1.0
1774389059,backend-api-669d9964b8-b8qkw,gnn-cluster-worker2,scheduled_on,1.0
1774389059,backend-api-669d9964b8-qblwm,gnn-cluster-worker3,scheduled_on,1.0
1774389059,cpu-stressor-74d6ffcfc4-gghxs,gnn-cluster-worker,scheduled_on,1.0
1774389059,frontend-7868f8655b-25dwq,gnn-cluster-worker,scheduled_on,1.0
1774389059,frontend-7868f8655b-vqjvm,gnn-cluster-worker3,scheduled_on,1.0
1774389059,redis-cache-67d574b944-ll9pf,gnn-cluster-worker2,scheduled_on,1.0
1774389059,workload-generator-667dc97f4f-67vch,gnn-cluster-worker3,scheduled_on,1.0
1774389089,backend-api-669d9964b8-b8qkw,gnn-cluster-worker2,scheduled_on,1.0
1774389089,backend-api-669d9964b8-qblwm,gnn-cluster-worker3,scheduled_on,1.0
1774389089,cpu-stressor-74d6ffcfc4-gghxs,gnn-cluster-worker,scheduled_on,1.0
1774389089,frontend-7868f8655b-25dwq,gnn-cluster-worker,scheduled_on,1.0
1774389089,frontend-7868f8655b-vqjvm,gnn-cluster-worker3,scheduled_on,1.0
1774389089,redis-cache-67d574b944-ll9pf,gnn-cluster-worker2,scheduled_on,1.0
1774389089,workload-generator-667dc97f4f-67vch,gnn-cluster-worker3,scheduled_on,1.0
1774389119,backend-api-669d9964b8-b8qkw,gnn-cluster-worker2,scheduled_on,1.0
1774389119,backend-api-669d9964b8-qblwm,gnn-cluster-worker3,scheduled_on,1.0
1774389119,cpu-stressor-74d6ffcfc4-gghxs,gnn-cluster-worker,scheduled_on,1.0
1774389119,frontend-7868f8655b-25dwq,gnn-cluster-worker,scheduled_on,1.0
1774389119,frontend-7868f8655b-vqjvm,gnn-cluster-worker3,scheduled_on,1.0
1774389119,redis-cache-67d574b944-ll9pf,gnn-cluster-worker2,scheduled_on,1.0
1774389119,workload-generator-667dc97f4f-67vch,gnn-cluster-worker3,scheduled_on,1.0
1774389149,backend-api-669d9964b8-b8qkw,gnn-cluster-worker2,scheduled_on,1.0
1774389149,backend-api-669d9964b8-qblwm,gnn-cluster-worker3,scheduled_on,1.0
1774389149,cpu-stressor-74d6ffcfc4-gghxs,gnn-cluster-worker,scheduled_on,1.0
1774389149,frontend-7868f8655b-25dwq,gnn-cluster-worker,scheduled_on,1.0
1774389149,frontend-7868f8655b-vqjvm,gnn-cluster-worker3,scheduled_on,1.0
1774389149,redis-cache-67d574b944-ll9pf,gnn-cluster-worker2,scheduled_on,1.0
1774389149,workload-generator-667dc97f4f-67vch,gnn-cluster-worker3,scheduled_on,1.0
1774389179,backend-api-669d9964b8-b8qkw,gnn-cluster-worker2,scheduled_on,1.0
1774389179,backend-api-669d9964b8-qblwm,gnn-cluster-worker3,scheduled_on,1.0
1774389179,cpu-stressor-74d6ffcfc4-gghxs,gnn-cluster-worker,scheduled_on,1.0
1774389179,frontend-7868f8655b-25dwq,gnn-cluster-worker,scheduled_on,1.0
1774389179,frontend-7868f8655b-vqjvm,gnn-cluster-worker3,scheduled_on,1.0
1774389179,redis-cache-67d574b944-ll9pf,gnn-cluster-worker2,scheduled_on,1.0
1774389179,workload-generator-667dc97f4f-67vch,gnn-cluster-worker3,scheduled_on,1.0
1774389209,backend-api-669d9964b8-b8qkw,gnn-cluster-worker2,scheduled_on,1.0
1774389209,backend-api-669d9964b8-qblwm,gnn-cluster-worker3,scheduled_on,1.0
1774389209,cpu-stressor-74d6ffcfc4-gghxs,gnn-cluster-worker,scheduled_on,1.0
1774389209,frontend-7868f8655b-25dwq,gnn-cluster-worker,scheduled_on,1.0
1774389209,frontend-7868f8655b-vqjvm,gnn-cluster-worker3,scheduled_on,1.0
1774389209,redis-cache-67d574b944-ll9pf,gnn-cluster-worker2,scheduled_on,1.0
1774389209,workload-generator-667dc97f4f-67vch,gnn-cluster-worker3,scheduled_on,1.0
1774389239,backend-api-669d9964b8-b8qkw,gnn-cluster-worker2,scheduled_on,1.0
1774389239,backend-api-669d9964b8-qblwm,gnn-cluster-worker3,scheduled_on,1.0
1774389239,cpu-stressor-74d6ffcfc4-gghxs,gnn-cluster-worker,scheduled_on,1.0
1774389239,frontend-7868f8655b-25dwq,gnn-cluster-worker,scheduled_on,1.0
1774389239,frontend-7868f8655b-vqjvm,gnn-cluster-worker3,scheduled_on,1.0
1774389239,redis-cache-67d574b944-ll9pf,gnn-cluster-worker2,scheduled_on,1.0
1774389239,workload-generator-667dc97f4f-67vch,gnn-cluster-worker3,scheduled_on,1.0
1774389269,backend-api-669d9964b8-b8qkw,gnn-cluster-worker2,scheduled_on,1.0
1774389269,backend-api-669d9964b8-qblwm,gnn-cluster-worker3,scheduled_on,1.0
1774389269,cpu-stressor-74d6ffcfc4-gghxs,gnn-cluster-worker,scheduled_on,1.0
1774389269,frontend-7868f8655b-25dwq,gnn-cluster-worker,scheduled_on,1.0
1774389269,frontend-7868f8655b-vqjvm,gnn-cluster-worker3,scheduled_on,1.0
1774389269,redis-cache-67d574b944-ll9pf,gnn-cluster-worker2,scheduled_on,1.0
1774389269,workload-generator-667dc97f4f-67vch,gnn-cluster-worker3,scheduled_on,1.0
1774389299,backend-api-669d9964b8-b8qkw,gnn-cluster-worker2,scheduled_on,1.0
1774389299,backend-api-669d9964b8-qblwm,gnn-cluster-worker3,scheduled_on,1.0
1774389299,cpu-stressor-74d6ffcfc4-gghxs,gnn-cluster-worker,scheduled_on,1.0
1774389299,frontend-7868f8655b-25dwq,gnn-cluster-worker,scheduled_on,1.0
1774389299,frontend-7868f8655b-vqjvm,gnn-cluster-worker3,scheduled_on,1.0
1774389299,redis-cache-67d574b944-ll9pf,gnn-cluster-worker2,scheduled_on,1.0
1774389299,workload-generator-667dc97f4f-67vch,gnn-cluster-worker3,scheduled_on,1.0
1774389329,backend-api-669d9964b8-b8qkw,gnn-cluster-worker2,scheduled_on,1.0
1774389329,backend-api-669d9964b8-qblwm,gnn-cluster-worker3,scheduled_on,1.0
1774389329,cpu-stressor-74d6ffcfc4-gghxs,gnn-cluster-worker,scheduled_on,1.0
1774389329,frontend-7868f8655b-25dwq,gnn-cluster-worker,scheduled_on,1.0
1774389329,frontend-7868f8655b-vqjvm,gnn-cluster-worker3,scheduled_on,1.0
1774389329,redis-cache-67d574b944-ll9pf,gnn-cluster-worker2,scheduled_on,1.0
1774389329,workload-generator-667dc97f4f-67vch,gnn-cluster-worker3,scheduled_on,1.0
1774389360,backend-api-669d9964b8-b8qkw,gnn-cluster-worker2,scheduled_on,1.0
1774389360,backend-api-669d9964b8-qblwm,gnn-cluster-worker3,scheduled_on,1.0
1774389360,cpu-stressor-74d6ffcfc4-gghxs,gnn-cluster-worker,scheduled_on,1.0
1774389360,frontend-7868f8655b-25dwq,gnn-cluster-worker,scheduled_on,1.0
1774389360,frontend-7868f8655b-vqjvm,gnn-cluster-worker3,scheduled_on,1.0
1774389360,redis-cache-67d574b944-ll9pf,gnn-cluster-worker2,scheduled_on,1.0
1774389360,workload-generator-667dc97f4f-67vch,gnn-cluster-worker3,scheduled_on,1.0
1774389390,backend-api-669d9964b8-b8qkw,gnn-cluster-worker2,scheduled_on,1.0
1774389390,backend-api-669d9964b8-qblwm,gnn-cluster-worker3,scheduled_on,1.0
1774389390,cpu-stressor-74d6ffcfc4-gghxs,gnn-cluster-worker,scheduled_on,1.0
1774389390,frontend-7868f8655b-25dwq,gnn-cluster-worker,scheduled_on,1.0
1774389390,frontend-7868f8655b-vqjvm,gnn-cluster-worker3,scheduled_on,1.0
1774389390,redis-cache-67d574b944-ll9pf,gnn-cluster-worker2,scheduled_on,1.0
1774389390,workload-generator-667dc97f4f-67vch,gnn-cluster-worker3,scheduled_on,1.0
1774389420,backend-api-669d9964b8-b8qkw,gnn-cluster-worker2,scheduled_on,1.0
1774389420,backend-api-669d9964b8-qblwm,gnn-cluster-worker3,scheduled_on,1.0
1774389420,cpu-stressor-74d6ffcfc4-gghxs,gnn-cluster-worker,scheduled_on,1.0
1774389420,frontend-7868f8655b-25dwq,gnn-cluster-worker,scheduled_on,1.0
1774389420,frontend-7868f8655b-vqjvm,gnn-cluster-worker3,scheduled_on,1.0
1774389420,redis-cache-67d574b944-ll9pf,gnn-cluster-worker2,scheduled_on,1.0
1774389420,workload-generator-667dc97f4f-67vch,gnn-cluster-worker3,scheduled_on,1.0
1774389450,backend-api-669d9964b8-b8qkw,gnn-cluster-worker2,scheduled_on,1.0
1774389450,backend-api-669d9964b8-qblwm,gnn-cluster-worker3,scheduled_on,1.0
1774389450,cpu-stressor-74d6ffcfc4-gghxs,gnn-cluster-worker,scheduled_on,1.0
1774389450,frontend-7868f8655b-25dwq,gnn-cluster-worker,scheduled_on,1.0
1774389450,frontend-7868f8655b-vqjvm,gnn-cluster-worker3,scheduled_on,1.0
1774389450,redis-cache-67d574b944-ll9pf,gnn-cluster-worker2,scheduled_on,1.0
1774389450,workload-generator-667dc97f4f-67vch,gnn-cluster-worker3,scheduled_on,1.0
1774389480,backend-api-669d9964b8-b8qkw,gnn-cluster-worker2,scheduled_on,1.0
1774389480,backend-api-669d9964b8-qblwm,gnn-cluster-worker3,scheduled_on,1.0
1774389480,cpu-stressor-74d6ffcfc4-gghxs,gnn-cluster-worker,scheduled_on,1.0
1774389480,frontend-7868f8655b-25dwq,gnn-cluster-worker,scheduled_on,1.0
1774389480,frontend-7868f8655b-vqjvm,gnn-cluster-worker3,scheduled_on,1.0
1774389480,redis-cache-67d574b944-ll9pf,gnn-cluster-worker2,scheduled_on,1.0
1774389480,workload-generator-667dc97f4f-67vch,gnn-cluster-worker3,scheduled_on,1.0
1774389510,backend-api-669d9964b8-b8qkw,gnn-cluster-worker2,scheduled_on,1.0
1774389510,backend-api-669d9964b8-qblwm,gnn-cluster-worker3,scheduled_on,1.0
1774389510,cpu-stressor-74d6ffcfc4-gghxs,gnn-cluster-worker,scheduled_on,1.0
1774389510,frontend-7868f8655b-25dwq,gnn-cluster-worker,scheduled_on,1.0
1774389510,frontend-7868f8655b-vqjvm,gnn-cluster-worker3,scheduled_on,1.0
1774389510,redis-cache-67d574b944-ll9pf,gnn-cluster-worker2,scheduled_on,1.0
1774389510,workload-generator-667dc97f4f-67vch,gnn-cluster-worker3,scheduled_on,1.0
1774389540,backend-api-669d9964b8-b8qkw,gnn-cluster-worker2,scheduled_on,1.0
1774389540,backend-api-669d9964b8-qblwm,gnn-cluster-worker3,scheduled_on,1.0
1774389540,cpu-stressor-74d6ffcfc4-gghxs,gnn-cluster-worker,scheduled_on,1.0
1774389540,frontend-7868f8655b-25dwq,gnn-cluster-worker,scheduled_on,1.0
1774389540,frontend-7868f8655b-vqjvm,gnn-cluster-worker3,scheduled_on,1.0
1774389540,redis-cache-67d574b944-ll9pf,gnn-cluster-worker2,scheduled_on,1.0
1774389540,workload-generator-667dc97f4f-67vch,gnn-cluster-worker3,scheduled_on,1.0
1774389570,backend-api-669d9964b8-b8qkw,gnn-cluster-worker2,scheduled_on,1.0
1774389570,backend-api-669d9964b8-qblwm,gnn-cluster-worker3,scheduled_on,1.0
1774389570,cpu-stressor-74d6ffcfc4-gghxs,gnn-cluster-worker,scheduled_on,1.0
1774389570,frontend-7868f8655b-25dwq,gnn-cluster-worker,scheduled_on,1.0
1774389570,frontend-7868f8655b-vqjvm,gnn-cluster-worker3,scheduled_on,1.0
1774389570,redis-cache-67d574b944-ll9pf,gnn-cluster-worker2,scheduled_on,1.0
1774389570,workload-generator-667dc97f4f-67vch,gnn-cluster-worker3,scheduled_on,1.0
1774389600,backend-api-669d9964b8-b8qkw,gnn-cluster-worker2,scheduled_on,1.0
1774389600,backend-api-669d9964b8-qblwm,gnn-cluster-worker3,scheduled_on,1.0
1774389600,cpu-stressor-74d6ffcfc4-gghxs,gnn-cluster-worker,scheduled_on,1.0
1774389600,frontend-7868f8655b-25dwq,gnn-cluster-worker,scheduled_on,1.0
1774389600,frontend-7868f8655b-vqjvm,gnn-cluster-worker3,scheduled_on,1.0
1774389600,redis-cache-67d574b944-ll9pf,gnn-cluster-worker2,scheduled_on,1.0
1774389600,workload-generator-667dc97f4f-67vch,gnn-cluster-worker3,scheduled_on,1.0
1774389630,backend-api-669d9964b8-b8qkw,gnn-cluster-worker2,scheduled_on,1.0
1774389630,backend-api-669d9964b8-qblwm,gnn-cluster-worker3,scheduled_on,1.0
1774389630,cpu-stressor-74d6ffcfc4-gghxs,gnn-cluster-worker,scheduled_on,1.0
1774389630,frontend-7868f8655b-25dwq,gnn-cluster-worker,scheduled_on,1.0
1774389630,frontend-7868f8655b-vqjvm,gnn-cluster-worker3,scheduled_on,1.0
1774389630,redis-cache-67d574b944-ll9pf,gnn-cluster-worker2,scheduled_on,1.0
1774389630,workload-generator-667dc97f4f-67vch,gnn-cluster-worker3,scheduled_on,1.0
1774389660,backend-api-669d9964b8-b8qkw,gnn-cluster-worker2,scheduled_on,1.0
1774389660,backend-api-669d9964b8-qblwm,gnn-cluster-worker3,scheduled_on,1.0
1774389660,cpu-stressor-74d6ffcfc4-gghxs,gnn-cluster-worker,scheduled_on,1.0
1774389660,frontend-7868f8655b-25dwq,gnn-cluster-worker,scheduled_on,1.0
1774389660,frontend-7868f8655b-vqjvm,gnn-cluster-worker3,scheduled_on,1.0
1774389660,redis-cache-67d574b944-ll9pf,gnn-cluster-worker2,scheduled_on,1.0
1774389660,workload-generator-667dc97f4f-67vch,gnn-cluster-worker3,scheduled_on,1.0
1774389690,backend-api-669d9964b8-b8qkw,gnn-cluster-worker2,scheduled_on,1.0
1774389690,backend-api-669d9964b8-qblwm,gnn-cluster-worker3,scheduled_on,1.0
1774389690,cpu-stressor-74d6ffcfc4-gghxs,gnn-cluster-worker,scheduled_on,1.0
1774389690,frontend-7868f8655b-25dwq,gnn-cluster-worker,scheduled_on,1.0
1774389690,frontend-7868f8655b-vqjvm,gnn-cluster-worker3,scheduled_on,1.0
1774389690,redis-cache-67d574b944-ll9pf,gnn-cluster-worker2,scheduled_on,1.0
1774389690,workload-generator-667dc97f4f-67vch,gnn-cluster-worker3,scheduled_on,1.0
1774389720,backend-api-669d9964b8-b8qkw,gnn-cluster-worker2,scheduled_on,1.0
1774389720,backend-api-669d9964b8-qblwm,gnn-cluster-worker3,scheduled_on,1.0
1774389720,cpu-stressor-74d6ffcfc4-gghxs,gnn-cluster-worker,scheduled_on,1.0
1774389720,frontend-7868f8655b-25dwq,gnn-cluster-worker,scheduled_on,1.0
1774389720,frontend-7868f8655b-vqjvm,gnn-cluster-worker3,scheduled_on,1.0
1774389720,redis-cache-67d574b944-ll9pf,gnn-cluster-worker2,scheduled_on,1.0
1774389720,workload-generator-667dc97f4f-67vch,gnn-cluster-worker3,scheduled_on,1.0
1774389750,backend-api-669d9964b8-b8qkw,gnn-cluster-worker2,scheduled_on,1.0
1774389750,backend-api-669d9964b8-qblwm,gnn-cluster-worker3,scheduled_on,1.0
1774389750,cpu-stressor-74d6ffcfc4-gghxs,gnn-cluster-worker,scheduled_on,1.0
1774389750,frontend-7868f8655b-25dwq,gnn-cluster-worker,scheduled_on,1.0
1774389750,frontend-7868f8655b-vqjvm,gnn-cluster-worker3,scheduled_on,1.0
1774389750,redis-cache-67d574b944-ll9pf,gnn-cluster-worker2,scheduled_on,1.0
1774389750,workload-generator-667dc97f4f-67vch,gnn-cluster-worker3,scheduled_on,1.0
1774389780,backend-api-669d9964b8-b8qkw,gnn-cluster-worker2,scheduled_on,1.0
1774389780,backend-api-669d9964b8-qblwm,gnn-cluster-worker3,scheduled_on,1.0
1774389780,cpu-stressor-74d6ffcfc4-gghxs,gnn-cluster-worker,scheduled_on,1.0
1774389780,frontend-7868f8655b-25dwq,gnn-cluster-worker,scheduled_on,1.0
1774389780,frontend-7868f8655b-vqjvm,gnn-cluster-worker3,scheduled_on,1.0
1774389780,redis-cache-67d574b944-ll9pf,gnn-cluster-worker2,scheduled_on,1.0
1774389780,workload-generator-667dc97f4f-67vch,gnn-cluster-worker3,scheduled_on,1.0
1774389810,backend-api-669d9964b8-b8qkw,gnn-cluster-worker2,scheduled_on,1.0
1774389810,backend-api-669d9964b8-qblwm,gnn-cluster-worker3,scheduled_on,1.0
1774389810,cpu-stressor-74d6ffcfc4-gghxs,gnn-cluster-worker,scheduled_on,1.0
1774389810,frontend-7868f8655b-25dwq,gnn-cluster-worker,scheduled_on,1.0
1774389810,frontend-7868f8655b-vqjvm,gnn-cluster-worker3,scheduled_on,1.0
1774389810,redis-cache-67d574b944-ll9pf,gnn-cluster-worker2,scheduled_on,1.0
1774389810,workload-generator-667dc97f4f-67vch,gnn-cluster-worker3,scheduled_on,1.0
1774389841,backend-api-669d9964b8-b8qkw,gnn-cluster-worker2,scheduled_on,1.0
1774389841,backend-api-669d9964b8-qblwm,gnn-cluster-worker3,scheduled_on,1.0
1774389841,cpu-stressor-74d6ffcfc4-gghxs,gnn-cluster-worker,scheduled_on,1.0
1774389841,frontend-7868f8655b-25dwq,gnn-cluster-worker,scheduled_on,1.0
1774389841,frontend-7868f8655b-vqjvm,gnn-cluster-worker3,scheduled_on,1.0
1774389841,redis-cache-67d574b944-ll9pf,gnn-cluster-worker2,scheduled_on,1.0
1774389841,workload-generator-667dc97f4f-67vch,gnn-cluster-worker3,scheduled_on,1.0
1774389871,backend-api-669d9964b8-b8qkw,gnn-cluster-worker2,scheduled_on,1.0
1774389871,backend-api-669d9964b8-qblwm,gnn-cluster-worker3,scheduled_on,1.0
1774389871,cpu-stressor-74d6ffcfc4-gghxs,gnn-cluster-worker,scheduled_on,1.0
1774389871,frontend-7868f8655b-25dwq,gnn-cluster-worker,scheduled_on,1.0
1774389871,frontend-7868f8655b-vqjvm,gnn-cluster-worker3,scheduled_on,1.0
1774389871,redis-cache-67d574b944-ll9pf,gnn-cluster-worker2,scheduled_on,1.0
1774389871,workload-generator-667dc97f4f-67vch,gnn-cluster-worker3,scheduled_on,1.0
1774389901,backend-api-669d9964b8-b8qkw,gnn-cluster-worker2,scheduled_on,1.0
1774389901,backend-api-669d9964b8-qblwm,gnn-cluster-worker3,scheduled_on,1.0
1774389901,cpu-stressor-74d6ffcfc4-gghxs,gnn-cluster-worker,scheduled_on,1.0
1774389901,frontend-7868f8655b-25dwq,gnn-cluster-worker,scheduled_on,1.0
1774389901,frontend-7868f8655b-vqjvm,gnn-cluster-worker3,scheduled_on,1.0
1774389901,redis-cache-67d574b944-ll9pf,gnn-cluster-worker2,scheduled_on,1.0
1774389901,workload-generator-667dc97f4f-67vch,gnn-cluster-worker3,scheduled_on,1.0
1774389931,backend-api-669d9964b8-b8qkw,gnn-cluster-worker2,scheduled_on,1.0
1774389931,backend-api-669d9964b8-qblwm,gnn-cluster-worker3,scheduled_on,1.0
1774389931,cpu-stressor-74d6ffcfc4-gghxs,gnn-cluster-worker,scheduled_on,1.0
1774389931,frontend-7868f8655b-25dwq,gnn-cluster-worker,scheduled_on,1.0
1774389931,frontend-7868f8655b-vqjvm,gnn-cluster-worker3,scheduled_on,1.0
1774389931,redis-cache-67d574b944-ll9pf,gnn-cluster-worker2,scheduled_on,1.0
1774389931,workload-generator-667dc97f4f-67vch,gnn-cluster-worker3,scheduled_on,1.0
1774389961,backend-api-669d9964b8-b8qkw,gnn-cluster-worker2,scheduled_on,1.0
1774389961,backend-api-669d9964b8-qblwm,gnn-cluster-worker3,scheduled_on,1.0
1774389961,cpu-stressor-74d6ffcfc4-gghxs,gnn-cluster-worker,scheduled_on,1.0
1774389961,frontend-7868f8655b-25dwq,gnn-cluster-worker,scheduled_on,1.0
1774389961,frontend-7868f8655b-vqjvm,gnn-cluster-worker3,scheduled_on,1.0
1774389961,redis-cache-67d574b944-ll9pf,gnn-cluster-worker2,scheduled_on,1.0
1774389961,workload-generator-667dc97f4f-67vch,gnn-cluster-worker3,scheduled_on,1.0
1774389991,backend-api-669d9964b8-b8qkw,gnn-cluster-worker2,scheduled_on,1.0
1774389991,backend-api-669d9964b8-qblwm,gnn-cluster-worker3,scheduled_on,1.0
1774389991,cpu-stressor-74d6ffcfc4-gghxs,gnn-cluster-worker,scheduled_on,1.0
1774389991,frontend-7868f8655b-25dwq,gnn-cluster-worker,scheduled_on,1.0
1774389991,frontend-7868f8655b-vqjvm,gnn-cluster-worker3,scheduled_on,1.0
1774389991,redis-cache-67d574b944-ll9pf,gnn-cluster-worker2,scheduled_on,1.0
1774389991,workload-generator-667dc97f4f-67vch,gnn-cluster-worker3,scheduled_on,1.0
1774390021,backend-api-669d9964b8-b8qkw,gnn-cluster-worker2,scheduled_on,1.0
1774390021,backend-api-669d9964b8-qblwm,gnn-cluster-worker3,scheduled_on,1.0
1774390021,cpu-stressor-74d6ffcfc4-gghxs,gnn-cluster-worker,scheduled_on,1.0
1774390021,frontend-7868f8655b-25dwq,gnn-cluster-worker,scheduled_on,1.0
1774390021,frontend-7868f8655b-vqjvm,gnn-cluster-worker3,scheduled_on,1.0
1774390021,redis-cache-67d574b944-ll9pf,gnn-cluster-worker2,scheduled_on,1.0
1774390021,workload-generator-667dc97f4f-67vch,gnn-cluster-worker3,scheduled_on,1.0
1774390051,backend-api-669d9964b8-b8qkw,gnn-cluster-worker2,scheduled_on,1.0
1774390051,backend-api-669d9964b8-qblwm,gnn-cluster-worker3,scheduled_on,1.0
1774390051,cpu-stressor-74d6ffcfc4-gghxs,gnn-cluster-worker,scheduled_on,1.0
1774390051,frontend-7868f8655b-25dwq,gnn-cluster-worker,scheduled_on,1.0
1774390051,frontend-7868f8655b-vqjvm,gnn-cluster-worker3,scheduled_on,1.0
1774390051,redis-cache-67d574b944-ll9pf,gnn-cluster-worker2,scheduled_on,1.0
1774390051,workload-generator-667dc97f4f-67vch,gnn-cluster-worker3,scheduled_on,1.0
1774390081,backend-api-669d9964b8-b8qkw,gnn-cluster-worker2,scheduled_on,1.0
1774390081,backend-api-669d9964b8-qblwm,gnn-cluster-worker3,scheduled_on,1.0
1774390081,cpu-stressor-74d6ffcfc4-gghxs,gnn-cluster-worker,scheduled_on,1.0
1774390081,frontend-7868f8655b-25dwq,gnn-cluster-worker,scheduled_on,1.0
1774390081,frontend-7868f8655b-vqjvm,gnn-cluster-worker3,scheduled_on,1.0
1774390081,redis-cache-67d574b944-ll9pf,gnn-cluster-worker2,scheduled_on,1.0
1774390081,workload-generator-667dc97f4f-67vch,gnn-cluster-worker3,scheduled_on,1.0
1774390111,backend-api-669d9964b8-b8qkw,gnn-cluster-worker2,scheduled_on,1.0
1774390111,backend-api-669d9964b8-qblwm,gnn-cluster-worker3,scheduled_on,1.0
1774390111,cpu-stressor-74d6ffcfc4-gghxs,gnn-cluster-worker,scheduled_on,1.0
1774390111,frontend-7868f8655b-25dwq,gnn-cluster-worker,scheduled_on,1.0
1774390111,frontend-7868f8655b-vqjvm,gnn-cluster-worker3,scheduled_on,1.0
1774390111,redis-cache-67d574b944-ll9pf,gnn-cluster-worker2,scheduled_on,1.0
1774390111,workload-generator-667dc97f4f-67vch,gnn-cluster-worker3,scheduled_on,1.0
1774390141,backend-api-669d9964b8-b8qkw,gnn-cluster-worker2,scheduled_on,1.0
1774390141,backend-api-669d9964b8-qblwm,gnn-cluster-worker3,scheduled_on,1.0
1774390141,cpu-stressor-74d6ffcfc4-gghxs,gnn-cluster-worker,scheduled_on,1.0
1774390141,frontend-7868f8655b-25dwq,gnn-cluster-worker,scheduled_on,1.0
1774390141,frontend-7868f8655b-vqjvm,gnn-cluster-worker3,scheduled_on,1.0
1774390141,redis-cache-67d574b944-ll9pf,gnn-cluster-worker2,scheduled_on,1.0
1774390141,workload-generator-667dc97f4f-67vch,gnn-cluster-worker3,scheduled_on,1.0
1774390171,backend-api-669d9964b8-b8qkw,gnn-cluster-worker2,scheduled_on,1.0
1774390171,backend-api-669d9964b8-qblwm,gnn-cluster-worker3,scheduled_on,1.0
1774390171,cpu-stressor-74d6ffcfc4-gghxs,gnn-cluster-worker,scheduled_on,1.0
1774390171,frontend-7868f8655b-25dwq,gnn-cluster-worker,scheduled_on,1.0
1774390171,frontend-7868f8655b-vqjvm,gnn-cluster-worker3,scheduled_on,1.0
1774390171,redis-cache-67d574b944-ll9pf,gnn-cluster-worker2,scheduled_on,1.0
1774390171,workload-generator-667dc97f4f-67vch,gnn-cluster-worker3,scheduled_on,1.0
1774390201,backend-api-669d9964b8-b8qkw,gnn-cluster-worker2,scheduled_on,1.0
1774390201,backend-api-669d9964b8-qblwm,gnn-cluster-worker3,scheduled_on,1.0
1774390201,cpu-stressor-74d6ffcfc4-gghxs,gnn-cluster-worker,scheduled_on,1.0
1774390201,frontend-7868f8655b-25dwq,gnn-cluster-worker,scheduled_on,1.0
1774390201,frontend-7868f8655b-vqjvm,gnn-cluster-worker3,scheduled_on,1.0
1774390201,redis-cache-67d574b944-ll9pf,gnn-cluster-worker2,scheduled_on,1.0
1774390201,workload-generator-667dc97f4f-67vch,gnn-cluster-worker3,scheduled_on,1.0
1774390231,backend-api-669d9964b8-b8qkw,gnn-cluster-worker2,scheduled_on,1.0
1774390231,backend-api-669d9964b8-qblwm,gnn-cluster-worker3,scheduled_on,1.0
1774390231,cpu-stressor-74d6ffcfc4-gghxs,gnn-cluster-worker,scheduled_on,1.0
1774390231,frontend-7868f8655b-25dwq,gnn-cluster-worker,scheduled_on,1.0
1774390231,frontend-7868f8655b-vqjvm,gnn-cluster-worker3,scheduled_on,1.0
1774390231,redis-cache-67d574b944-ll9pf,gnn-cluster-worker2,scheduled_on,1.0
1774390231,workload-generator-667dc97f4f-67vch,gnn-cluster-worker3,scheduled_on,1.0
1774390261,backend-api-669d9964b8-b8qkw,gnn-cluster-worker2,scheduled_on,1.0
1774390261,backend-api-669d9964b8-qblwm,gnn-cluster-worker3,scheduled_on,1.0
1774390261,cpu-stressor-74d6ffcfc4-gghxs,gnn-cluster-worker,scheduled_on,1.0
1774390261,frontend-7868f8655b-25dwq,gnn-cluster-worker,scheduled_on,1.0
1774390261,frontend-7868f8655b-vqjvm,gnn-cluster-worker3,scheduled_on,1.0
1774390261,redis-cache-67d574b944-ll9pf,gnn-cluster-worker2,scheduled_on,1.0
1774390261,workload-generator-667dc97f4f-67vch,gnn-cluster-worker3,scheduled_on,1.0
1774390292,backend-api-669d9964b8-b8qkw,gnn-cluster-worker2,scheduled_on,1.0
1774390292,backend-api-669d9964b8-qblwm,gnn-cluster-worker3,scheduled_on,1.0
1774390292,cpu-stressor-74d6ffcfc4-gghxs,gnn-cluster-worker,scheduled_on,1.0
1774390292,frontend-7868f8655b-25dwq,gnn-cluster-worker,scheduled_on,1.0
1774390292,frontend-7868f8655b-vqjvm,gnn-cluster-worker3,scheduled_on,1.0
1774390292,redis-cache-67d574b944-ll9pf,gnn-cluster-worker2,scheduled_on,1.0
1774390292,workload-generator-667dc97f4f-67vch,gnn-cluster-worker3,scheduled_on,1.0
1774390322,backend-api-669d9964b8-b8qkw,gnn-cluster-worker2,scheduled_on,1.0
1774390322,backend-api-669d9964b8-qblwm,gnn-cluster-worker3,scheduled_on,1.0
1774390322,cpu-stressor-74d6ffcfc4-gghxs,gnn-cluster-worker,scheduled_on,1.0
1774390322,frontend-7868f8655b-25dwq,gnn-cluster-worker,scheduled_on,1.0
1774390322,frontend-7868f8655b-vqjvm,gnn-cluster-worker3,scheduled_on,1.0
1774390322,redis-cache-67d574b944-ll9pf,gnn-cluster-worker2,scheduled_on,1.0
1774390322,workload-generator-667dc97f4f-67vch,gnn-cluster-worker3,scheduled_on,1.0
1774390352,backend-api-669d9964b8-b8qkw,gnn-cluster-worker2,scheduled_on,1.0
1774390352,backend-api-669d9964b8-qblwm,gnn-cluster-worker3,scheduled_on,1.0
1774390352,cpu-stressor-74d6ffcfc4-gghxs,gnn-cluster-worker,scheduled_on,1.0
1774390352,frontend-7868f8655b-25dwq,gnn-cluster-worker,scheduled_on,1.0
1774390352,frontend-7868f8655b-vqjvm,gnn-cluster-worker3,scheduled_on,1.0
1774390352,redis-cache-67d574b944-ll9pf,gnn-cluster-worker2,scheduled_on,1.0
1774390352,workload-generator-667dc97f4f-67vch,gnn-cluster-worker3,scheduled_on,1.0
1774390382,backend-api-669d9964b8-b8qkw,gnn-cluster-worker2,scheduled_on,1.0
1774390382,backend-api-669d9964b8-qblwm,gnn-cluster-worker3,scheduled_on,1.0
1774390382,cpu-stressor-74d6ffcfc4-gghxs,gnn-cluster-worker,scheduled_on,1.0
1774390382,frontend-7868f8655b-25dwq,gnn-cluster-worker,scheduled_on,1.0
1774390382,frontend-7868f8655b-vqjvm,gnn-cluster-worker3,scheduled_on,1.0
1774390382,redis-cache-67d574b944-ll9pf,gnn-cluster-worker2,scheduled_on,1.0
1774390382,workload-generator-667dc97f4f-67vch,gnn-cluster-worker3,scheduled_on,1.0
1774390412,backend-api-669d9964b8-b8qkw,gnn-cluster-worker2,scheduled_on,1.0
1774390412,backend-api-669d9964b8-qblwm,gnn-cluster-worker3,scheduled_on,1.0
1774390412,cpu-stressor-74d6ffcfc4-gghxs,gnn-cluster-worker,scheduled_on,1.0
1774390412,frontend-7868f8655b-25dwq,gnn-cluster-worker,scheduled_on,1.0
1774390412,frontend-7868f8655b-vqjvm,gnn-cluster-worker3,scheduled_on,1.0
1774390412,redis-cache-67d574b944-ll9pf,gnn-cluster-worker2,scheduled_on,1.0
1774390412,workload-generator-667dc97f4f-67vch,gnn-cluster-worker3,scheduled_on,1.0
1774390442,backend-api-669d9964b8-b8qkw,gnn-cluster-worker2,scheduled_on,1.0
1774390442,backend-api-669d9964b8-qblwm,gnn-cluster-worker3,scheduled_on,1.0
1774390442,cpu-stressor-74d6ffcfc4-gghxs,gnn-cluster-worker,scheduled_on,1.0
1774390442,frontend-7868f8655b-25dwq,gnn-cluster-worker,scheduled_on,1.0
1774390442,frontend-7868f8655b-vqjvm,gnn-cluster-worker3,scheduled_on,1.0
1774390442,redis-cache-67d574b944-ll9pf,gnn-cluster-worker2,scheduled_on,1.0
1774390442,workload-generator-667dc97f4f-67vch,gnn-cluster-worker3,scheduled_on,1.0
1774390472,backend-api-669d9964b8-b8qkw,gnn-cluster-worker2,scheduled_on,1.0
1774390472,backend-api-669d9964b8-qblwm,gnn-cluster-worker3,scheduled_on,1.0
1774390472,cpu-stressor-74d6ffcfc4-gghxs,gnn-cluster-worker,scheduled_on,1.0
1774390472,frontend-7868f8655b-25dwq,gnn-cluster-worker,scheduled_on,1.0
1774390472,frontend-7868f8655b-vqjvm,gnn-cluster-worker3,scheduled_on,1.0
1774390472,redis-cache-67d574b944-ll9pf,gnn-cluster-worker2,scheduled_on,1.0
1774390472,workload-generator-667dc97f4f-67vch,gnn-cluster-worker3,scheduled_on,1.0
1774390502,backend-api-669d9964b8-b8qkw,gnn-cluster-worker2,scheduled_on,1.0
1774390502,backend-api-669d9964b8-qblwm,gnn-cluster-worker3,scheduled_on,1.0
1774390502,cpu-stressor-74d6ffcfc4-gghxs,gnn-cluster-worker,scheduled_on,1.0
1774390502,frontend-7868f8655b-25dwq,gnn-cluster-worker,scheduled_on,1.0
1774390502,frontend-7868f8655b-vqjvm,gnn-cluster-worker3,scheduled_on,1.0
1774390502,redis-cache-67d574b944-ll9pf,gnn-cluster-worker2,scheduled_on,1.0
1774390502,workload-generator-667dc97f4f-67vch,gnn-cluster-worker3,scheduled_on,1.0
1774390532,backend-api-669d9964b8-b8qkw,gnn-cluster-worker2,scheduled_on,1.0
1774390532,backend-api-669d9964b8-qblwm,gnn-cluster-worker3,scheduled_on,1.0
1774390532,cpu-stressor-74d6ffcfc4-gghxs,gnn-cluster-worker,scheduled_on,1.0
1774390532,frontend-7868f8655b-25dwq,gnn-cluster-worker,scheduled_on,1.0
1774390532,frontend-7868f8655b-vqjvm,gnn-cluster-worker3,scheduled_on,1.0
1774390532,redis-cache-67d574b944-ll9pf,gnn-cluster-worker2,scheduled_on,1.0
1774390532,workload-generator-667dc97f4f-67vch,gnn-cluster-worker3,scheduled_on,1.0
1774390562,backend-api-669d9964b8-b8qkw,gnn-cluster-worker2,scheduled_on,1.0
1774390562,backend-api-669d9964b8-qblwm,gnn-cluster-worker3,scheduled_on,1.0
1774390562,cpu-stressor-74d6ffcfc4-gghxs,gnn-cluster-worker,scheduled_on,1.0
1774390562,frontend-7868f8655b-25dwq,gnn-cluster-worker,scheduled_on,1.0
1774390562,frontend-7868f8655b-vqjvm,gnn-cluster-worker3,scheduled_on,1.0
1774390562,redis-cache-67d574b944-ll9pf,gnn-cluster-worker2,scheduled_on,1.0
1774390562,workload-generator-667dc97f4f-67vch,gnn-cluster-worker3,scheduled_on,1.0
1774390592,backend-api-669d9964b8-b8qkw,gnn-cluster-worker2,scheduled_on,1.0
1774390592,backend-api-669d9964b8-qblwm,gnn-cluster-worker3,scheduled_on,1.0
1774390592,cpu-stressor-74d6ffcfc4-gghxs,gnn-cluster-worker,scheduled_on,1.0
1774390592,frontend-7868f8655b-25dwq,gnn-cluster-worker,scheduled_on,1.0
1774390592,frontend-7868f8655b-vqjvm,gnn-cluster-worker3,scheduled_on,1.0
1774390592,redis-cache-67d574b944-ll9pf,gnn-cluster-worker2,scheduled_on,1.0
1774390592,workload-generator-667dc97f4f-67vch,gnn-cluster-worker3,scheduled_on,1.0
1774390622,backend-api-669d9964b8-b8qkw,gnn-cluster-worker2,scheduled_on,1.0
1774390622,backend-api-669d9964b8-qblwm,gnn-cluster-worker3,scheduled_on,1.0
1774390622,cpu-stressor-74d6ffcfc4-gghxs,gnn-cluster-worker,scheduled_on,1.0
1774390622,frontend-7868f8655b-25dwq,gnn-cluster-worker,scheduled_on,1.0
1774390622,frontend-7868f8655b-vqjvm,gnn-cluster-worker3,scheduled_on,1.0
1774390622,redis-cache-67d574b944-ll9pf,gnn-cluster-worker2,scheduled_on,1.0
1774390622,workload-generator-667dc97f4f-67vch,gnn-cluster-worker3,scheduled_on,1.0
1774390652,backend-api-669d9964b8-b8qkw,gnn-cluster-worker2,scheduled_on,1.0
1774390652,backend-api-669d9964b8-qblwm,gnn-cluster-worker3,scheduled_on,1.0
1774390652,cpu-stressor-74d6ffcfc4-gghxs,gnn-cluster-worker,scheduled_on,1.0
1774390652,frontend-7868f8655b-25dwq,gnn-cluster-worker,scheduled_on,1.0
1774390652,frontend-7868f8655b-vqjvm,gnn-cluster-worker3,scheduled_on,1.0
1774390652,redis-cache-67d574b944-ll9pf,gnn-cluster-worker2,scheduled_on,1.0
1774390652,workload-generator-667dc97f4f-67vch,gnn-cluster-worker3,scheduled_on,1.0
1774390682,backend-api-669d9964b8-b8qkw,gnn-cluster-worker2,scheduled_on,1.0
1774390682,backend-api-669d9964b8-qblwm,gnn-cluster-worker3,scheduled_on,1.0
1774390682,cpu-stressor-74d6ffcfc4-gghxs,gnn-cluster-worker,scheduled_on,1.0
1774390682,frontend-7868f8655b-25dwq,gnn-cluster-worker,scheduled_on,1.0
1774390682,frontend-7868f8655b-vqjvm,gnn-cluster-worker3,scheduled_on,1.0
1774390682,redis-cache-67d574b944-ll9pf,gnn-cluster-worker2,scheduled_on,1.0
1774390682,workload-generator-667dc97f4f-67vch,gnn-cluster-worker3,scheduled_on,1.0
1774390713,backend-api-669d9964b8-b8qkw,gnn-cluster-worker2,scheduled_on,1.0
1774390713,backend-api-669d9964b8-qblwm,gnn-cluster-worker3,scheduled_on,1.0
1774390713,cpu-stressor-74d6ffcfc4-gghxs,gnn-cluster-worker,scheduled_on,1.0
1774390713,frontend-7868f8655b-25dwq,gnn-cluster-worker,scheduled_on,1.0
1774390713,frontend-7868f8655b-vqjvm,gnn-cluster-worker3,scheduled_on,1.0
1774390713,redis-cache-67d574b944-ll9pf,gnn-cluster-worker2,scheduled_on,1.0
1774390713,workload-generator-667dc97f4f-67vch,gnn-cluster-worker3,scheduled_on,1.0
1774390743,backend-api-669d9964b8-b8qkw,gnn-cluster-worker2,scheduled_on,1.0
1774390743,backend-api-669d9964b8-qblwm,gnn-cluster-worker3,scheduled_on,1.0
1774390743,cpu-stressor-74d6ffcfc4-gghxs,gnn-cluster-worker,scheduled_on,1.0
1774390743,frontend-7868f8655b-25dwq,gnn-cluster-worker,scheduled_on,1.0
1774390743,frontend-7868f8655b-vqjvm,gnn-cluster-worker3,scheduled_on,1.0
1774390743,redis-cache-67d574b944-ll9pf,gnn-cluster-worker2,scheduled_on,1.0
1774390743,workload-generator-667dc97f4f-67vch,gnn-cluster-worker3,scheduled_on,1.0
1774390773,backend-api-669d9964b8-b8qkw,gnn-cluster-worker2,scheduled_on,1.0
1774390773,backend-api-669d9964b8-qblwm,gnn-cluster-worker3,scheduled_on,1.0
1774390773,cpu-stressor-74d6ffcfc4-gghxs,gnn-cluster-worker,scheduled_on,1.0
1774390773,frontend-7868f8655b-25dwq,gnn-cluster-worker,scheduled_on,1.0
1774390773,frontend-7868f8655b-vqjvm,gnn-cluster-worker3,scheduled_on,1.0
1774390773,redis-cache-67d574b944-ll9pf,gnn-cluster-worker2,scheduled_on,1.0
1774390773,workload-generator-667dc97f4f-67vch,gnn-cluster-worker3,scheduled_on,1.0
1774390803,backend-api-669d9964b8-b8qkw,gnn-cluster-worker2,scheduled_on,1.0
1774390803,backend-api-669d9964b8-qblwm,gnn-cluster-worker3,scheduled_on,1.0
1774390803,cpu-stressor-74d6ffcfc4-gghxs,gnn-cluster-worker,scheduled_on,1.0
1774390803,frontend-7868f8655b-25dwq,gnn-cluster-worker,scheduled_on,1.0
1774390803,frontend-7868f8655b-vqjvm,gnn-cluster-worker3,scheduled_on,1.0
1774390803,redis-cache-67d574b944-ll9pf,gnn-cluster-worker2,scheduled_on,1.0
1774390803,workload-generator-667dc97f4f-67vch,gnn-cluster-worker3,scheduled_on,1.0
1774390833,backend-api-669d9964b8-b8qkw,gnn-cluster-worker2,scheduled_on,1.0
1774390833,backend-api-669d9964b8-qblwm,gnn-cluster-worker3,scheduled_on,1.0
1774390833,cpu-stressor-74d6ffcfc4-gghxs,gnn-cluster-worker,scheduled_on,1.0
1774390833,frontend-7868f8655b-25dwq,gnn-cluster-worker,scheduled_on,1.0
1774390833,frontend-7868f8655b-vqjvm,gnn-cluster-worker3,scheduled_on,1.0
1774390833,redis-cache-67d574b944-ll9pf,gnn-cluster-worker2,scheduled_on,1.0
1774390833,workload-generator-667dc97f4f-67vch,gnn-cluster-worker3,scheduled_on,1.0
1774390863,backend-api-669d9964b8-b8qkw,gnn-cluster-worker2,scheduled_on,1.0
1774390863,backend-api-669d9964b8-qblwm,gnn-cluster-worker3,scheduled_on,1.0
1774390863,cpu-stressor-74d6ffcfc4-gghxs,gnn-cluster-worker,scheduled_on,1.0
1774390863,frontend-7868f8655b-25dwq,gnn-cluster-worker,scheduled_on,1.0
1774390863,frontend-7868f8655b-vqjvm,gnn-cluster-worker3,scheduled_on,1.0
1774390863,redis-cache-67d574b944-ll9pf,gnn-cluster-worker2,scheduled_on,1.0
1774390863,workload-generator-667dc97f4f-67vch,gnn-cluster-worker3,scheduled_on,1.0
1774390893,backend-api-669d9964b8-b8qkw,gnn-cluster-worker2,scheduled_on,1.0
1774390893,backend-api-669d9964b8-qblwm,gnn-cluster-worker3,scheduled_on,1.0
1774390893,cpu-stressor-74d6ffcfc4-gghxs,gnn-cluster-worker,scheduled_on,1.0
1774390893,frontend-7868f8655b-25dwq,gnn-cluster-worker,scheduled_on,1.0
1774390893,frontend-7868f8655b-vqjvm,gnn-cluster-worker3,scheduled_on,1.0
1774390893,redis-cache-67d574b944-ll9pf,gnn-cluster-worker2,scheduled_on,1.0
1774390893,workload-generator-667dc97f4f-67vch,gnn-cluster-worker3,scheduled_on,1.0
1774390923,backend-api-669d9964b8-b8qkw,gnn-cluster-worker2,scheduled_on,1.0
1774390923,backend-api-669d9964b8-qblwm,gnn-cluster-worker3,scheduled_on,1.0
1774390923,cpu-stressor-74d6ffcfc4-gghxs,gnn-cluster-worker,scheduled_on,1.0
1774390923,frontend-7868f8655b-25dwq,gnn-cluster-worker,scheduled_on,1.0
1774390923,frontend-7868f8655b-vqjvm,gnn-cluster-worker3,scheduled_on,1.0
1774390923,redis-cache-67d574b944-ll9pf,gnn-cluster-worker2,scheduled_on,1.0
1774390923,workload-generator-667dc97f4f-67vch,gnn-cluster-worker3,scheduled_on,1.0
1774390953,backend-api-669d9964b8-b8qkw,gnn-cluster-worker2,scheduled_on,1.0
1774390953,backend-api-669d9964b8-qblwm,gnn-cluster-worker3,scheduled_on,1.0
1774390953,cpu-stressor-74d6ffcfc4-gghxs,gnn-cluster-worker,scheduled_on,1.0
1774390953,frontend-7868f8655b-25dwq,gnn-cluster-worker,scheduled_on,1.0
1774390953,frontend-7868f8655b-vqjvm,gnn-cluster-worker3,scheduled_on,1.0
1774390953,redis-cache-67d574b944-ll9pf,gnn-cluster-worker2,scheduled_on,1.0
1774390953,workload-generator-667dc97f4f-67vch,gnn-cluster-worker3,scheduled_on,1.0
1774390983,backend-api-669d9964b8-b8qkw,gnn-cluster-worker2,scheduled_on,1.0
1774390983,backend-api-669d9964b8-qblwm,gnn-cluster-worker3,scheduled_on,1.0
1774390983,cpu-stressor-74d6ffcfc4-gghxs,gnn-cluster-worker,scheduled_on,1.0
1774390983,frontend-7868f8655b-25dwq,gnn-cluster-worker,scheduled_on,1.0
1774390983,frontend-7868f8655b-vqjvm,gnn-cluster-worker3,scheduled_on,1.0
1774390983,redis-cache-67d574b944-ll9pf,gnn-cluster-worker2,scheduled_on,1.0
1774390983,workload-generator-667dc97f4f-67vch,gnn-cluster-worker3,scheduled_on,1.0
1774391013,backend-api-669d9964b8-b8qkw,gnn-cluster-worker2,scheduled_on,1.0
1774391013,backend-api-669d9964b8-qblwm,gnn-cluster-worker3,scheduled_on,1.0
1774391013,cpu-stressor-74d6ffcfc4-gghxs,gnn-cluster-worker,scheduled_on,1.0
1774391013,frontend-7868f8655b-25dwq,gnn-cluster-worker,scheduled_on,1.0
1774391013,frontend-7868f8655b-vqjvm,gnn-cluster-worker3,scheduled_on,1.0
1774391013,redis-cache-67d574b944-ll9pf,gnn-cluster-worker2,scheduled_on,1.0
1774391013,workload-generator-667dc97f4f-67vch,gnn-cluster-worker3,scheduled_on,1.0
1774391043,backend-api-669d9964b8-b8qkw,gnn-cluster-worker2,scheduled_on,1.0
1774391043,backend-api-669d9964b8-qblwm,gnn-cluster-worker3,scheduled_on,1.0
1774391043,cpu-stressor-74d6ffcfc4-gghxs,gnn-cluster-worker,scheduled_on,1.0
1774391043,frontend-7868f8655b-25dwq,gnn-cluster-worker,scheduled_on,1.0
1774391043,frontend-7868f8655b-vqjvm,gnn-cluster-worker3,scheduled_on,1.0
1774391043,redis-cache-67d574b944-ll9pf,gnn-cluster-worker2,scheduled_on,1.0
1774391043,workload-generator-667dc97f4f-67vch,gnn-cluster-worker3,scheduled_on,1.0
1774391073,backend-api-669d9964b8-b8qkw,gnn-cluster-worker2,scheduled_on,1.0
1774391073,backend-api-669d9964b8-qblwm,gnn-cluster-worker3,scheduled_on,1.0
1774391073,cpu-stressor-74d6ffcfc4-gghxs,gnn-cluster-worker,scheduled_on,1.0
1774391073,frontend-7868f8655b-25dwq,gnn-cluster-worker,scheduled_on,1.0
1774391073,frontend-7868f8655b-vqjvm,gnn-cluster-worker3,scheduled_on,1.0
1774391073,redis-cache-67d574b944-ll9pf,gnn-cluster-worker2,scheduled_on,1.0
1774391073,workload-generator-667dc97f4f-67vch,gnn-cluster-worker3,scheduled_on,1.0
1774391103,backend-api-669d9964b8-b8qkw,gnn-cluster-worker2,scheduled_on,1.0
1774391103,backend-api-669d9964b8-qblwm,gnn-cluster-worker3,scheduled_on,1.0
1774391103,cpu-stressor-74d6ffcfc4-gghxs,gnn-cluster-worker,scheduled_on,1.0
1774391103,frontend-7868f8655b-25dwq,gnn-cluster-worker,scheduled_on,1.0
1774391103,frontend-7868f8655b-vqjvm,gnn-cluster-worker3,scheduled_on,1.0
1774391103,redis-cache-67d574b944-ll9pf,gnn-cluster-worker2,scheduled_on,1.0
1774391103,workload-generator-667dc97f4f-67vch,gnn-cluster-worker3,scheduled_on,1.0
1774391134,backend-api-669d9964b8-b8qkw,gnn-cluster-worker2,scheduled_on,1.0
1774391134,backend-api-669d9964b8-qblwm,gnn-cluster-worker3,scheduled_on,1.0
1774391134,cpu-stressor-74d6ffcfc4-gghxs,gnn-cluster-worker,scheduled_on,1.0
1774391134,frontend-7868f8655b-25dwq,gnn-cluster-worker,scheduled_on,1.0
1774391134,frontend-7868f8655b-vqjvm,gnn-cluster-worker3,scheduled_on,1.0
1774391134,redis-cache-67d574b944-ll9pf,gnn-cluster-worker2,scheduled_on,1.0
1774391134,workload-generator-667dc97f4f-67vch,gnn-cluster-worker3,scheduled_on,1.0
1774391164,backend-api-669d9964b8-b8qkw,gnn-cluster-worker2,scheduled_on,1.0
1774391164,backend-api-669d9964b8-qblwm,gnn-cluster-worker3,scheduled_on,1.0
1774391164,cpu-stressor-74d6ffcfc4-gghxs,gnn-cluster-worker,scheduled_on,1.0
1774391164,frontend-7868f8655b-25dwq,gnn-cluster-worker,scheduled_on,1.0
1774391164,frontend-7868f8655b-vqjvm,gnn-cluster-worker3,scheduled_on,1.0
1774391164,redis-cache-67d574b944-ll9pf,gnn-cluster-worker2,scheduled_on,1.0
1774391164,workload-generator-667dc97f4f-67vch,gnn-cluster-worker3,scheduled_on,1.0
1774391194,backend-api-669d9964b8-b8qkw,gnn-cluster-worker2,scheduled_on,1.0
1774391194,backend-api-669d9964b8-qblwm,gnn-cluster-worker3,scheduled_on,1.0
1774391194,cpu-stressor-74d6ffcfc4-gghxs,gnn-cluster-worker,scheduled_on,1.0
1774391194,frontend-7868f8655b-25dwq,gnn-cluster-worker,scheduled_on,1.0
1774391194,frontend-7868f8655b-vqjvm,gnn-cluster-worker3,scheduled_on,1.0
1774391194,redis-cache-67d574b944-ll9pf,gnn-cluster-worker2,scheduled_on,1.0
1774391194,workload-generator-667dc97f4f-67vch,gnn-cluster-worker3,scheduled_on,1.0
1774391224,backend-api-669d9964b8-b8qkw,gnn-cluster-worker2,scheduled_on,1.0
1774391224,backend-api-669d9964b8-qblwm,gnn-cluster-worker3,scheduled_on,1.0
1774391224,cpu-stressor-74d6ffcfc4-gghxs,gnn-cluster-worker,scheduled_on,1.0
1774391224,frontend-7868f8655b-25dwq,gnn-cluster-worker,scheduled_on,1.0
1774391224,frontend-7868f8655b-vqjvm,gnn-cluster-worker3,scheduled_on,1.0
1774391224,redis-cache-67d574b944-ll9pf,gnn-cluster-worker2,scheduled_on,1.0
1774391224,workload-generator-667dc97f4f-67vch,gnn-cluster-worker3,scheduled_on,1.0
1774391254,backend-api-669d9964b8-b8qkw,gnn-cluster-worker2,scheduled_on,1.0
1774391254,backend-api-669d9964b8-qblwm,gnn-cluster-worker3,scheduled_on,1.0
1774391254,cpu-stressor-74d6ffcfc4-gghxs,gnn-cluster-worker,scheduled_on,1.0
1774391254,frontend-7868f8655b-25dwq,gnn-cluster-worker,scheduled_on,1.0
1774391254,frontend-7868f8655b-vqjvm,gnn-cluster-worker3,scheduled_on,1.0
1774391254,redis-cache-67d574b944-ll9pf,gnn-cluster-worker2,scheduled_on,1.0
1774391254,workload-generator-667dc97f4f-67vch,gnn-cluster-worker3,scheduled_on,1.0
1774391284,backend-api-669d9964b8-b8qkw,gnn-cluster-worker2,scheduled_on,1.0
1774391284,backend-api-669d9964b8-qblwm,gnn-cluster-worker3,scheduled_on,1.0
1774391284,cpu-stressor-74d6ffcfc4-gghxs,gnn-cluster-worker,scheduled_on,1.0
1774391284,frontend-7868f8655b-25dwq,gnn-cluster-worker,scheduled_on,1.0
1774391284,frontend-7868f8655b-vqjvm,gnn-cluster-worker3,scheduled_on,1.0
1774391284,redis-cache-67d574b944-ll9pf,gnn-cluster-worker2,scheduled_on,1.0
1774391284,workload-generator-667dc97f4f-67vch,gnn-cluster-worker3,scheduled_on,1.0
1774391314,backend-api-669d9964b8-b8qkw,gnn-cluster-worker2,scheduled_on,1.0
1774391314,backend-api-669d9964b8-qblwm,gnn-cluster-worker3,scheduled_on,1.0
1774391314,cpu-stressor-74d6ffcfc4-gghxs,gnn-cluster-worker,scheduled_on,1.0
1774391314,frontend-7868f8655b-25dwq,gnn-cluster-worker,scheduled_on,1.0
1774391314,frontend-7868f8655b-vqjvm,gnn-cluster-worker3,scheduled_on,1.0
1774391314,redis-cache-67d574b944-ll9pf,gnn-cluster-worker2,scheduled_on,1.0
1774391314,workload-generator-667dc97f4f-67vch,gnn-cluster-worker3,scheduled_on,1.0
1774391344,backend-api-669d9964b8-b8qkw,gnn-cluster-worker2,scheduled_on,1.0
1774391344,backend-api-669d9964b8-qblwm,gnn-cluster-worker3,scheduled_on,1.0
1774391344,cpu-stressor-74d6ffcfc4-gghxs,gnn-cluster-worker,scheduled_on,1.0
1774391344,frontend-7868f8655b-25dwq,gnn-cluster-worker,scheduled_on,1.0
1774391344,frontend-7868f8655b-vqjvm,gnn-cluster-worker3,scheduled_on,1.0
1774391344,redis-cache-67d574b944-ll9pf,gnn-cluster-worker2,scheduled_on,1.0
1774391344,workload-generator-667dc97f4f-67vch,gnn-cluster-worker3,scheduled_on,1.0
1774391374,backend-api-669d9964b8-b8qkw,gnn-cluster-worker2,scheduled_on,1.0
1774391374,backend-api-669d9964b8-qblwm,gnn-cluster-worker3,scheduled_on,1.0
1774391374,cpu-stressor-74d6ffcfc4-gghxs,gnn-cluster-worker,scheduled_on,1.0
1774391374,frontend-7868f8655b-25dwq,gnn-cluster-worker,scheduled_on,1.0
1774391374,frontend-7868f8655b-vqjvm,gnn-cluster-worker3,scheduled_on,1.0
1774391374,redis-cache-67d574b944-ll9pf,gnn-cluster-worker2,scheduled_on,1.0
1774391374,workload-generator-667dc97f4f-67vch,gnn-cluster-worker3,scheduled_on,1.0
1774391404,backend-api-669d9964b8-b8qkw,gnn-cluster-worker2,scheduled_on,1.0
1774391404,backend-api-669d9964b8-qblwm,gnn-cluster-worker3,scheduled_on,1.0
1774391404,cpu-stressor-74d6ffcfc4-gghxs,gnn-cluster-worker,scheduled_on,1.0
1774391404,frontend-7868f8655b-25dwq,gnn-cluster-worker,scheduled_on,1.0
1774391404,frontend-7868f8655b-vqjvm,gnn-cluster-worker3,scheduled_on,1.0
1774391404,redis-cache-67d574b944-ll9pf,gnn-cluster-worker2,scheduled_on,1.0
1774391404,workload-generator-667dc97f4f-67vch,gnn-cluster-worker3,scheduled_on,1.0
1774391434,backend-api-669d9964b8-b8qkw,gnn-cluster-worker2,scheduled_on,1.0
1774391434,backend-api-669d9964b8-qblwm,gnn-cluster-worker3,scheduled_on,1.0
1774391434,cpu-stressor-74d6ffcfc4-gghxs,gnn-cluster-worker,scheduled_on,1.0
1774391434,frontend-7868f8655b-25dwq,gnn-cluster-worker,scheduled_on,1.0
1774391434,frontend-7868f8655b-vqjvm,gnn-cluster-worker3,scheduled_on,1.0
1774391434,redis-cache-67d574b944-ll9pf,gnn-cluster-worker2,scheduled_on,1.0
1774391434,workload-generator-667dc97f4f-67vch,gnn-cluster-worker3,scheduled_on,1.0
1774391464,backend-api-669d9964b8-b8qkw,gnn-cluster-worker2,scheduled_on,1.0
1774391464,backend-api-669d9964b8-qblwm,gnn-cluster-worker3,scheduled_on,1.0
1774391464,cpu-stressor-74d6ffcfc4-gghxs,gnn-cluster-worker,scheduled_on,1.0
1774391464,frontend-7868f8655b-25dwq,gnn-cluster-worker,scheduled_on,1.0
1774391464,frontend-7868f8655b-vqjvm,gnn-cluster-worker3,scheduled_on,1.0
1774391464,redis-cache-67d574b944-ll9pf,gnn-cluster-worker2,scheduled_on,1.0
1774391464,workload-generator-667dc97f4f-67vch,gnn-cluster-worker3,scheduled_on,1.0
1774391494,backend-api-669d9964b8-b8qkw,gnn-cluster-worker2,scheduled_on,1.0
1774391494,backend-api-669d9964b8-qblwm,gnn-cluster-worker3,scheduled_on,1.0
1774391494,cpu-stressor-74d6ffcfc4-gghxs,gnn-cluster-worker,scheduled_on,1.0
1774391494,frontend-7868f8655b-25dwq,gnn-cluster-worker,scheduled_on,1.0
1774391494,frontend-7868f8655b-vqjvm,gnn-cluster-worker3,scheduled_on,1.0
1774391494,redis-cache-67d574b944-ll9pf,gnn-cluster-worker2,scheduled_on,1.0
1774391494,workload-generator-667dc97f4f-67vch,gnn-cluster-worker3,scheduled_on,1.0
1774391524,backend-api-669d9964b8-b8qkw,gnn-cluster-worker2,scheduled_on,1.0
1774391524,backend-api-669d9964b8-qblwm,gnn-cluster-worker3,scheduled_on,1.0
1774391524,cpu-stressor-74d6ffcfc4-gghxs,gnn-cluster-worker,scheduled_on,1.0
1774391524,frontend-7868f8655b-25dwq,gnn-cluster-worker,scheduled_on,1.0
1774391524,frontend-7868f8655b-vqjvm,gnn-cluster-worker3,scheduled_on,1.0
1774391524,redis-cache-67d574b944-ll9pf,gnn-cluster-worker2,scheduled_on,1.0
1774391524,workload-generator-667dc97f4f-67vch,gnn-cluster-worker3,scheduled_on,1.0
1774391554,backend-api-669d9964b8-b8qkw,gnn-cluster-worker2,scheduled_on,1.0
1774391554,backend-api-669d9964b8-qblwm,gnn-cluster-worker3,scheduled_on,1.0
1774391554,cpu-stressor-74d6ffcfc4-gghxs,gnn-cluster-worker,scheduled_on,1.0
1774391554,frontend-7868f8655b-25dwq,gnn-cluster-worker,scheduled_on,1.0
1774391554,frontend-7868f8655b-vqjvm,gnn-cluster-worker3,scheduled_on,1.0
1774391554,redis-cache-67d574b944-ll9pf,gnn-cluster-worker2,scheduled_on,1.0
1774391554,workload-generator-667dc97f4f-67vch,gnn-cluster-worker3,scheduled_on,1.0
1774391584,backend-api-669d9964b8-b8qkw,gnn-cluster-worker2,scheduled_on,1.0
1774391584,backend-api-669d9964b8-qblwm,gnn-cluster-worker3,scheduled_on,1.0
1774391584,cpu-stressor-74d6ffcfc4-gghxs,gnn-cluster-worker,scheduled_on,1.0
1774391584,frontend-7868f8655b-25dwq,gnn-cluster-worker,scheduled_on,1.0
1774391584,frontend-7868f8655b-vqjvm,gnn-cluster-worker3,scheduled_on,1.0
1774391584,redis-cache-67d574b944-ll9pf,gnn-cluster-worker2,scheduled_on,1.0
1774391584,workload-generator-667dc97f4f-67vch,gnn-cluster-worker3,scheduled_on,1.0
1774391615,backend-api-669d9964b8-b8qkw,gnn-cluster-worker2,scheduled_on,1.0
1774391615,backend-api-669d9964b8-qblwm,gnn-cluster-worker3,scheduled_on,1.0
1774391615,cpu-stressor-74d6ffcfc4-gghxs,gnn-cluster-worker,scheduled_on,1.0
1774391615,frontend-7868f8655b-25dwq,gnn-cluster-worker,scheduled_on,1.0
1774391615,frontend-7868f8655b-vqjvm,gnn-cluster-worker3,scheduled_on,1.0
1774391615,redis-cache-67d574b944-ll9pf,gnn-cluster-worker2,scheduled_on,1.0
1774391615,workload-generator-667dc97f4f-67vch,gnn-cluster-worker3,scheduled_on,1.0
1774391645,backend-api-669d9964b8-b8qkw,gnn-cluster-worker2,scheduled_on,1.0
1774391645,backend-api-669d9964b8-qblwm,gnn-cluster-worker3,scheduled_on,1.0
1774391645,cpu-stressor-74d6ffcfc4-gghxs,gnn-cluster-worker,scheduled_on,1.0
1774391645,frontend-7868f8655b-25dwq,gnn-cluster-worker,scheduled_on,1.0
1774391645,frontend-7868f8655b-vqjvm,gnn-cluster-worker3,scheduled_on,1.0
1774391645,redis-cache-67d574b944-ll9pf,gnn-cluster-worker2,scheduled_on,1.0
1774391645,workload-generator-667dc97f4f-67vch,gnn-cluster-worker3,scheduled_on,1.0
1774391675,backend-api-669d9964b8-b8qkw,gnn-cluster-worker2,scheduled_on,1.0
1774391675,backend-api-669d9964b8-qblwm,gnn-cluster-worker3,scheduled_on,1.0
1774391675,cpu-stressor-74d6ffcfc4-gghxs,gnn-cluster-worker,scheduled_on,1.0
1774391675,frontend-7868f8655b-25dwq,gnn-cluster-worker,scheduled_on,1.0
1774391675,frontend-7868f8655b-vqjvm,gnn-cluster-worker3,scheduled_on,1.0
1774391675,redis-cache-67d574b944-ll9pf,gnn-cluster-worker2,scheduled_on,1.0
1774391675,workload-generator-667dc97f4f-67vch,gnn-cluster-worker3,scheduled_on,1.0
1774391705,backend-api-669d9964b8-b8qkw,gnn-cluster-worker2,scheduled_on,1.0
1774391705,backend-api-669d9964b8-qblwm,gnn-cluster-worker3,scheduled_on,1.0
1774391705,cpu-stressor-74d6ffcfc4-gghxs,gnn-cluster-worker,scheduled_on,1.0
1774391705,frontend-7868f8655b-25dwq,gnn-cluster-worker,scheduled_on,1.0
1774391705,frontend-7868f8655b-vqjvm,gnn-cluster-worker3,scheduled_on,1.0
1774391705,redis-cache-67d574b944-ll9pf,gnn-cluster-worker2,scheduled_on,1.0
1774391705,workload-generator-667dc97f4f-67vch,gnn-cluster-worker3,scheduled_on,1.0
1774391735,backend-api-669d9964b8-b8qkw,gnn-cluster-worker2,scheduled_on,1.0
1774391735,backend-api-669d9964b8-qblwm,gnn-cluster-worker3,scheduled_on,1.0
1774391735,cpu-stressor-74d6ffcfc4-gghxs,gnn-cluster-worker,scheduled_on,1.0
1774391735,frontend-7868f8655b-25dwq,gnn-cluster-worker,scheduled_on,1.0
1774391735,frontend-7868f8655b-vqjvm,gnn-cluster-worker3,scheduled_on,1.0
1774391735,redis-cache-67d574b944-ll9pf,gnn-cluster-worker2,scheduled_on,1.0
1774391735,workload-generator-667dc97f4f-67vch,gnn-cluster-worker3,scheduled_on,1.0
1774391765,backend-api-669d9964b8-b8qkw,gnn-cluster-worker2,scheduled_on,1.0
1774391765,backend-api-669d9964b8-qblwm,gnn-cluster-worker3,scheduled_on,1.0
1774391765,cpu-stressor-74d6ffcfc4-gghxs,gnn-cluster-worker,scheduled_on,1.0
1774391765,frontend-7868f8655b-25dwq,gnn-cluster-worker,scheduled_on,1.0
1774391765,frontend-7868f8655b-vqjvm,gnn-cluster-worker3,scheduled_on,1.0
1774391765,redis-cache-67d574b944-ll9pf,gnn-cluster-worker2,scheduled_on,1.0
1774391765,workload-generator-667dc97f4f-67vch,gnn-cluster-worker3,scheduled_on,1.0
1774391795,backend-api-669d9964b8-b8qkw,gnn-cluster-worker2,scheduled_on,1.0
1774391795,backend-api-669d9964b8-qblwm,gnn-cluster-worker3,scheduled_on,1.0
1774391795,cpu-stressor-74d6ffcfc4-gghxs,gnn-cluster-worker,scheduled_on,1.0
1774391795,frontend-7868f8655b-25dwq,gnn-cluster-worker,scheduled_on,1.0
1774391795,frontend-7868f8655b-vqjvm,gnn-cluster-worker3,scheduled_on,1.0
1774391795,redis-cache-67d574b944-ll9pf,gnn-cluster-worker2,scheduled_on,1.0
1774391795,workload-generator-667dc97f4f-67vch,gnn-cluster-worker3,scheduled_on,1.0
1774391825,backend-api-669d9964b8-b8qkw,gnn-cluster-worker2,scheduled_on,1.0
1774391825,backend-api-669d9964b8-qblwm,gnn-cluster-worker3,scheduled_on,1.0
1774391825,cpu-stressor-74d6ffcfc4-gghxs,gnn-cluster-worker,scheduled_on,1.0
1774391825,frontend-7868f8655b-25dwq,gnn-cluster-worker,scheduled_on,1.0
1774391825,frontend-7868f8655b-vqjvm,gnn-cluster-worker3,scheduled_on,1.0
1774391825,redis-cache-67d574b944-ll9pf,gnn-cluster-worker2,scheduled_on,1.0
1774391825,workload-generator-667dc97f4f-67vch,gnn-cluster-worker3,scheduled_on,1.0
1774391855,backend-api-669d9964b8-b8qkw,gnn-cluster-worker2,scheduled_on,1.0
1774391855,backend-api-669d9964b8-qblwm,gnn-cluster-worker3,scheduled_on,1.0
1774391855,cpu-stressor-74d6ffcfc4-gghxs,gnn-cluster-worker,scheduled_on,1.0
1774391855,frontend-7868f8655b-25dwq,gnn-cluster-worker,scheduled_on,1.0
1774391855,frontend-7868f8655b-vqjvm,gnn-cluster-worker3,scheduled_on,1.0
1774391855,redis-cache-67d574b944-ll9pf,gnn-cluster-worker2,scheduled_on,1.0
1774391855,workload-generator-667dc97f4f-67vch,gnn-cluster-worker3,scheduled_on,1.0
1774391885,backend-api-669d9964b8-b8qkw,gnn-cluster-worker2,scheduled_on,1.0
1774391885,backend-api-669d9964b8-qblwm,gnn-cluster-worker3,scheduled_on,1.0
1774391885,cpu-stressor-74d6ffcfc4-gghxs,gnn-cluster-worker,scheduled_on,1.0
1774391885,frontend-7868f8655b-25dwq,gnn-cluster-worker,scheduled_on,1.0
1774391885,frontend-7868f8655b-vqjvm,gnn-cluster-worker3,scheduled_on,1.0
1774391885,redis-cache-67d574b944-ll9pf,gnn-cluster-worker2,scheduled_on,1.0
1774391885,workload-generator-667dc97f4f-67vch,gnn-cluster-worker3,scheduled_on,1.0
1774391915,backend-api-669d9964b8-b8qkw,gnn-cluster-worker2,scheduled_on,1.0
1774391915,backend-api-669d9964b8-qblwm,gnn-cluster-worker3,scheduled_on,1.0
1774391915,cpu-stressor-74d6ffcfc4-gghxs,gnn-cluster-worker,scheduled_on,1.0
1774391915,frontend-7868f8655b-25dwq,gnn-cluster-worker,scheduled_on,1.0
1774391915,frontend-7868f8655b-vqjvm,gnn-cluster-worker3,scheduled_on,1.0
1774391915,redis-cache-67d574b944-ll9pf,gnn-cluster-worker2,scheduled_on,1.0
1774391915,workload-generator-667dc97f4f-67vch,gnn-cluster-worker3,scheduled_on,1.0
1774391945,backend-api-669d9964b8-b8qkw,gnn-cluster-worker2,scheduled_on,1.0
1774391945,backend-api-669d9964b8-qblwm,gnn-cluster-worker3,scheduled_on,1.0
1774391945,cpu-stressor-74d6ffcfc4-gghxs,gnn-cluster-worker,scheduled_on,1.0
1774391945,frontend-7868f8655b-25dwq,gnn-cluster-worker,scheduled_on,1.0
1774391945,frontend-7868f8655b-vqjvm,gnn-cluster-worker3,scheduled_on,1.0
1774391945,redis-cache-67d574b944-ll9pf,gnn-cluster-worker2,scheduled_on,1.0
1774391945,workload-generator-667dc97f4f-67vch,gnn-cluster-worker3,scheduled_on,1.0
1774391975,backend-api-669d9964b8-b8qkw,gnn-cluster-worker2,scheduled_on,1.0
1774391975,backend-api-669d9964b8-qblwm,gnn-cluster-worker3,scheduled_on,1.0
1774391975,cpu-stressor-74d6ffcfc4-gghxs,gnn-cluster-worker,scheduled_on,1.0
1774391975,frontend-7868f8655b-25dwq,gnn-cluster-worker,scheduled_on,1.0
1774391975,frontend-7868f8655b-vqjvm,gnn-cluster-worker3,scheduled_on,1.0
1774391975,redis-cache-67d574b944-ll9pf,gnn-cluster-worker2,scheduled_on,1.0
1774391975,workload-generator-667dc97f4f-67vch,gnn-cluster-worker3,scheduled_on,1.0
1774392005,backend-api-669d9964b8-b8qkw,gnn-cluster-worker2,scheduled_on,1.0
1774392005,backend-api-669d9964b8-qblwm,gnn-cluster-worker3,scheduled_on,1.0
1774392005,cpu-stressor-74d6ffcfc4-gghxs,gnn-cluster-worker,scheduled_on,1.0
1774392005,frontend-7868f8655b-25dwq,gnn-cluster-worker,scheduled_on,1.0
1774392005,frontend-7868f8655b-vqjvm,gnn-cluster-worker3,scheduled_on,1.0
1774392005,redis-cache-67d574b944-ll9pf,gnn-cluster-worker2,scheduled_on,1.0
1774392005,workload-generator-667dc97f4f-67vch,gnn-cluster-worker3,scheduled_on,1.0
1774392035,backend-api-669d9964b8-b8qkw,gnn-cluster-worker2,scheduled_on,1.0
1774392035,backend-api-669d9964b8-qblwm,gnn-cluster-worker3,scheduled_on,1.0
1774392035,cpu-stressor-74d6ffcfc4-gghxs,gnn-cluster-worker,scheduled_on,1.0
1774392035,frontend-7868f8655b-25dwq,gnn-cluster-worker,scheduled_on,1.0
1774392035,frontend-7868f8655b-vqjvm,gnn-cluster-worker3,scheduled_on,1.0
1774392035,redis-cache-67d574b944-ll9pf,gnn-cluster-worker2,scheduled_on,1.0
1774392035,workload-generator-667dc97f4f-67vch,gnn-cluster-worker3,scheduled_on,1.0
1774392066,backend-api-669d9964b8-b8qkw,gnn-cluster-worker2,scheduled_on,1.0
1774392066,backend-api-669d9964b8-qblwm,gnn-cluster-worker3,scheduled_on,1.0
1774392066,cpu-stressor-74d6ffcfc4-gghxs,gnn-cluster-worker,scheduled_on,1.0
1774392066,frontend-7868f8655b-25dwq,gnn-cluster-worker,scheduled_on,1.0
1774392066,frontend-7868f8655b-vqjvm,gnn-cluster-worker3,scheduled_on,1.0
1774392066,redis-cache-67d574b944-ll9pf,gnn-cluster-worker2,scheduled_on,1.0
1774392066,workload-generator-667dc97f4f-67vch,gnn-cluster-worker3,scheduled_on,1.0
1774392096,backend-api-669d9964b8-b8qkw,gnn-cluster-worker2,scheduled_on,1.0
1774392096,backend-api-669d9964b8-qblwm,gnn-cluster-worker3,scheduled_on,1.0
1774392096,cpu-stressor-74d6ffcfc4-gghxs,gnn-cluster-worker,scheduled_on,1.0
1774392096,frontend-7868f8655b-25dwq,gnn-cluster-worker,scheduled_on,1.0
1774392096,frontend-7868f8655b-vqjvm,gnn-cluster-worker3,scheduled_on,1.0
1774392096,redis-cache-67d574b944-ll9pf,gnn-cluster-worker2,scheduled_on,1.0
1774392096,workload-generator-667dc97f4f-67vch,gnn-cluster-worker3,scheduled_on,1.0
1774392126,backend-api-669d9964b8-b8qkw,gnn-cluster-worker2,scheduled_on,1.0
1774392126,backend-api-669d9964b8-qblwm,gnn-cluster-worker3,scheduled_on,1.0
1774392126,cpu-stressor-74d6ffcfc4-gghxs,gnn-cluster-worker,scheduled_on,1.0
1774392126,frontend-7868f8655b-25dwq,gnn-cluster-worker,scheduled_on,1.0
1774392126,frontend-7868f8655b-vqjvm,gnn-cluster-worker3,scheduled_on,1.0
1774392126,redis-cache-67d574b944-ll9pf,gnn-cluster-worker2,scheduled_on,1.0
1774392126,workload-generator-667dc97f4f-67vch,gnn-cluster-worker3,scheduled_on,1.0
1774392156,backend-api-669d9964b8-b8qkw,gnn-cluster-worker2,scheduled_on,1.0
1774392156,backend-api-669d9964b8-qblwm,gnn-cluster-worker3,scheduled_on,1.0
1774392156,cpu-stressor-74d6ffcfc4-gghxs,gnn-cluster-worker,scheduled_on,1.0
1774392156,frontend-7868f8655b-25dwq,gnn-cluster-worker,scheduled_on,1.0
1774392156,frontend-7868f8655b-vqjvm,gnn-cluster-worker3,scheduled_on,1.0
1774392156,redis-cache-67d574b944-ll9pf,gnn-cluster-worker2,scheduled_on,1.0
1774392156,workload-generator-667dc97f4f-67vch,gnn-cluster-worker3,scheduled_on,1.0
1774392186,backend-api-669d9964b8-b8qkw,gnn-cluster-worker2,scheduled_on,1.0
1774392186,backend-api-669d9964b8-qblwm,gnn-cluster-worker3,scheduled_on,1.0
1774392186,cpu-stressor-74d6ffcfc4-gghxs,gnn-cluster-worker,scheduled_on,1.0
1774392186,frontend-7868f8655b-25dwq,gnn-cluster-worker,scheduled_on,1.0
1774392186,frontend-7868f8655b-vqjvm,gnn-cluster-worker3,scheduled_on,1.0
1774392186,redis-cache-67d574b944-ll9pf,gnn-cluster-worker2,scheduled_on,1.0
1774392186,workload-generator-667dc97f4f-67vch,gnn-cluster-worker3,scheduled_on,1.0
1774392216,backend-api-669d9964b8-b8qkw,gnn-cluster-worker2,scheduled_on,1.0
1774392216,backend-api-669d9964b8-qblwm,gnn-cluster-worker3,scheduled_on,1.0
1774392216,cpu-stressor-74d6ffcfc4-gghxs,gnn-cluster-worker,scheduled_on,1.0
1774392216,frontend-7868f8655b-25dwq,gnn-cluster-worker,scheduled_on,1.0
1774392216,frontend-7868f8655b-vqjvm,gnn-cluster-worker3,scheduled_on,1.0
1774392216,redis-cache-67d574b944-ll9pf,gnn-cluster-worker2,scheduled_on,1.0
1774392216,workload-generator-667dc97f4f-67vch,gnn-cluster-worker3,scheduled_on,1.0
1774392246,backend-api-669d9964b8-b8qkw,gnn-cluster-worker2,scheduled_on,1.0
1774392246,backend-api-669d9964b8-qblwm,gnn-cluster-worker3,scheduled_on,1.0
1774392246,cpu-stressor-74d6ffcfc4-gghxs,gnn-cluster-worker,scheduled_on,1.0
1774392246,frontend-7868f8655b-25dwq,gnn-cluster-worker,scheduled_on,1.0
1774392246,frontend-7868f8655b-vqjvm,gnn-cluster-worker3,scheduled_on,1.0
1774392246,redis-cache-67d574b944-ll9pf,gnn-cluster-worker2,scheduled_on,1.0
1774392246,workload-generator-667dc97f4f-67vch,gnn-cluster-worker3,scheduled_on,1.0
1774392276,backend-api-669d9964b8-b8qkw,gnn-cluster-worker2,scheduled_on,1.0
1774392276,backend-api-669d9964b8-qblwm,gnn-cluster-worker3,scheduled_on,1.0
1774392276,cpu-stressor-74d6ffcfc4-gghxs,gnn-cluster-worker,scheduled_on,1.0
1774392276,frontend-7868f8655b-25dwq,gnn-cluster-worker,scheduled_on,1.0
1774392276,frontend-7868f8655b-vqjvm,gnn-cluster-worker3,scheduled_on,1.0
1774392276,redis-cache-67d574b944-ll9pf,gnn-cluster-worker2,scheduled_on,1.0
1774392276,workload-generator-667dc97f4f-67vch,gnn-cluster-worker3,scheduled_on,1.0
1774392306,backend-api-669d9964b8-b8qkw,gnn-cluster-worker2,scheduled_on,1.0
1774392306,backend-api-669d9964b8-qblwm,gnn-cluster-worker3,scheduled_on,1.0
1774392306,cpu-stressor-74d6ffcfc4-gghxs,gnn-cluster-worker,scheduled_on,1.0
1774392306,frontend-7868f8655b-25dwq,gnn-cluster-worker,scheduled_on,1.0
1774392306,frontend-7868f8655b-vqjvm,gnn-cluster-worker3,scheduled_on,1.0
1774392306,redis-cache-67d574b944-ll9pf,gnn-cluster-worker2,scheduled_on,1.0
1774392306,workload-generator-667dc97f4f-67vch,gnn-cluster-worker3,scheduled_on,1.0
1774392336,backend-api-669d9964b8-b8qkw,gnn-cluster-worker2,scheduled_on,1.0
1774392336,backend-api-669d9964b8-qblwm,gnn-cluster-worker3,scheduled_on,1.0
1774392336,cpu-stressor-74d6ffcfc4-gghxs,gnn-cluster-worker,scheduled_on,1.0
1774392336,frontend-7868f8655b-25dwq,gnn-cluster-worker,scheduled_on,1.0
1774392336,frontend-7868f8655b-vqjvm,gnn-cluster-worker3,scheduled_on,1.0
1774392336,redis-cache-67d574b944-ll9pf,gnn-cluster-worker2,scheduled_on,1.0
1774392336,workload-generator-667dc97f4f-67vch,gnn-cluster-worker3,scheduled_on,1.0
1774392366,backend-api-669d9964b8-b8qkw,gnn-cluster-worker2,scheduled_on,1.0
1774392366,backend-api-669d9964b8-qblwm,gnn-cluster-worker3,scheduled_on,1.0
1774392366,cpu-stressor-74d6ffcfc4-gghxs,gnn-cluster-worker,scheduled_on,1.0
1774392366,frontend-7868f8655b-25dwq,gnn-cluster-worker,scheduled_on,1.0
1774392366,frontend-7868f8655b-vqjvm,gnn-cluster-worker3,scheduled_on,1.0
1774392366,redis-cache-67d574b944-ll9pf,gnn-cluster-worker2,scheduled_on,1.0
1774392366,workload-generator-667dc97f4f-67vch,gnn-cluster-worker3,scheduled_on,1.0
1774392396,backend-api-669d9964b8-b8qkw,gnn-cluster-worker2,scheduled_on,1.0
1774392396,backend-api-669d9964b8-qblwm,gnn-cluster-worker3,scheduled_on,1.0
1774392396,cpu-stressor-74d6ffcfc4-gghxs,gnn-cluster-worker,scheduled_on,1.0
1774392396,frontend-7868f8655b-25dwq,gnn-cluster-worker,scheduled_on,1.0
1774392396,frontend-7868f8655b-vqjvm,gnn-cluster-worker3,scheduled_on,1.0
1774392396,redis-cache-67d574b944-ll9pf,gnn-cluster-worker2,scheduled_on,1.0
1774392396,workload-generator-667dc97f4f-67vch,gnn-cluster-worker3,scheduled_on,1.0
1774392426,backend-api-669d9964b8-b8qkw,gnn-cluster-worker2,scheduled_on,1.0
1774392426,backend-api-669d9964b8-qblwm,gnn-cluster-worker3,scheduled_on,1.0
1774392426,cpu-stressor-74d6ffcfc4-gghxs,gnn-cluster-worker,scheduled_on,1.0
1774392426,frontend-7868f8655b-25dwq,gnn-cluster-worker,scheduled_on,1.0
1774392426,frontend-7868f8655b-vqjvm,gnn-cluster-worker3,scheduled_on,1.0
1774392426,redis-cache-67d574b944-ll9pf,gnn-cluster-worker2,scheduled_on,1.0
1774392426,workload-generator-667dc97f4f-67vch,gnn-cluster-worker3,scheduled_on,1.0
1774392456,backend-api-669d9964b8-b8qkw,gnn-cluster-worker2,scheduled_on,1.0
1774392456,backend-api-669d9964b8-qblwm,gnn-cluster-worker3,scheduled_on,1.0
1774392456,cpu-stressor-74d6ffcfc4-gghxs,gnn-cluster-worker,scheduled_on,1.0
1774392456,frontend-7868f8655b-25dwq,gnn-cluster-worker,scheduled_on,1.0
1774392456,frontend-7868f8655b-vqjvm,gnn-cluster-worker3,scheduled_on,1.0
1774392456,redis-cache-67d574b944-ll9pf,gnn-cluster-worker2,scheduled_on,1.0
1774392456,workload-generator-667dc97f4f-67vch,gnn-cluster-worker3,scheduled_on,1.0
1774392486,backend-api-669d9964b8-b8qkw,gnn-cluster-worker2,scheduled_on,1.0
1774392486,backend-api-669d9964b8-qblwm,gnn-cluster-worker3,scheduled_on,1.0
1774392486,cpu-stressor-74d6ffcfc4-gghxs,gnn-cluster-worker,scheduled_on,1.0
1774392486,frontend-7868f8655b-25dwq,gnn-cluster-worker,scheduled_on,1.0
1774392486,frontend-7868f8655b-vqjvm,gnn-cluster-worker3,scheduled_on,1.0
1774392486,redis-cache-67d574b944-ll9pf,gnn-cluster-worker2,scheduled_on,1.0
1774392486,workload-generator-667dc97f4f-67vch,gnn-cluster-worker3,scheduled_on,1.0
1774392517,backend-api-669d9964b8-b8qkw,gnn-cluster-worker2,scheduled_on,1.0
1774392517,backend-api-669d9964b8-qblwm,gnn-cluster-worker3,scheduled_on,1.0
1774392517,cpu-stressor-74d6ffcfc4-gghxs,gnn-cluster-worker,scheduled_on,1.0
1774392517,frontend-7868f8655b-25dwq,gnn-cluster-worker,scheduled_on,1.0
1774392517,frontend-7868f8655b-vqjvm,gnn-cluster-worker3,scheduled_on,1.0
1774392517,redis-cache-67d574b944-ll9pf,gnn-cluster-worker2,scheduled_on,1.0
1774392517,workload-generator-667dc97f4f-67vch,gnn-cluster-worker3,scheduled_on,1.0
1774392547,backend-api-669d9964b8-b8qkw,gnn-cluster-worker2,scheduled_on,1.0
1774392547,backend-api-669d9964b8-qblwm,gnn-cluster-worker3,scheduled_on,1.0
1774392547,cpu-stressor-74d6ffcfc4-gghxs,gnn-cluster-worker,scheduled_on,1.0
1774392547,frontend-7868f8655b-25dwq,gnn-cluster-worker,scheduled_on,1.0
1774392547,frontend-7868f8655b-vqjvm,gnn-cluster-worker3,scheduled_on,1.0
1774392547,redis-cache-67d574b944-ll9pf,gnn-cluster-worker2,scheduled_on,1.0
1774392547,workload-generator-667dc97f4f-67vch,gnn-cluster-worker3,scheduled_on,1.0
1774392577,backend-api-669d9964b8-b8qkw,gnn-cluster-worker2,scheduled_on,1.0
1774392577,backend-api-669d9964b8-qblwm,gnn-cluster-worker3,scheduled_on,1.0
1774392577,cpu-stressor-74d6ffcfc4-gghxs,gnn-cluster-worker,scheduled_on,1.0
1774392577,frontend-7868f8655b-25dwq,gnn-cluster-worker,scheduled_on,1.0
1774392577,frontend-7868f8655b-vqjvm,gnn-cluster-worker3,scheduled_on,1.0
1774392577,redis-cache-67d574b944-ll9pf,gnn-cluster-worker2,scheduled_on,1.0
1774392577,workload-generator-667dc97f4f-67vch,gnn-cluster-worker3,scheduled_on,1.0
1774392607,backend-api-669d9964b8-b8qkw,gnn-cluster-worker2,scheduled_on,1.0
1774392607,backend-api-669d9964b8-qblwm,gnn-cluster-worker3,scheduled_on,1.0
1774392607,cpu-stressor-74d6ffcfc4-gghxs,gnn-cluster-worker,scheduled_on,1.0
1774392607,frontend-7868f8655b-25dwq,gnn-cluster-worker,scheduled_on,1.0
1774392607,frontend-7868f8655b-vqjvm,gnn-cluster-worker3,scheduled_on,1.0
1774392607,redis-cache-67d574b944-ll9pf,gnn-cluster-worker2,scheduled_on,1.0
1774392607,workload-generator-667dc97f4f-67vch,gnn-cluster-worker3,scheduled_on,1.0
1774392637,backend-api-669d9964b8-b8qkw,gnn-cluster-worker2,scheduled_on,1.0
1774392637,backend-api-669d9964b8-qblwm,gnn-cluster-worker3,scheduled_on,1.0
1774392637,cpu-stressor-74d6ffcfc4-gghxs,gnn-cluster-worker,scheduled_on,1.0
1774392637,frontend-7868f8655b-25dwq,gnn-cluster-worker,scheduled_on,1.0
1774392637,frontend-7868f8655b-vqjvm,gnn-cluster-worker3,scheduled_on,1.0
1774392637,redis-cache-67d574b944-ll9pf,gnn-cluster-worker2,scheduled_on,1.0
1774392637,workload-generator-667dc97f4f-67vch,gnn-cluster-worker3,scheduled_on,1.0
1774392667,backend-api-669d9964b8-b8qkw,gnn-cluster-worker2,scheduled_on,1.0
1774392667,backend-api-669d9964b8-qblwm,gnn-cluster-worker3,scheduled_on,1.0
1774392667,cpu-stressor-74d6ffcfc4-gghxs,gnn-cluster-worker,scheduled_on,1.0
1774392667,frontend-7868f8655b-25dwq,gnn-cluster-worker,scheduled_on,1.0
1774392667,frontend-7868f8655b-vqjvm,gnn-cluster-worker3,scheduled_on,1.0
1774392667,redis-cache-67d574b944-ll9pf,gnn-cluster-worker2,scheduled_on,1.0
1774392667,workload-generator-667dc97f4f-67vch,gnn-cluster-worker3,scheduled_on,1.0
1774392697,backend-api-669d9964b8-b8qkw,gnn-cluster-worker2,scheduled_on,1.0
1774392697,backend-api-669d9964b8-qblwm,gnn-cluster-worker3,scheduled_on,1.0
1774392697,cpu-stressor-74d6ffcfc4-gghxs,gnn-cluster-worker,scheduled_on,1.0
1774392697,frontend-7868f8655b-25dwq,gnn-cluster-worker,scheduled_on,1.0
1774392697,frontend-7868f8655b-vqjvm,gnn-cluster-worker3,scheduled_on,1.0
1774392697,redis-cache-67d574b944-ll9pf,gnn-cluster-worker2,scheduled_on,1.0
1774392697,workload-generator-667dc97f4f-67vch,gnn-cluster-worker3,scheduled_on,1.0
1774392727,backend-api-669d9964b8-b8qkw,gnn-cluster-worker2,scheduled_on,1.0
1774392727,backend-api-669d9964b8-qblwm,gnn-cluster-worker3,scheduled_on,1.0
1774392727,cpu-stressor-74d6ffcfc4-gghxs,gnn-cluster-worker,scheduled_on,1.0
1774392727,frontend-7868f8655b-25dwq,gnn-cluster-worker,scheduled_on,1.0
1774392727,frontend-7868f8655b-vqjvm,gnn-cluster-worker3,scheduled_on,1.0
1774392727,redis-cache-67d574b944-ll9pf,gnn-cluster-worker2,scheduled_on,1.0
1774392727,workload-generator-667dc97f4f-67vch,gnn-cluster-worker3,scheduled_on,1.0
1774392757,backend-api-669d9964b8-b8qkw,gnn-cluster-worker2,scheduled_on,1.0
1774392757,backend-api-669d9964b8-qblwm,gnn-cluster-worker3,scheduled_on,1.0
1774392757,cpu-stressor-74d6ffcfc4-gghxs,gnn-cluster-worker,scheduled_on,1.0
1774392757,frontend-7868f8655b-25dwq,gnn-cluster-worker,scheduled_on,1.0
1774392757,frontend-7868f8655b-vqjvm,gnn-cluster-worker3,scheduled_on,1.0
1774392757,redis-cache-67d574b944-ll9pf,gnn-cluster-worker2,scheduled_on,1.0
1774392757,workload-generator-667dc97f4f-67vch,gnn-cluster-worker3,scheduled_on,1.0
1774392787,backend-api-669d9964b8-b8qkw,gnn-cluster-worker2,scheduled_on,1.0
1774392787,backend-api-669d9964b8-qblwm,gnn-cluster-worker3,scheduled_on,1.0
1774392787,cpu-stressor-74d6ffcfc4-gghxs,gnn-cluster-worker,scheduled_on,1.0
1774392787,frontend-7868f8655b-25dwq,gnn-cluster-worker,scheduled_on,1.0
1774392787,frontend-7868f8655b-vqjvm,gnn-cluster-worker3,scheduled_on,1.0
1774392787,redis-cache-67d574b944-ll9pf,gnn-cluster-worker2,scheduled_on,1.0
1774392787,workload-generator-667dc97f4f-67vch,gnn-cluster-worker3,scheduled_on,1.0
1774392817,backend-api-669d9964b8-b8qkw,gnn-cluster-worker2,scheduled_on,1.0
1774392817,backend-api-669d9964b8-qblwm,gnn-cluster-worker3,scheduled_on,1.0
1774392817,cpu-stressor-74d6ffcfc4-gghxs,gnn-cluster-worker,scheduled_on,1.0
1774392817,frontend-7868f8655b-25dwq,gnn-cluster-worker,scheduled_on,1.0
1774392817,frontend-7868f8655b-vqjvm,gnn-cluster-worker3,scheduled_on,1.0
1774392817,redis-cache-67d574b944-ll9pf,gnn-cluster-worker2,scheduled_on,1.0
1774392817,workload-generator-667dc97f4f-67vch,gnn-cluster-worker3,scheduled_on,1.0
1774392847,backend-api-669d9964b8-b8qkw,gnn-cluster-worker2,scheduled_on,1.0
1774392847,backend-api-669d9964b8-qblwm,gnn-cluster-worker3,scheduled_on,1.0
1774392847,cpu-stressor-74d6ffcfc4-gghxs,gnn-cluster-worker,scheduled_on,1.0
1774392847,frontend-7868f8655b-25dwq,gnn-cluster-worker,scheduled_on,1.0
1774392847,frontend-7868f8655b-vqjvm,gnn-cluster-worker3,scheduled_on,1.0
1774392847,redis-cache-67d574b944-ll9pf,gnn-cluster-worker2,scheduled_on,1.0
1774392847,workload-generator-667dc97f4f-67vch,gnn-cluster-worker3,scheduled_on,1.0
1774392877,backend-api-669d9964b8-b8qkw,gnn-cluster-worker2,scheduled_on,1.0
1774392877,backend-api-669d9964b8-qblwm,gnn-cluster-worker3,scheduled_on,1.0
1774392877,cpu-stressor-74d6ffcfc4-gghxs,gnn-cluster-worker,scheduled_on,1.0
1774392877,frontend-7868f8655b-25dwq,gnn-cluster-worker,scheduled_on,1.0
1774392877,frontend-7868f8655b-vqjvm,gnn-cluster-worker3,scheduled_on,1.0
1774392877,redis-cache-67d574b944-ll9pf,gnn-cluster-worker2,scheduled_on,1.0
1774392877,workload-generator-667dc97f4f-67vch,gnn-cluster-worker3,scheduled_on,1.0
1774392907,backend-api-669d9964b8-b8qkw,gnn-cluster-worker2,scheduled_on,1.0
1774392907,backend-api-669d9964b8-qblwm,gnn-cluster-worker3,scheduled_on,1.0
1774392907,cpu-stressor-74d6ffcfc4-gghxs,gnn-cluster-worker,scheduled_on,1.0
1774392907,frontend-7868f8655b-25dwq,gnn-cluster-worker,scheduled_on,1.0
1774392907,frontend-7868f8655b-vqjvm,gnn-cluster-worker3,scheduled_on,1.0
1774392907,redis-cache-67d574b944-ll9pf,gnn-cluster-worker2,scheduled_on,1.0
1774392907,workload-generator-667dc97f4f-67vch,gnn-cluster-worker3,scheduled_on,1.0
1774392937,backend-api-669d9964b8-b8qkw,gnn-cluster-worker2,scheduled_on,1.0
1774392937,backend-api-669d9964b8-qblwm,gnn-cluster-worker3,scheduled_on,1.0
1774392937,cpu-stressor-74d6ffcfc4-gghxs,gnn-cluster-worker,scheduled_on,1.0
1774392937,frontend-7868f8655b-25dwq,gnn-cluster-worker,scheduled_on,1.0
1774392937,frontend-7868f8655b-vqjvm,gnn-cluster-worker3,scheduled_on,1.0
1774392937,redis-cache-67d574b944-ll9pf,gnn-cluster-worker2,scheduled_on,1.0
1774392937,workload-generator-667dc97f4f-67vch,gnn-cluster-worker3,scheduled_on,1.0
1774392967,backend-api-669d9964b8-b8qkw,gnn-cluster-worker2,scheduled_on,1.0
1774392967,backend-api-669d9964b8-qblwm,gnn-cluster-worker3,scheduled_on,1.0
1774392967,cpu-stressor-74d6ffcfc4-gghxs,gnn-cluster-worker,scheduled_on,1.0
1774392967,frontend-7868f8655b-25dwq,gnn-cluster-worker,scheduled_on,1.0
1774392967,frontend-7868f8655b-vqjvm,gnn-cluster-worker3,scheduled_on,1.0
1774392967,redis-cache-67d574b944-ll9pf,gnn-cluster-worker2,scheduled_on,1.0
1774392967,workload-generator-667dc97f4f-67vch,gnn-cluster-worker3,scheduled_on,1.0
1774392997,backend-api-669d9964b8-b8qkw,gnn-cluster-worker2,scheduled_on,1.0
1774392997,backend-api-669d9964b8-qblwm,gnn-cluster-worker3,scheduled_on,1.0
1774392997,cpu-stressor-74d6ffcfc4-gghxs,gnn-cluster-worker,scheduled_on,1.0
1774392997,frontend-7868f8655b-25dwq,gnn-cluster-worker,scheduled_on,1.0
1774392997,frontend-7868f8655b-vqjvm,gnn-cluster-worker3,scheduled_on,1.0
1774392997,redis-cache-67d574b944-ll9pf,gnn-cluster-worker2,scheduled_on,1.0
1774392997,workload-generator-667dc97f4f-67vch,gnn-cluster-worker3,scheduled_on,1.0
1774393027,backend-api-669d9964b8-b8qkw,gnn-cluster-worker2,scheduled_on,1.0
1774393027,backend-api-669d9964b8-qblwm,gnn-cluster-worker3,scheduled_on,1.0
1774393027,cpu-stressor-74d6ffcfc4-gghxs,gnn-cluster-worker,scheduled_on,1.0
1774393027,frontend-7868f8655b-25dwq,gnn-cluster-worker,scheduled_on,1.0
1774393027,frontend-7868f8655b-vqjvm,gnn-cluster-worker3,scheduled_on,1.0
1774393027,redis-cache-67d574b944-ll9pf,gnn-cluster-worker2,scheduled_on,1.0
1774393027,workload-generator-667dc97f4f-67vch,gnn-cluster-worker3,scheduled_on,1.0
1774393057,backend-api-669d9964b8-b8qkw,gnn-cluster-worker2,scheduled_on,1.0
1774393057,backend-api-669d9964b8-qblwm,gnn-cluster-worker3,scheduled_on,1.0
1774393057,cpu-stressor-74d6ffcfc4-gghxs,gnn-cluster-worker,scheduled_on,1.0
1774393057,frontend-7868f8655b-25dwq,gnn-cluster-worker,scheduled_on,1.0
1774393057,frontend-7868f8655b-vqjvm,gnn-cluster-worker3,scheduled_on,1.0
1774393057,redis-cache-67d574b944-ll9pf,gnn-cluster-worker2,scheduled_on,1.0
1774393057,workload-generator-667dc97f4f-67vch,gnn-cluster-worker3,scheduled_on,1.0
1774393088,backend-api-669d9964b8-b8qkw,gnn-cluster-worker2,scheduled_on,1.0
1774393088,backend-api-669d9964b8-qblwm,gnn-cluster-worker3,scheduled_on,1.0
1774393088,cpu-stressor-74d6ffcfc4-gghxs,gnn-cluster-worker,scheduled_on,1.0
1774393088,frontend-7868f8655b-25dwq,gnn-cluster-worker,scheduled_on,1.0
1774393088,frontend-7868f8655b-vqjvm,gnn-cluster-worker3,scheduled_on,1.0
1774393088,redis-cache-67d574b944-ll9pf,gnn-cluster-worker2,scheduled_on,1.0
1774393088,workload-generator-667dc97f4f-67vch,gnn-cluster-worker3,scheduled_on,1.0
1774393118,backend-api-669d9964b8-b8qkw,gnn-cluster-worker2,scheduled_on,1.0
1774393118,backend-api-669d9964b8-qblwm,gnn-cluster-worker3,scheduled_on,1.0
1774393118,cpu-stressor-74d6ffcfc4-gghxs,gnn-cluster-worker,scheduled_on,1.0
1774393118,frontend-7868f8655b-25dwq,gnn-cluster-worker,scheduled_on,1.0
1774393118,frontend-7868f8655b-vqjvm,gnn-cluster-worker3,scheduled_on,1.0
1774393118,redis-cache-67d574b944-ll9pf,gnn-cluster-worker2,scheduled_on,1.0
1774393118,workload-generator-667dc97f4f-67vch,gnn-cluster-worker3,scheduled_on,1.0
1774393148,backend-api-669d9964b8-b8qkw,gnn-cluster-worker2,scheduled_on,1.0
1774393148,backend-api-669d9964b8-qblwm,gnn-cluster-worker3,scheduled_on,1.0
1774393148,cpu-stressor-74d6ffcfc4-gghxs,gnn-cluster-worker,scheduled_on,1.0
1774393148,frontend-7868f8655b-25dwq,gnn-cluster-worker,scheduled_on,1.0
1774393148,frontend-7868f8655b-vqjvm,gnn-cluster-worker3,scheduled_on,1.0
1774393148,redis-cache-67d574b944-ll9pf,gnn-cluster-worker2,scheduled_on,1.0
1774393148,workload-generator-667dc97f4f-67vch,gnn-cluster-worker3,scheduled_on,1.0
1774393178,backend-api-669d9964b8-b8qkw,gnn-cluster-worker2,scheduled_on,1.0
1774393178,backend-api-669d9964b8-qblwm,gnn-cluster-worker3,scheduled_on,1.0
1774393178,cpu-stressor-74d6ffcfc4-gghxs,gnn-cluster-worker,scheduled_on,1.0
1774393178,frontend-7868f8655b-25dwq,gnn-cluster-worker,scheduled_on,1.0
1774393178,frontend-7868f8655b-vqjvm,gnn-cluster-worker3,scheduled_on,1.0
1774393178,redis-cache-67d574b944-ll9pf,gnn-cluster-worker2,scheduled_on,1.0
1774393178,workload-generator-667dc97f4f-67vch,gnn-cluster-worker3,scheduled_on,1.0
1774393208,backend-api-669d9964b8-b8qkw,gnn-cluster-worker2,scheduled_on,1.0
1774393208,backend-api-669d9964b8-qblwm,gnn-cluster-worker3,scheduled_on,1.0
1774393208,cpu-stressor-74d6ffcfc4-gghxs,gnn-cluster-worker,scheduled_on,1.0
1774393208,frontend-7868f8655b-25dwq,gnn-cluster-worker,scheduled_on,1.0
1774393208,frontend-7868f8655b-vqjvm,gnn-cluster-worker3,scheduled_on,1.0
1774393208,redis-cache-67d574b944-ll9pf,gnn-cluster-worker2,scheduled_on,1.0
1774393208,workload-generator-667dc97f4f-67vch,gnn-cluster-worker3,scheduled_on,1.0
1774393238,backend-api-669d9964b8-b8qkw,gnn-cluster-worker2,scheduled_on,1.0
1774393238,backend-api-669d9964b8-qblwm,gnn-cluster-worker3,scheduled_on,1.0
1774393238,cpu-stressor-74d6ffcfc4-gghxs,gnn-cluster-worker,scheduled_on,1.0
1774393238,frontend-7868f8655b-25dwq,gnn-cluster-worker,scheduled_on,1.0
1774393238,frontend-7868f8655b-vqjvm,gnn-cluster-worker3,scheduled_on,1.0
1774393238,redis-cache-67d574b944-ll9pf,gnn-cluster-worker2,scheduled_on,1.0
1774393238,workload-generator-667dc97f4f-67vch,gnn-cluster-worker3,scheduled_on,1.0
1774393268,backend-api-669d9964b8-b8qkw,gnn-cluster-worker2,scheduled_on,1.0
1774393268,backend-api-669d9964b8-qblwm,gnn-cluster-worker3,scheduled_on,1.0
1774393268,cpu-stressor-74d6ffcfc4-gghxs,gnn-cluster-worker,scheduled_on,1.0
1774393268,frontend-7868f8655b-25dwq,gnn-cluster-worker,scheduled_on,1.0
1774393268,frontend-7868f8655b-vqjvm,gnn-cluster-worker3,scheduled_on,1.0
1774393268,redis-cache-67d574b944-ll9pf,gnn-cluster-worker2,scheduled_on,1.0
1774393268,workload-generator-667dc97f4f-67vch,gnn-cluster-worker3,scheduled_on,1.0
1774393298,backend-api-669d9964b8-b8qkw,gnn-cluster-worker2,scheduled_on,1.0
1774393298,backend-api-669d9964b8-qblwm,gnn-cluster-worker3,scheduled_on,1.0
1774393298,cpu-stressor-74d6ffcfc4-gghxs,gnn-cluster-worker,scheduled_on,1.0
1774393298,frontend-7868f8655b-25dwq,gnn-cluster-worker,scheduled_on,1.0
1774393298,frontend-7868f8655b-vqjvm,gnn-cluster-worker3,scheduled_on,1.0
1774393298,redis-cache-67d574b944-ll9pf,gnn-cluster-worker2,scheduled_on,1.0
1774393298,workload-generator-667dc97f4f-67vch,gnn-cluster-worker3,scheduled_on,1.0
1774393328,backend-api-669d9964b8-b8qkw,gnn-cluster-worker2,scheduled_on,1.0
1774393328,backend-api-669d9964b8-qblwm,gnn-cluster-worker3,scheduled_on,1.0
1774393328,cpu-stressor-74d6ffcfc4-gghxs,gnn-cluster-worker,scheduled_on,1.0
1774393328,frontend-7868f8655b-25dwq,gnn-cluster-worker,scheduled_on,1.0
1774393328,frontend-7868f8655b-vqjvm,gnn-cluster-worker3,scheduled_on,1.0
1774393328,redis-cache-67d574b944-ll9pf,gnn-cluster-worker2,scheduled_on,1.0
1774393328,workload-generator-667dc97f4f-67vch,gnn-cluster-worker3,scheduled_on,1.0
1774393358,backend-api-669d9964b8-b8qkw,gnn-cluster-worker2,scheduled_on,1.0
1774393358,backend-api-669d9964b8-qblwm,gnn-cluster-worker3,scheduled_on,1.0
1774393358,cpu-stressor-74d6ffcfc4-gghxs,gnn-cluster-worker,scheduled_on,1.0
1774393358,frontend-7868f8655b-25dwq,gnn-cluster-worker,scheduled_on,1.0
1774393358,frontend-7868f8655b-vqjvm,gnn-cluster-worker3,scheduled_on,1.0
1774393358,redis-cache-67d574b944-ll9pf,gnn-cluster-worker2,scheduled_on,1.0
1774393358,workload-generator-667dc97f4f-67vch,gnn-cluster-worker3,scheduled_on,1.0
1774393388,backend-api-669d9964b8-b8qkw,gnn-cluster-worker2,scheduled_on,1.0
1774393388,backend-api-669d9964b8-qblwm,gnn-cluster-worker3,scheduled_on,1.0
1774393388,cpu-stressor-74d6ffcfc4-gghxs,gnn-cluster-worker,scheduled_on,1.0
1774393388,frontend-7868f8655b-25dwq,gnn-cluster-worker,scheduled_on,1.0
1774393388,frontend-7868f8655b-vqjvm,gnn-cluster-worker3,scheduled_on,1.0
1774393388,redis-cache-67d574b944-ll9pf,gnn-cluster-worker2,scheduled_on,1.0
1774393388,workload-generator-667dc97f4f-67vch,gnn-cluster-worker3,scheduled_on,1.0
1774393418,backend-api-669d9964b8-b8qkw,gnn-cluster-worker2,scheduled_on,1.0
1774393418,backend-api-669d9964b8-qblwm,gnn-cluster-worker3,scheduled_on,1.0
1774393418,cpu-stressor-74d6ffcfc4-gghxs,gnn-cluster-worker,scheduled_on,1.0
1774393418,frontend-7868f8655b-25dwq,gnn-cluster-worker,scheduled_on,1.0
1774393418,frontend-7868f8655b-vqjvm,gnn-cluster-worker3,scheduled_on,1.0
1774393418,redis-cache-67d574b944-ll9pf,gnn-cluster-worker2,scheduled_on,1.0
1774393418,workload-generator-667dc97f4f-67vch,gnn-cluster-worker3,scheduled_on,1.0
1774393448,backend-api-669d9964b8-b8qkw,gnn-cluster-worker2,scheduled_on,1.0
1774393448,backend-api-669d9964b8-qblwm,gnn-cluster-worker3,scheduled_on,1.0
1774393448,cpu-stressor-74d6ffcfc4-gghxs,gnn-cluster-worker,scheduled_on,1.0
1774393448,frontend-7868f8655b-25dwq,gnn-cluster-worker,scheduled_on,1.0
1774393448,frontend-7868f8655b-vqjvm,gnn-cluster-worker3,scheduled_on,1.0
1774393448,redis-cache-67d574b944-ll9pf,gnn-cluster-worker2,scheduled_on,1.0
1774393448,workload-generator-667dc97f4f-67vch,gnn-cluster-worker3,scheduled_on,1.0
1774393478,backend-api-669d9964b8-b8qkw,gnn-cluster-worker2,scheduled_on,1.0
1774393478,backend-api-669d9964b8-qblwm,gnn-cluster-worker3,scheduled_on,1.0
1774393478,cpu-stressor-74d6ffcfc4-gghxs,gnn-cluster-worker,scheduled_on,1.0
1774393478,frontend-7868f8655b-25dwq,gnn-cluster-worker,scheduled_on,1.0
1774393478,frontend-7868f8655b-vqjvm,gnn-cluster-worker3,scheduled_on,1.0
1774393478,redis-cache-67d574b944-ll9pf,gnn-cluster-worker2,scheduled_on,1.0
1774393478,workload-generator-667dc97f4f-67vch,gnn-cluster-worker3,scheduled_on,1.0
1774393508,backend-api-669d9964b8-b8qkw,gnn-cluster-worker2,scheduled_on,1.0
1774393508,backend-api-669d9964b8-qblwm,gnn-cluster-worker3,scheduled_on,1.0
1774393508,cpu-stressor-74d6ffcfc4-gghxs,gnn-cluster-worker,scheduled_on,1.0
1774393508,frontend-7868f8655b-25dwq,gnn-cluster-worker,scheduled_on,1.0
1774393508,frontend-7868f8655b-vqjvm,gnn-cluster-worker3,scheduled_on,1.0
1774393508,redis-cache-67d574b944-ll9pf,gnn-cluster-worker2,scheduled_on,1.0
1774393508,workload-generator-667dc97f4f-67vch,gnn-cluster-worker3,scheduled_on,1.0
1774393538,backend-api-669d9964b8-b8qkw,gnn-cluster-worker2,scheduled_on,1.0
1774393538,backend-api-669d9964b8-qblwm,gnn-cluster-worker3,scheduled_on,1.0
1774393538,cpu-stressor-74d6ffcfc4-gghxs,gnn-cluster-worker,scheduled_on,1.0
1774393538,frontend-7868f8655b-25dwq,gnn-cluster-worker,scheduled_on,1.0
1774393538,frontend-7868f8655b-vqjvm,gnn-cluster-worker3,scheduled_on,1.0
1774393538,redis-cache-67d574b944-ll9pf,gnn-cluster-worker2,scheduled_on,1.0
1774393538,workload-generator-667dc97f4f-67vch,gnn-cluster-worker3,scheduled_on,1.0
1774393569,backend-api-669d9964b8-b8qkw,gnn-cluster-worker2,scheduled_on,1.0
1774393569,backend-api-669d9964b8-qblwm,gnn-cluster-worker3,scheduled_on,1.0
1774393569,cpu-stressor-74d6ffcfc4-gghxs,gnn-cluster-worker,scheduled_on,1.0
1774393569,frontend-7868f8655b-25dwq,gnn-cluster-worker,scheduled_on,1.0
1774393569,frontend-7868f8655b-vqjvm,gnn-cluster-worker3,scheduled_on,1.0
1774393569,redis-cache-67d574b944-ll9pf,gnn-cluster-worker2,scheduled_on,1.0
1774393569,workload-generator-667dc97f4f-67vch,gnn-cluster-worker3,scheduled_on,1.0
1774393599,backend-api-669d9964b8-b8qkw,gnn-cluster-worker2,scheduled_on,1.0
1774393599,backend-api-669d9964b8-qblwm,gnn-cluster-worker3,scheduled_on,1.0
1774393599,cpu-stressor-74d6ffcfc4-gghxs,gnn-cluster-worker,scheduled_on,1.0
1774393599,frontend-7868f8655b-25dwq,gnn-cluster-worker,scheduled_on,1.0
1774393599,frontend-7868f8655b-vqjvm,gnn-cluster-worker3,scheduled_on,1.0
1774393599,redis-cache-67d574b944-ll9pf,gnn-cluster-worker2,scheduled_on,1.0
1774393599,workload-generator-667dc97f4f-67vch,gnn-cluster-worker3,scheduled_on,1.0
1774393629,backend-api-669d9964b8-b8qkw,gnn-cluster-worker2,scheduled_on,1.0
1774393629,backend-api-669d9964b8-qblwm,gnn-cluster-worker3,scheduled_on,1.0
1774393629,cpu-stressor-74d6ffcfc4-gghxs,gnn-cluster-worker,scheduled_on,1.0
1774393629,frontend-7868f8655b-25dwq,gnn-cluster-worker,scheduled_on,1.0
1774393629,frontend-7868f8655b-vqjvm,gnn-cluster-worker3,scheduled_on,1.0
1774393629,redis-cache-67d574b944-ll9pf,gnn-cluster-worker2,scheduled_on,1.0
1774393629,workload-generator-667dc97f4f-67vch,gnn-cluster-worker3,scheduled_on,1.0
1774393659,backend-api-669d9964b8-b8qkw,gnn-cluster-worker2,scheduled_on,1.0
1774393659,backend-api-669d9964b8-qblwm,gnn-cluster-worker3,scheduled_on,1.0
1774393659,cpu-stressor-74d6ffcfc4-gghxs,gnn-cluster-worker,scheduled_on,1.0
1774393659,frontend-7868f8655b-25dwq,gnn-cluster-worker,scheduled_on,1.0
1774393659,frontend-7868f8655b-vqjvm,gnn-cluster-worker3,scheduled_on,1.0
1774393659,redis-cache-67d574b944-ll9pf,gnn-cluster-worker2,scheduled_on,1.0
1774393659,workload-generator-667dc97f4f-67vch,gnn-cluster-worker3,scheduled_on,1.0
1774393689,backend-api-669d9964b8-b8qkw,gnn-cluster-worker2,scheduled_on,1.0
1774393689,backend-api-669d9964b8-qblwm,gnn-cluster-worker3,scheduled_on,1.0
1774393689,cpu-stressor-74d6ffcfc4-gghxs,gnn-cluster-worker,scheduled_on,1.0
1774393689,frontend-7868f8655b-25dwq,gnn-cluster-worker,scheduled_on,1.0
1774393689,frontend-7868f8655b-vqjvm,gnn-cluster-worker3,scheduled_on,1.0
1774393689,redis-cache-67d574b944-ll9pf,gnn-cluster-worker2,scheduled_on,1.0
1774393689,workload-generator-667dc97f4f-67vch,gnn-cluster-worker3,scheduled_on,1.0
1774393719,backend-api-669d9964b8-b8qkw,gnn-cluster-worker2,scheduled_on,1.0
1774393719,backend-api-669d9964b8-qblwm,gnn-cluster-worker3,scheduled_on,1.0
1774393719,cpu-stressor-74d6ffcfc4-gghxs,gnn-cluster-worker,scheduled_on,1.0
1774393719,frontend-7868f8655b-25dwq,gnn-cluster-worker,scheduled_on,1.0
1774393719,frontend-7868f8655b-vqjvm,gnn-cluster-worker3,scheduled_on,1.0
1774393719,redis-cache-67d574b944-ll9pf,gnn-cluster-worker2,scheduled_on,1.0
1774393719,workload-generator-667dc97f4f-67vch,gnn-cluster-worker3,scheduled_on,1.0
1774393749,backend-api-669d9964b8-b8qkw,gnn-cluster-worker2,scheduled_on,1.0
1774393749,backend-api-669d9964b8-qblwm,gnn-cluster-worker3,scheduled_on,1.0
1774393749,cpu-stressor-74d6ffcfc4-gghxs,gnn-cluster-worker,scheduled_on,1.0
1774393749,frontend-7868f8655b-25dwq,gnn-cluster-worker,scheduled_on,1.0
1774393749,frontend-7868f8655b-vqjvm,gnn-cluster-worker3,scheduled_on,1.0
1774393749,redis-cache-67d574b944-ll9pf,gnn-cluster-worker2,scheduled_on,1.0
1774393749,workload-generator-667dc97f4f-67vch,gnn-cluster-worker3,scheduled_on,1.0
1774393779,backend-api-669d9964b8-b8qkw,gnn-cluster-worker2,scheduled_on,1.0
1774393779,backend-api-669d9964b8-qblwm,gnn-cluster-worker3,scheduled_on,1.0
1774393779,cpu-stressor-74d6ffcfc4-gghxs,gnn-cluster-worker,scheduled_on,1.0
1774393779,frontend-7868f8655b-25dwq,gnn-cluster-worker,scheduled_on,1.0
1774393779,frontend-7868f8655b-vqjvm,gnn-cluster-worker3,scheduled_on,1.0
1774393779,redis-cache-67d574b944-ll9pf,gnn-cluster-worker2,scheduled_on,1.0
1774393779,workload-generator-667dc97f4f-67vch,gnn-cluster-worker3,scheduled_on,1.0
1774393809,backend-api-669d9964b8-b8qkw,gnn-cluster-worker2,scheduled_on,1.0
1774393809,backend-api-669d9964b8-qblwm,gnn-cluster-worker3,scheduled_on,1.0
1774393809,cpu-stressor-74d6ffcfc4-gghxs,gnn-cluster-worker,scheduled_on,1.0
1774393809,frontend-7868f8655b-25dwq,gnn-cluster-worker,scheduled_on,1.0
1774393809,frontend-7868f8655b-vqjvm,gnn-cluster-worker3,scheduled_on,1.0
1774393809,redis-cache-67d574b944-ll9pf,gnn-cluster-worker2,scheduled_on,1.0
1774393809,workload-generator-667dc97f4f-67vch,gnn-cluster-worker3,scheduled_on,1.0
1774393839,backend-api-669d9964b8-b8qkw,gnn-cluster-worker2,scheduled_on,1.0
1774393839,backend-api-669d9964b8-qblwm,gnn-cluster-worker3,scheduled_on,1.0
1774393839,cpu-stressor-74d6ffcfc4-gghxs,gnn-cluster-worker,scheduled_on,1.0
1774393839,frontend-7868f8655b-25dwq,gnn-cluster-worker,scheduled_on,1.0
1774393839,frontend-7868f8655b-vqjvm,gnn-cluster-worker3,scheduled_on,1.0
1774393839,redis-cache-67d574b944-ll9pf,gnn-cluster-worker2,scheduled_on,1.0
1774393839,workload-generator-667dc97f4f-67vch,gnn-cluster-worker3,scheduled_on,1.0
1774393869,backend-api-669d9964b8-b8qkw,gnn-cluster-worker2,scheduled_on,1.0
1774393869,backend-api-669d9964b8-qblwm,gnn-cluster-worker3,scheduled_on,1.0
1774393869,cpu-stressor-74d6ffcfc4-gghxs,gnn-cluster-worker,scheduled_on,1.0
1774393869,frontend-7868f8655b-25dwq,gnn-cluster-worker,scheduled_on,1.0
1774393869,frontend-7868f8655b-vqjvm,gnn-cluster-worker3,scheduled_on,1.0
1774393869,redis-cache-67d574b944-ll9pf,gnn-cluster-worker2,scheduled_on,1.0
1774393869,workload-generator-667dc97f4f-67vch,gnn-cluster-worker3,scheduled_on,1.0
1774393899,backend-api-669d9964b8-b8qkw,gnn-cluster-worker2,scheduled_on,1.0
1774393899,backend-api-669d9964b8-qblwm,gnn-cluster-worker3,scheduled_on,1.0
1774393899,cpu-stressor-74d6ffcfc4-gghxs,gnn-cluster-worker,scheduled_on,1.0
1774393899,frontend-7868f8655b-25dwq,gnn-cluster-worker,scheduled_on,1.0
1774393899,frontend-7868f8655b-vqjvm,gnn-cluster-worker3,scheduled_on,1.0
1774393899,redis-cache-67d574b944-ll9pf,gnn-cluster-worker2,scheduled_on,1.0
1774393899,workload-generator-667dc97f4f-67vch,gnn-cluster-worker3,scheduled_on,1.0
1774393929,backend-api-669d9964b8-b8qkw,gnn-cluster-worker2,scheduled_on,1.0
1774393929,backend-api-669d9964b8-qblwm,gnn-cluster-worker3,scheduled_on,1.0
1774393929,cpu-stressor-74d6ffcfc4-gghxs,gnn-cluster-worker,scheduled_on,1.0
1774393929,frontend-7868f8655b-25dwq,gnn-cluster-worker,scheduled_on,1.0
1774393929,frontend-7868f8655b-vqjvm,gnn-cluster-worker3,scheduled_on,1.0
1774393929,redis-cache-67d574b944-ll9pf,gnn-cluster-worker2,scheduled_on,1.0
1774393929,workload-generator-667dc97f4f-67vch,gnn-cluster-worker3,scheduled_on,1.0
1774393959,backend-api-669d9964b8-b8qkw,gnn-cluster-worker2,scheduled_on,1.0
1774393959,backend-api-669d9964b8-qblwm,gnn-cluster-worker3,scheduled_on,1.0
1774393959,cpu-stressor-74d6ffcfc4-gghxs,gnn-cluster-worker,scheduled_on,1.0
1774393959,frontend-7868f8655b-25dwq,gnn-cluster-worker,scheduled_on,1.0
1774393959,frontend-7868f8655b-vqjvm,gnn-cluster-worker3,scheduled_on,1.0
1774393959,redis-cache-67d574b944-ll9pf,gnn-cluster-worker2,scheduled_on,1.0
1774393959,workload-generator-667dc97f4f-67vch,gnn-cluster-worker3,scheduled_on,1.0
1774393989,backend-api-669d9964b8-b8qkw,gnn-cluster-worker2,scheduled_on,1.0
1774393989,backend-api-669d9964b8-qblwm,gnn-cluster-worker3,scheduled_on,1.0
1774393989,cpu-stressor-74d6ffcfc4-gghxs,gnn-cluster-worker,scheduled_on,1.0
1774393989,frontend-7868f8655b-25dwq,gnn-cluster-worker,scheduled_on,1.0
1774393989,frontend-7868f8655b-vqjvm,gnn-cluster-worker3,scheduled_on,1.0
1774393989,redis-cache-67d574b944-ll9pf,gnn-cluster-worker2,scheduled_on,1.0
1774393989,workload-generator-667dc97f4f-67vch,gnn-cluster-worker3,scheduled_on,1.0
1774394019,backend-api-669d9964b8-b8qkw,gnn-cluster-worker2,scheduled_on,1.0
1774394019,backend-api-669d9964b8-qblwm,gnn-cluster-worker3,scheduled_on,1.0
1774394019,cpu-stressor-74d6ffcfc4-gghxs,gnn-cluster-worker,scheduled_on,1.0
1774394019,frontend-7868f8655b-25dwq,gnn-cluster-worker,scheduled_on,1.0
1774394019,frontend-7868f8655b-vqjvm,gnn-cluster-worker3,scheduled_on,1.0
1774394019,redis-cache-67d574b944-ll9pf,gnn-cluster-worker2,scheduled_on,1.0
1774394019,workload-generator-667dc97f4f-67vch,gnn-cluster-worker3,scheduled_on,1.0
1774394050,backend-api-669d9964b8-b8qkw,gnn-cluster-worker2,scheduled_on,1.0
1774394050,backend-api-669d9964b8-qblwm,gnn-cluster-worker3,scheduled_on,1.0
1774394050,cpu-stressor-74d6ffcfc4-gghxs,gnn-cluster-worker,scheduled_on,1.0
1774394050,frontend-7868f8655b-25dwq,gnn-cluster-worker,scheduled_on,1.0
1774394050,frontend-7868f8655b-vqjvm,gnn-cluster-worker3,scheduled_on,1.0
1774394050,redis-cache-67d574b944-ll9pf,gnn-cluster-worker2,scheduled_on,1.0
1774394050,workload-generator-667dc97f4f-67vch,gnn-cluster-worker3,scheduled_on,1.0
1774394080,backend-api-669d9964b8-b8qkw,gnn-cluster-worker2,scheduled_on,1.0
1774394080,backend-api-669d9964b8-qblwm,gnn-cluster-worker3,scheduled_on,1.0
1774394080,cpu-stressor-74d6ffcfc4-gghxs,gnn-cluster-worker,scheduled_on,1.0
1774394080,frontend-7868f8655b-25dwq,gnn-cluster-worker,scheduled_on,1.0
1774394080,frontend-7868f8655b-vqjvm,gnn-cluster-worker3,scheduled_on,1.0
1774394080,redis-cache-67d574b944-ll9pf,gnn-cluster-worker2,scheduled_on,1.0
1774394080,workload-generator-667dc97f4f-67vch,gnn-cluster-worker3,scheduled_on,1.0
1774394110,backend-api-669d9964b8-b8qkw,gnn-cluster-worker2,scheduled_on,1.0
1774394110,backend-api-669d9964b8-qblwm,gnn-cluster-worker3,scheduled_on,1.0
1774394110,cpu-stressor-74d6ffcfc4-gghxs,gnn-cluster-worker,scheduled_on,1.0
1774394110,frontend-7868f8655b-25dwq,gnn-cluster-worker,scheduled_on,1.0
1774394110,frontend-7868f8655b-vqjvm,gnn-cluster-worker3,scheduled_on,1.0
1774394110,redis-cache-67d574b944-ll9pf,gnn-cluster-worker2,scheduled_on,1.0
1774394110,workload-generator-667dc97f4f-67vch,gnn-cluster-worker3,scheduled_on,1.0
1774394140,backend-api-669d9964b8-b8qkw,gnn-cluster-worker2,scheduled_on,1.0
1774394140,backend-api-669d9964b8-qblwm,gnn-cluster-worker3,scheduled_on,1.0
1774394140,cpu-stressor-74d6ffcfc4-gghxs,gnn-cluster-worker,scheduled_on,1.0
1774394140,frontend-7868f8655b-25dwq,gnn-cluster-worker,scheduled_on,1.0
1774394140,frontend-7868f8655b-vqjvm,gnn-cluster-worker3,scheduled_on,1.0
1774394140,redis-cache-67d574b944-ll9pf,gnn-cluster-worker2,scheduled_on,1.0
1774394140,workload-generator-667dc97f4f-67vch,gnn-cluster-worker3,scheduled_on,1.0
1774394170,backend-api-669d9964b8-b8qkw,gnn-cluster-worker2,scheduled_on,1.0
1774394170,backend-api-669d9964b8-qblwm,gnn-cluster-worker3,scheduled_on,1.0
1774394170,cpu-stressor-74d6ffcfc4-gghxs,gnn-cluster-worker,scheduled_on,1.0
1774394170,frontend-7868f8655b-25dwq,gnn-cluster-worker,scheduled_on,1.0
1774394170,frontend-7868f8655b-vqjvm,gnn-cluster-worker3,scheduled_on,1.0
1774394170,redis-cache-67d574b944-ll9pf,gnn-cluster-worker2,scheduled_on,1.0
1774394170,workload-generator-667dc97f4f-67vch,gnn-cluster-worker3,scheduled_on,1.0
1774394200,backend-api-669d9964b8-b8qkw,gnn-cluster-worker2,scheduled_on,1.0
1774394200,backend-api-669d9964b8-qblwm,gnn-cluster-worker3,scheduled_on,1.0
1774394200,cpu-stressor-74d6ffcfc4-gghxs,gnn-cluster-worker,scheduled_on,1.0
1774394200,frontend-7868f8655b-25dwq,gnn-cluster-worker,scheduled_on,1.0
1774394200,frontend-7868f8655b-vqjvm,gnn-cluster-worker3,scheduled_on,1.0
1774394200,redis-cache-67d574b944-ll9pf,gnn-cluster-worker2,scheduled_on,1.0
1774394200,workload-generator-667dc97f4f-67vch,gnn-cluster-worker3,scheduled_on,1.0
1774394230,backend-api-669d9964b8-b8qkw,gnn-cluster-worker2,scheduled_on,1.0
1774394230,backend-api-669d9964b8-qblwm,gnn-cluster-worker3,scheduled_on,1.0
1774394230,cpu-stressor-74d6ffcfc4-gghxs,gnn-cluster-worker,scheduled_on,1.0
1774394230,frontend-7868f8655b-25dwq,gnn-cluster-worker,scheduled_on,1.0
1774394230,frontend-7868f8655b-vqjvm,gnn-cluster-worker3,scheduled_on,1.0
1774394230,redis-cache-67d574b944-ll9pf,gnn-cluster-worker2,scheduled_on,1.0
1774394230,workload-generator-667dc97f4f-67vch,gnn-cluster-worker3,scheduled_on,1.0
1774394260,backend-api-669d9964b8-b8qkw,gnn-cluster-worker2,scheduled_on,1.0
1774394260,backend-api-669d9964b8-qblwm,gnn-cluster-worker3,scheduled_on,1.0
1774394260,cpu-stressor-74d6ffcfc4-gghxs,gnn-cluster-worker,scheduled_on,1.0
1774394260,frontend-7868f8655b-25dwq,gnn-cluster-worker,scheduled_on,1.0
1774394260,frontend-7868f8655b-vqjvm,gnn-cluster-worker3,scheduled_on,1.0
1774394260,redis-cache-67d574b944-ll9pf,gnn-cluster-worker2,scheduled_on,1.0
1774394260,workload-generator-667dc97f4f-67vch,gnn-cluster-worker3,scheduled_on,1.0
1774394290,backend-api-669d9964b8-b8qkw,gnn-cluster-worker2,scheduled_on,1.0
1774394290,backend-api-669d9964b8-qblwm,gnn-cluster-worker3,scheduled_on,1.0
1774394290,cpu-stressor-74d6ffcfc4-gghxs,gnn-cluster-worker,scheduled_on,1.0
1774394290,frontend-7868f8655b-25dwq,gnn-cluster-worker,scheduled_on,1.0
1774394290,frontend-7868f8655b-vqjvm,gnn-cluster-worker3,scheduled_on,1.0
1774394290,redis-cache-67d574b944-ll9pf,gnn-cluster-worker2,scheduled_on,1.0
1774394290,workload-generator-667dc97f4f-67vch,gnn-cluster-worker3,scheduled_on,1.0
1774394320,backend-api-669d9964b8-b8qkw,gnn-cluster-worker2,scheduled_on,1.0
1774394320,backend-api-669d9964b8-qblwm,gnn-cluster-worker3,scheduled_on,1.0
1774394320,cpu-stressor-74d6ffcfc4-gghxs,gnn-cluster-worker,scheduled_on,1.0
1774394320,frontend-7868f8655b-25dwq,gnn-cluster-worker,scheduled_on,1.0
1774394320,frontend-7868f8655b-vqjvm,gnn-cluster-worker3,scheduled_on,1.0
1774394320,redis-cache-67d574b944-ll9pf,gnn-cluster-worker2,scheduled_on,1.0
1774394320,workload-generator-667dc97f4f-67vch,gnn-cluster-worker3,scheduled_on,1.0
1774394350,backend-api-669d9964b8-b8qkw,gnn-cluster-worker2,scheduled_on,1.0
1774394350,backend-api-669d9964b8-qblwm,gnn-cluster-worker3,scheduled_on,1.0
1774394350,cpu-stressor-74d6ffcfc4-gghxs,gnn-cluster-worker,scheduled_on,1.0
1774394350,frontend-7868f8655b-25dwq,gnn-cluster-worker,scheduled_on,1.0
1774394350,frontend-7868f8655b-vqjvm,gnn-cluster-worker3,scheduled_on,1.0
1774394350,redis-cache-67d574b944-ll9pf,gnn-cluster-worker2,scheduled_on,1.0
1774394350,workload-generator-667dc97f4f-67vch,gnn-cluster-worker3,scheduled_on,1.0
1774394380,backend-api-669d9964b8-b8qkw,gnn-cluster-worker2,scheduled_on,1.0
1774394380,backend-api-669d9964b8-qblwm,gnn-cluster-worker3,scheduled_on,1.0
1774394380,cpu-stressor-74d6ffcfc4-gghxs,gnn-cluster-worker,scheduled_on,1.0
1774394380,frontend-7868f8655b-25dwq,gnn-cluster-worker,scheduled_on,1.0
1774394380,frontend-7868f8655b-vqjvm,gnn-cluster-worker3,scheduled_on,1.0
1774394380,redis-cache-67d574b944-ll9pf,gnn-cluster-worker2,scheduled_on,1.0
1774394380,workload-generator-667dc97f4f-67vch,gnn-cluster-worker3,scheduled_on,1.0
1774394410,backend-api-669d9964b8-b8qkw,gnn-cluster-worker2,scheduled_on,1.0
1774394410,backend-api-669d9964b8-qblwm,gnn-cluster-worker3,scheduled_on,1.0
1774394410,cpu-stressor-74d6ffcfc4-gghxs,gnn-cluster-worker,scheduled_on,1.0
1774394410,frontend-7868f8655b-25dwq,gnn-cluster-worker,scheduled_on,1.0
1774394410,frontend-7868f8655b-vqjvm,gnn-cluster-worker3,scheduled_on,1.0
1774394410,redis-cache-67d574b944-ll9pf,gnn-cluster-worker2,scheduled_on,1.0
1774394410,workload-generator-667dc97f4f-67vch,gnn-cluster-worker3,scheduled_on,1.0
1774394440,backend-api-669d9964b8-b8qkw,gnn-cluster-worker2,scheduled_on,1.0
1774394440,backend-api-669d9964b8-qblwm,gnn-cluster-worker3,scheduled_on,1.0
1774394440,cpu-stressor-74d6ffcfc4-gghxs,gnn-cluster-worker,scheduled_on,1.0
1774394440,frontend-7868f8655b-25dwq,gnn-cluster-worker,scheduled_on,1.0
1774394440,frontend-7868f8655b-vqjvm,gnn-cluster-worker3,scheduled_on,1.0
1774394440,redis-cache-67d574b944-ll9pf,gnn-cluster-worker2,scheduled_on,1.0
1774394440,workload-generator-667dc97f4f-67vch,gnn-cluster-worker3,scheduled_on,1.0
1774394471,backend-api-669d9964b8-b8qkw,gnn-cluster-worker2,scheduled_on,1.0
1774394471,backend-api-669d9964b8-qblwm,gnn-cluster-worker3,scheduled_on,1.0
1774394471,cpu-stressor-74d6ffcfc4-gghxs,gnn-cluster-worker,scheduled_on,1.0
1774394471,frontend-7868f8655b-25dwq,gnn-cluster-worker,scheduled_on,1.0
1774394471,frontend-7868f8655b-vqjvm,gnn-cluster-worker3,scheduled_on,1.0
1774394471,redis-cache-67d574b944-ll9pf,gnn-cluster-worker2,scheduled_on,1.0
1774394471,workload-generator-667dc97f4f-67vch,gnn-cluster-worker3,scheduled_on,1.0
1774394501,backend-api-669d9964b8-b8qkw,gnn-cluster-worker2,scheduled_on,1.0
1774394501,backend-api-669d9964b8-qblwm,gnn-cluster-worker3,scheduled_on,1.0
1774394501,cpu-stressor-74d6ffcfc4-gghxs,gnn-cluster-worker,scheduled_on,1.0
1774394501,frontend-7868f8655b-25dwq,gnn-cluster-worker,scheduled_on,1.0
1774394501,frontend-7868f8655b-vqjvm,gnn-cluster-worker3,scheduled_on,1.0
1774394501,redis-cache-67d574b944-ll9pf,gnn-cluster-worker2,scheduled_on,1.0
1774394501,workload-generator-667dc97f4f-67vch,gnn-cluster-worker3,scheduled_on,1.0
1774394531,backend-api-669d9964b8-b8qkw,gnn-cluster-worker2,scheduled_on,1.0
1774394531,backend-api-669d9964b8-qblwm,gnn-cluster-worker3,scheduled_on,1.0
1774394531,cpu-stressor-74d6ffcfc4-gghxs,gnn-cluster-worker,scheduled_on,1.0
1774394531,frontend-7868f8655b-25dwq,gnn-cluster-worker,scheduled_on,1.0
1774394531,frontend-7868f8655b-vqjvm,gnn-cluster-worker3,scheduled_on,1.0
1774394531,redis-cache-67d574b944-ll9pf,gnn-cluster-worker2,scheduled_on,1.0
1774394531,workload-generator-667dc97f4f-67vch,gnn-cluster-worker3,scheduled_on,1.0
1774394561,backend-api-669d9964b8-b8qkw,gnn-cluster-worker2,scheduled_on,1.0
1774394561,backend-api-669d9964b8-qblwm,gnn-cluster-worker3,scheduled_on,1.0
1774394561,cpu-stressor-74d6ffcfc4-gghxs,gnn-cluster-worker,scheduled_on,1.0
1774394561,frontend-7868f8655b-25dwq,gnn-cluster-worker,scheduled_on,1.0
1774394561,frontend-7868f8655b-vqjvm,gnn-cluster-worker3,scheduled_on,1.0
1774394561,redis-cache-67d574b944-ll9pf,gnn-cluster-worker2,scheduled_on,1.0
1774394561,workload-generator-667dc97f4f-67vch,gnn-cluster-worker3,scheduled_on,1.0
1774394591,backend-api-669d9964b8-b8qkw,gnn-cluster-worker2,scheduled_on,1.0
1774394591,backend-api-669d9964b8-qblwm,gnn-cluster-worker3,scheduled_on,1.0
1774394591,cpu-stressor-74d6ffcfc4-gghxs,gnn-cluster-worker,scheduled_on,1.0
1774394591,frontend-7868f8655b-25dwq,gnn-cluster-worker,scheduled_on,1.0
1774394591,frontend-7868f8655b-vqjvm,gnn-cluster-worker3,scheduled_on,1.0
1774394591,redis-cache-67d574b944-ll9pf,gnn-cluster-worker2,scheduled_on,1.0
1774394591,workload-generator-667dc97f4f-67vch,gnn-cluster-worker3,scheduled_on,1.0
1774394621,backend-api-669d9964b8-b8qkw,gnn-cluster-worker2,scheduled_on,1.0
1774394621,backend-api-669d9964b8-qblwm,gnn-cluster-worker3,scheduled_on,1.0
1774394621,cpu-stressor-74d6ffcfc4-gghxs,gnn-cluster-worker,scheduled_on,1.0
1774394621,frontend-7868f8655b-25dwq,gnn-cluster-worker,scheduled_on,1.0
1774394621,frontend-7868f8655b-vqjvm,gnn-cluster-worker3,scheduled_on,1.0
1774394621,redis-cache-67d574b944-ll9pf,gnn-cluster-worker2,scheduled_on,1.0
1774394621,workload-generator-667dc97f4f-67vch,gnn-cluster-worker3,scheduled_on,1.0
1774394651,backend-api-669d9964b8-b8qkw,gnn-cluster-worker2,scheduled_on,1.0
1774394651,backend-api-669d9964b8-qblwm,gnn-cluster-worker3,scheduled_on,1.0
1774394651,cpu-stressor-74d6ffcfc4-gghxs,gnn-cluster-worker,scheduled_on,1.0
1774394651,frontend-7868f8655b-25dwq,gnn-cluster-worker,scheduled_on,1.0
1774394651,frontend-7868f8655b-vqjvm,gnn-cluster-worker3,scheduled_on,1.0
1774394651,redis-cache-67d574b944-ll9pf,gnn-cluster-worker2,scheduled_on,1.0
1774394651,workload-generator-667dc97f4f-67vch,gnn-cluster-worker3,scheduled_on,1.0
1774394681,backend-api-669d9964b8-b8qkw,gnn-cluster-worker2,scheduled_on,1.0
1774394681,backend-api-669d9964b8-qblwm,gnn-cluster-worker3,scheduled_on,1.0
1774394681,cpu-stressor-74d6ffcfc4-gghxs,gnn-cluster-worker,scheduled_on,1.0
1774394681,frontend-7868f8655b-25dwq,gnn-cluster-worker,scheduled_on,1.0
1774394681,frontend-7868f8655b-vqjvm,gnn-cluster-worker3,scheduled_on,1.0
1774394681,redis-cache-67d574b944-ll9pf,gnn-cluster-worker2,scheduled_on,1.0
1774394681,workload-generator-667dc97f4f-67vch,gnn-cluster-worker3,scheduled_on,1.0
1774394711,backend-api-669d9964b8-b8qkw,gnn-cluster-worker2,scheduled_on,1.0
1774394711,backend-api-669d9964b8-qblwm,gnn-cluster-worker3,scheduled_on,1.0
1774394711,cpu-stressor-74d6ffcfc4-gghxs,gnn-cluster-worker,scheduled_on,1.0
1774394711,frontend-7868f8655b-25dwq,gnn-cluster-worker,scheduled_on,1.0
1774394711,frontend-7868f8655b-vqjvm,gnn-cluster-worker3,scheduled_on,1.0
1774394711,redis-cache-67d574b944-ll9pf,gnn-cluster-worker2,scheduled_on,1.0
1774394711,workload-generator-667dc97f4f-67vch,gnn-cluster-worker3,scheduled_on,1.0
1774394741,backend-api-669d9964b8-b8qkw,gnn-cluster-worker2,scheduled_on,1.0
1774394741,backend-api-669d9964b8-qblwm,gnn-cluster-worker3,scheduled_on,1.0
1774394741,cpu-stressor-74d6ffcfc4-gghxs,gnn-cluster-worker,scheduled_on,1.0
1774394741,frontend-7868f8655b-25dwq,gnn-cluster-worker,scheduled_on,1.0
1774394741,frontend-7868f8655b-vqjvm,gnn-cluster-worker3,scheduled_on,1.0
1774394741,redis-cache-67d574b944-ll9pf,gnn-cluster-worker2,scheduled_on,1.0
1774394741,workload-generator-667dc97f4f-67vch,gnn-cluster-worker3,scheduled_on,1.0
1774394771,backend-api-669d9964b8-b8qkw,gnn-cluster-worker2,scheduled_on,1.0
1774394771,backend-api-669d9964b8-qblwm,gnn-cluster-worker3,scheduled_on,1.0
1774394771,cpu-stressor-74d6ffcfc4-gghxs,gnn-cluster-worker,scheduled_on,1.0
1774394771,frontend-7868f8655b-25dwq,gnn-cluster-worker,scheduled_on,1.0
1774394771,frontend-7868f8655b-vqjvm,gnn-cluster-worker3,scheduled_on,1.0
1774394771,redis-cache-67d574b944-ll9pf,gnn-cluster-worker2,scheduled_on,1.0
1774394771,workload-generator-667dc97f4f-67vch,gnn-cluster-worker3,scheduled_on,1.0
1774394801,backend-api-669d9964b8-b8qkw,gnn-cluster-worker2,scheduled_on,1.0
1774394801,backend-api-669d9964b8-qblwm,gnn-cluster-worker3,scheduled_on,1.0
1774394801,cpu-stressor-74d6ffcfc4-gghxs,gnn-cluster-worker,scheduled_on,1.0
1774394801,frontend-7868f8655b-25dwq,gnn-cluster-worker,scheduled_on,1.0
1774394801,frontend-7868f8655b-vqjvm,gnn-cluster-worker3,scheduled_on,1.0
1774394801,redis-cache-67d574b944-ll9pf,gnn-cluster-worker2,scheduled_on,1.0
1774394801,workload-generator-667dc97f4f-67vch,gnn-cluster-worker3,scheduled_on,1.0
1774394832,backend-api-669d9964b8-b8qkw,gnn-cluster-worker2,scheduled_on,1.0
1774394832,backend-api-669d9964b8-qblwm,gnn-cluster-worker3,scheduled_on,1.0
1774394832,cpu-stressor-74d6ffcfc4-gghxs,gnn-cluster-worker,scheduled_on,1.0
1774394832,frontend-7868f8655b-25dwq,gnn-cluster-worker,scheduled_on,1.0
1774394832,frontend-7868f8655b-vqjvm,gnn-cluster-worker3,scheduled_on,1.0
1774394832,redis-cache-67d574b944-ll9pf,gnn-cluster-worker2,scheduled_on,1.0
1774394832,workload-generator-667dc97f4f-67vch,gnn-cluster-worker3,scheduled_on,1.0
1774394862,backend-api-669d9964b8-b8qkw,gnn-cluster-worker2,scheduled_on,1.0
1774394862,backend-api-669d9964b8-qblwm,gnn-cluster-worker3,scheduled_on,1.0
1774394862,cpu-stressor-74d6ffcfc4-gghxs,gnn-cluster-worker,scheduled_on,1.0
1774394862,frontend-7868f8655b-25dwq,gnn-cluster-worker,scheduled_on,1.0
1774394862,frontend-7868f8655b-vqjvm,gnn-cluster-worker3,scheduled_on,1.0
1774394862,redis-cache-67d574b944-ll9pf,gnn-cluster-worker2,scheduled_on,1.0
1774394862,workload-generator-667dc97f4f-67vch,gnn-cluster-worker3,scheduled_on,1.0
1774394892,backend-api-669d9964b8-b8qkw,gnn-cluster-worker2,scheduled_on,1.0
1774394892,backend-api-669d9964b8-qblwm,gnn-cluster-worker3,scheduled_on,1.0
1774394892,cpu-stressor-74d6ffcfc4-gghxs,gnn-cluster-worker,scheduled_on,1.0
1774394892,frontend-7868f8655b-25dwq,gnn-cluster-worker,scheduled_on,1.0
1774394892,frontend-7868f8655b-vqjvm,gnn-cluster-worker3,scheduled_on,1.0
1774394892,redis-cache-67d574b944-ll9pf,gnn-cluster-worker2,scheduled_on,1.0
1774394892,workload-generator-667dc97f4f-67vch,gnn-cluster-worker3,scheduled_on,1.0
1774394922,backend-api-669d9964b8-b8qkw,gnn-cluster-worker2,scheduled_on,1.0
1774394922,backend-api-669d9964b8-qblwm,gnn-cluster-worker3,scheduled_on,1.0
1774394922,cpu-stressor-74d6ffcfc4-gghxs,gnn-cluster-worker,scheduled_on,1.0
1774394922,frontend-7868f8655b-25dwq,gnn-cluster-worker,scheduled_on,1.0
1774394922,frontend-7868f8655b-vqjvm,gnn-cluster-worker3,scheduled_on,1.0
1774394922,redis-cache-67d574b944-ll9pf,gnn-cluster-worker2,scheduled_on,1.0
1774394922,workload-generator-667dc97f4f-67vch,gnn-cluster-worker3,scheduled_on,1.0
1774394952,backend-api-669d9964b8-b8qkw,gnn-cluster-worker2,scheduled_on,1.0
1774394952,backend-api-669d9964b8-qblwm,gnn-cluster-worker3,scheduled_on,1.0
1774394952,cpu-stressor-74d6ffcfc4-gghxs,gnn-cluster-worker,scheduled_on,1.0
1774394952,frontend-7868f8655b-25dwq,gnn-cluster-worker,scheduled_on,1.0
1774394952,frontend-7868f8655b-vqjvm,gnn-cluster-worker3,scheduled_on,1.0
1774394952,redis-cache-67d574b944-ll9pf,gnn-cluster-worker2,scheduled_on,1.0
1774394952,workload-generator-667dc97f4f-67vch,gnn-cluster-worker3,scheduled_on,1.0
1774394982,backend-api-669d9964b8-b8qkw,gnn-cluster-worker2,scheduled_on,1.0
1774394982,backend-api-669d9964b8-qblwm,gnn-cluster-worker3,scheduled_on,1.0
1774394982,cpu-stressor-74d6ffcfc4-gghxs,gnn-cluster-worker,scheduled_on,1.0
1774394982,frontend-7868f8655b-25dwq,gnn-cluster-worker,scheduled_on,1.0
1774394982,frontend-7868f8655b-vqjvm,gnn-cluster-worker3,scheduled_on,1.0
1774394982,redis-cache-67d574b944-ll9pf,gnn-cluster-worker2,scheduled_on,1.0
1774394982,workload-generator-667dc97f4f-67vch,gnn-cluster-worker3,scheduled_on,1.0
1774395012,backend-api-669d9964b8-b8qkw,gnn-cluster-worker2,scheduled_on,1.0
1774395012,backend-api-669d9964b8-qblwm,gnn-cluster-worker3,scheduled_on,1.0
1774395012,cpu-stressor-74d6ffcfc4-gghxs,gnn-cluster-worker,scheduled_on,1.0
1774395012,frontend-7868f8655b-25dwq,gnn-cluster-worker,scheduled_on,1.0
1774395012,frontend-7868f8655b-vqjvm,gnn-cluster-worker3,scheduled_on,1.0
1774395012,redis-cache-67d574b944-ll9pf,gnn-cluster-worker2,scheduled_on,1.0
1774395012,workload-generator-667dc97f4f-67vch,gnn-cluster-worker3,scheduled_on,1.0
1774395042,backend-api-669d9964b8-b8qkw,gnn-cluster-worker2,scheduled_on,1.0
1774395042,backend-api-669d9964b8-qblwm,gnn-cluster-worker3,scheduled_on,1.0
1774395042,cpu-stressor-74d6ffcfc4-gghxs,gnn-cluster-worker,scheduled_on,1.0
1774395042,frontend-7868f8655b-25dwq,gnn-cluster-worker,scheduled_on,1.0
1774395042,frontend-7868f8655b-vqjvm,gnn-cluster-worker3,scheduled_on,1.0
1774395042,redis-cache-67d574b944-ll9pf,gnn-cluster-worker2,scheduled_on,1.0
1774395042,workload-generator-667dc97f4f-67vch,gnn-cluster-worker3,scheduled_on,1.0
1774395072,backend-api-669d9964b8-b8qkw,gnn-cluster-worker2,scheduled_on,1.0
1774395072,backend-api-669d9964b8-qblwm,gnn-cluster-worker3,scheduled_on,1.0
1774395072,cpu-stressor-74d6ffcfc4-gghxs,gnn-cluster-worker,scheduled_on,1.0
1774395072,frontend-7868f8655b-25dwq,gnn-cluster-worker,scheduled_on,1.0
1774395072,frontend-7868f8655b-vqjvm,gnn-cluster-worker3,scheduled_on,1.0
1774395072,redis-cache-67d574b944-ll9pf,gnn-cluster-worker2,scheduled_on,1.0
1774395072,workload-generator-667dc97f4f-67vch,gnn-cluster-worker3,scheduled_on,1.0
1774395102,backend-api-669d9964b8-b8qkw,gnn-cluster-worker2,scheduled_on,1.0
1774395102,backend-api-669d9964b8-qblwm,gnn-cluster-worker3,scheduled_on,1.0
1774395102,cpu-stressor-74d6ffcfc4-gghxs,gnn-cluster-worker,scheduled_on,1.0
1774395102,frontend-7868f8655b-25dwq,gnn-cluster-worker,scheduled_on,1.0
1774395102,frontend-7868f8655b-vqjvm,gnn-cluster-worker3,scheduled_on,1.0
1774395102,redis-cache-67d574b944-ll9pf,gnn-cluster-worker2,scheduled_on,1.0
1774395102,workload-generator-667dc97f4f-67vch,gnn-cluster-worker3,scheduled_on,1.0
1774395132,backend-api-669d9964b8-b8qkw,gnn-cluster-worker2,scheduled_on,1.0
1774395132,backend-api-669d9964b8-qblwm,gnn-cluster-worker3,scheduled_on,1.0
1774395132,cpu-stressor-74d6ffcfc4-gghxs,gnn-cluster-worker,scheduled_on,1.0
1774395132,frontend-7868f8655b-25dwq,gnn-cluster-worker,scheduled_on,1.0
1774395132,frontend-7868f8655b-vqjvm,gnn-cluster-worker3,scheduled_on,1.0
1774395132,redis-cache-67d574b944-ll9pf,gnn-cluster-worker2,scheduled_on,1.0
1774395132,workload-generator-667dc97f4f-67vch,gnn-cluster-worker3,scheduled_on,1.0
1774395162,backend-api-669d9964b8-b8qkw,gnn-cluster-worker2,scheduled_on,1.0
1774395162,backend-api-669d9964b8-qblwm,gnn-cluster-worker3,scheduled_on,1.0
1774395162,cpu-stressor-74d6ffcfc4-gghxs,gnn-cluster-worker,scheduled_on,1.0
1774395162,frontend-7868f8655b-25dwq,gnn-cluster-worker,scheduled_on,1.0
1774395162,frontend-7868f8655b-vqjvm,gnn-cluster-worker3,scheduled_on,1.0
1774395162,redis-cache-67d574b944-ll9pf,gnn-cluster-worker2,scheduled_on,1.0
1774395162,workload-generator-667dc97f4f-67vch,gnn-cluster-worker3,scheduled_on,1.0
1774395192,backend-api-669d9964b8-b8qkw,gnn-cluster-worker2,scheduled_on,1.0
1774395192,backend-api-669d9964b8-qblwm,gnn-cluster-worker3,scheduled_on,1.0
1774395192,cpu-stressor-74d6ffcfc4-gghxs,gnn-cluster-worker,scheduled_on,1.0
1774395192,frontend-7868f8655b-25dwq,gnn-cluster-worker,scheduled_on,1.0
1774395192,frontend-7868f8655b-vqjvm,gnn-cluster-worker3,scheduled_on,1.0
1774395192,redis-cache-67d574b944-ll9pf,gnn-cluster-worker2,scheduled_on,1.0
1774395192,workload-generator-667dc97f4f-67vch,gnn-cluster-worker3,scheduled_on,1.0
1774395223,backend-api-669d9964b8-b8qkw,gnn-cluster-worker2,scheduled_on,1.0
1774395223,backend-api-669d9964b8-qblwm,gnn-cluster-worker3,scheduled_on,1.0
1774395223,cpu-stressor-74d6ffcfc4-gghxs,gnn-cluster-worker,scheduled_on,1.0
1774395223,frontend-7868f8655b-25dwq,gnn-cluster-worker,scheduled_on,1.0
1774395223,frontend-7868f8655b-vqjvm,gnn-cluster-worker3,scheduled_on,1.0
1774395223,redis-cache-67d574b944-ll9pf,gnn-cluster-worker2,scheduled_on,1.0
1774395223,workload-generator-667dc97f4f-67vch,gnn-cluster-worker3,scheduled_on,1.0
1774395253,backend-api-669d9964b8-b8qkw,gnn-cluster-worker2,scheduled_on,1.0
1774395253,backend-api-669d9964b8-qblwm,gnn-cluster-worker3,scheduled_on,1.0
1774395253,cpu-stressor-74d6ffcfc4-gghxs,gnn-cluster-worker,scheduled_on,1.0
1774395253,frontend-7868f8655b-25dwq,gnn-cluster-worker,scheduled_on,1.0
1774395253,frontend-7868f8655b-vqjvm,gnn-cluster-worker3,scheduled_on,1.0
1774395253,redis-cache-67d574b944-ll9pf,gnn-cluster-worker2,scheduled_on,1.0
1774395253,workload-generator-667dc97f4f-67vch,gnn-cluster-worker3,scheduled_on,1.0
1774395283,backend-api-669d9964b8-b8qkw,gnn-cluster-worker2,scheduled_on,1.0
1774395283,backend-api-669d9964b8-qblwm,gnn-cluster-worker3,scheduled_on,1.0
1774395283,cpu-stressor-74d6ffcfc4-gghxs,gnn-cluster-worker,scheduled_on,1.0
1774395283,frontend-7868f8655b-25dwq,gnn-cluster-worker,scheduled_on,1.0
1774395283,frontend-7868f8655b-vqjvm,gnn-cluster-worker3,scheduled_on,1.0
1774395283,redis-cache-67d574b944-ll9pf,gnn-cluster-worker2,scheduled_on,1.0
1774395283,workload-generator-667dc97f4f-67vch,gnn-cluster-worker3,scheduled_on,1.0
1774395313,backend-api-669d9964b8-b8qkw,gnn-cluster-worker2,scheduled_on,1.0
1774395313,backend-api-669d9964b8-qblwm,gnn-cluster-worker3,scheduled_on,1.0
1774395313,cpu-stressor-74d6ffcfc4-gghxs,gnn-cluster-worker,scheduled_on,1.0
1774395313,frontend-7868f8655b-25dwq,gnn-cluster-worker,scheduled_on,1.0
1774395313,frontend-7868f8655b-vqjvm,gnn-cluster-worker3,scheduled_on,1.0
1774395313,redis-cache-67d574b944-ll9pf,gnn-cluster-worker2,scheduled_on,1.0
1774395313,workload-generator-667dc97f4f-67vch,gnn-cluster-worker3,scheduled_on,1.0
1774395343,backend-api-669d9964b8-b8qkw,gnn-cluster-worker2,scheduled_on,1.0
1774395343,backend-api-669d9964b8-qblwm,gnn-cluster-worker3,scheduled_on,1.0
1774395343,cpu-stressor-74d6ffcfc4-gghxs,gnn-cluster-worker,scheduled_on,1.0
1774395343,frontend-7868f8655b-25dwq,gnn-cluster-worker,scheduled_on,1.0
1774395343,frontend-7868f8655b-vqjvm,gnn-cluster-worker3,scheduled_on,1.0
1774395343,redis-cache-67d574b944-ll9pf,gnn-cluster-worker2,scheduled_on,1.0
1774395343,workload-generator-667dc97f4f-67vch,gnn-cluster-worker3,scheduled_on,1.0
1774395373,backend-api-669d9964b8-b8qkw,gnn-cluster-worker2,scheduled_on,1.0
1774395373,backend-api-669d9964b8-qblwm,gnn-cluster-worker3,scheduled_on,1.0
1774395373,cpu-stressor-74d6ffcfc4-gghxs,gnn-cluster-worker,scheduled_on,1.0
1774395373,frontend-7868f8655b-25dwq,gnn-cluster-worker,scheduled_on,1.0
1774395373,frontend-7868f8655b-vqjvm,gnn-cluster-worker3,scheduled_on,1.0
1774395373,redis-cache-67d574b944-ll9pf,gnn-cluster-worker2,scheduled_on,1.0
1774395373,workload-generator-667dc97f4f-67vch,gnn-cluster-worker3,scheduled_on,1.0
1774395403,backend-api-669d9964b8-b8qkw,gnn-cluster-worker2,scheduled_on,1.0
1774395403,backend-api-669d9964b8-qblwm,gnn-cluster-worker3,scheduled_on,1.0
1774395403,cpu-stressor-74d6ffcfc4-gghxs,gnn-cluster-worker,scheduled_on,1.0
1774395403,frontend-7868f8655b-25dwq,gnn-cluster-worker,scheduled_on,1.0
1774395403,frontend-7868f8655b-vqjvm,gnn-cluster-worker3,scheduled_on,1.0
1774395403,redis-cache-67d574b944-ll9pf,gnn-cluster-worker2,scheduled_on,1.0
1774395403,workload-generator-667dc97f4f-67vch,gnn-cluster-worker3,scheduled_on,1.0
1774395433,backend-api-669d9964b8-b8qkw,gnn-cluster-worker2,scheduled_on,1.0
1774395433,backend-api-669d9964b8-qblwm,gnn-cluster-worker3,scheduled_on,1.0
1774395433,cpu-stressor-74d6ffcfc4-gghxs,gnn-cluster-worker,scheduled_on,1.0
1774395433,frontend-7868f8655b-25dwq,gnn-cluster-worker,scheduled_on,1.0
1774395433,frontend-7868f8655b-vqjvm,gnn-cluster-worker3,scheduled_on,1.0
1774395433,redis-cache-67d574b944-ll9pf,gnn-cluster-worker2,scheduled_on,1.0
1774395433,workload-generator-667dc97f4f-67vch,gnn-cluster-worker3,scheduled_on,1.0
1774395463,backend-api-669d9964b8-b8qkw,gnn-cluster-worker2,scheduled_on,1.0
1774395463,backend-api-669d9964b8-qblwm,gnn-cluster-worker3,scheduled_on,1.0
1774395463,cpu-stressor-74d6ffcfc4-gghxs,gnn-cluster-worker,scheduled_on,1.0
1774395463,frontend-7868f8655b-25dwq,gnn-cluster-worker,scheduled_on,1.0
1774395463,frontend-7868f8655b-vqjvm,gnn-cluster-worker3,scheduled_on,1.0
1774395463,redis-cache-67d574b944-ll9pf,gnn-cluster-worker2,scheduled_on,1.0
1774395463,workload-generator-667dc97f4f-67vch,gnn-cluster-worker3,scheduled_on,1.0
1774395493,backend-api-669d9964b8-b8qkw,gnn-cluster-worker2,scheduled_on,1.0
1774395493,backend-api-669d9964b8-qblwm,gnn-cluster-worker3,scheduled_on,1.0
1774395493,cpu-stressor-74d6ffcfc4-gghxs,gnn-cluster-worker,scheduled_on,1.0
1774395493,frontend-7868f8655b-25dwq,gnn-cluster-worker,scheduled_on,1.0
1774395493,frontend-7868f8655b-vqjvm,gnn-cluster-worker3,scheduled_on,1.0
1774395493,redis-cache-67d574b944-ll9pf,gnn-cluster-worker2,scheduled_on,1.0
1774395493,workload-generator-667dc97f4f-67vch,gnn-cluster-worker3,scheduled_on,1.0
1774395523,backend-api-669d9964b8-b8qkw,gnn-cluster-worker2,scheduled_on,1.0
1774395523,backend-api-669d9964b8-qblwm,gnn-cluster-worker3,scheduled_on,1.0
1774395523,cpu-stressor-74d6ffcfc4-gghxs,gnn-cluster-worker,scheduled_on,1.0
1774395523,frontend-7868f8655b-25dwq,gnn-cluster-worker,scheduled_on,1.0
1774395523,frontend-7868f8655b-vqjvm,gnn-cluster-worker3,scheduled_on,1.0
1774395523,redis-cache-67d574b944-ll9pf,gnn-cluster-worker2,scheduled_on,1.0
1774395523,workload-generator-667dc97f4f-67vch,gnn-cluster-worker3,scheduled_on,1.0
1774395553,backend-api-669d9964b8-b8qkw,gnn-cluster-worker2,scheduled_on,1.0
1774395553,backend-api-669d9964b8-qblwm,gnn-cluster-worker3,scheduled_on,1.0
1774395553,cpu-stressor-74d6ffcfc4-gghxs,gnn-cluster-worker,scheduled_on,1.0
1774395553,frontend-7868f8655b-25dwq,gnn-cluster-worker,scheduled_on,1.0
1774395553,frontend-7868f8655b-vqjvm,gnn-cluster-worker3,scheduled_on,1.0
1774395553,redis-cache-67d574b944-ll9pf,gnn-cluster-worker2,scheduled_on,1.0
1774395553,workload-generator-667dc97f4f-67vch,gnn-cluster-worker3,scheduled_on,1.0
1774395583,backend-api-669d9964b8-b8qkw,gnn-cluster-worker2,scheduled_on,1.0
1774395583,backend-api-669d9964b8-qblwm,gnn-cluster-worker3,scheduled_on,1.0
1774395583,cpu-stressor-74d6ffcfc4-gghxs,gnn-cluster-worker,scheduled_on,1.0
1774395583,frontend-7868f8655b-25dwq,gnn-cluster-worker,scheduled_on,1.0
1774395583,frontend-7868f8655b-vqjvm,gnn-cluster-worker3,scheduled_on,1.0
1774395583,redis-cache-67d574b944-ll9pf,gnn-cluster-worker2,scheduled_on,1.0
1774395583,workload-generator-667dc97f4f-67vch,gnn-cluster-worker3,scheduled_on,1.0
1774395613,backend-api-669d9964b8-b8qkw,gnn-cluster-worker2,scheduled_on,1.0
1774395613,backend-api-669d9964b8-qblwm,gnn-cluster-worker3,scheduled_on,1.0
1774395613,cpu-stressor-74d6ffcfc4-gghxs,gnn-cluster-worker,scheduled_on,1.0
1774395613,frontend-7868f8655b-25dwq,gnn-cluster-worker,scheduled_on,1.0
1774395613,frontend-7868f8655b-vqjvm,gnn-cluster-worker3,scheduled_on,1.0
1774395613,redis-cache-67d574b944-ll9pf,gnn-cluster-worker2,scheduled_on,1.0
1774395613,workload-generator-667dc97f4f-67vch,gnn-cluster-worker3,scheduled_on,1.0
1774395644,backend-api-669d9964b8-b8qkw,gnn-cluster-worker2,scheduled_on,1.0
1774395644,backend-api-669d9964b8-qblwm,gnn-cluster-worker3,scheduled_on,1.0
1774395644,cpu-stressor-74d6ffcfc4-gghxs,gnn-cluster-worker,scheduled_on,1.0
1774395644,frontend-7868f8655b-25dwq,gnn-cluster-worker,scheduled_on,1.0
1774395644,frontend-7868f8655b-vqjvm,gnn-cluster-worker3,scheduled_on,1.0
1774395644,redis-cache-67d574b944-ll9pf,gnn-cluster-worker2,scheduled_on,1.0
1774395644,workload-generator-667dc97f4f-67vch,gnn-cluster-worker3,scheduled_on,1.0
1774395674,backend-api-669d9964b8-b8qkw,gnn-cluster-worker2,scheduled_on,1.0
1774395674,backend-api-669d9964b8-qblwm,gnn-cluster-worker3,scheduled_on,1.0
1774395674,cpu-stressor-74d6ffcfc4-gghxs,gnn-cluster-worker,scheduled_on,1.0
1774395674,frontend-7868f8655b-25dwq,gnn-cluster-worker,scheduled_on,1.0
1774395674,frontend-7868f8655b-vqjvm,gnn-cluster-worker3,scheduled_on,1.0
1774395674,redis-cache-67d574b944-ll9pf,gnn-cluster-worker2,scheduled_on,1.0
1774395674,workload-generator-667dc97f4f-67vch,gnn-cluster-worker3,scheduled_on,1.0
1774395704,backend-api-669d9964b8-b8qkw,gnn-cluster-worker2,scheduled_on,1.0
1774395704,backend-api-669d9964b8-qblwm,gnn-cluster-worker3,scheduled_on,1.0
1774395704,cpu-stressor-74d6ffcfc4-gghxs,gnn-cluster-worker,scheduled_on,1.0
1774395704,frontend-7868f8655b-25dwq,gnn-cluster-worker,scheduled_on,1.0
1774395704,frontend-7868f8655b-vqjvm,gnn-cluster-worker3,scheduled_on,1.0
1774395704,redis-cache-67d574b944-ll9pf,gnn-cluster-worker2,scheduled_on,1.0
1774395704,workload-generator-667dc97f4f-67vch,gnn-cluster-worker3,scheduled_on,1.0
1774395734,backend-api-669d9964b8-b8qkw,gnn-cluster-worker2,scheduled_on,1.0
1774395734,backend-api-669d9964b8-qblwm,gnn-cluster-worker3,scheduled_on,1.0
1774395734,cpu-stressor-74d6ffcfc4-gghxs,gnn-cluster-worker,scheduled_on,1.0
1774395734,frontend-7868f8655b-25dwq,gnn-cluster-worker,scheduled_on,1.0
1774395734,frontend-7868f8655b-vqjvm,gnn-cluster-worker3,scheduled_on,1.0
1774395734,redis-cache-67d574b944-ll9pf,gnn-cluster-worker2,scheduled_on,1.0
1774395734,workload-generator-667dc97f4f-67vch,gnn-cluster-worker3,scheduled_on,1.0
1774395764,backend-api-669d9964b8-b8qkw,gnn-cluster-worker2,scheduled_on,1.0
1774395764,backend-api-669d9964b8-qblwm,gnn-cluster-worker3,scheduled_on,1.0
1774395764,cpu-stressor-74d6ffcfc4-gghxs,gnn-cluster-worker,scheduled_on,1.0
1774395764,frontend-7868f8655b-25dwq,gnn-cluster-worker,scheduled_on,1.0
1774395764,frontend-7868f8655b-vqjvm,gnn-cluster-worker3,scheduled_on,1.0
1774395764,redis-cache-67d574b944-ll9pf,gnn-cluster-worker2,scheduled_on,1.0
1774395764,workload-generator-667dc97f4f-67vch,gnn-cluster-worker3,scheduled_on,1.0
1774395794,backend-api-669d9964b8-b8qkw,gnn-cluster-worker2,scheduled_on,1.0
1774395794,backend-api-669d9964b8-qblwm,gnn-cluster-worker3,scheduled_on,1.0
1774395794,cpu-stressor-74d6ffcfc4-gghxs,gnn-cluster-worker,scheduled_on,1.0
1774395794,frontend-7868f8655b-25dwq,gnn-cluster-worker,scheduled_on,1.0
1774395794,frontend-7868f8655b-vqjvm,gnn-cluster-worker3,scheduled_on,1.0
1774395794,redis-cache-67d574b944-ll9pf,gnn-cluster-worker2,scheduled_on,1.0
1774395794,workload-generator-667dc97f4f-67vch,gnn-cluster-worker3,scheduled_on,1.0
1774395824,backend-api-669d9964b8-b8qkw,gnn-cluster-worker2,scheduled_on,1.0
1774395824,backend-api-669d9964b8-qblwm,gnn-cluster-worker3,scheduled_on,1.0
1774395824,cpu-stressor-74d6ffcfc4-gghxs,gnn-cluster-worker,scheduled_on,1.0
1774395824,frontend-7868f8655b-25dwq,gnn-cluster-worker,scheduled_on,1.0
1774395824,frontend-7868f8655b-vqjvm,gnn-cluster-worker3,scheduled_on,1.0
1774395824,redis-cache-67d574b944-ll9pf,gnn-cluster-worker2,scheduled_on,1.0
1774395824,workload-generator-667dc97f4f-67vch,gnn-cluster-worker3,scheduled_on,1.0
1774395854,backend-api-669d9964b8-b8qkw,gnn-cluster-worker2,scheduled_on,1.0
1774395854,backend-api-669d9964b8-qblwm,gnn-cluster-worker3,scheduled_on,1.0
1774395854,cpu-stressor-74d6ffcfc4-gghxs,gnn-cluster-worker,scheduled_on,1.0
1774395854,frontend-7868f8655b-25dwq,gnn-cluster-worker,scheduled_on,1.0
1774395854,frontend-7868f8655b-vqjvm,gnn-cluster-worker3,scheduled_on,1.0
1774395854,redis-cache-67d574b944-ll9pf,gnn-cluster-worker2,scheduled_on,1.0
1774395854,workload-generator-667dc97f4f-67vch,gnn-cluster-worker3,scheduled_on,1.0
1774395884,backend-api-669d9964b8-b8qkw,gnn-cluster-worker2,scheduled_on,1.0
1774395884,backend-api-669d9964b8-qblwm,gnn-cluster-worker3,scheduled_on,1.0
1774395884,cpu-stressor-74d6ffcfc4-gghxs,gnn-cluster-worker,scheduled_on,1.0
1774395884,frontend-7868f8655b-25dwq,gnn-cluster-worker,scheduled_on,1.0
1774395884,frontend-7868f8655b-vqjvm,gnn-cluster-worker3,scheduled_on,1.0
1774395884,redis-cache-67d574b944-ll9pf,gnn-cluster-worker2,scheduled_on,1.0
1774395884,workload-generator-667dc97f4f-67vch,gnn-cluster-worker3,scheduled_on,1.0
1774395914,backend-api-669d9964b8-b8qkw,gnn-cluster-worker2,scheduled_on,1.0
1774395914,backend-api-669d9964b8-qblwm,gnn-cluster-worker3,scheduled_on,1.0
1774395914,cpu-stressor-74d6ffcfc4-gghxs,gnn-cluster-worker,scheduled_on,1.0
1774395914,frontend-7868f8655b-25dwq,gnn-cluster-worker,scheduled_on,1.0
1774395914,frontend-7868f8655b-vqjvm,gnn-cluster-worker3,scheduled_on,1.0
1774395914,redis-cache-67d574b944-ll9pf,gnn-cluster-worker2,scheduled_on,1.0
1774395914,workload-generator-667dc97f4f-67vch,gnn-cluster-worker3,scheduled_on,1.0
1774395944,backend-api-669d9964b8-b8qkw,gnn-cluster-worker2,scheduled_on,1.0
1774395944,backend-api-669d9964b8-qblwm,gnn-cluster-worker3,scheduled_on,1.0
1774395944,cpu-stressor-74d6ffcfc4-gghxs,gnn-cluster-worker,scheduled_on,1.0
1774395944,frontend-7868f8655b-25dwq,gnn-cluster-worker,scheduled_on,1.0
1774395944,frontend-7868f8655b-vqjvm,gnn-cluster-worker3,scheduled_on,1.0
1774395944,redis-cache-67d574b944-ll9pf,gnn-cluster-worker2,scheduled_on,1.0
1774395944,workload-generator-667dc97f4f-67vch,gnn-cluster-worker3,scheduled_on,1.0
1774395974,backend-api-669d9964b8-b8qkw,gnn-cluster-worker2,scheduled_on,1.0
1774395974,backend-api-669d9964b8-qblwm,gnn-cluster-worker3,scheduled_on,1.0
1774395974,cpu-stressor-74d6ffcfc4-gghxs,gnn-cluster-worker,scheduled_on,1.0
1774395974,frontend-7868f8655b-25dwq,gnn-cluster-worker,scheduled_on,1.0
1774395974,frontend-7868f8655b-vqjvm,gnn-cluster-worker3,scheduled_on,1.0
1774395974,redis-cache-67d574b944-ll9pf,gnn-cluster-worker2,scheduled_on,1.0
1774395974,workload-generator-667dc97f4f-67vch,gnn-cluster-worker3,scheduled_on,1.0
1774396004,backend-api-669d9964b8-b8qkw,gnn-cluster-worker2,scheduled_on,1.0
1774396004,backend-api-669d9964b8-qblwm,gnn-cluster-worker3,scheduled_on,1.0
1774396004,cpu-stressor-74d6ffcfc4-gghxs,gnn-cluster-worker,scheduled_on,1.0
1774396004,frontend-7868f8655b-25dwq,gnn-cluster-worker,scheduled_on,1.0
1774396004,frontend-7868f8655b-vqjvm,gnn-cluster-worker3,scheduled_on,1.0
1774396004,redis-cache-67d574b944-ll9pf,gnn-cluster-worker2,scheduled_on,1.0
1774396004,workload-generator-667dc97f4f-67vch,gnn-cluster-worker3,scheduled_on,1.0
1774396034,backend-api-669d9964b8-b8qkw,gnn-cluster-worker2,scheduled_on,1.0
1774396034,backend-api-669d9964b8-qblwm,gnn-cluster-worker3,scheduled_on,1.0
1774396034,cpu-stressor-74d6ffcfc4-gghxs,gnn-cluster-worker,scheduled_on,1.0
1774396034,frontend-7868f8655b-25dwq,gnn-cluster-worker,scheduled_on,1.0
1774396034,frontend-7868f8655b-vqjvm,gnn-cluster-worker3,scheduled_on,1.0
1774396034,redis-cache-67d574b944-ll9pf,gnn-cluster-worker2,scheduled_on,1.0
1774396034,workload-generator-667dc97f4f-67vch,gnn-cluster-worker3,scheduled_on,1.0
1774396064,backend-api-669d9964b8-b8qkw,gnn-cluster-worker2,scheduled_on,1.0
1774396064,backend-api-669d9964b8-qblwm,gnn-cluster-worker3,scheduled_on,1.0
1774396064,cpu-stressor-74d6ffcfc4-gghxs,gnn-cluster-worker,scheduled_on,1.0
1774396064,frontend-7868f8655b-25dwq,gnn-cluster-worker,scheduled_on,1.0
1774396064,frontend-7868f8655b-vqjvm,gnn-cluster-worker3,scheduled_on,1.0
1774396064,redis-cache-67d574b944-ll9pf,gnn-cluster-worker2,scheduled_on,1.0
1774396064,workload-generator-667dc97f4f-67vch,gnn-cluster-worker3,scheduled_on,1.0
1774396094,backend-api-669d9964b8-b8qkw,gnn-cluster-worker2,scheduled_on,1.0
1774396094,backend-api-669d9964b8-qblwm,gnn-cluster-worker3,scheduled_on,1.0
1774396094,cpu-stressor-74d6ffcfc4-gghxs,gnn-cluster-worker,scheduled_on,1.0
1774396094,frontend-7868f8655b-25dwq,gnn-cluster-worker,scheduled_on,1.0
1774396094,frontend-7868f8655b-vqjvm,gnn-cluster-worker3,scheduled_on,1.0
1774396094,redis-cache-67d574b944-ll9pf,gnn-cluster-worker2,scheduled_on,1.0
1774396094,workload-generator-667dc97f4f-67vch,gnn-cluster-worker3,scheduled_on,1.0
1774396125,backend-api-669d9964b8-b8qkw,gnn-cluster-worker2,scheduled_on,1.0
1774396125,backend-api-669d9964b8-qblwm,gnn-cluster-worker3,scheduled_on,1.0
1774396125,cpu-stressor-74d6ffcfc4-gghxs,gnn-cluster-worker,scheduled_on,1.0
1774396125,frontend-7868f8655b-25dwq,gnn-cluster-worker,scheduled_on,1.0
1774396125,frontend-7868f8655b-vqjvm,gnn-cluster-worker3,scheduled_on,1.0
1774396125,redis-cache-67d574b944-ll9pf,gnn-cluster-worker2,scheduled_on,1.0
1774396125,workload-generator-667dc97f4f-67vch,gnn-cluster-worker3,scheduled_on,1.0
1774396155,backend-api-669d9964b8-b8qkw,gnn-cluster-worker2,scheduled_on,1.0
1774396155,backend-api-669d9964b8-qblwm,gnn-cluster-worker3,scheduled_on,1.0
1774396155,cpu-stressor-74d6ffcfc4-gghxs,gnn-cluster-worker,scheduled_on,1.0
1774396155,frontend-7868f8655b-25dwq,gnn-cluster-worker,scheduled_on,1.0
1774396155,frontend-7868f8655b-vqjvm,gnn-cluster-worker3,scheduled_on,1.0
1774396155,redis-cache-67d574b944-ll9pf,gnn-cluster-worker2,scheduled_on,1.0
1774396155,workload-generator-667dc97f4f-67vch,gnn-cluster-worker3,scheduled_on,1.0
1774396185,backend-api-669d9964b8-b8qkw,gnn-cluster-worker2,scheduled_on,1.0
1774396185,backend-api-669d9964b8-qblwm,gnn-cluster-worker3,scheduled_on,1.0
1774396185,cpu-stressor-74d6ffcfc4-gghxs,gnn-cluster-worker,scheduled_on,1.0
1774396185,frontend-7868f8655b-25dwq,gnn-cluster-worker,scheduled_on,1.0
1774396185,frontend-7868f8655b-vqjvm,gnn-cluster-worker3,scheduled_on,1.0
1774396185,redis-cache-67d574b944-ll9pf,gnn-cluster-worker2,scheduled_on,1.0
1774396185,workload-generator-667dc97f4f-67vch,gnn-cluster-worker3,scheduled_on,1.0
1774396215,backend-api-669d9964b8-b8qkw,gnn-cluster-worker2,scheduled_on,1.0
1774396215,backend-api-669d9964b8-qblwm,gnn-cluster-worker3,scheduled_on,1.0
1774396215,cpu-stressor-74d6ffcfc4-gghxs,gnn-cluster-worker,scheduled_on,1.0
1774396215,frontend-7868f8655b-25dwq,gnn-cluster-worker,scheduled_on,1.0
1774396215,frontend-7868f8655b-vqjvm,gnn-cluster-worker3,scheduled_on,1.0
1774396215,redis-cache-67d574b944-ll9pf,gnn-cluster-worker2,scheduled_on,1.0
1774396215,workload-generator-667dc97f4f-67vch,gnn-cluster-worker3,scheduled_on,1.0
1774396245,backend-api-669d9964b8-b8qkw,gnn-cluster-worker2,scheduled_on,1.0
1774396245,backend-api-669d9964b8-qblwm,gnn-cluster-worker3,scheduled_on,1.0
1774396245,cpu-stressor-74d6ffcfc4-gghxs,gnn-cluster-worker,scheduled_on,1.0
1774396245,frontend-7868f8655b-25dwq,gnn-cluster-worker,scheduled_on,1.0
1774396245,frontend-7868f8655b-vqjvm,gnn-cluster-worker3,scheduled_on,1.0
1774396245,redis-cache-67d574b944-ll9pf,gnn-cluster-worker2,scheduled_on,1.0
1774396245,workload-generator-667dc97f4f-67vch,gnn-cluster-worker3,scheduled_on,1.0
1774396275,backend-api-669d9964b8-b8qkw,gnn-cluster-worker2,scheduled_on,1.0
1774396275,backend-api-669d9964b8-qblwm,gnn-cluster-worker3,scheduled_on,1.0
1774396275,cpu-stressor-74d6ffcfc4-gghxs,gnn-cluster-worker,scheduled_on,1.0
1774396275,frontend-7868f8655b-25dwq,gnn-cluster-worker,scheduled_on,1.0
1774396275,frontend-7868f8655b-vqjvm,gnn-cluster-worker3,scheduled_on,1.0
1774396275,redis-cache-67d574b944-ll9pf,gnn-cluster-worker2,scheduled_on,1.0
1774396275,workload-generator-667dc97f4f-67vch,gnn-cluster-worker3,scheduled_on,1.0
1774396305,backend-api-669d9964b8-b8qkw,gnn-cluster-worker2,scheduled_on,1.0
1774396305,backend-api-669d9964b8-qblwm,gnn-cluster-worker3,scheduled_on,1.0
1774396305,cpu-stressor-74d6ffcfc4-gghxs,gnn-cluster-worker,scheduled_on,1.0
1774396305,frontend-7868f8655b-25dwq,gnn-cluster-worker,scheduled_on,1.0
1774396305,frontend-7868f8655b-vqjvm,gnn-cluster-worker3,scheduled_on,1.0
1774396305,redis-cache-67d574b944-ll9pf,gnn-cluster-worker2,scheduled_on,1.0
1774396305,workload-generator-667dc97f4f-67vch,gnn-cluster-worker3,scheduled_on,1.0
1774396335,backend-api-669d9964b8-b8qkw,gnn-cluster-worker2,scheduled_on,1.0
1774396335,backend-api-669d9964b8-qblwm,gnn-cluster-worker3,scheduled_on,1.0
1774396335,cpu-stressor-74d6ffcfc4-gghxs,gnn-cluster-worker,scheduled_on,1.0
1774396335,frontend-7868f8655b-25dwq,gnn-cluster-worker,scheduled_on,1.0
1774396335,frontend-7868f8655b-vqjvm,gnn-cluster-worker3,scheduled_on,1.0
1774396335,redis-cache-67d574b944-ll9pf,gnn-cluster-worker2,scheduled_on,1.0
1774396335,workload-generator-667dc97f4f-67vch,gnn-cluster-worker3,scheduled_on,1.0
1774396365,backend-api-669d9964b8-b8qkw,gnn-cluster-worker2,scheduled_on,1.0
1774396365,backend-api-669d9964b8-qblwm,gnn-cluster-worker3,scheduled_on,1.0
1774396365,cpu-stressor-74d6ffcfc4-gghxs,gnn-cluster-worker,scheduled_on,1.0
1774396365,frontend-7868f8655b-25dwq,gnn-cluster-worker,scheduled_on,1.0
1774396365,frontend-7868f8655b-vqjvm,gnn-cluster-worker3,scheduled_on,1.0
1774396365,redis-cache-67d574b944-ll9pf,gnn-cluster-worker2,scheduled_on,1.0
1774396365,workload-generator-667dc97f4f-67vch,gnn-cluster-worker3,scheduled_on,1.0
1774396395,backend-api-669d9964b8-b8qkw,gnn-cluster-worker2,scheduled_on,1.0
1774396395,backend-api-669d9964b8-qblwm,gnn-cluster-worker3,scheduled_on,1.0
1774396395,cpu-stressor-74d6ffcfc4-gghxs,gnn-cluster-worker,scheduled_on,1.0
1774396395,frontend-7868f8655b-25dwq,gnn-cluster-worker,scheduled_on,1.0
1774396395,frontend-7868f8655b-vqjvm,gnn-cluster-worker3,scheduled_on,1.0
1774396395,redis-cache-67d574b944-ll9pf,gnn-cluster-worker2,scheduled_on,1.0
1774396395,workload-generator-667dc97f4f-67vch,gnn-cluster-worker3,scheduled_on,1.0
1774396425,backend-api-669d9964b8-b8qkw,gnn-cluster-worker2,scheduled_on,1.0
1774396425,backend-api-669d9964b8-qblwm,gnn-cluster-worker3,scheduled_on,1.0
1774396425,cpu-stressor-74d6ffcfc4-gghxs,gnn-cluster-worker,scheduled_on,1.0
1774396425,frontend-7868f8655b-25dwq,gnn-cluster-worker,scheduled_on,1.0
1774396425,frontend-7868f8655b-vqjvm,gnn-cluster-worker3,scheduled_on,1.0
1774396425,redis-cache-67d574b944-ll9pf,gnn-cluster-worker2,scheduled_on,1.0
1774396425,workload-generator-667dc97f4f-67vch,gnn-cluster-worker3,scheduled_on,1.0
1774396455,backend-api-669d9964b8-b8qkw,gnn-cluster-worker2,scheduled_on,1.0
1774396455,backend-api-669d9964b8-qblwm,gnn-cluster-worker3,scheduled_on,1.0
1774396455,cpu-stressor-74d6ffcfc4-gghxs,gnn-cluster-worker,scheduled_on,1.0
1774396455,frontend-7868f8655b-25dwq,gnn-cluster-worker,scheduled_on,1.0
1774396455,frontend-7868f8655b-vqjvm,gnn-cluster-worker3,scheduled_on,1.0
1774396455,redis-cache-67d574b944-ll9pf,gnn-cluster-worker2,scheduled_on,1.0
1774396455,workload-generator-667dc97f4f-67vch,gnn-cluster-worker3,scheduled_on,1.0
1774396485,backend-api-669d9964b8-b8qkw,gnn-cluster-worker2,scheduled_on,1.0
1774396485,backend-api-669d9964b8-qblwm,gnn-cluster-worker3,scheduled_on,1.0
1774396485,cpu-stressor-74d6ffcfc4-gghxs,gnn-cluster-worker,scheduled_on,1.0
1774396485,frontend-7868f8655b-25dwq,gnn-cluster-worker,scheduled_on,1.0
1774396485,frontend-7868f8655b-vqjvm,gnn-cluster-worker3,scheduled_on,1.0
1774396485,redis-cache-67d574b944-ll9pf,gnn-cluster-worker2,scheduled_on,1.0
1774396485,workload-generator-667dc97f4f-67vch,gnn-cluster-worker3,scheduled_on,1.0
1774396515,backend-api-669d9964b8-b8qkw,gnn-cluster-worker2,scheduled_on,1.0
1774396515,backend-api-669d9964b8-qblwm,gnn-cluster-worker3,scheduled_on,1.0
1774396515,cpu-stressor-74d6ffcfc4-gghxs,gnn-cluster-worker,scheduled_on,1.0
1774396515,frontend-7868f8655b-25dwq,gnn-cluster-worker,scheduled_on,1.0
1774396515,frontend-7868f8655b-vqjvm,gnn-cluster-worker3,scheduled_on,1.0
1774396515,redis-cache-67d574b944-ll9pf,gnn-cluster-worker2,scheduled_on,1.0
1774396515,workload-generator-667dc97f4f-67vch,gnn-cluster-worker3,scheduled_on,1.0
1774396545,backend-api-669d9964b8-b8qkw,gnn-cluster-worker2,scheduled_on,1.0
1774396545,backend-api-669d9964b8-qblwm,gnn-cluster-worker3,scheduled_on,1.0
1774396545,cpu-stressor-74d6ffcfc4-gghxs,gnn-cluster-worker,scheduled_on,1.0
1774396545,frontend-7868f8655b-25dwq,gnn-cluster-worker,scheduled_on,1.0
1774396545,frontend-7868f8655b-vqjvm,gnn-cluster-worker3,scheduled_on,1.0
1774396545,redis-cache-67d574b944-ll9pf,gnn-cluster-worker2,scheduled_on,1.0
1774396545,workload-generator-667dc97f4f-67vch,gnn-cluster-worker3,scheduled_on,1.0
1774396575,backend-api-669d9964b8-b8qkw,gnn-cluster-worker2,scheduled_on,1.0
1774396575,backend-api-669d9964b8-qblwm,gnn-cluster-worker3,scheduled_on,1.0
1774396575,cpu-stressor-74d6ffcfc4-gghxs,gnn-cluster-worker,scheduled_on,1.0
1774396575,frontend-7868f8655b-25dwq,gnn-cluster-worker,scheduled_on,1.0
1774396575,frontend-7868f8655b-vqjvm,gnn-cluster-worker3,scheduled_on,1.0
1774396575,redis-cache-67d574b944-ll9pf,gnn-cluster-worker2,scheduled_on,1.0
1774396575,workload-generator-667dc97f4f-67vch,gnn-cluster-worker3,scheduled_on,1.0
1774396606,backend-api-669d9964b8-b8qkw,gnn-cluster-worker2,scheduled_on,1.0
1774396606,backend-api-669d9964b8-qblwm,gnn-cluster-worker3,scheduled_on,1.0
1774396606,cpu-stressor-74d6ffcfc4-gghxs,gnn-cluster-worker,scheduled_on,1.0
1774396606,frontend-7868f8655b-25dwq,gnn-cluster-worker,scheduled_on,1.0
1774396606,frontend-7868f8655b-vqjvm,gnn-cluster-worker3,scheduled_on,1.0
1774396606,redis-cache-67d574b944-ll9pf,gnn-cluster-worker2,scheduled_on,1.0
1774396606,workload-generator-667dc97f4f-67vch,gnn-cluster-worker3,scheduled_on,1.0
1774396636,backend-api-669d9964b8-b8qkw,gnn-cluster-worker2,scheduled_on,1.0
1774396636,backend-api-669d9964b8-qblwm,gnn-cluster-worker3,scheduled_on,1.0
1774396636,cpu-stressor-74d6ffcfc4-gghxs,gnn-cluster-worker,scheduled_on,1.0
1774396636,frontend-7868f8655b-25dwq,gnn-cluster-worker,scheduled_on,1.0
1774396636,frontend-7868f8655b-vqjvm,gnn-cluster-worker3,scheduled_on,1.0
1774396636,redis-cache-67d574b944-ll9pf,gnn-cluster-worker2,scheduled_on,1.0
1774396636,workload-generator-667dc97f4f-67vch,gnn-cluster-worker3,scheduled_on,1.0
1774396666,backend-api-669d9964b8-b8qkw,gnn-cluster-worker2,scheduled_on,1.0
1774396666,backend-api-669d9964b8-qblwm,gnn-cluster-worker3,scheduled_on,1.0
1774396666,cpu-stressor-74d6ffcfc4-gghxs,gnn-cluster-worker,scheduled_on,1.0
1774396666,frontend-7868f8655b-25dwq,gnn-cluster-worker,scheduled_on,1.0
1774396666,frontend-7868f8655b-vqjvm,gnn-cluster-worker3,scheduled_on,1.0
1774396666,redis-cache-67d574b944-ll9pf,gnn-cluster-worker2,scheduled_on,1.0
1774396666,workload-generator-667dc97f4f-67vch,gnn-cluster-worker3,scheduled_on,1.0
1774396696,backend-api-669d9964b8-b8qkw,gnn-cluster-worker2,scheduled_on,1.0
1774396696,backend-api-669d9964b8-qblwm,gnn-cluster-worker3,scheduled_on,1.0
1774396696,cpu-stressor-74d6ffcfc4-gghxs,gnn-cluster-worker,scheduled_on,1.0
1774396696,frontend-7868f8655b-25dwq,gnn-cluster-worker,scheduled_on,1.0
1774396696,frontend-7868f8655b-vqjvm,gnn-cluster-worker3,scheduled_on,1.0
1774396696,redis-cache-67d574b944-ll9pf,gnn-cluster-worker2,scheduled_on,1.0
1774396696,workload-generator-667dc97f4f-67vch,gnn-cluster-worker3,scheduled_on,1.0
1774396726,backend-api-669d9964b8-b8qkw,gnn-cluster-worker2,scheduled_on,1.0
1774396726,backend-api-669d9964b8-qblwm,gnn-cluster-worker3,scheduled_on,1.0
1774396726,cpu-stressor-74d6ffcfc4-gghxs,gnn-cluster-worker,scheduled_on,1.0
1774396726,frontend-7868f8655b-25dwq,gnn-cluster-worker,scheduled_on,1.0
1774396726,frontend-7868f8655b-vqjvm,gnn-cluster-worker3,scheduled_on,1.0
1774396726,redis-cache-67d574b944-ll9pf,gnn-cluster-worker2,scheduled_on,1.0
1774396726,workload-generator-667dc97f4f-67vch,gnn-cluster-worker3,scheduled_on,1.0
1774396756,backend-api-669d9964b8-b8qkw,gnn-cluster-worker2,scheduled_on,1.0
1774396756,backend-api-669d9964b8-qblwm,gnn-cluster-worker3,scheduled_on,1.0
1774396756,cpu-stressor-74d6ffcfc4-gghxs,gnn-cluster-worker,scheduled_on,1.0
1774396756,frontend-7868f8655b-25dwq,gnn-cluster-worker,scheduled_on,1.0
1774396756,frontend-7868f8655b-vqjvm,gnn-cluster-worker3,scheduled_on,1.0
1774396756,redis-cache-67d574b944-ll9pf,gnn-cluster-worker2,scheduled_on,1.0
1774396756,workload-generator-667dc97f4f-67vch,gnn-cluster-worker3,scheduled_on,1.0
1774396786,backend-api-669d9964b8-b8qkw,gnn-cluster-worker2,scheduled_on,1.0
1774396786,backend-api-669d9964b8-qblwm,gnn-cluster-worker3,scheduled_on,1.0
1774396786,cpu-stressor-74d6ffcfc4-gghxs,gnn-cluster-worker,scheduled_on,1.0
1774396786,frontend-7868f8655b-25dwq,gnn-cluster-worker,scheduled_on,1.0
1774396786,frontend-7868f8655b-vqjvm,gnn-cluster-worker3,scheduled_on,1.0
1774396786,redis-cache-67d574b944-ll9pf,gnn-cluster-worker2,scheduled_on,1.0
1774396786,workload-generator-667dc97f4f-67vch,gnn-cluster-worker3,scheduled_on,1.0
1774396816,backend-api-669d9964b8-b8qkw,gnn-cluster-worker2,scheduled_on,1.0
1774396816,backend-api-669d9964b8-qblwm,gnn-cluster-worker3,scheduled_on,1.0
1774396816,cpu-stressor-74d6ffcfc4-gghxs,gnn-cluster-worker,scheduled_on,1.0
1774396816,frontend-7868f8655b-25dwq,gnn-cluster-worker,scheduled_on,1.0
1774396816,frontend-7868f8655b-vqjvm,gnn-cluster-worker3,scheduled_on,1.0
1774396816,redis-cache-67d574b944-ll9pf,gnn-cluster-worker2,scheduled_on,1.0
1774396816,workload-generator-667dc97f4f-67vch,gnn-cluster-worker3,scheduled_on,1.0
1774396846,backend-api-669d9964b8-b8qkw,gnn-cluster-worker2,scheduled_on,1.0
1774396846,backend-api-669d9964b8-qblwm,gnn-cluster-worker3,scheduled_on,1.0
1774396846,cpu-stressor-74d6ffcfc4-gghxs,gnn-cluster-worker,scheduled_on,1.0
1774396846,frontend-7868f8655b-25dwq,gnn-cluster-worker,scheduled_on,1.0
1774396846,frontend-7868f8655b-vqjvm,gnn-cluster-worker3,scheduled_on,1.0
1774396846,redis-cache-67d574b944-ll9pf,gnn-cluster-worker2,scheduled_on,1.0
1774396846,workload-generator-667dc97f4f-67vch,gnn-cluster-worker3,scheduled_on,1.0
1774396876,backend-api-669d9964b8-b8qkw,gnn-cluster-worker2,scheduled_on,1.0
1774396876,backend-api-669d9964b8-qblwm,gnn-cluster-worker3,scheduled_on,1.0
1774396876,cpu-stressor-74d6ffcfc4-gghxs,gnn-cluster-worker,scheduled_on,1.0
1774396876,frontend-7868f8655b-25dwq,gnn-cluster-worker,scheduled_on,1.0
1774396876,frontend-7868f8655b-vqjvm,gnn-cluster-worker3,scheduled_on,1.0
1774396876,redis-cache-67d574b944-ll9pf,gnn-cluster-worker2,scheduled_on,1.0
1774396876,workload-generator-667dc97f4f-67vch,gnn-cluster-worker3,scheduled_on,1.0
1774396906,backend-api-669d9964b8-b8qkw,gnn-cluster-worker2,scheduled_on,1.0
1774396906,backend-api-669d9964b8-qblwm,gnn-cluster-worker3,scheduled_on,1.0
1774396906,cpu-stressor-74d6ffcfc4-gghxs,gnn-cluster-worker,scheduled_on,1.0
1774396906,frontend-7868f8655b-25dwq,gnn-cluster-worker,scheduled_on,1.0
1774396906,frontend-7868f8655b-vqjvm,gnn-cluster-worker3,scheduled_on,1.0
1774396906,redis-cache-67d574b944-ll9pf,gnn-cluster-worker2,scheduled_on,1.0
1774396906,workload-generator-667dc97f4f-67vch,gnn-cluster-worker3,scheduled_on,1.0
1774396936,backend-api-669d9964b8-b8qkw,gnn-cluster-worker2,scheduled_on,1.0
1774396936,backend-api-669d9964b8-qblwm,gnn-cluster-worker3,scheduled_on,1.0
1774396936,cpu-stressor-74d6ffcfc4-gghxs,gnn-cluster-worker,scheduled_on,1.0
1774396936,frontend-7868f8655b-25dwq,gnn-cluster-worker,scheduled_on,1.0
1774396936,frontend-7868f8655b-vqjvm,gnn-cluster-worker3,scheduled_on,1.0
1774396936,redis-cache-67d574b944-ll9pf,gnn-cluster-worker2,scheduled_on,1.0
1774396936,workload-generator-667dc97f4f-67vch,gnn-cluster-worker3,scheduled_on,1.0
1774396966,backend-api-669d9964b8-b8qkw,gnn-cluster-worker2,scheduled_on,1.0
1774396966,backend-api-669d9964b8-qblwm,gnn-cluster-worker3,scheduled_on,1.0
1774396966,cpu-stressor-74d6ffcfc4-gghxs,gnn-cluster-worker,scheduled_on,1.0
1774396966,frontend-7868f8655b-25dwq,gnn-cluster-worker,scheduled_on,1.0
1774396966,frontend-7868f8655b-vqjvm,gnn-cluster-worker3,scheduled_on,1.0
1774396966,redis-cache-67d574b944-ll9pf,gnn-cluster-worker2,scheduled_on,1.0
1774396966,workload-generator-667dc97f4f-67vch,gnn-cluster-worker3,scheduled_on,1.0
1774396996,backend-api-669d9964b8-b8qkw,gnn-cluster-worker2,scheduled_on,1.0
1774396996,backend-api-669d9964b8-qblwm,gnn-cluster-worker3,scheduled_on,1.0
1774396996,cpu-stressor-74d6ffcfc4-gghxs,gnn-cluster-worker,scheduled_on,1.0
1774396996,frontend-7868f8655b-25dwq,gnn-cluster-worker,scheduled_on,1.0
1774396996,frontend-7868f8655b-vqjvm,gnn-cluster-worker3,scheduled_on,1.0
1774396996,redis-cache-67d574b944-ll9pf,gnn-cluster-worker2,scheduled_on,1.0
1774396996,workload-generator-667dc97f4f-67vch,gnn-cluster-worker3,scheduled_on,1.0
1774397026,backend-api-669d9964b8-b8qkw,gnn-cluster-worker2,scheduled_on,1.0
1774397026,backend-api-669d9964b8-qblwm,gnn-cluster-worker3,scheduled_on,1.0
1774397026,cpu-stressor-74d6ffcfc4-gghxs,gnn-cluster-worker,scheduled_on,1.0
1774397026,frontend-7868f8655b-25dwq,gnn-cluster-worker,scheduled_on,1.0
1774397026,frontend-7868f8655b-vqjvm,gnn-cluster-worker3,scheduled_on,1.0
1774397026,redis-cache-67d574b944-ll9pf,gnn-cluster-worker2,scheduled_on,1.0
1774397026,workload-generator-667dc97f4f-67vch,gnn-cluster-worker3,scheduled_on,1.0
1774397056,backend-api-669d9964b8-b8qkw,gnn-cluster-worker2,scheduled_on,1.0
1774397056,backend-api-669d9964b8-qblwm,gnn-cluster-worker3,scheduled_on,1.0
1774397056,cpu-stressor-74d6ffcfc4-gghxs,gnn-cluster-worker,scheduled_on,1.0
1774397056,frontend-7868f8655b-25dwq,gnn-cluster-worker,scheduled_on,1.0
1774397056,frontend-7868f8655b-vqjvm,gnn-cluster-worker3,scheduled_on,1.0
1774397056,redis-cache-67d574b944-ll9pf,gnn-cluster-worker2,scheduled_on,1.0
1774397056,workload-generator-667dc97f4f-67vch,gnn-cluster-worker3,scheduled_on,1.0
1774397087,backend-api-669d9964b8-b8qkw,gnn-cluster-worker2,scheduled_on,1.0
1774397087,backend-api-669d9964b8-qblwm,gnn-cluster-worker3,scheduled_on,1.0
1774397087,cpu-stressor-74d6ffcfc4-gghxs,gnn-cluster-worker,scheduled_on,1.0
1774397087,frontend-7868f8655b-25dwq,gnn-cluster-worker,scheduled_on,1.0
1774397087,frontend-7868f8655b-vqjvm,gnn-cluster-worker3,scheduled_on,1.0
1774397087,redis-cache-67d574b944-ll9pf,gnn-cluster-worker2,scheduled_on,1.0
1774397087,workload-generator-667dc97f4f-67vch,gnn-cluster-worker3,scheduled_on,1.0
1774397117,backend-api-669d9964b8-b8qkw,gnn-cluster-worker2,scheduled_on,1.0
1774397117,backend-api-669d9964b8-qblwm,gnn-cluster-worker3,scheduled_on,1.0
1774397117,cpu-stressor-74d6ffcfc4-gghxs,gnn-cluster-worker,scheduled_on,1.0
1774397117,frontend-7868f8655b-25dwq,gnn-cluster-worker,scheduled_on,1.0
1774397117,frontend-7868f8655b-vqjvm,gnn-cluster-worker3,scheduled_on,1.0
1774397117,redis-cache-67d574b944-ll9pf,gnn-cluster-worker2,scheduled_on,1.0
1774397117,workload-generator-667dc97f4f-67vch,gnn-cluster-worker3,scheduled_on,1.0
1774397147,backend-api-669d9964b8-b8qkw,gnn-cluster-worker2,scheduled_on,1.0
1774397147,backend-api-669d9964b8-qblwm,gnn-cluster-worker3,scheduled_on,1.0
1774397147,cpu-stressor-74d6ffcfc4-gghxs,gnn-cluster-worker,scheduled_on,1.0
1774397147,frontend-7868f8655b-25dwq,gnn-cluster-worker,scheduled_on,1.0
1774397147,frontend-7868f8655b-vqjvm,gnn-cluster-worker3,scheduled_on,1.0
1774397147,redis-cache-67d574b944-ll9pf,gnn-cluster-worker2,scheduled_on,1.0
1774397147,workload-generator-667dc97f4f-67vch,gnn-cluster-worker3,scheduled_on,1.0
1774397177,backend-api-669d9964b8-b8qkw,gnn-cluster-worker2,scheduled_on,1.0
1774397177,backend-api-669d9964b8-qblwm,gnn-cluster-worker3,scheduled_on,1.0
1774397177,cpu-stressor-74d6ffcfc4-gghxs,gnn-cluster-worker,scheduled_on,1.0
1774397177,frontend-7868f8655b-25dwq,gnn-cluster-worker,scheduled_on,1.0
1774397177,frontend-7868f8655b-vqjvm,gnn-cluster-worker3,scheduled_on,1.0
1774397177,redis-cache-67d574b944-ll9pf,gnn-cluster-worker2,scheduled_on,1.0
1774397177,workload-generator-667dc97f4f-67vch,gnn-cluster-worker3,scheduled_on,1.0
1774397207,backend-api-669d9964b8-b8qkw,gnn-cluster-worker2,scheduled_on,1.0
1774397207,backend-api-669d9964b8-qblwm,gnn-cluster-worker3,scheduled_on,1.0
1774397207,cpu-stressor-74d6ffcfc4-gghxs,gnn-cluster-worker,scheduled_on,1.0
1774397207,frontend-7868f8655b-25dwq,gnn-cluster-worker,scheduled_on,1.0
1774397207,frontend-7868f8655b-vqjvm,gnn-cluster-worker3,scheduled_on,1.0
1774397207,redis-cache-67d574b944-ll9pf,gnn-cluster-worker2,scheduled_on,1.0
1774397207,workload-generator-667dc97f4f-67vch,gnn-cluster-worker3,scheduled_on,1.0
1774397237,backend-api-669d9964b8-b8qkw,gnn-cluster-worker2,scheduled_on,1.0
1774397237,backend-api-669d9964b8-qblwm,gnn-cluster-worker3,scheduled_on,1.0
1774397237,cpu-stressor-74d6ffcfc4-gghxs,gnn-cluster-worker,scheduled_on,1.0
1774397237,frontend-7868f8655b-25dwq,gnn-cluster-worker,scheduled_on,1.0
1774397237,frontend-7868f8655b-vqjvm,gnn-cluster-worker3,scheduled_on,1.0
1774397237,redis-cache-67d574b944-ll9pf,gnn-cluster-worker2,scheduled_on,1.0
1774397237,workload-generator-667dc97f4f-67vch,gnn-cluster-worker3,scheduled_on,1.0
1774397267,backend-api-669d9964b8-b8qkw,gnn-cluster-worker2,scheduled_on,1.0
1774397267,backend-api-669d9964b8-qblwm,gnn-cluster-worker3,scheduled_on,1.0
1774397267,cpu-stressor-74d6ffcfc4-gghxs,gnn-cluster-worker,scheduled_on,1.0
1774397267,frontend-7868f8655b-25dwq,gnn-cluster-worker,scheduled_on,1.0
1774397267,frontend-7868f8655b-vqjvm,gnn-cluster-worker3,scheduled_on,1.0
1774397267,redis-cache-67d574b944-ll9pf,gnn-cluster-worker2,scheduled_on,1.0
1774397267,workload-generator-667dc97f4f-67vch,gnn-cluster-worker3,scheduled_on,1.0
1774397297,backend-api-669d9964b8-b8qkw,gnn-cluster-worker2,scheduled_on,1.0
1774397297,backend-api-669d9964b8-qblwm,gnn-cluster-worker3,scheduled_on,1.0
1774397297,cpu-stressor-74d6ffcfc4-gghxs,gnn-cluster-worker,scheduled_on,1.0
1774397297,frontend-7868f8655b-25dwq,gnn-cluster-worker,scheduled_on,1.0
1774397297,frontend-7868f8655b-vqjvm,gnn-cluster-worker3,scheduled_on,1.0
1774397297,redis-cache-67d574b944-ll9pf,gnn-cluster-worker2,scheduled_on,1.0
1774397297,workload-generator-667dc97f4f-67vch,gnn-cluster-worker3,scheduled_on,1.0
1774397327,backend-api-669d9964b8-b8qkw,gnn-cluster-worker2,scheduled_on,1.0
1774397327,backend-api-669d9964b8-qblwm,gnn-cluster-worker3,scheduled_on,1.0
1774397327,cpu-stressor-74d6ffcfc4-gghxs,gnn-cluster-worker,scheduled_on,1.0
1774397327,frontend-7868f8655b-25dwq,gnn-cluster-worker,scheduled_on,1.0
1774397327,frontend-7868f8655b-vqjvm,gnn-cluster-worker3,scheduled_on,1.0
1774397327,redis-cache-67d574b944-ll9pf,gnn-cluster-worker2,scheduled_on,1.0
1774397327,workload-generator-667dc97f4f-67vch,gnn-cluster-worker3,scheduled_on,1.0
1774397357,backend-api-669d9964b8-b8qkw,gnn-cluster-worker2,scheduled_on,1.0
1774397357,backend-api-669d9964b8-qblwm,gnn-cluster-worker3,scheduled_on,1.0
1774397357,cpu-stressor-74d6ffcfc4-gghxs,gnn-cluster-worker,scheduled_on,1.0
1774397357,frontend-7868f8655b-25dwq,gnn-cluster-worker,scheduled_on,1.0
1774397357,frontend-7868f8655b-vqjvm,gnn-cluster-worker3,scheduled_on,1.0
1774397357,redis-cache-67d574b944-ll9pf,gnn-cluster-worker2,scheduled_on,1.0
1774397357,workload-generator-667dc97f4f-67vch,gnn-cluster-worker3,scheduled_on,1.0
1774397387,backend-api-669d9964b8-b8qkw,gnn-cluster-worker2,scheduled_on,1.0
1774397387,backend-api-669d9964b8-qblwm,gnn-cluster-worker3,scheduled_on,1.0
1774397387,cpu-stressor-74d6ffcfc4-gghxs,gnn-cluster-worker,scheduled_on,1.0
1774397387,frontend-7868f8655b-25dwq,gnn-cluster-worker,scheduled_on,1.0
1774397387,frontend-7868f8655b-vqjvm,gnn-cluster-worker3,scheduled_on,1.0
1774397387,redis-cache-67d574b944-ll9pf,gnn-cluster-worker2,scheduled_on,1.0
1774397387,workload-generator-667dc97f4f-67vch,gnn-cluster-worker3,scheduled_on,1.0
1774397417,backend-api-669d9964b8-b8qkw,gnn-cluster-worker2,scheduled_on,1.0
1774397417,backend-api-669d9964b8-qblwm,gnn-cluster-worker3,scheduled_on,1.0
1774397417,cpu-stressor-74d6ffcfc4-gghxs,gnn-cluster-worker,scheduled_on,1.0
1774397417,frontend-7868f8655b-25dwq,gnn-cluster-worker,scheduled_on,1.0
1774397417,frontend-7868f8655b-vqjvm,gnn-cluster-worker3,scheduled_on,1.0
1774397417,redis-cache-67d574b944-ll9pf,gnn-cluster-worker2,scheduled_on,1.0
1774397417,workload-generator-667dc97f4f-67vch,gnn-cluster-worker3,scheduled_on,1.0
1774397447,backend-api-669d9964b8-b8qkw,gnn-cluster-worker2,scheduled_on,1.0
1774397447,backend-api-669d9964b8-qblwm,gnn-cluster-worker3,scheduled_on,1.0
1774397447,cpu-stressor-74d6ffcfc4-gghxs,gnn-cluster-worker,scheduled_on,1.0
1774397447,frontend-7868f8655b-25dwq,gnn-cluster-worker,scheduled_on,1.0
1774397447,frontend-7868f8655b-vqjvm,gnn-cluster-worker3,scheduled_on,1.0
1774397447,redis-cache-67d574b944-ll9pf,gnn-cluster-worker2,scheduled_on,1.0
1774397447,workload-generator-667dc97f4f-67vch,gnn-cluster-worker3,scheduled_on,1.0
1774397477,backend-api-669d9964b8-b8qkw,gnn-cluster-worker2,scheduled_on,1.0
1774397477,backend-api-669d9964b8-qblwm,gnn-cluster-worker3,scheduled_on,1.0
1774397477,cpu-stressor-74d6ffcfc4-gghxs,gnn-cluster-worker,scheduled_on,1.0
1774397477,frontend-7868f8655b-25dwq,gnn-cluster-worker,scheduled_on,1.0
1774397477,frontend-7868f8655b-vqjvm,gnn-cluster-worker3,scheduled_on,1.0
1774397477,redis-cache-67d574b944-ll9pf,gnn-cluster-worker2,scheduled_on,1.0
1774397477,workload-generator-667dc97f4f-67vch,gnn-cluster-worker3,scheduled_on,1.0
1774397507,backend-api-669d9964b8-b8qkw,gnn-cluster-worker2,scheduled_on,1.0
1774397507,backend-api-669d9964b8-qblwm,gnn-cluster-worker3,scheduled_on,1.0
1774397507,cpu-stressor-74d6ffcfc4-gghxs,gnn-cluster-worker,scheduled_on,1.0
1774397507,frontend-7868f8655b-25dwq,gnn-cluster-worker,scheduled_on,1.0
1774397507,frontend-7868f8655b-vqjvm,gnn-cluster-worker3,scheduled_on,1.0
1774397507,redis-cache-67d574b944-ll9pf,gnn-cluster-worker2,scheduled_on,1.0
1774397507,workload-generator-667dc97f4f-67vch,gnn-cluster-worker3,scheduled_on,1.0
1774397538,backend-api-669d9964b8-b8qkw,gnn-cluster-worker2,scheduled_on,1.0
1774397538,backend-api-669d9964b8-qblwm,gnn-cluster-worker3,scheduled_on,1.0
1774397538,cpu-stressor-74d6ffcfc4-gghxs,gnn-cluster-worker,scheduled_on,1.0
1774397538,frontend-7868f8655b-25dwq,gnn-cluster-worker,scheduled_on,1.0
1774397538,frontend-7868f8655b-vqjvm,gnn-cluster-worker3,scheduled_on,1.0
1774397538,redis-cache-67d574b944-ll9pf,gnn-cluster-worker2,scheduled_on,1.0
1774397538,workload-generator-667dc97f4f-67vch,gnn-cluster-worker3,scheduled_on,1.0
1774397568,backend-api-669d9964b8-b8qkw,gnn-cluster-worker2,scheduled_on,1.0
1774397568,backend-api-669d9964b8-qblwm,gnn-cluster-worker3,scheduled_on,1.0
1774397568,cpu-stressor-74d6ffcfc4-gghxs,gnn-cluster-worker,scheduled_on,1.0
1774397568,frontend-7868f8655b-25dwq,gnn-cluster-worker,scheduled_on,1.0
1774397568,frontend-7868f8655b-vqjvm,gnn-cluster-worker3,scheduled_on,1.0
1774397568,redis-cache-67d574b944-ll9pf,gnn-cluster-worker2,scheduled_on,1.0
1774397568,workload-generator-667dc97f4f-67vch,gnn-cluster-worker3,scheduled_on,1.0
1774397598,backend-api-669d9964b8-b8qkw,gnn-cluster-worker2,scheduled_on,1.0
1774397598,backend-api-669d9964b8-qblwm,gnn-cluster-worker3,scheduled_on,1.0
1774397598,cpu-stressor-74d6ffcfc4-gghxs,gnn-cluster-worker,scheduled_on,1.0
1774397598,frontend-7868f8655b-25dwq,gnn-cluster-worker,scheduled_on,1.0
1774397598,frontend-7868f8655b-vqjvm,gnn-cluster-worker3,scheduled_on,1.0
1774397598,redis-cache-67d574b944-ll9pf,gnn-cluster-worker2,scheduled_on,1.0
1774397598,workload-generator-667dc97f4f-67vch,gnn-cluster-worker3,scheduled_on,1.0
1774397628,backend-api-669d9964b8-b8qkw,gnn-cluster-worker2,scheduled_on,1.0
1774397628,backend-api-669d9964b8-qblwm,gnn-cluster-worker3,scheduled_on,1.0
1774397628,cpu-stressor-74d6ffcfc4-gghxs,gnn-cluster-worker,scheduled_on,1.0
1774397628,frontend-7868f8655b-25dwq,gnn-cluster-worker,scheduled_on,1.0
1774397628,frontend-7868f8655b-vqjvm,gnn-cluster-worker3,scheduled_on,1.0
1774397628,redis-cache-67d574b944-ll9pf,gnn-cluster-worker2,scheduled_on,1.0
1774397628,workload-generator-667dc97f4f-67vch,gnn-cluster-worker3,scheduled_on,1.0
1774397658,backend-api-669d9964b8-b8qkw,gnn-cluster-worker2,scheduled_on,1.0
1774397658,backend-api-669d9964b8-qblwm,gnn-cluster-worker3,scheduled_on,1.0
1774397658,cpu-stressor-74d6ffcfc4-gghxs,gnn-cluster-worker,scheduled_on,1.0
1774397658,frontend-7868f8655b-25dwq,gnn-cluster-worker,scheduled_on,1.0
1774397658,frontend-7868f8655b-vqjvm,gnn-cluster-worker3,scheduled_on,1.0
1774397658,redis-cache-67d574b944-ll9pf,gnn-cluster-worker2,scheduled_on,1.0
1774397658,workload-generator-667dc97f4f-67vch,gnn-cluster-worker3,scheduled_on,1.0
1774397688,backend-api-669d9964b8-b8qkw,gnn-cluster-worker2,scheduled_on,1.0
1774397688,backend-api-669d9964b8-qblwm,gnn-cluster-worker3,scheduled_on,1.0
1774397688,cpu-stressor-74d6ffcfc4-gghxs,gnn-cluster-worker,scheduled_on,1.0
1774397688,frontend-7868f8655b-25dwq,gnn-cluster-worker,scheduled_on,1.0
1774397688,frontend-7868f8655b-vqjvm,gnn-cluster-worker3,scheduled_on,1.0
1774397688,redis-cache-67d574b944-ll9pf,gnn-cluster-worker2,scheduled_on,1.0
1774397688,workload-generator-667dc97f4f-67vch,gnn-cluster-worker3,scheduled_on,1.0
1774397718,backend-api-669d9964b8-b8qkw,gnn-cluster-worker2,scheduled_on,1.0
1774397718,backend-api-669d9964b8-qblwm,gnn-cluster-worker3,scheduled_on,1.0
1774397718,cpu-stressor-74d6ffcfc4-gghxs,gnn-cluster-worker,scheduled_on,1.0
1774397718,frontend-7868f8655b-25dwq,gnn-cluster-worker,scheduled_on,1.0
1774397718,frontend-7868f8655b-vqjvm,gnn-cluster-worker3,scheduled_on,1.0
1774397718,redis-cache-67d574b944-ll9pf,gnn-cluster-worker2,scheduled_on,1.0
1774397718,workload-generator-667dc97f4f-67vch,gnn-cluster-worker3,scheduled_on,1.0
1774397748,backend-api-669d9964b8-b8qkw,gnn-cluster-worker2,scheduled_on,1.0
1774397748,backend-api-669d9964b8-qblwm,gnn-cluster-worker3,scheduled_on,1.0
1774397748,cpu-stressor-74d6ffcfc4-gghxs,gnn-cluster-worker,scheduled_on,1.0
1774397748,frontend-7868f8655b-25dwq,gnn-cluster-worker,scheduled_on,1.0
1774397748,frontend-7868f8655b-vqjvm,gnn-cluster-worker3,scheduled_on,1.0
1774397748,redis-cache-67d574b944-ll9pf,gnn-cluster-worker2,scheduled_on,1.0
1774397748,workload-generator-667dc97f4f-67vch,gnn-cluster-worker3,scheduled_on,1.0
1774397778,backend-api-669d9964b8-b8qkw,gnn-cluster-worker2,scheduled_on,1.0
1774397778,backend-api-669d9964b8-qblwm,gnn-cluster-worker3,scheduled_on,1.0
1774397778,cpu-stressor-74d6ffcfc4-gghxs,gnn-cluster-worker,scheduled_on,1.0
1774397778,frontend-7868f8655b-25dwq,gnn-cluster-worker,scheduled_on,1.0
1774397778,frontend-7868f8655b-vqjvm,gnn-cluster-worker3,scheduled_on,1.0
1774397778,redis-cache-67d574b944-ll9pf,gnn-cluster-worker2,scheduled_on,1.0
1774397778,workload-generator-667dc97f4f-67vch,gnn-cluster-worker3,scheduled_on,1.0
1774397808,backend-api-669d9964b8-b8qkw,gnn-cluster-worker2,scheduled_on,1.0
1774397808,backend-api-669d9964b8-qblwm,gnn-cluster-worker3,scheduled_on,1.0
1774397808,cpu-stressor-74d6ffcfc4-gghxs,gnn-cluster-worker,scheduled_on,1.0
1774397808,frontend-7868f8655b-25dwq,gnn-cluster-worker,scheduled_on,1.0
1774397808,frontend-7868f8655b-vqjvm,gnn-cluster-worker3,scheduled_on,1.0
1774397808,redis-cache-67d574b944-ll9pf,gnn-cluster-worker2,scheduled_on,1.0
1774397808,workload-generator-667dc97f4f-67vch,gnn-cluster-worker3,scheduled_on,1.0
1774397838,backend-api-669d9964b8-b8qkw,gnn-cluster-worker2,scheduled_on,1.0
1774397838,backend-api-669d9964b8-qblwm,gnn-cluster-worker3,scheduled_on,1.0
1774397838,cpu-stressor-74d6ffcfc4-gghxs,gnn-cluster-worker,scheduled_on,1.0
1774397838,frontend-7868f8655b-25dwq,gnn-cluster-worker,scheduled_on,1.0
1774397838,frontend-7868f8655b-vqjvm,gnn-cluster-worker3,scheduled_on,1.0
1774397838,redis-cache-67d574b944-ll9pf,gnn-cluster-worker2,scheduled_on,1.0
1774397838,workload-generator-667dc97f4f-67vch,gnn-cluster-worker3,scheduled_on,1.0
1774397868,backend-api-669d9964b8-b8qkw,gnn-cluster-worker2,scheduled_on,1.0
1774397868,backend-api-669d9964b8-qblwm,gnn-cluster-worker3,scheduled_on,1.0
1774397868,cpu-stressor-74d6ffcfc4-gghxs,gnn-cluster-worker,scheduled_on,1.0
1774397868,frontend-7868f8655b-25dwq,gnn-cluster-worker,scheduled_on,1.0
1774397868,frontend-7868f8655b-vqjvm,gnn-cluster-worker3,scheduled_on,1.0
1774397868,redis-cache-67d574b944-ll9pf,gnn-cluster-worker2,scheduled_on,1.0
1774397868,workload-generator-667dc97f4f-67vch,gnn-cluster-worker3,scheduled_on,1.0
1774397898,backend-api-669d9964b8-b8qkw,gnn-cluster-worker2,scheduled_on,1.0
1774397898,backend-api-669d9964b8-qblwm,gnn-cluster-worker3,scheduled_on,1.0
1774397898,cpu-stressor-74d6ffcfc4-gghxs,gnn-cluster-worker,scheduled_on,1.0
1774397898,frontend-7868f8655b-25dwq,gnn-cluster-worker,scheduled_on,1.0
1774397898,frontend-7868f8655b-vqjvm,gnn-cluster-worker3,scheduled_on,1.0
1774397898,redis-cache-67d574b944-ll9pf,gnn-cluster-worker2,scheduled_on,1.0
1774397898,workload-generator-667dc97f4f-67vch,gnn-cluster-worker3,scheduled_on,1.0
1774397928,backend-api-669d9964b8-b8qkw,gnn-cluster-worker2,scheduled_on,1.0
1774397928,backend-api-669d9964b8-qblwm,gnn-cluster-worker3,scheduled_on,1.0
1774397928,cpu-stressor-74d6ffcfc4-gghxs,gnn-cluster-worker,scheduled_on,1.0
1774397928,frontend-7868f8655b-25dwq,gnn-cluster-worker,scheduled_on,1.0
1774397928,frontend-7868f8655b-vqjvm,gnn-cluster-worker3,scheduled_on,1.0
1774397928,redis-cache-67d574b944-ll9pf,gnn-cluster-worker2,scheduled_on,1.0
1774397928,workload-generator-667dc97f4f-67vch,gnn-cluster-worker3,scheduled_on,1.0
1774397958,backend-api-669d9964b8-b8qkw,gnn-cluster-worker2,scheduled_on,1.0
1774397958,backend-api-669d9964b8-qblwm,gnn-cluster-worker3,scheduled_on,1.0
1774397958,cpu-stressor-74d6ffcfc4-gghxs,gnn-cluster-worker,scheduled_on,1.0
1774397958,frontend-7868f8655b-25dwq,gnn-cluster-worker,scheduled_on,1.0
1774397958,frontend-7868f8655b-vqjvm,gnn-cluster-worker3,scheduled_on,1.0
1774397958,redis-cache-67d574b944-ll9pf,gnn-cluster-worker2,scheduled_on,1.0
1774397958,workload-generator-667dc97f4f-67vch,gnn-cluster-worker3,scheduled_on,1.0
1774397988,backend-api-669d9964b8-b8qkw,gnn-cluster-worker2,scheduled_on,1.0
1774397988,backend-api-669d9964b8-qblwm,gnn-cluster-worker3,scheduled_on,1.0
1774397988,cpu-stressor-74d6ffcfc4-gghxs,gnn-cluster-worker,scheduled_on,1.0
1774397988,frontend-7868f8655b-25dwq,gnn-cluster-worker,scheduled_on,1.0
1774397988,frontend-7868f8655b-vqjvm,gnn-cluster-worker3,scheduled_on,1.0
1774397988,redis-cache-67d574b944-ll9pf,gnn-cluster-worker2,scheduled_on,1.0
1774397988,workload-generator-667dc97f4f-67vch,gnn-cluster-worker3,scheduled_on,1.0
1774398019,backend-api-669d9964b8-b8qkw,gnn-cluster-worker2,scheduled_on,1.0
1774398019,backend-api-669d9964b8-qblwm,gnn-cluster-worker3,scheduled_on,1.0
1774398019,cpu-stressor-74d6ffcfc4-gghxs,gnn-cluster-worker,scheduled_on,1.0
1774398019,frontend-7868f8655b-25dwq,gnn-cluster-worker,scheduled_on,1.0
1774398019,frontend-7868f8655b-vqjvm,gnn-cluster-worker3,scheduled_on,1.0
1774398019,redis-cache-67d574b944-ll9pf,gnn-cluster-worker2,scheduled_on,1.0
1774398019,workload-generator-667dc97f4f-67vch,gnn-cluster-worker3,scheduled_on,1.0
1774398049,backend-api-669d9964b8-b8qkw,gnn-cluster-worker2,scheduled_on,1.0
1774398049,backend-api-669d9964b8-qblwm,gnn-cluster-worker3,scheduled_on,1.0
1774398049,cpu-stressor-74d6ffcfc4-gghxs,gnn-cluster-worker,scheduled_on,1.0
1774398049,frontend-7868f8655b-25dwq,gnn-cluster-worker,scheduled_on,1.0
1774398049,frontend-7868f8655b-vqjvm,gnn-cluster-worker3,scheduled_on,1.0
1774398049,redis-cache-67d574b944-ll9pf,gnn-cluster-worker2,scheduled_on,1.0
1774398049,workload-generator-667dc97f4f-67vch,gnn-cluster-worker3,scheduled_on,1.0
1774398079,backend-api-669d9964b8-b8qkw,gnn-cluster-worker2,scheduled_on,1.0
1774398079,backend-api-669d9964b8-qblwm,gnn-cluster-worker3,scheduled_on,1.0
1774398079,cpu-stressor-74d6ffcfc4-gghxs,gnn-cluster-worker,scheduled_on,1.0
1774398079,frontend-7868f8655b-25dwq,gnn-cluster-worker,scheduled_on,1.0
1774398079,frontend-7868f8655b-vqjvm,gnn-cluster-worker3,scheduled_on,1.0
1774398079,redis-cache-67d574b944-ll9pf,gnn-cluster-worker2,scheduled_on,1.0
1774398079,workload-generator-667dc97f4f-67vch,gnn-cluster-worker3,scheduled_on,1.0
1774398109,backend-api-669d9964b8-b8qkw,gnn-cluster-worker2,scheduled_on,1.0
1774398109,backend-api-669d9964b8-qblwm,gnn-cluster-worker3,scheduled_on,1.0
1774398109,cpu-stressor-74d6ffcfc4-gghxs,gnn-cluster-worker,scheduled_on,1.0
1774398109,frontend-7868f8655b-25dwq,gnn-cluster-worker,scheduled_on,1.0
1774398109,frontend-7868f8655b-vqjvm,gnn-cluster-worker3,scheduled_on,1.0
1774398109,redis-cache-67d574b944-ll9pf,gnn-cluster-worker2,scheduled_on,1.0
1774398109,workload-generator-667dc97f4f-67vch,gnn-cluster-worker3,scheduled_on,1.0
1774398139,backend-api-669d9964b8-b8qkw,gnn-cluster-worker2,scheduled_on,1.0
1774398139,backend-api-669d9964b8-qblwm,gnn-cluster-worker3,scheduled_on,1.0
1774398139,cpu-stressor-74d6ffcfc4-gghxs,gnn-cluster-worker,scheduled_on,1.0
1774398139,frontend-7868f8655b-25dwq,gnn-cluster-worker,scheduled_on,1.0
1774398139,frontend-7868f8655b-vqjvm,gnn-cluster-worker3,scheduled_on,1.0
1774398139,redis-cache-67d574b944-ll9pf,gnn-cluster-worker2,scheduled_on,1.0
1774398139,workload-generator-667dc97f4f-67vch,gnn-cluster-worker3,scheduled_on,1.0
1774398169,backend-api-669d9964b8-b8qkw,gnn-cluster-worker2,scheduled_on,1.0
1774398169,backend-api-669d9964b8-qblwm,gnn-cluster-worker3,scheduled_on,1.0
1774398169,cpu-stressor-74d6ffcfc4-gghxs,gnn-cluster-worker,scheduled_on,1.0
1774398169,frontend-7868f8655b-25dwq,gnn-cluster-worker,scheduled_on,1.0
1774398169,frontend-7868f8655b-vqjvm,gnn-cluster-worker3,scheduled_on,1.0
1774398169,redis-cache-67d574b944-ll9pf,gnn-cluster-worker2,scheduled_on,1.0
1774398169,workload-generator-667dc97f4f-67vch,gnn-cluster-worker3,scheduled_on,1.0
1774398199,backend-api-669d9964b8-b8qkw,gnn-cluster-worker2,scheduled_on,1.0
1774398199,backend-api-669d9964b8-qblwm,gnn-cluster-worker3,scheduled_on,1.0
1774398199,cpu-stressor-74d6ffcfc4-gghxs,gnn-cluster-worker,scheduled_on,1.0
1774398199,frontend-7868f8655b-25dwq,gnn-cluster-worker,scheduled_on,1.0
1774398199,frontend-7868f8655b-vqjvm,gnn-cluster-worker3,scheduled_on,1.0
1774398199,redis-cache-67d574b944-ll9pf,gnn-cluster-worker2,scheduled_on,1.0
1774398199,workload-generator-667dc97f4f-67vch,gnn-cluster-worker3,scheduled_on,1.0
1774398229,backend-api-669d9964b8-b8qkw,gnn-cluster-worker2,scheduled_on,1.0
1774398229,backend-api-669d9964b8-qblwm,gnn-cluster-worker3,scheduled_on,1.0
1774398229,cpu-stressor-74d6ffcfc4-gghxs,gnn-cluster-worker,scheduled_on,1.0
1774398229,frontend-7868f8655b-25dwq,gnn-cluster-worker,scheduled_on,1.0
1774398229,frontend-7868f8655b-vqjvm,gnn-cluster-worker3,scheduled_on,1.0
1774398229,redis-cache-67d574b944-ll9pf,gnn-cluster-worker2,scheduled_on,1.0
1774398229,workload-generator-667dc97f4f-67vch,gnn-cluster-worker3,scheduled_on,1.0
1774398259,backend-api-669d9964b8-b8qkw,gnn-cluster-worker2,scheduled_on,1.0
1774398259,backend-api-669d9964b8-qblwm,gnn-cluster-worker3,scheduled_on,1.0
1774398259,cpu-stressor-74d6ffcfc4-gghxs,gnn-cluster-worker,scheduled_on,1.0
1774398259,frontend-7868f8655b-25dwq,gnn-cluster-worker,scheduled_on,1.0
1774398259,frontend-7868f8655b-vqjvm,gnn-cluster-worker3,scheduled_on,1.0
1774398259,redis-cache-67d574b944-ll9pf,gnn-cluster-worker2,scheduled_on,1.0
1774398259,workload-generator-667dc97f4f-67vch,gnn-cluster-worker3,scheduled_on,1.0
1774398289,backend-api-669d9964b8-b8qkw,gnn-cluster-worker2,scheduled_on,1.0
1774398289,backend-api-669d9964b8-qblwm,gnn-cluster-worker3,scheduled_on,1.0
1774398289,cpu-stressor-74d6ffcfc4-gghxs,gnn-cluster-worker,scheduled_on,1.0
1774398289,frontend-7868f8655b-25dwq,gnn-cluster-worker,scheduled_on,1.0
1774398289,frontend-7868f8655b-vqjvm,gnn-cluster-worker3,scheduled_on,1.0
1774398289,redis-cache-67d574b944-ll9pf,gnn-cluster-worker2,scheduled_on,1.0
1774398289,workload-generator-667dc97f4f-67vch,gnn-cluster-worker3,scheduled_on,1.0
1774398319,backend-api-669d9964b8-b8qkw,gnn-cluster-worker2,scheduled_on,1.0
1774398319,backend-api-669d9964b8-qblwm,gnn-cluster-worker3,scheduled_on,1.0
1774398319,cpu-stressor-74d6ffcfc4-gghxs,gnn-cluster-worker,scheduled_on,1.0
1774398319,frontend-7868f8655b-25dwq,gnn-cluster-worker,scheduled_on,1.0
1774398319,frontend-7868f8655b-vqjvm,gnn-cluster-worker3,scheduled_on,1.0
1774398319,redis-cache-67d574b944-ll9pf,gnn-cluster-worker2,scheduled_on,1.0
1774398319,workload-generator-667dc97f4f-67vch,gnn-cluster-worker3,scheduled_on,1.0
1774398349,backend-api-669d9964b8-b8qkw,gnn-cluster-worker2,scheduled_on,1.0
1774398349,backend-api-669d9964b8-qblwm,gnn-cluster-worker3,scheduled_on,1.0
1774398349,cpu-stressor-74d6ffcfc4-gghxs,gnn-cluster-worker,scheduled_on,1.0
1774398349,frontend-7868f8655b-25dwq,gnn-cluster-worker,scheduled_on,1.0
1774398349,frontend-7868f8655b-vqjvm,gnn-cluster-worker3,scheduled_on,1.0
1774398349,redis-cache-67d574b944-ll9pf,gnn-cluster-worker2,scheduled_on,1.0
1774398349,workload-generator-667dc97f4f-67vch,gnn-cluster-worker3,scheduled_on,1.0
1774398379,backend-api-669d9964b8-b8qkw,gnn-cluster-worker2,scheduled_on,1.0
1774398379,backend-api-669d9964b8-qblwm,gnn-cluster-worker3,scheduled_on,1.0
1774398379,cpu-stressor-74d6ffcfc4-gghxs,gnn-cluster-worker,scheduled_on,1.0
1774398379,frontend-7868f8655b-25dwq,gnn-cluster-worker,scheduled_on,1.0
1774398379,frontend-7868f8655b-vqjvm,gnn-cluster-worker3,scheduled_on,1.0
1774398379,redis-cache-67d574b944-ll9pf,gnn-cluster-worker2,scheduled_on,1.0
1774398379,workload-generator-667dc97f4f-67vch,gnn-cluster-worker3,scheduled_on,1.0
1774398409,backend-api-669d9964b8-b8qkw,gnn-cluster-worker2,scheduled_on,1.0
1774398409,backend-api-669d9964b8-qblwm,gnn-cluster-worker3,scheduled_on,1.0
1774398409,cpu-stressor-74d6ffcfc4-gghxs,gnn-cluster-worker,scheduled_on,1.0
1774398409,frontend-7868f8655b-25dwq,gnn-cluster-worker,scheduled_on,1.0
1774398409,frontend-7868f8655b-vqjvm,gnn-cluster-worker3,scheduled_on,1.0
1774398409,redis-cache-67d574b944-ll9pf,gnn-cluster-worker2,scheduled_on,1.0
1774398409,workload-generator-667dc97f4f-67vch,gnn-cluster-worker3,scheduled_on,1.0
1774398439,backend-api-669d9964b8-b8qkw,gnn-cluster-worker2,scheduled_on,1.0
1774398439,backend-api-669d9964b8-qblwm,gnn-cluster-worker3,scheduled_on,1.0
1774398439,cpu-stressor-74d6ffcfc4-gghxs,gnn-cluster-worker,scheduled_on,1.0
1774398439,frontend-7868f8655b-25dwq,gnn-cluster-worker,scheduled_on,1.0
1774398439,frontend-7868f8655b-vqjvm,gnn-cluster-worker3,scheduled_on,1.0
1774398439,redis-cache-67d574b944-ll9pf,gnn-cluster-worker2,scheduled_on,1.0
1774398439,workload-generator-667dc97f4f-67vch,gnn-cluster-worker3,scheduled_on,1.0
1774398469,backend-api-669d9964b8-b8qkw,gnn-cluster-worker2,scheduled_on,1.0
1774398469,backend-api-669d9964b8-qblwm,gnn-cluster-worker3,scheduled_on,1.0
1774398469,cpu-stressor-74d6ffcfc4-gghxs,gnn-cluster-worker,scheduled_on,1.0
1774398469,frontend-7868f8655b-25dwq,gnn-cluster-worker,scheduled_on,1.0
1774398469,frontend-7868f8655b-vqjvm,gnn-cluster-worker3,scheduled_on,1.0
1774398469,redis-cache-67d574b944-ll9pf,gnn-cluster-worker2,scheduled_on,1.0
1774398469,workload-generator-667dc97f4f-67vch,gnn-cluster-worker3,scheduled_on,1.0
1774398499,backend-api-669d9964b8-b8qkw,gnn-cluster-worker2,scheduled_on,1.0
1774398499,backend-api-669d9964b8-qblwm,gnn-cluster-worker3,scheduled_on,1.0
1774398499,cpu-stressor-74d6ffcfc4-gghxs,gnn-cluster-worker,scheduled_on,1.0
1774398499,frontend-7868f8655b-25dwq,gnn-cluster-worker,scheduled_on,1.0
1774398499,frontend-7868f8655b-vqjvm,gnn-cluster-worker3,scheduled_on,1.0
1774398499,redis-cache-67d574b944-ll9pf,gnn-cluster-worker2,scheduled_on,1.0
1774398499,workload-generator-667dc97f4f-67vch,gnn-cluster-worker3,scheduled_on,1.0
1774398530,backend-api-669d9964b8-b8qkw,gnn-cluster-worker2,scheduled_on,1.0
1774398530,backend-api-669d9964b8-qblwm,gnn-cluster-worker3,scheduled_on,1.0
1774398530,cpu-stressor-74d6ffcfc4-gghxs,gnn-cluster-worker,scheduled_on,1.0
1774398530,frontend-7868f8655b-25dwq,gnn-cluster-worker,scheduled_on,1.0
1774398530,frontend-7868f8655b-vqjvm,gnn-cluster-worker3,scheduled_on,1.0
1774398530,redis-cache-67d574b944-ll9pf,gnn-cluster-worker2,scheduled_on,1.0
1774398530,workload-generator-667dc97f4f-67vch,gnn-cluster-worker3,scheduled_on,1.0
1774398560,backend-api-669d9964b8-b8qkw,gnn-cluster-worker2,scheduled_on,1.0
1774398560,backend-api-669d9964b8-qblwm,gnn-cluster-worker3,scheduled_on,1.0
1774398560,cpu-stressor-74d6ffcfc4-gghxs,gnn-cluster-worker,scheduled_on,1.0
1774398560,frontend-7868f8655b-25dwq,gnn-cluster-worker,scheduled_on,1.0
1774398560,frontend-7868f8655b-vqjvm,gnn-cluster-worker3,scheduled_on,1.0
1774398560,redis-cache-67d574b944-ll9pf,gnn-cluster-worker2,scheduled_on,1.0
1774398560,workload-generator-667dc97f4f-67vch,gnn-cluster-worker3,scheduled_on,1.0
1774398590,backend-api-669d9964b8-b8qkw,gnn-cluster-worker2,scheduled_on,1.0
1774398590,backend-api-669d9964b8-qblwm,gnn-cluster-worker3,scheduled_on,1.0
1774398590,cpu-stressor-74d6ffcfc4-gghxs,gnn-cluster-worker,scheduled_on,1.0
1774398590,frontend-7868f8655b-25dwq,gnn-cluster-worker,scheduled_on,1.0
1774398590,frontend-7868f8655b-vqjvm,gnn-cluster-worker3,scheduled_on,1.0
1774398590,redis-cache-67d574b944-ll9pf,gnn-cluster-worker2,scheduled_on,1.0
1774398590,workload-generator-667dc97f4f-67vch,gnn-cluster-worker3,scheduled_on,1.0
1774398620,backend-api-669d9964b8-b8qkw,gnn-cluster-worker2,scheduled_on,1.0
1774398620,backend-api-669d9964b8-qblwm,gnn-cluster-worker3,scheduled_on,1.0
1774398620,cpu-stressor-74d6ffcfc4-gghxs,gnn-cluster-worker,scheduled_on,1.0
1774398620,frontend-7868f8655b-25dwq,gnn-cluster-worker,scheduled_on,1.0
1774398620,frontend-7868f8655b-vqjvm,gnn-cluster-worker3,scheduled_on,1.0
1774398620,redis-cache-67d574b944-ll9pf,gnn-cluster-worker2,scheduled_on,1.0
1774398620,workload-generator-667dc97f4f-67vch,gnn-cluster-worker3,scheduled_on,1.0
1774398650,backend-api-669d9964b8-b8qkw,gnn-cluster-worker2,scheduled_on,1.0
1774398650,backend-api-669d9964b8-qblwm,gnn-cluster-worker3,scheduled_on,1.0
1774398650,cpu-stressor-74d6ffcfc4-gghxs,gnn-cluster-worker,scheduled_on,1.0
1774398650,frontend-7868f8655b-25dwq,gnn-cluster-worker,scheduled_on,1.0
1774398650,frontend-7868f8655b-vqjvm,gnn-cluster-worker3,scheduled_on,1.0
1774398650,redis-cache-67d574b944-ll9pf,gnn-cluster-worker2,scheduled_on,1.0
1774398650,workload-generator-667dc97f4f-67vch,gnn-cluster-worker3,scheduled_on,1.0
1774398680,backend-api-669d9964b8-b8qkw,gnn-cluster-worker2,scheduled_on,1.0
1774398680,backend-api-669d9964b8-qblwm,gnn-cluster-worker3,scheduled_on,1.0
1774398680,cpu-stressor-74d6ffcfc4-gghxs,gnn-cluster-worker,scheduled_on,1.0
1774398680,frontend-7868f8655b-25dwq,gnn-cluster-worker,scheduled_on,1.0
1774398680,frontend-7868f8655b-vqjvm,gnn-cluster-worker3,scheduled_on,1.0
1774398680,redis-cache-67d574b944-ll9pf,gnn-cluster-worker2,scheduled_on,1.0
1774398680,workload-generator-667dc97f4f-67vch,gnn-cluster-worker3,scheduled_on,1.0
1774398710,backend-api-669d9964b8-b8qkw,gnn-cluster-worker2,scheduled_on,1.0
1774398710,backend-api-669d9964b8-qblwm,gnn-cluster-worker3,scheduled_on,1.0
1774398710,cpu-stressor-74d6ffcfc4-gghxs,gnn-cluster-worker,scheduled_on,1.0
1774398710,frontend-7868f8655b-25dwq,gnn-cluster-worker,scheduled_on,1.0
1774398710,frontend-7868f8655b-vqjvm,gnn-cluster-worker3,scheduled_on,1.0
1774398710,redis-cache-67d574b944-ll9pf,gnn-cluster-worker2,scheduled_on,1.0
1774398710,workload-generator-667dc97f4f-67vch,gnn-cluster-worker3,scheduled_on,1.0
1774398740,backend-api-669d9964b8-b8qkw,gnn-cluster-worker2,scheduled_on,1.0
1774398740,backend-api-669d9964b8-qblwm,gnn-cluster-worker3,scheduled_on,1.0
1774398740,cpu-stressor-74d6ffcfc4-gghxs,gnn-cluster-worker,scheduled_on,1.0
1774398740,frontend-7868f8655b-25dwq,gnn-cluster-worker,scheduled_on,1.0
1774398740,frontend-7868f8655b-vqjvm,gnn-cluster-worker3,scheduled_on,1.0
1774398740,redis-cache-67d574b944-ll9pf,gnn-cluster-worker2,scheduled_on,1.0
1774398740,workload-generator-667dc97f4f-67vch,gnn-cluster-worker3,scheduled_on,1.0
1774398770,backend-api-669d9964b8-b8qkw,gnn-cluster-worker2,scheduled_on,1.0
1774398770,backend-api-669d9964b8-qblwm,gnn-cluster-worker3,scheduled_on,1.0
1774398770,cpu-stressor-74d6ffcfc4-gghxs,gnn-cluster-worker,scheduled_on,1.0
1774398770,frontend-7868f8655b-25dwq,gnn-cluster-worker,scheduled_on,1.0
1774398770,frontend-7868f8655b-vqjvm,gnn-cluster-worker3,scheduled_on,1.0
1774398770,redis-cache-67d574b944-ll9pf,gnn-cluster-worker2,scheduled_on,1.0
1774398770,workload-generator-667dc97f4f-67vch,gnn-cluster-worker3,scheduled_on,1.0
1774398800,backend-api-669d9964b8-b8qkw,gnn-cluster-worker2,scheduled_on,1.0
1774398800,backend-api-669d9964b8-qblwm,gnn-cluster-worker3,scheduled_on,1.0
1774398800,cpu-stressor-74d6ffcfc4-gghxs,gnn-cluster-worker,scheduled_on,1.0
1774398800,frontend-7868f8655b-25dwq,gnn-cluster-worker,scheduled_on,1.0
1774398800,frontend-7868f8655b-vqjvm,gnn-cluster-worker3,scheduled_on,1.0
1774398800,redis-cache-67d574b944-ll9pf,gnn-cluster-worker2,scheduled_on,1.0
1774398800,workload-generator-667dc97f4f-67vch,gnn-cluster-worker3,scheduled_on,1.0
1774398830,backend-api-669d9964b8-b8qkw,gnn-cluster-worker2,scheduled_on,1.0
1774398830,backend-api-669d9964b8-qblwm,gnn-cluster-worker3,scheduled_on,1.0
1774398830,cpu-stressor-74d6ffcfc4-gghxs,gnn-cluster-worker,scheduled_on,1.0
1774398830,frontend-7868f8655b-25dwq,gnn-cluster-worker,scheduled_on,1.0
1774398830,frontend-7868f8655b-vqjvm,gnn-cluster-worker3,scheduled_on,1.0
1774398830,redis-cache-67d574b944-ll9pf,gnn-cluster-worker2,scheduled_on,1.0
1774398830,workload-generator-667dc97f4f-67vch,gnn-cluster-worker3,scheduled_on,1.0
1774398860,backend-api-669d9964b8-b8qkw,gnn-cluster-worker2,scheduled_on,1.0
1774398860,backend-api-669d9964b8-qblwm,gnn-cluster-worker3,scheduled_on,1.0
1774398860,cpu-stressor-74d6ffcfc4-gghxs,gnn-cluster-worker,scheduled_on,1.0
1774398860,frontend-7868f8655b-25dwq,gnn-cluster-worker,scheduled_on,1.0
1774398860,frontend-7868f8655b-vqjvm,gnn-cluster-worker3,scheduled_on,1.0
1774398860,redis-cache-67d574b944-ll9pf,gnn-cluster-worker2,scheduled_on,1.0
1774398860,workload-generator-667dc97f4f-67vch,gnn-cluster-worker3,scheduled_on,1.0
1774398890,backend-api-669d9964b8-b8qkw,gnn-cluster-worker2,scheduled_on,1.0
1774398890,backend-api-669d9964b8-qblwm,gnn-cluster-worker3,scheduled_on,1.0
1774398890,cpu-stressor-74d6ffcfc4-gghxs,gnn-cluster-worker,scheduled_on,1.0
1774398890,frontend-7868f8655b-25dwq,gnn-cluster-worker,scheduled_on,1.0
1774398890,frontend-7868f8655b-vqjvm,gnn-cluster-worker3,scheduled_on,1.0
1774398890,redis-cache-67d574b944-ll9pf,gnn-cluster-worker2,scheduled_on,1.0
1774398890,workload-generator-667dc97f4f-67vch,gnn-cluster-worker3,scheduled_on,1.0
1774398920,backend-api-669d9964b8-b8qkw,gnn-cluster-worker2,scheduled_on,1.0
1774398920,backend-api-669d9964b8-qblwm,gnn-cluster-worker3,scheduled_on,1.0
1774398920,cpu-stressor-74d6ffcfc4-gghxs,gnn-cluster-worker,scheduled_on,1.0
1774398920,frontend-7868f8655b-25dwq,gnn-cluster-worker,scheduled_on,1.0
1774398920,frontend-7868f8655b-vqjvm,gnn-cluster-worker3,scheduled_on,1.0
1774398920,redis-cache-67d574b944-ll9pf,gnn-cluster-worker2,scheduled_on,1.0
1774398920,workload-generator-667dc97f4f-67vch,gnn-cluster-worker3,scheduled_on,1.0
1774398951,backend-api-669d9964b8-b8qkw,gnn-cluster-worker2,scheduled_on,1.0
1774398951,backend-api-669d9964b8-qblwm,gnn-cluster-worker3,scheduled_on,1.0
1774398951,cpu-stressor-74d6ffcfc4-gghxs,gnn-cluster-worker,scheduled_on,1.0
1774398951,frontend-7868f8655b-25dwq,gnn-cluster-worker,scheduled_on,1.0
1774398951,frontend-7868f8655b-vqjvm,gnn-cluster-worker3,scheduled_on,1.0
1774398951,redis-cache-67d574b944-ll9pf,gnn-cluster-worker2,scheduled_on,1.0
1774398951,workload-generator-667dc97f4f-67vch,gnn-cluster-worker3,scheduled_on,1.0
1774398981,backend-api-669d9964b8-b8qkw,gnn-cluster-worker2,scheduled_on,1.0
1774398981,backend-api-669d9964b8-qblwm,gnn-cluster-worker3,scheduled_on,1.0
1774398981,cpu-stressor-74d6ffcfc4-gghxs,gnn-cluster-worker,scheduled_on,1.0
1774398981,frontend-7868f8655b-25dwq,gnn-cluster-worker,scheduled_on,1.0
1774398981,frontend-7868f8655b-vqjvm,gnn-cluster-worker3,scheduled_on,1.0
1774398981,redis-cache-67d574b944-ll9pf,gnn-cluster-worker2,scheduled_on,1.0
1774398981,workload-generator-667dc97f4f-67vch,gnn-cluster-worker3,scheduled_on,1.0
1774399011,backend-api-669d9964b8-b8qkw,gnn-cluster-worker2,scheduled_on,1.0
1774399011,backend-api-669d9964b8-qblwm,gnn-cluster-worker3,scheduled_on,1.0
1774399011,cpu-stressor-74d6ffcfc4-gghxs,gnn-cluster-worker,scheduled_on,1.0
1774399011,frontend-7868f8655b-25dwq,gnn-cluster-worker,scheduled_on,1.0
1774399011,frontend-7868f8655b-vqjvm,gnn-cluster-worker3,scheduled_on,1.0
1774399011,redis-cache-67d574b944-ll9pf,gnn-cluster-worker2,scheduled_on,1.0
1774399011,workload-generator-667dc97f4f-67vch,gnn-cluster-worker3,scheduled_on,1.0
1774399041,backend-api-669d9964b8-b8qkw,gnn-cluster-worker2,scheduled_on,1.0
1774399041,backend-api-669d9964b8-qblwm,gnn-cluster-worker3,scheduled_on,1.0
1774399041,cpu-stressor-74d6ffcfc4-gghxs,gnn-cluster-worker,scheduled_on,1.0
1774399041,frontend-7868f8655b-25dwq,gnn-cluster-worker,scheduled_on,1.0
1774399041,frontend-7868f8655b-vqjvm,gnn-cluster-worker3,scheduled_on,1.0
1774399041,redis-cache-67d574b944-ll9pf,gnn-cluster-worker2,scheduled_on,1.0
1774399041,workload-generator-667dc97f4f-67vch,gnn-cluster-worker3,scheduled_on,1.0
1774399071,backend-api-669d9964b8-b8qkw,gnn-cluster-worker2,scheduled_on,1.0
1774399071,backend-api-669d9964b8-qblwm,gnn-cluster-worker3,scheduled_on,1.0
1774399071,cpu-stressor-74d6ffcfc4-gghxs,gnn-cluster-worker,scheduled_on,1.0
1774399071,frontend-7868f8655b-25dwq,gnn-cluster-worker,scheduled_on,1.0
1774399071,frontend-7868f8655b-vqjvm,gnn-cluster-worker3,scheduled_on,1.0
1774399071,redis-cache-67d574b944-ll9pf,gnn-cluster-worker2,scheduled_on,1.0
1774399071,workload-generator-667dc97f4f-67vch,gnn-cluster-worker3,scheduled_on,1.0
1774399101,backend-api-669d9964b8-b8qkw,gnn-cluster-worker2,scheduled_on,1.0
1774399101,backend-api-669d9964b8-qblwm,gnn-cluster-worker3,scheduled_on,1.0
1774399101,cpu-stressor-74d6ffcfc4-gghxs,gnn-cluster-worker,scheduled_on,1.0
1774399101,frontend-7868f8655b-25dwq,gnn-cluster-worker,scheduled_on,1.0
1774399101,frontend-7868f8655b-vqjvm,gnn-cluster-worker3,scheduled_on,1.0
1774399101,redis-cache-67d574b944-ll9pf,gnn-cluster-worker2,scheduled_on,1.0
1774399101,workload-generator-667dc97f4f-67vch,gnn-cluster-worker3,scheduled_on,1.0
1774399131,backend-api-669d9964b8-b8qkw,gnn-cluster-worker2,scheduled_on,1.0
1774399131,backend-api-669d9964b8-qblwm,gnn-cluster-worker3,scheduled_on,1.0
1774399131,cpu-stressor-74d6ffcfc4-gghxs,gnn-cluster-worker,scheduled_on,1.0
1774399131,frontend-7868f8655b-25dwq,gnn-cluster-worker,scheduled_on,1.0
1774399131,frontend-7868f8655b-vqjvm,gnn-cluster-worker3,scheduled_on,1.0
1774399131,redis-cache-67d574b944-ll9pf,gnn-cluster-worker2,scheduled_on,1.0
1774399131,workload-generator-667dc97f4f-67vch,gnn-cluster-worker3,scheduled_on,1.0
1774399161,backend-api-669d9964b8-b8qkw,gnn-cluster-worker2,scheduled_on,1.0
1774399161,backend-api-669d9964b8-qblwm,gnn-cluster-worker3,scheduled_on,1.0
1774399161,cpu-stressor-74d6ffcfc4-gghxs,gnn-cluster-worker,scheduled_on,1.0
1774399161,frontend-7868f8655b-25dwq,gnn-cluster-worker,scheduled_on,1.0
1774399161,frontend-7868f8655b-vqjvm,gnn-cluster-worker3,scheduled_on,1.0
1774399161,redis-cache-67d574b944-ll9pf,gnn-cluster-worker2,scheduled_on,1.0
1774399161,workload-generator-667dc97f4f-67vch,gnn-cluster-worker3,scheduled_on,1.0
1774399191,backend-api-669d9964b8-b8qkw,gnn-cluster-worker2,scheduled_on,1.0
1774399191,backend-api-669d9964b8-qblwm,gnn-cluster-worker3,scheduled_on,1.0
1774399191,cpu-stressor-74d6ffcfc4-gghxs,gnn-cluster-worker,scheduled_on,1.0
1774399191,frontend-7868f8655b-25dwq,gnn-cluster-worker,scheduled_on,1.0
1774399191,frontend-7868f8655b-vqjvm,gnn-cluster-worker3,scheduled_on,1.0
1774399191,redis-cache-67d574b944-ll9pf,gnn-cluster-worker2,scheduled_on,1.0
1774399191,workload-generator-667dc97f4f-67vch,gnn-cluster-worker3,scheduled_on,1.0
1774399221,backend-api-669d9964b8-b8qkw,gnn-cluster-worker2,scheduled_on,1.0
1774399221,backend-api-669d9964b8-qblwm,gnn-cluster-worker3,scheduled_on,1.0
1774399221,cpu-stressor-74d6ffcfc4-gghxs,gnn-cluster-worker,scheduled_on,1.0
1774399221,frontend-7868f8655b-25dwq,gnn-cluster-worker,scheduled_on,1.0
1774399221,frontend-7868f8655b-vqjvm,gnn-cluster-worker3,scheduled_on,1.0
1774399221,redis-cache-67d574b944-ll9pf,gnn-cluster-worker2,scheduled_on,1.0
1774399221,workload-generator-667dc97f4f-67vch,gnn-cluster-worker3,scheduled_on,1.0
1774399251,backend-api-669d9964b8-b8qkw,gnn-cluster-worker2,scheduled_on,1.0
1774399251,backend-api-669d9964b8-qblwm,gnn-cluster-worker3,scheduled_on,1.0
1774399251,cpu-stressor-74d6ffcfc4-gghxs,gnn-cluster-worker,scheduled_on,1.0
1774399251,frontend-7868f8655b-25dwq,gnn-cluster-worker,scheduled_on,1.0
1774399251,frontend-7868f8655b-vqjvm,gnn-cluster-worker3,scheduled_on,1.0
1774399251,redis-cache-67d574b944-ll9pf,gnn-cluster-worker2,scheduled_on,1.0
1774399251,workload-generator-667dc97f4f-67vch,gnn-cluster-worker3,scheduled_on,1.0
1774399281,backend-api-669d9964b8-b8qkw,gnn-cluster-worker2,scheduled_on,1.0
1774399281,backend-api-669d9964b8-qblwm,gnn-cluster-worker3,scheduled_on,1.0
1774399281,cpu-stressor-74d6ffcfc4-gghxs,gnn-cluster-worker,scheduled_on,1.0
1774399281,frontend-7868f8655b-25dwq,gnn-cluster-worker,scheduled_on,1.0
1774399281,frontend-7868f8655b-vqjvm,gnn-cluster-worker3,scheduled_on,1.0
1774399281,redis-cache-67d574b944-ll9pf,gnn-cluster-worker2,scheduled_on,1.0
1774399281,workload-generator-667dc97f4f-67vch,gnn-cluster-worker3,scheduled_on,1.0
1774399311,backend-api-669d9964b8-b8qkw,gnn-cluster-worker2,scheduled_on,1.0
1774399311,backend-api-669d9964b8-qblwm,gnn-cluster-worker3,scheduled_on,1.0
1774399311,cpu-stressor-74d6ffcfc4-gghxs,gnn-cluster-worker,scheduled_on,1.0
1774399311,frontend-7868f8655b-25dwq,gnn-cluster-worker,scheduled_on,1.0
1774399311,frontend-7868f8655b-vqjvm,gnn-cluster-worker3,scheduled_on,1.0
1774399311,redis-cache-67d574b944-ll9pf,gnn-cluster-worker2,scheduled_on,1.0
1774399311,workload-generator-667dc97f4f-67vch,gnn-cluster-worker3,scheduled_on,1.0
1774399341,backend-api-669d9964b8-b8qkw,gnn-cluster-worker2,scheduled_on,1.0
1774399341,backend-api-669d9964b8-qblwm,gnn-cluster-worker3,scheduled_on,1.0
1774399341,cpu-stressor-74d6ffcfc4-gghxs,gnn-cluster-worker,scheduled_on,1.0
1774399341,frontend-7868f8655b-25dwq,gnn-cluster-worker,scheduled_on,1.0
1774399341,frontend-7868f8655b-vqjvm,gnn-cluster-worker3,scheduled_on,1.0
1774399341,redis-cache-67d574b944-ll9pf,gnn-cluster-worker2,scheduled_on,1.0
1774399341,workload-generator-667dc97f4f-67vch,gnn-cluster-worker3,scheduled_on,1.0
1774399371,backend-api-669d9964b8-b8qkw,gnn-cluster-worker2,scheduled_on,1.0
1774399371,backend-api-669d9964b8-qblwm,gnn-cluster-worker3,scheduled_on,1.0
1774399371,cpu-stressor-74d6ffcfc4-gghxs,gnn-cluster-worker,scheduled_on,1.0
1774399371,frontend-7868f8655b-25dwq,gnn-cluster-worker,scheduled_on,1.0
1774399371,frontend-7868f8655b-vqjvm,gnn-cluster-worker3,scheduled_on,1.0
1774399371,redis-cache-67d574b944-ll9pf,gnn-cluster-worker2,scheduled_on,1.0
1774399371,workload-generator-667dc97f4f-67vch,gnn-cluster-worker3,scheduled_on,1.0
1774399401,backend-api-669d9964b8-b8qkw,gnn-cluster-worker2,scheduled_on,1.0
1774399401,backend-api-669d9964b8-qblwm,gnn-cluster-worker3,scheduled_on,1.0
1774399401,cpu-stressor-74d6ffcfc4-gghxs,gnn-cluster-worker,scheduled_on,1.0
1774399401,frontend-7868f8655b-25dwq,gnn-cluster-worker,scheduled_on,1.0
1774399401,frontend-7868f8655b-vqjvm,gnn-cluster-worker3,scheduled_on,1.0
1774399401,redis-cache-67d574b944-ll9pf,gnn-cluster-worker2,scheduled_on,1.0
1774399401,workload-generator-667dc97f4f-67vch,gnn-cluster-worker3,scheduled_on,1.0
1774399431,backend-api-669d9964b8-b8qkw,gnn-cluster-worker2,scheduled_on,1.0
1774399431,backend-api-669d9964b8-qblwm,gnn-cluster-worker3,scheduled_on,1.0
1774399431,cpu-stressor-74d6ffcfc4-gghxs,gnn-cluster-worker,scheduled_on,1.0
1774399431,frontend-7868f8655b-25dwq,gnn-cluster-worker,scheduled_on,1.0
1774399431,frontend-7868f8655b-vqjvm,gnn-cluster-worker3,scheduled_on,1.0
1774399431,redis-cache-67d574b944-ll9pf,gnn-cluster-worker2,scheduled_on,1.0
1774399431,workload-generator-667dc97f4f-67vch,gnn-cluster-worker3,scheduled_on,1.0
1774399462,backend-api-669d9964b8-b8qkw,gnn-cluster-worker2,scheduled_on,1.0
1774399462,backend-api-669d9964b8-qblwm,gnn-cluster-worker3,scheduled_on,1.0
1774399462,cpu-stressor-74d6ffcfc4-gghxs,gnn-cluster-worker,scheduled_on,1.0
1774399462,frontend-7868f8655b-25dwq,gnn-cluster-worker,scheduled_on,1.0
1774399462,frontend-7868f8655b-vqjvm,gnn-cluster-worker3,scheduled_on,1.0
1774399462,redis-cache-67d574b944-ll9pf,gnn-cluster-worker2,scheduled_on,1.0
1774399462,workload-generator-667dc97f4f-67vch,gnn-cluster-worker3,scheduled_on,1.0
1774399492,backend-api-669d9964b8-b8qkw,gnn-cluster-worker2,scheduled_on,1.0
1774399492,backend-api-669d9964b8-qblwm,gnn-cluster-worker3,scheduled_on,1.0
1774399492,cpu-stressor-74d6ffcfc4-gghxs,gnn-cluster-worker,scheduled_on,1.0
1774399492,frontend-7868f8655b-25dwq,gnn-cluster-worker,scheduled_on,1.0
1774399492,frontend-7868f8655b-vqjvm,gnn-cluster-worker3,scheduled_on,1.0
1774399492,redis-cache-67d574b944-ll9pf,gnn-cluster-worker2,scheduled_on,1.0
1774399492,workload-generator-667dc97f4f-67vch,gnn-cluster-worker3,scheduled_on,1.0
1774399522,backend-api-669d9964b8-b8qkw,gnn-cluster-worker2,scheduled_on,1.0
1774399522,backend-api-669d9964b8-qblwm,gnn-cluster-worker3,scheduled_on,1.0
1774399522,cpu-stressor-74d6ffcfc4-gghxs,gnn-cluster-worker,scheduled_on,1.0
1774399522,frontend-7868f8655b-25dwq,gnn-cluster-worker,scheduled_on,1.0
1774399522,frontend-7868f8655b-vqjvm,gnn-cluster-worker3,scheduled_on,1.0
1774399522,redis-cache-67d574b944-ll9pf,gnn-cluster-worker2,scheduled_on,1.0
1774399522,workload-generator-667dc97f4f-67vch,gnn-cluster-worker3,scheduled_on,1.0
1774399552,backend-api-669d9964b8-b8qkw,gnn-cluster-worker2,scheduled_on,1.0
1774399552,backend-api-669d9964b8-qblwm,gnn-cluster-worker3,scheduled_on,1.0
1774399552,cpu-stressor-74d6ffcfc4-gghxs,gnn-cluster-worker,scheduled_on,1.0
1774399552,frontend-7868f8655b-25dwq,gnn-cluster-worker,scheduled_on,1.0
1774399552,frontend-7868f8655b-vqjvm,gnn-cluster-worker3,scheduled_on,1.0
1774399552,redis-cache-67d574b944-ll9pf,gnn-cluster-worker2,scheduled_on,1.0
1774399552,workload-generator-667dc97f4f-67vch,gnn-cluster-worker3,scheduled_on,1.0
1774399582,backend-api-669d9964b8-b8qkw,gnn-cluster-worker2,scheduled_on,1.0
1774399582,backend-api-669d9964b8-qblwm,gnn-cluster-worker3,scheduled_on,1.0
1774399582,cpu-stressor-74d6ffcfc4-gghxs,gnn-cluster-worker,scheduled_on,1.0
1774399582,frontend-7868f8655b-25dwq,gnn-cluster-worker,scheduled_on,1.0
1774399582,frontend-7868f8655b-vqjvm,gnn-cluster-worker3,scheduled_on,1.0
1774399582,redis-cache-67d574b944-ll9pf,gnn-cluster-worker2,scheduled_on,1.0
1774399582,workload-generator-667dc97f4f-67vch,gnn-cluster-worker3,scheduled_on,1.0
1774399612,backend-api-669d9964b8-b8qkw,gnn-cluster-worker2,scheduled_on,1.0
1774399612,backend-api-669d9964b8-qblwm,gnn-cluster-worker3,scheduled_on,1.0
1774399612,cpu-stressor-74d6ffcfc4-gghxs,gnn-cluster-worker,scheduled_on,1.0
1774399612,frontend-7868f8655b-25dwq,gnn-cluster-worker,scheduled_on,1.0
1774399612,frontend-7868f8655b-vqjvm,gnn-cluster-worker3,scheduled_on,1.0
1774399612,redis-cache-67d574b944-ll9pf,gnn-cluster-worker2,scheduled_on,1.0
1774399612,workload-generator-667dc97f4f-67vch,gnn-cluster-worker3,scheduled_on,1.0
1774399642,backend-api-669d9964b8-b8qkw,gnn-cluster-worker2,scheduled_on,1.0
1774399642,backend-api-669d9964b8-qblwm,gnn-cluster-worker3,scheduled_on,1.0
1774399642,cpu-stressor-74d6ffcfc4-gghxs,gnn-cluster-worker,scheduled_on,1.0
1774399642,frontend-7868f8655b-25dwq,gnn-cluster-worker,scheduled_on,1.0
1774399642,frontend-7868f8655b-vqjvm,gnn-cluster-worker3,scheduled_on,1.0
1774399642,redis-cache-67d574b944-ll9pf,gnn-cluster-worker2,scheduled_on,1.0
1774399642,workload-generator-667dc97f4f-67vch,gnn-cluster-worker3,scheduled_on,1.0
1774399672,backend-api-669d9964b8-b8qkw,gnn-cluster-worker2,scheduled_on,1.0
1774399672,backend-api-669d9964b8-qblwm,gnn-cluster-worker3,scheduled_on,1.0
1774399672,cpu-stressor-74d6ffcfc4-gghxs,gnn-cluster-worker,scheduled_on,1.0
1774399672,frontend-7868f8655b-25dwq,gnn-cluster-worker,scheduled_on,1.0
1774399672,frontend-7868f8655b-vqjvm,gnn-cluster-worker3,scheduled_on,1.0
1774399672,redis-cache-67d574b944-ll9pf,gnn-cluster-worker2,scheduled_on,1.0
1774399672,workload-generator-667dc97f4f-67vch,gnn-cluster-worker3,scheduled_on,1.0
1774399702,backend-api-669d9964b8-b8qkw,gnn-cluster-worker2,scheduled_on,1.0
1774399702,backend-api-669d9964b8-qblwm,gnn-cluster-worker3,scheduled_on,1.0
1774399702,cpu-stressor-74d6ffcfc4-gghxs,gnn-cluster-worker,scheduled_on,1.0
1774399702,frontend-7868f8655b-25dwq,gnn-cluster-worker,scheduled_on,1.0
1774399702,frontend-7868f8655b-vqjvm,gnn-cluster-worker3,scheduled_on,1.0
1774399702,redis-cache-67d574b944-ll9pf,gnn-cluster-worker2,scheduled_on,1.0
1774399702,workload-generator-667dc97f4f-67vch,gnn-cluster-worker3,scheduled_on,1.0
1774399732,backend-api-669d9964b8-b8qkw,gnn-cluster-worker2,scheduled_on,1.0
1774399732,backend-api-669d9964b8-qblwm,gnn-cluster-worker3,scheduled_on,1.0
1774399732,cpu-stressor-74d6ffcfc4-gghxs,gnn-cluster-worker,scheduled_on,1.0
1774399732,frontend-7868f8655b-25dwq,gnn-cluster-worker,scheduled_on,1.0
1774399732,frontend-7868f8655b-vqjvm,gnn-cluster-worker3,scheduled_on,1.0
1774399732,redis-cache-67d574b944-ll9pf,gnn-cluster-worker2,scheduled_on,1.0
1774399732,workload-generator-667dc97f4f-67vch,gnn-cluster-worker3,scheduled_on,1.0
1774399762,backend-api-669d9964b8-b8qkw,gnn-cluster-worker2,scheduled_on,1.0
1774399762,backend-api-669d9964b8-qblwm,gnn-cluster-worker3,scheduled_on,1.0
1774399762,cpu-stressor-74d6ffcfc4-gghxs,gnn-cluster-worker,scheduled_on,1.0
1774399762,frontend-7868f8655b-25dwq,gnn-cluster-worker,scheduled_on,1.0
1774399762,frontend-7868f8655b-vqjvm,gnn-cluster-worker3,scheduled_on,1.0
1774399762,redis-cache-67d574b944-ll9pf,gnn-cluster-worker2,scheduled_on,1.0
1774399762,workload-generator-667dc97f4f-67vch,gnn-cluster-worker3,scheduled_on,1.0
1774399792,backend-api-669d9964b8-b8qkw,gnn-cluster-worker2,scheduled_on,1.0
1774399792,backend-api-669d9964b8-qblwm,gnn-cluster-worker3,scheduled_on,1.0
1774399792,cpu-stressor-74d6ffcfc4-gghxs,gnn-cluster-worker,scheduled_on,1.0
1774399792,frontend-7868f8655b-25dwq,gnn-cluster-worker,scheduled_on,1.0
1774399792,frontend-7868f8655b-vqjvm,gnn-cluster-worker3,scheduled_on,1.0
1774399792,redis-cache-67d574b944-ll9pf,gnn-cluster-worker2,scheduled_on,1.0
1774399792,workload-generator-667dc97f4f-67vch,gnn-cluster-worker3,scheduled_on,1.0
1774399822,backend-api-669d9964b8-b8qkw,gnn-cluster-worker2,scheduled_on,1.0
1774399822,backend-api-669d9964b8-qblwm,gnn-cluster-worker3,scheduled_on,1.0
1774399822,cpu-stressor-74d6ffcfc4-gghxs,gnn-cluster-worker,scheduled_on,1.0
1774399822,frontend-7868f8655b-25dwq,gnn-cluster-worker,scheduled_on,1.0
1774399822,frontend-7868f8655b-vqjvm,gnn-cluster-worker3,scheduled_on,1.0
1774399822,redis-cache-67d574b944-ll9pf,gnn-cluster-worker2,scheduled_on,1.0
1774399822,workload-generator-667dc97f4f-67vch,gnn-cluster-worker3,scheduled_on,1.0
1774399852,backend-api-669d9964b8-b8qkw,gnn-cluster-worker2,scheduled_on,1.0
1774399852,backend-api-669d9964b8-qblwm,gnn-cluster-worker3,scheduled_on,1.0
1774399852,cpu-stressor-74d6ffcfc4-gghxs,gnn-cluster-worker,scheduled_on,1.0
1774399852,frontend-7868f8655b-25dwq,gnn-cluster-worker,scheduled_on,1.0
1774399852,frontend-7868f8655b-vqjvm,gnn-cluster-worker3,scheduled_on,1.0
1774399852,redis-cache-67d574b944-ll9pf,gnn-cluster-worker2,scheduled_on,1.0
1774399852,workload-generator-667dc97f4f-67vch,gnn-cluster-worker3,scheduled_on,1.0
1774399884,backend-api-669d9964b8-b8qkw,gnn-cluster-worker2,scheduled_on,1.0
1774399884,backend-api-669d9964b8-qblwm,gnn-cluster-worker3,scheduled_on,1.0
1774399884,cpu-stressor-74d6ffcfc4-gghxs,gnn-cluster-worker,scheduled_on,1.0
1774399884,frontend-7868f8655b-25dwq,gnn-cluster-worker,scheduled_on,1.0
1774399884,frontend-7868f8655b-vqjvm,gnn-cluster-worker3,scheduled_on,1.0
1774399884,redis-cache-67d574b944-ll9pf,gnn-cluster-worker2,scheduled_on,1.0
1774399884,workload-generator-667dc97f4f-67vch,gnn-cluster-worker3,scheduled_on,1.0
1774399914,backend-api-669d9964b8-b8qkw,gnn-cluster-worker2,scheduled_on,1.0
1774399914,backend-api-669d9964b8-qblwm,gnn-cluster-worker3,scheduled_on,1.0
1774399914,cpu-stressor-74d6ffcfc4-gghxs,gnn-cluster-worker,scheduled_on,1.0
1774399914,frontend-7868f8655b-25dwq,gnn-cluster-worker,scheduled_on,1.0
1774399914,frontend-7868f8655b-vqjvm,gnn-cluster-worker3,scheduled_on,1.0
1774399914,redis-cache-67d574b944-ll9pf,gnn-cluster-worker2,scheduled_on,1.0
1774399914,workload-generator-667dc97f4f-67vch,gnn-cluster-worker3,scheduled_on,1.0
1774399944,backend-api-669d9964b8-b8qkw,gnn-cluster-worker2,scheduled_on,1.0
1774399944,backend-api-669d9964b8-qblwm,gnn-cluster-worker3,scheduled_on,1.0
1774399944,cpu-stressor-74d6ffcfc4-gghxs,gnn-cluster-worker,scheduled_on,1.0
1774399944,frontend-7868f8655b-25dwq,gnn-cluster-worker,scheduled_on,1.0
1774399944,frontend-7868f8655b-vqjvm,gnn-cluster-worker3,scheduled_on,1.0
1774399944,redis-cache-67d574b944-ll9pf,gnn-cluster-worker2,scheduled_on,1.0
1774399944,workload-generator-667dc97f4f-67vch,gnn-cluster-worker3,scheduled_on,1.0
1774399975,backend-api-669d9964b8-b8qkw,gnn-cluster-worker2,scheduled_on,1.0
1774399975,backend-api-669d9964b8-qblwm,gnn-cluster-worker3,scheduled_on,1.0
1774399975,cpu-stressor-74d6ffcfc4-gghxs,gnn-cluster-worker,scheduled_on,1.0
1774399975,frontend-7868f8655b-25dwq,gnn-cluster-worker,scheduled_on,1.0
1774399975,frontend-7868f8655b-vqjvm,gnn-cluster-worker3,scheduled_on,1.0
1774399975,redis-cache-67d574b944-ll9pf,gnn-cluster-worker2,scheduled_on,1.0
1774399975,workload-generator-667dc97f4f-67vch,gnn-cluster-worker3,scheduled_on,1.0
1774400005,backend-api-669d9964b8-b8qkw,gnn-cluster-worker2,scheduled_on,1.0
1774400005,backend-api-669d9964b8-qblwm,gnn-cluster-worker3,scheduled_on,1.0
1774400005,cpu-stressor-74d6ffcfc4-gghxs,gnn-cluster-worker,scheduled_on,1.0
1774400005,frontend-7868f8655b-25dwq,gnn-cluster-worker,scheduled_on,1.0
1774400005,frontend-7868f8655b-vqjvm,gnn-cluster-worker3,scheduled_on,1.0
1774400005,redis-cache-67d574b944-ll9pf,gnn-cluster-worker2,scheduled_on,1.0
1774400005,workload-generator-667dc97f4f-67vch,gnn-cluster-worker3,scheduled_on,1.0
1774400035,backend-api-669d9964b8-b8qkw,gnn-cluster-worker2,scheduled_on,1.0
1774400035,backend-api-669d9964b8-qblwm,gnn-cluster-worker3,scheduled_on,1.0
1774400035,cpu-stressor-74d6ffcfc4-gghxs,gnn-cluster-worker,scheduled_on,1.0
1774400035,frontend-7868f8655b-25dwq,gnn-cluster-worker,scheduled_on,1.0
1774400035,frontend-7868f8655b-vqjvm,gnn-cluster-worker3,scheduled_on,1.0
1774400035,redis-cache-67d574b944-ll9pf,gnn-cluster-worker2,scheduled_on,1.0
1774400035,workload-generator-667dc97f4f-67vch,gnn-cluster-worker3,scheduled_on,1.0
1774400065,backend-api-669d9964b8-b8qkw,gnn-cluster-worker2,scheduled_on,1.0
1774400065,backend-api-669d9964b8-qblwm,gnn-cluster-worker3,scheduled_on,1.0
1774400065,cpu-stressor-74d6ffcfc4-gghxs,gnn-cluster-worker,scheduled_on,1.0
1774400065,frontend-7868f8655b-25dwq,gnn-cluster-worker,scheduled_on,1.0
1774400065,frontend-7868f8655b-vqjvm,gnn-cluster-worker3,scheduled_on,1.0
1774400065,redis-cache-67d574b944-ll9pf,gnn-cluster-worker2,scheduled_on,1.0
1774400065,workload-generator-667dc97f4f-67vch,gnn-cluster-worker3,scheduled_on,1.0
1774400095,backend-api-669d9964b8-b8qkw,gnn-cluster-worker2,scheduled_on,1.0
1774400095,backend-api-669d9964b8-qblwm,gnn-cluster-worker3,scheduled_on,1.0
1774400095,cpu-stressor-74d6ffcfc4-gghxs,gnn-cluster-worker,scheduled_on,1.0
1774400095,frontend-7868f8655b-25dwq,gnn-cluster-worker,scheduled_on,1.0
1774400095,frontend-7868f8655b-vqjvm,gnn-cluster-worker3,scheduled_on,1.0
1774400095,redis-cache-67d574b944-ll9pf,gnn-cluster-worker2,scheduled_on,1.0
1774400095,workload-generator-667dc97f4f-67vch,gnn-cluster-worker3,scheduled_on,1.0
1774400125,backend-api-669d9964b8-b8qkw,gnn-cluster-worker2,scheduled_on,1.0
1774400125,backend-api-669d9964b8-qblwm,gnn-cluster-worker3,scheduled_on,1.0
1774400125,cpu-stressor-74d6ffcfc4-gghxs,gnn-cluster-worker,scheduled_on,1.0
1774400125,frontend-7868f8655b-25dwq,gnn-cluster-worker,scheduled_on,1.0
1774400125,frontend-7868f8655b-vqjvm,gnn-cluster-worker3,scheduled_on,1.0
1774400125,redis-cache-67d574b944-ll9pf,gnn-cluster-worker2,scheduled_on,1.0
1774400125,workload-generator-667dc97f4f-67vch,gnn-cluster-worker3,scheduled_on,1.0
1774400155,backend-api-669d9964b8-b8qkw,gnn-cluster-worker2,scheduled_on,1.0
1774400155,backend-api-669d9964b8-qblwm,gnn-cluster-worker3,scheduled_on,1.0
1774400155,cpu-stressor-74d6ffcfc4-gghxs,gnn-cluster-worker,scheduled_on,1.0
1774400155,frontend-7868f8655b-25dwq,gnn-cluster-worker,scheduled_on,1.0
1774400155,frontend-7868f8655b-vqjvm,gnn-cluster-worker3,scheduled_on,1.0
1774400155,redis-cache-67d574b944-ll9pf,gnn-cluster-worker2,scheduled_on,1.0
1774400155,workload-generator-667dc97f4f-67vch,gnn-cluster-worker3,scheduled_on,1.0
1774400185,backend-api-669d9964b8-b8qkw,gnn-cluster-worker2,scheduled_on,1.0
1774400185,backend-api-669d9964b8-qblwm,gnn-cluster-worker3,scheduled_on,1.0
1774400185,cpu-stressor-74d6ffcfc4-gghxs,gnn-cluster-worker,scheduled_on,1.0
1774400185,frontend-7868f8655b-25dwq,gnn-cluster-worker,scheduled_on,1.0
1774400185,frontend-7868f8655b-vqjvm,gnn-cluster-worker3,scheduled_on,1.0
1774400185,redis-cache-67d574b944-ll9pf,gnn-cluster-worker2,scheduled_on,1.0
1774400185,workload-generator-667dc97f4f-67vch,gnn-cluster-worker3,scheduled_on,1.0
1774400215,backend-api-669d9964b8-b8qkw,gnn-cluster-worker2,scheduled_on,1.0
1774400215,backend-api-669d9964b8-qblwm,gnn-cluster-worker3,scheduled_on,1.0
1774400215,cpu-stressor-74d6ffcfc4-gghxs,gnn-cluster-worker,scheduled_on,1.0
1774400215,frontend-7868f8655b-25dwq,gnn-cluster-worker,scheduled_on,1.0
1774400215,frontend-7868f8655b-vqjvm,gnn-cluster-worker3,scheduled_on,1.0
1774400215,redis-cache-67d574b944-ll9pf,gnn-cluster-worker2,scheduled_on,1.0
1774400215,workload-generator-667dc97f4f-67vch,gnn-cluster-worker3,scheduled_on,1.0
1774400245,backend-api-669d9964b8-b8qkw,gnn-cluster-worker2,scheduled_on,1.0
1774400245,backend-api-669d9964b8-qblwm,gnn-cluster-worker3,scheduled_on,1.0
1774400245,cpu-stressor-74d6ffcfc4-gghxs,gnn-cluster-worker,scheduled_on,1.0
1774400245,frontend-7868f8655b-25dwq,gnn-cluster-worker,scheduled_on,1.0
1774400245,frontend-7868f8655b-vqjvm,gnn-cluster-worker3,scheduled_on,1.0
1774400245,redis-cache-67d574b944-ll9pf,gnn-cluster-worker2,scheduled_on,1.0
1774400245,workload-generator-667dc97f4f-67vch,gnn-cluster-worker3,scheduled_on,1.0
1774400275,backend-api-669d9964b8-b8qkw,gnn-cluster-worker2,scheduled_on,1.0
1774400275,backend-api-669d9964b8-qblwm,gnn-cluster-worker3,scheduled_on,1.0
1774400275,cpu-stressor-74d6ffcfc4-gghxs,gnn-cluster-worker,scheduled_on,1.0
1774400275,frontend-7868f8655b-25dwq,gnn-cluster-worker,scheduled_on,1.0
1774400275,frontend-7868f8655b-vqjvm,gnn-cluster-worker3,scheduled_on,1.0
1774400275,redis-cache-67d574b944-ll9pf,gnn-cluster-worker2,scheduled_on,1.0
1774400275,workload-generator-667dc97f4f-67vch,gnn-cluster-worker3,scheduled_on,1.0
1774400305,backend-api-669d9964b8-b8qkw,gnn-cluster-worker2,scheduled_on,1.0
1774400305,backend-api-669d9964b8-qblwm,gnn-cluster-worker3,scheduled_on,1.0
1774400305,cpu-stressor-74d6ffcfc4-gghxs,gnn-cluster-worker,scheduled_on,1.0
1774400305,frontend-7868f8655b-25dwq,gnn-cluster-worker,scheduled_on,1.0
1774400305,frontend-7868f8655b-vqjvm,gnn-cluster-worker3,scheduled_on,1.0
1774400305,redis-cache-67d574b944-ll9pf,gnn-cluster-worker2,scheduled_on,1.0
1774400305,workload-generator-667dc97f4f-67vch,gnn-cluster-worker3,scheduled_on,1.0
1774400335,backend-api-669d9964b8-b8qkw,gnn-cluster-worker2,scheduled_on,1.0
1774400335,backend-api-669d9964b8-qblwm,gnn-cluster-worker3,scheduled_on,1.0
1774400335,cpu-stressor-74d6ffcfc4-gghxs,gnn-cluster-worker,scheduled_on,1.0
1774400335,frontend-7868f8655b-25dwq,gnn-cluster-worker,scheduled_on,1.0
1774400335,frontend-7868f8655b-vqjvm,gnn-cluster-worker3,scheduled_on,1.0
1774400335,redis-cache-67d574b944-ll9pf,gnn-cluster-worker2,scheduled_on,1.0
1774400335,workload-generator-667dc97f4f-67vch,gnn-cluster-worker3,scheduled_on,1.0
1774400365,backend-api-669d9964b8-b8qkw,gnn-cluster-worker2,scheduled_on,1.0
1774400365,backend-api-669d9964b8-qblwm,gnn-cluster-worker3,scheduled_on,1.0
1774400365,cpu-stressor-74d6ffcfc4-gghxs,gnn-cluster-worker,scheduled_on,1.0
1774400365,frontend-7868f8655b-25dwq,gnn-cluster-worker,scheduled_on,1.0
1774400365,frontend-7868f8655b-vqjvm,gnn-cluster-worker3,scheduled_on,1.0
1774400365,redis-cache-67d574b944-ll9pf,gnn-cluster-worker2,scheduled_on,1.0
1774400365,workload-generator-667dc97f4f-67vch,gnn-cluster-worker3,scheduled_on,1.0
1774400395,backend-api-669d9964b8-b8qkw,gnn-cluster-worker2,scheduled_on,1.0
1774400395,backend-api-669d9964b8-qblwm,gnn-cluster-worker3,scheduled_on,1.0
1774400395,cpu-stressor-74d6ffcfc4-gghxs,gnn-cluster-worker,scheduled_on,1.0
1774400395,frontend-7868f8655b-25dwq,gnn-cluster-worker,scheduled_on,1.0
1774400395,frontend-7868f8655b-vqjvm,gnn-cluster-worker3,scheduled_on,1.0
1774400395,redis-cache-67d574b944-ll9pf,gnn-cluster-worker2,scheduled_on,1.0
1774400395,workload-generator-667dc97f4f-67vch,gnn-cluster-worker3,scheduled_on,1.0
1774400425,backend-api-669d9964b8-b8qkw,gnn-cluster-worker2,scheduled_on,1.0
1774400425,backend-api-669d9964b8-qblwm,gnn-cluster-worker3,scheduled_on,1.0
1774400425,cpu-stressor-74d6ffcfc4-gghxs,gnn-cluster-worker,scheduled_on,1.0
1774400425,frontend-7868f8655b-25dwq,gnn-cluster-worker,scheduled_on,1.0
1774400425,frontend-7868f8655b-vqjvm,gnn-cluster-worker3,scheduled_on,1.0
1774400425,redis-cache-67d574b944-ll9pf,gnn-cluster-worker2,scheduled_on,1.0
1774400425,workload-generator-667dc97f4f-67vch,gnn-cluster-worker3,scheduled_on,1.0
1774400456,backend-api-669d9964b8-b8qkw,gnn-cluster-worker2,scheduled_on,1.0
1774400456,backend-api-669d9964b8-qblwm,gnn-cluster-worker3,scheduled_on,1.0
1774400456,cpu-stressor-74d6ffcfc4-gghxs,gnn-cluster-worker,scheduled_on,1.0
1774400456,frontend-7868f8655b-25dwq,gnn-cluster-worker,scheduled_on,1.0
1774400456,frontend-7868f8655b-vqjvm,gnn-cluster-worker3,scheduled_on,1.0
1774400456,redis-cache-67d574b944-ll9pf,gnn-cluster-worker2,scheduled_on,1.0
1774400456,workload-generator-667dc97f4f-67vch,gnn-cluster-worker3,scheduled_on,1.0
1774400486,backend-api-669d9964b8-b8qkw,gnn-cluster-worker2,scheduled_on,1.0
1774400486,backend-api-669d9964b8-qblwm,gnn-cluster-worker3,scheduled_on,1.0
1774400486,cpu-stressor-74d6ffcfc4-gghxs,gnn-cluster-worker,scheduled_on,1.0
1774400486,frontend-7868f8655b-25dwq,gnn-cluster-worker,scheduled_on,1.0
1774400486,frontend-7868f8655b-vqjvm,gnn-cluster-worker3,scheduled_on,1.0
1774400486,redis-cache-67d574b944-ll9pf,gnn-cluster-worker2,scheduled_on,1.0
1774400486,workload-generator-667dc97f4f-67vch,gnn-cluster-worker3,scheduled_on,1.0
1774400516,backend-api-669d9964b8-b8qkw,gnn-cluster-worker2,scheduled_on,1.0
1774400516,backend-api-669d9964b8-qblwm,gnn-cluster-worker3,scheduled_on,1.0
1774400516,cpu-stressor-74d6ffcfc4-gghxs,gnn-cluster-worker,scheduled_on,1.0
1774400516,frontend-7868f8655b-25dwq,gnn-cluster-worker,scheduled_on,1.0
1774400516,frontend-7868f8655b-vqjvm,gnn-cluster-worker3,scheduled_on,1.0
1774400516,redis-cache-67d574b944-ll9pf,gnn-cluster-worker2,scheduled_on,1.0
1774400516,workload-generator-667dc97f4f-67vch,gnn-cluster-worker3,scheduled_on,1.0
1774400546,backend-api-669d9964b8-b8qkw,gnn-cluster-worker2,scheduled_on,1.0
1774400546,backend-api-669d9964b8-qblwm,gnn-cluster-worker3,scheduled_on,1.0
1774400546,cpu-stressor-74d6ffcfc4-gghxs,gnn-cluster-worker,scheduled_on,1.0
1774400546,frontend-7868f8655b-25dwq,gnn-cluster-worker,scheduled_on,1.0
1774400546,frontend-7868f8655b-vqjvm,gnn-cluster-worker3,scheduled_on,1.0
1774400546,redis-cache-67d574b944-ll9pf,gnn-cluster-worker2,scheduled_on,1.0
1774400546,workload-generator-667dc97f4f-67vch,gnn-cluster-worker3,scheduled_on,1.0
1774400576,backend-api-669d9964b8-b8qkw,gnn-cluster-worker2,scheduled_on,1.0
1774400576,backend-api-669d9964b8-qblwm,gnn-cluster-worker3,scheduled_on,1.0
1774400576,cpu-stressor-74d6ffcfc4-gghxs,gnn-cluster-worker,scheduled_on,1.0
1774400576,frontend-7868f8655b-25dwq,gnn-cluster-worker,scheduled_on,1.0
1774400576,frontend-7868f8655b-vqjvm,gnn-cluster-worker3,scheduled_on,1.0
1774400576,redis-cache-67d574b944-ll9pf,gnn-cluster-worker2,scheduled_on,1.0
1774400576,workload-generator-667dc97f4f-67vch,gnn-cluster-worker3,scheduled_on,1.0
1774400606,backend-api-669d9964b8-b8qkw,gnn-cluster-worker2,scheduled_on,1.0
1774400606,backend-api-669d9964b8-qblwm,gnn-cluster-worker3,scheduled_on,1.0
1774400606,cpu-stressor-74d6ffcfc4-gghxs,gnn-cluster-worker,scheduled_on,1.0
1774400606,frontend-7868f8655b-25dwq,gnn-cluster-worker,scheduled_on,1.0
1774400606,frontend-7868f8655b-vqjvm,gnn-cluster-worker3,scheduled_on,1.0
1774400606,redis-cache-67d574b944-ll9pf,gnn-cluster-worker2,scheduled_on,1.0
1774400606,workload-generator-667dc97f4f-67vch,gnn-cluster-worker3,scheduled_on,1.0
1774400636,backend-api-669d9964b8-b8qkw,gnn-cluster-worker2,scheduled_on,1.0
1774400636,backend-api-669d9964b8-qblwm,gnn-cluster-worker3,scheduled_on,1.0
1774400636,cpu-stressor-74d6ffcfc4-gghxs,gnn-cluster-worker,scheduled_on,1.0
1774400636,frontend-7868f8655b-25dwq,gnn-cluster-worker,scheduled_on,1.0
1774400636,frontend-7868f8655b-vqjvm,gnn-cluster-worker3,scheduled_on,1.0
1774400636,redis-cache-67d574b944-ll9pf,gnn-cluster-worker2,scheduled_on,1.0
1774400636,workload-generator-667dc97f4f-67vch,gnn-cluster-worker3,scheduled_on,1.0
1774400666,backend-api-669d9964b8-b8qkw,gnn-cluster-worker2,scheduled_on,1.0
1774400666,backend-api-669d9964b8-qblwm,gnn-cluster-worker3,scheduled_on,1.0
1774400666,cpu-stressor-74d6ffcfc4-gghxs,gnn-cluster-worker,scheduled_on,1.0
1774400666,frontend-7868f8655b-25dwq,gnn-cluster-worker,scheduled_on,1.0
1774400666,frontend-7868f8655b-vqjvm,gnn-cluster-worker3,scheduled_on,1.0
1774400666,redis-cache-67d574b944-ll9pf,gnn-cluster-worker2,scheduled_on,1.0
1774400666,workload-generator-667dc97f4f-67vch,gnn-cluster-worker3,scheduled_on,1.0
1774400696,backend-api-669d9964b8-b8qkw,gnn-cluster-worker2,scheduled_on,1.0
1774400696,backend-api-669d9964b8-qblwm,gnn-cluster-worker3,scheduled_on,1.0
1774400696,cpu-stressor-74d6ffcfc4-gghxs,gnn-cluster-worker,scheduled_on,1.0
1774400696,frontend-7868f8655b-25dwq,gnn-cluster-worker,scheduled_on,1.0
1774400696,frontend-7868f8655b-vqjvm,gnn-cluster-worker3,scheduled_on,1.0
1774400696,redis-cache-67d574b944-ll9pf,gnn-cluster-worker2,scheduled_on,1.0
1774400696,workload-generator-667dc97f4f-67vch,gnn-cluster-worker3,scheduled_on,1.0
1774400726,backend-api-669d9964b8-b8qkw,gnn-cluster-worker2,scheduled_on,1.0
1774400726,backend-api-669d9964b8-qblwm,gnn-cluster-worker3,scheduled_on,1.0
1774400726,cpu-stressor-74d6ffcfc4-gghxs,gnn-cluster-worker,scheduled_on,1.0
1774400726,frontend-7868f8655b-25dwq,gnn-cluster-worker,scheduled_on,1.0
1774400726,frontend-7868f8655b-vqjvm,gnn-cluster-worker3,scheduled_on,1.0
1774400726,redis-cache-67d574b944-ll9pf,gnn-cluster-worker2,scheduled_on,1.0
1774400726,workload-generator-667dc97f4f-67vch,gnn-cluster-worker3,scheduled_on,1.0
1774400756,backend-api-669d9964b8-b8qkw,gnn-cluster-worker2,scheduled_on,1.0
1774400756,backend-api-669d9964b8-qblwm,gnn-cluster-worker3,scheduled_on,1.0
1774400756,cpu-stressor-74d6ffcfc4-gghxs,gnn-cluster-worker,scheduled_on,1.0
1774400756,frontend-7868f8655b-25dwq,gnn-cluster-worker,scheduled_on,1.0
1774400756,frontend-7868f8655b-vqjvm,gnn-cluster-worker3,scheduled_on,1.0
1774400756,redis-cache-67d574b944-ll9pf,gnn-cluster-worker2,scheduled_on,1.0
1774400756,workload-generator-667dc97f4f-67vch,gnn-cluster-worker3,scheduled_on,1.0
1774400786,backend-api-669d9964b8-b8qkw,gnn-cluster-worker2,scheduled_on,1.0
1774400786,backend-api-669d9964b8-qblwm,gnn-cluster-worker3,scheduled_on,1.0
1774400786,cpu-stressor-74d6ffcfc4-gghxs,gnn-cluster-worker,scheduled_on,1.0
1774400786,frontend-7868f8655b-25dwq,gnn-cluster-worker,scheduled_on,1.0
1774400786,frontend-7868f8655b-vqjvm,gnn-cluster-worker3,scheduled_on,1.0
1774400786,redis-cache-67d574b944-ll9pf,gnn-cluster-worker2,scheduled_on,1.0
1774400786,workload-generator-667dc97f4f-67vch,gnn-cluster-worker3,scheduled_on,1.0
1774400816,backend-api-669d9964b8-b8qkw,gnn-cluster-worker2,scheduled_on,1.0
1774400816,backend-api-669d9964b8-qblwm,gnn-cluster-worker3,scheduled_on,1.0
1774400816,cpu-stressor-74d6ffcfc4-gghxs,gnn-cluster-worker,scheduled_on,1.0
1774400816,frontend-7868f8655b-25dwq,gnn-cluster-worker,scheduled_on,1.0
1774400816,frontend-7868f8655b-vqjvm,gnn-cluster-worker3,scheduled_on,1.0
1774400816,redis-cache-67d574b944-ll9pf,gnn-cluster-worker2,scheduled_on,1.0
1774400816,workload-generator-667dc97f4f-67vch,gnn-cluster-worker3,scheduled_on,1.0
1774400846,backend-api-669d9964b8-b8qkw,gnn-cluster-worker2,scheduled_on,1.0
1774400846,backend-api-669d9964b8-qblwm,gnn-cluster-worker3,scheduled_on,1.0
1774400846,cpu-stressor-74d6ffcfc4-gghxs,gnn-cluster-worker,scheduled_on,1.0
1774400846,frontend-7868f8655b-25dwq,gnn-cluster-worker,scheduled_on,1.0
1774400846,frontend-7868f8655b-vqjvm,gnn-cluster-worker3,scheduled_on,1.0
1774400846,redis-cache-67d574b944-ll9pf,gnn-cluster-worker2,scheduled_on,1.0
1774400846,workload-generator-667dc97f4f-67vch,gnn-cluster-worker3,scheduled_on,1.0
1774400876,backend-api-669d9964b8-b8qkw,gnn-cluster-worker2,scheduled_on,1.0
1774400876,backend-api-669d9964b8-qblwm,gnn-cluster-worker3,scheduled_on,1.0
1774400876,cpu-stressor-74d6ffcfc4-gghxs,gnn-cluster-worker,scheduled_on,1.0
1774400876,frontend-7868f8655b-25dwq,gnn-cluster-worker,scheduled_on,1.0
1774400876,frontend-7868f8655b-vqjvm,gnn-cluster-worker3,scheduled_on,1.0
1774400876,redis-cache-67d574b944-ll9pf,gnn-cluster-worker2,scheduled_on,1.0
1774400876,workload-generator-667dc97f4f-67vch,gnn-cluster-worker3,scheduled_on,1.0
1774400907,backend-api-669d9964b8-b8qkw,gnn-cluster-worker2,scheduled_on,1.0
1774400907,backend-api-669d9964b8-qblwm,gnn-cluster-worker3,scheduled_on,1.0
1774400907,cpu-stressor-74d6ffcfc4-gghxs,gnn-cluster-worker,scheduled_on,1.0
1774400907,frontend-7868f8655b-25dwq,gnn-cluster-worker,scheduled_on,1.0
1774400907,frontend-7868f8655b-vqjvm,gnn-cluster-worker3,scheduled_on,1.0
1774400907,redis-cache-67d574b944-ll9pf,gnn-cluster-worker2,scheduled_on,1.0
1774400907,workload-generator-667dc97f4f-67vch,gnn-cluster-worker3,scheduled_on,1.0
1774400937,backend-api-669d9964b8-b8qkw,gnn-cluster-worker2,scheduled_on,1.0
1774400937,backend-api-669d9964b8-qblwm,gnn-cluster-worker3,scheduled_on,1.0
1774400937,cpu-stressor-74d6ffcfc4-gghxs,gnn-cluster-worker,scheduled_on,1.0
1774400937,frontend-7868f8655b-25dwq,gnn-cluster-worker,scheduled_on,1.0
1774400937,frontend-7868f8655b-vqjvm,gnn-cluster-worker3,scheduled_on,1.0
1774400937,redis-cache-67d574b944-ll9pf,gnn-cluster-worker2,scheduled_on,1.0
1774400937,workload-generator-667dc97f4f-67vch,gnn-cluster-worker3,scheduled_on,1.0
1774400967,backend-api-669d9964b8-b8qkw,gnn-cluster-worker2,scheduled_on,1.0
1774400967,backend-api-669d9964b8-qblwm,gnn-cluster-worker3,scheduled_on,1.0
1774400967,cpu-stressor-74d6ffcfc4-gghxs,gnn-cluster-worker,scheduled_on,1.0
1774400967,frontend-7868f8655b-25dwq,gnn-cluster-worker,scheduled_on,1.0
1774400967,frontend-7868f8655b-vqjvm,gnn-cluster-worker3,scheduled_on,1.0
1774400967,redis-cache-67d574b944-ll9pf,gnn-cluster-worker2,scheduled_on,1.0
1774400967,workload-generator-667dc97f4f-67vch,gnn-cluster-worker3,scheduled_on,1.0
1774400997,backend-api-669d9964b8-b8qkw,gnn-cluster-worker2,scheduled_on,1.0
1774400997,backend-api-669d9964b8-qblwm,gnn-cluster-worker3,scheduled_on,1.0
1774400997,cpu-stressor-74d6ffcfc4-gghxs,gnn-cluster-worker,scheduled_on,1.0
1774400997,frontend-7868f8655b-25dwq,gnn-cluster-worker,scheduled_on,1.0
1774400997,frontend-7868f8655b-vqjvm,gnn-cluster-worker3,scheduled_on,1.0
1774400997,redis-cache-67d574b944-ll9pf,gnn-cluster-worker2,scheduled_on,1.0
1774400997,workload-generator-667dc97f4f-67vch,gnn-cluster-worker3,scheduled_on,1.0
1774401027,backend-api-669d9964b8-b8qkw,gnn-cluster-worker2,scheduled_on,1.0
1774401027,backend-api-669d9964b8-qblwm,gnn-cluster-worker3,scheduled_on,1.0
1774401027,cpu-stressor-74d6ffcfc4-gghxs,gnn-cluster-worker,scheduled_on,1.0
1774401027,frontend-7868f8655b-25dwq,gnn-cluster-worker,scheduled_on,1.0
1774401027,frontend-7868f8655b-vqjvm,gnn-cluster-worker3,scheduled_on,1.0
1774401027,redis-cache-67d574b944-ll9pf,gnn-cluster-worker2,scheduled_on,1.0
1774401027,workload-generator-667dc97f4f-67vch,gnn-cluster-worker3,scheduled_on,1.0
1774401057,backend-api-669d9964b8-b8qkw,gnn-cluster-worker2,scheduled_on,1.0
1774401057,backend-api-669d9964b8-qblwm,gnn-cluster-worker3,scheduled_on,1.0
1774401057,cpu-stressor-74d6ffcfc4-gghxs,gnn-cluster-worker,scheduled_on,1.0
1774401057,frontend-7868f8655b-25dwq,gnn-cluster-worker,scheduled_on,1.0
1774401057,frontend-7868f8655b-vqjvm,gnn-cluster-worker3,scheduled_on,1.0
1774401057,redis-cache-67d574b944-ll9pf,gnn-cluster-worker2,scheduled_on,1.0
1774401057,workload-generator-667dc97f4f-67vch,gnn-cluster-worker3,scheduled_on,1.0
1774401087,backend-api-669d9964b8-b8qkw,gnn-cluster-worker2,scheduled_on,1.0
1774401087,backend-api-669d9964b8-qblwm,gnn-cluster-worker3,scheduled_on,1.0
1774401087,cpu-stressor-74d6ffcfc4-gghxs,gnn-cluster-worker,scheduled_on,1.0
1774401087,frontend-7868f8655b-25dwq,gnn-cluster-worker,scheduled_on,1.0
1774401087,frontend-7868f8655b-vqjvm,gnn-cluster-worker3,scheduled_on,1.0
1774401087,redis-cache-67d574b944-ll9pf,gnn-cluster-worker2,scheduled_on,1.0
1774401087,workload-generator-667dc97f4f-67vch,gnn-cluster-worker3,scheduled_on,1.0
1774401117,backend-api-669d9964b8-b8qkw,gnn-cluster-worker2,scheduled_on,1.0
1774401117,backend-api-669d9964b8-qblwm,gnn-cluster-worker3,scheduled_on,1.0
1774401117,cpu-stressor-74d6ffcfc4-gghxs,gnn-cluster-worker,scheduled_on,1.0
1774401117,frontend-7868f8655b-25dwq,gnn-cluster-worker,scheduled_on,1.0
1774401117,frontend-7868f8655b-vqjvm,gnn-cluster-worker3,scheduled_on,1.0
1774401117,redis-cache-67d574b944-ll9pf,gnn-cluster-worker2,scheduled_on,1.0
1774401117,workload-generator-667dc97f4f-67vch,gnn-cluster-worker3,scheduled_on,1.0
1774401147,backend-api-669d9964b8-b8qkw,gnn-cluster-worker2,scheduled_on,1.0
1774401147,backend-api-669d9964b8-qblwm,gnn-cluster-worker3,scheduled_on,1.0
1774401147,cpu-stressor-74d6ffcfc4-gghxs,gnn-cluster-worker,scheduled_on,1.0
1774401147,frontend-7868f8655b-25dwq,gnn-cluster-worker,scheduled_on,1.0
1774401147,frontend-7868f8655b-vqjvm,gnn-cluster-worker3,scheduled_on,1.0
1774401147,redis-cache-67d574b944-ll9pf,gnn-cluster-worker2,scheduled_on,1.0
1774401147,workload-generator-667dc97f4f-67vch,gnn-cluster-worker3,scheduled_on,1.0
1774401177,backend-api-669d9964b8-b8qkw,gnn-cluster-worker2,scheduled_on,1.0
1774401177,backend-api-669d9964b8-qblwm,gnn-cluster-worker3,scheduled_on,1.0
1774401177,cpu-stressor-74d6ffcfc4-gghxs,gnn-cluster-worker,scheduled_on,1.0
1774401177,frontend-7868f8655b-25dwq,gnn-cluster-worker,scheduled_on,1.0
1774401177,frontend-7868f8655b-vqjvm,gnn-cluster-worker3,scheduled_on,1.0
1774401177,redis-cache-67d574b944-ll9pf,gnn-cluster-worker2,scheduled_on,1.0
1774401177,workload-generator-667dc97f4f-67vch,gnn-cluster-worker3,scheduled_on,1.0
1774401207,backend-api-669d9964b8-b8qkw,gnn-cluster-worker2,scheduled_on,1.0
1774401207,backend-api-669d9964b8-qblwm,gnn-cluster-worker3,scheduled_on,1.0
1774401207,cpu-stressor-74d6ffcfc4-gghxs,gnn-cluster-worker,scheduled_on,1.0
1774401207,frontend-7868f8655b-25dwq,gnn-cluster-worker,scheduled_on,1.0
1774401207,frontend-7868f8655b-vqjvm,gnn-cluster-worker3,scheduled_on,1.0
1774401207,redis-cache-67d574b944-ll9pf,gnn-cluster-worker2,scheduled_on,1.0
1774401207,workload-generator-667dc97f4f-67vch,gnn-cluster-worker3,scheduled_on,1.0
1774401237,backend-api-669d9964b8-b8qkw,gnn-cluster-worker2,scheduled_on,1.0
1774401237,backend-api-669d9964b8-qblwm,gnn-cluster-worker3,scheduled_on,1.0
1774401237,cpu-stressor-74d6ffcfc4-gghxs,gnn-cluster-worker,scheduled_on,1.0
1774401237,frontend-7868f8655b-25dwq,gnn-cluster-worker,scheduled_on,1.0
1774401237,frontend-7868f8655b-vqjvm,gnn-cluster-worker3,scheduled_on,1.0
1774401237,redis-cache-67d574b944-ll9pf,gnn-cluster-worker2,scheduled_on,1.0
1774401237,workload-generator-667dc97f4f-67vch,gnn-cluster-worker3,scheduled_on,1.0
1774401267,backend-api-669d9964b8-b8qkw,gnn-cluster-worker2,scheduled_on,1.0
1774401267,backend-api-669d9964b8-qblwm,gnn-cluster-worker3,scheduled_on,1.0
1774401267,cpu-stressor-74d6ffcfc4-gghxs,gnn-cluster-worker,scheduled_on,1.0
1774401267,frontend-7868f8655b-25dwq,gnn-cluster-worker,scheduled_on,1.0
1774401267,frontend-7868f8655b-vqjvm,gnn-cluster-worker3,scheduled_on,1.0
1774401267,redis-cache-67d574b944-ll9pf,gnn-cluster-worker2,scheduled_on,1.0
1774401267,workload-generator-667dc97f4f-67vch,gnn-cluster-worker3,scheduled_on,1.0
1774401297,backend-api-669d9964b8-b8qkw,gnn-cluster-worker2,scheduled_on,1.0
1774401297,backend-api-669d9964b8-qblwm,gnn-cluster-worker3,scheduled_on,1.0
1774401297,cpu-stressor-74d6ffcfc4-gghxs,gnn-cluster-worker,scheduled_on,1.0
1774401297,frontend-7868f8655b-25dwq,gnn-cluster-worker,scheduled_on,1.0
1774401297,frontend-7868f8655b-vqjvm,gnn-cluster-worker3,scheduled_on,1.0
1774401297,redis-cache-67d574b944-ll9pf,gnn-cluster-worker2,scheduled_on,1.0
1774401297,workload-generator-667dc97f4f-67vch,gnn-cluster-worker3,scheduled_on,1.0
1774401328,backend-api-669d9964b8-b8qkw,gnn-cluster-worker2,scheduled_on,1.0
1774401328,backend-api-669d9964b8-qblwm,gnn-cluster-worker3,scheduled_on,1.0
1774401328,cpu-stressor-74d6ffcfc4-gghxs,gnn-cluster-worker,scheduled_on,1.0
1774401328,frontend-7868f8655b-25dwq,gnn-cluster-worker,scheduled_on,1.0
1774401328,frontend-7868f8655b-vqjvm,gnn-cluster-worker3,scheduled_on,1.0
1774401328,redis-cache-67d574b944-ll9pf,gnn-cluster-worker2,scheduled_on,1.0
1774401328,workload-generator-667dc97f4f-67vch,gnn-cluster-worker3,scheduled_on,1.0
1774401358,backend-api-669d9964b8-b8qkw,gnn-cluster-worker2,scheduled_on,1.0
1774401358,backend-api-669d9964b8-qblwm,gnn-cluster-worker3,scheduled_on,1.0
1774401358,cpu-stressor-74d6ffcfc4-gghxs,gnn-cluster-worker,scheduled_on,1.0
1774401358,frontend-7868f8655b-25dwq,gnn-cluster-worker,scheduled_on,1.0
1774401358,frontend-7868f8655b-vqjvm,gnn-cluster-worker3,scheduled_on,1.0
1774401358,redis-cache-67d574b944-ll9pf,gnn-cluster-worker2,scheduled_on,1.0
1774401358,workload-generator-667dc97f4f-67vch,gnn-cluster-worker3,scheduled_on,1.0
1774401388,backend-api-669d9964b8-b8qkw,gnn-cluster-worker2,scheduled_on,1.0
1774401388,backend-api-669d9964b8-qblwm,gnn-cluster-worker3,scheduled_on,1.0
1774401388,cpu-stressor-74d6ffcfc4-gghxs,gnn-cluster-worker,scheduled_on,1.0
1774401388,frontend-7868f8655b-25dwq,gnn-cluster-worker,scheduled_on,1.0
1774401388,frontend-7868f8655b-vqjvm,gnn-cluster-worker3,scheduled_on,1.0
1774401388,redis-cache-67d574b944-ll9pf,gnn-cluster-worker2,scheduled_on,1.0
1774401388,workload-generator-667dc97f4f-67vch,gnn-cluster-worker3,scheduled_on,1.0
1774401418,backend-api-669d9964b8-b8qkw,gnn-cluster-worker2,scheduled_on,1.0
1774401418,backend-api-669d9964b8-qblwm,gnn-cluster-worker3,scheduled_on,1.0
1774401418,cpu-stressor-74d6ffcfc4-gghxs,gnn-cluster-worker,scheduled_on,1.0
1774401418,frontend-7868f8655b-25dwq,gnn-cluster-worker,scheduled_on,1.0
1774401418,frontend-7868f8655b-vqjvm,gnn-cluster-worker3,scheduled_on,1.0
1774401418,redis-cache-67d574b944-ll9pf,gnn-cluster-worker2,scheduled_on,1.0
1774401418,workload-generator-667dc97f4f-67vch,gnn-cluster-worker3,scheduled_on,1.0
1774401448,backend-api-669d9964b8-b8qkw,gnn-cluster-worker2,scheduled_on,1.0
1774401448,backend-api-669d9964b8-qblwm,gnn-cluster-worker3,scheduled_on,1.0
1774401448,cpu-stressor-74d6ffcfc4-gghxs,gnn-cluster-worker,scheduled_on,1.0
1774401448,frontend-7868f8655b-25dwq,gnn-cluster-worker,scheduled_on,1.0
1774401448,frontend-7868f8655b-vqjvm,gnn-cluster-worker3,scheduled_on,1.0
1774401448,redis-cache-67d574b944-ll9pf,gnn-cluster-worker2,scheduled_on,1.0
1774401448,workload-generator-667dc97f4f-67vch,gnn-cluster-worker3,scheduled_on,1.0
1774401478,backend-api-669d9964b8-b8qkw,gnn-cluster-worker2,scheduled_on,1.0
1774401478,backend-api-669d9964b8-qblwm,gnn-cluster-worker3,scheduled_on,1.0
1774401478,cpu-stressor-74d6ffcfc4-gghxs,gnn-cluster-worker,scheduled_on,1.0
1774401478,frontend-7868f8655b-25dwq,gnn-cluster-worker,scheduled_on,1.0
1774401478,frontend-7868f8655b-vqjvm,gnn-cluster-worker3,scheduled_on,1.0
1774401478,redis-cache-67d574b944-ll9pf,gnn-cluster-worker2,scheduled_on,1.0
1774401478,workload-generator-667dc97f4f-67vch,gnn-cluster-worker3,scheduled_on,1.0
1774401508,backend-api-669d9964b8-b8qkw,gnn-cluster-worker2,scheduled_on,1.0
1774401508,backend-api-669d9964b8-qblwm,gnn-cluster-worker3,scheduled_on,1.0
1774401508,cpu-stressor-74d6ffcfc4-gghxs,gnn-cluster-worker,scheduled_on,1.0
1774401508,frontend-7868f8655b-25dwq,gnn-cluster-worker,scheduled_on,1.0
1774401508,frontend-7868f8655b-vqjvm,gnn-cluster-worker3,scheduled_on,1.0
1774401508,redis-cache-67d574b944-ll9pf,gnn-cluster-worker2,scheduled_on,1.0
1774401508,workload-generator-667dc97f4f-67vch,gnn-cluster-worker3,scheduled_on,1.0
1774401538,backend-api-669d9964b8-b8qkw,gnn-cluster-worker2,scheduled_on,1.0
1774401538,backend-api-669d9964b8-qblwm,gnn-cluster-worker3,scheduled_on,1.0
1774401538,cpu-stressor-74d6ffcfc4-gghxs,gnn-cluster-worker,scheduled_on,1.0
1774401538,frontend-7868f8655b-25dwq,gnn-cluster-worker,scheduled_on,1.0
1774401538,frontend-7868f8655b-vqjvm,gnn-cluster-worker3,scheduled_on,1.0
1774401538,redis-cache-67d574b944-ll9pf,gnn-cluster-worker2,scheduled_on,1.0
1774401538,workload-generator-667dc97f4f-67vch,gnn-cluster-worker3,scheduled_on,1.0
1774401568,backend-api-669d9964b8-b8qkw,gnn-cluster-worker2,scheduled_on,1.0
1774401568,backend-api-669d9964b8-qblwm,gnn-cluster-worker3,scheduled_on,1.0
1774401568,cpu-stressor-74d6ffcfc4-gghxs,gnn-cluster-worker,scheduled_on,1.0
1774401568,frontend-7868f8655b-25dwq,gnn-cluster-worker,scheduled_on,1.0
1774401568,frontend-7868f8655b-vqjvm,gnn-cluster-worker3,scheduled_on,1.0
1774401568,redis-cache-67d574b944-ll9pf,gnn-cluster-worker2,scheduled_on,1.0
1774401568,workload-generator-667dc97f4f-67vch,gnn-cluster-worker3,scheduled_on,1.0
1774401598,backend-api-669d9964b8-b8qkw,gnn-cluster-worker2,scheduled_on,1.0
1774401598,backend-api-669d9964b8-qblwm,gnn-cluster-worker3,scheduled_on,1.0
1774401598,cpu-stressor-74d6ffcfc4-gghxs,gnn-cluster-worker,scheduled_on,1.0
1774401598,frontend-7868f8655b-25dwq,gnn-cluster-worker,scheduled_on,1.0
1774401598,frontend-7868f8655b-vqjvm,gnn-cluster-worker3,scheduled_on,1.0
1774401598,redis-cache-67d574b944-ll9pf,gnn-cluster-worker2,scheduled_on,1.0
1774401598,workload-generator-667dc97f4f-67vch,gnn-cluster-worker3,scheduled_on,1.0
1774401628,backend-api-669d9964b8-b8qkw,gnn-cluster-worker2,scheduled_on,1.0
1774401628,backend-api-669d9964b8-qblwm,gnn-cluster-worker3,scheduled_on,1.0
1774401628,cpu-stressor-74d6ffcfc4-gghxs,gnn-cluster-worker,scheduled_on,1.0
1774401628,frontend-7868f8655b-25dwq,gnn-cluster-worker,scheduled_on,1.0
1774401628,frontend-7868f8655b-vqjvm,gnn-cluster-worker3,scheduled_on,1.0
1774401628,redis-cache-67d574b944-ll9pf,gnn-cluster-worker2,scheduled_on,1.0
1774401628,workload-generator-667dc97f4f-67vch,gnn-cluster-worker3,scheduled_on,1.0
1774401658,backend-api-669d9964b8-b8qkw,gnn-cluster-worker2,scheduled_on,1.0
1774401658,backend-api-669d9964b8-qblwm,gnn-cluster-worker3,scheduled_on,1.0
1774401658,cpu-stressor-74d6ffcfc4-gghxs,gnn-cluster-worker,scheduled_on,1.0
1774401658,frontend-7868f8655b-25dwq,gnn-cluster-worker,scheduled_on,1.0
1774401658,frontend-7868f8655b-vqjvm,gnn-cluster-worker3,scheduled_on,1.0
1774401658,redis-cache-67d574b944-ll9pf,gnn-cluster-worker2,scheduled_on,1.0
1774401658,workload-generator-667dc97f4f-67vch,gnn-cluster-worker3,scheduled_on,1.0
1774401688,backend-api-669d9964b8-b8qkw,gnn-cluster-worker2,scheduled_on,1.0
1774401688,backend-api-669d9964b8-qblwm,gnn-cluster-worker3,scheduled_on,1.0
1774401688,cpu-stressor-74d6ffcfc4-gghxs,gnn-cluster-worker,scheduled_on,1.0
1774401688,frontend-7868f8655b-25dwq,gnn-cluster-worker,scheduled_on,1.0
1774401688,frontend-7868f8655b-vqjvm,gnn-cluster-worker3,scheduled_on,1.0
1774401688,redis-cache-67d574b944-ll9pf,gnn-cluster-worker2,scheduled_on,1.0
1774401688,workload-generator-667dc97f4f-67vch,gnn-cluster-worker3,scheduled_on,1.0
1774401718,backend-api-669d9964b8-b8qkw,gnn-cluster-worker2,scheduled_on,1.0
1774401718,backend-api-669d9964b8-qblwm,gnn-cluster-worker3,scheduled_on,1.0
1774401718,cpu-stressor-74d6ffcfc4-gghxs,gnn-cluster-worker,scheduled_on,1.0
1774401718,frontend-7868f8655b-25dwq,gnn-cluster-worker,scheduled_on,1.0
1774401718,frontend-7868f8655b-vqjvm,gnn-cluster-worker3,scheduled_on,1.0
1774401718,redis-cache-67d574b944-ll9pf,gnn-cluster-worker2,scheduled_on,1.0
1774401718,workload-generator-667dc97f4f-67vch,gnn-cluster-worker3,scheduled_on,1.0
1774401748,backend-api-669d9964b8-b8qkw,gnn-cluster-worker2,scheduled_on,1.0
1774401748,backend-api-669d9964b8-qblwm,gnn-cluster-worker3,scheduled_on,1.0
1774401748,cpu-stressor-74d6ffcfc4-gghxs,gnn-cluster-worker,scheduled_on,1.0
1774401748,frontend-7868f8655b-25dwq,gnn-cluster-worker,scheduled_on,1.0
1774401748,frontend-7868f8655b-vqjvm,gnn-cluster-worker3,scheduled_on,1.0
1774401748,redis-cache-67d574b944-ll9pf,gnn-cluster-worker2,scheduled_on,1.0
1774401748,workload-generator-667dc97f4f-67vch,gnn-cluster-worker3,scheduled_on,1.0
1774401779,backend-api-669d9964b8-b8qkw,gnn-cluster-worker2,scheduled_on,1.0
1774401779,backend-api-669d9964b8-qblwm,gnn-cluster-worker3,scheduled_on,1.0
1774401779,cpu-stressor-74d6ffcfc4-gghxs,gnn-cluster-worker,scheduled_on,1.0
1774401779,frontend-7868f8655b-25dwq,gnn-cluster-worker,scheduled_on,1.0
1774401779,frontend-7868f8655b-vqjvm,gnn-cluster-worker3,scheduled_on,1.0
1774401779,redis-cache-67d574b944-ll9pf,gnn-cluster-worker2,scheduled_on,1.0
1774401779,workload-generator-667dc97f4f-67vch,gnn-cluster-worker3,scheduled_on,1.0
1774401809,backend-api-669d9964b8-b8qkw,gnn-cluster-worker2,scheduled_on,1.0
1774401809,backend-api-669d9964b8-qblwm,gnn-cluster-worker3,scheduled_on,1.0
1774401809,cpu-stressor-74d6ffcfc4-gghxs,gnn-cluster-worker,scheduled_on,1.0
1774401809,frontend-7868f8655b-25dwq,gnn-cluster-worker,scheduled_on,1.0
1774401809,frontend-7868f8655b-vqjvm,gnn-cluster-worker3,scheduled_on,1.0
1774401809,redis-cache-67d574b944-ll9pf,gnn-cluster-worker2,scheduled_on,1.0
1774401809,workload-generator-667dc97f4f-67vch,gnn-cluster-worker3,scheduled_on,1.0
1774401839,backend-api-669d9964b8-b8qkw,gnn-cluster-worker2,scheduled_on,1.0
1774401839,backend-api-669d9964b8-qblwm,gnn-cluster-worker3,scheduled_on,1.0
1774401839,cpu-stressor-74d6ffcfc4-gghxs,gnn-cluster-worker,scheduled_on,1.0
1774401839,frontend-7868f8655b-25dwq,gnn-cluster-worker,scheduled_on,1.0
1774401839,frontend-7868f8655b-vqjvm,gnn-cluster-worker3,scheduled_on,1.0
1774401839,redis-cache-67d574b944-ll9pf,gnn-cluster-worker2,scheduled_on,1.0
1774401839,workload-generator-667dc97f4f-67vch,gnn-cluster-worker3,scheduled_on,1.0
1774401869,backend-api-669d9964b8-b8qkw,gnn-cluster-worker2,scheduled_on,1.0
1774401869,backend-api-669d9964b8-qblwm,gnn-cluster-worker3,scheduled_on,1.0
1774401869,cpu-stressor-74d6ffcfc4-gghxs,gnn-cluster-worker,scheduled_on,1.0
1774401869,frontend-7868f8655b-25dwq,gnn-cluster-worker,scheduled_on,1.0
1774401869,frontend-7868f8655b-vqjvm,gnn-cluster-worker3,scheduled_on,1.0
1774401869,redis-cache-67d574b944-ll9pf,gnn-cluster-worker2,scheduled_on,1.0
1774401869,workload-generator-667dc97f4f-67vch,gnn-cluster-worker3,scheduled_on,1.0
1774401899,backend-api-669d9964b8-b8qkw,gnn-cluster-worker2,scheduled_on,1.0
1774401899,backend-api-669d9964b8-qblwm,gnn-cluster-worker3,scheduled_on,1.0
1774401899,cpu-stressor-74d6ffcfc4-gghxs,gnn-cluster-worker,scheduled_on,1.0
1774401899,frontend-7868f8655b-25dwq,gnn-cluster-worker,scheduled_on,1.0
1774401899,frontend-7868f8655b-vqjvm,gnn-cluster-worker3,scheduled_on,1.0
1774401899,redis-cache-67d574b944-ll9pf,gnn-cluster-worker2,scheduled_on,1.0
1774401899,workload-generator-667dc97f4f-67vch,gnn-cluster-worker3,scheduled_on,1.0
1774401929,backend-api-669d9964b8-b8qkw,gnn-cluster-worker2,scheduled_on,1.0
1774401929,backend-api-669d9964b8-qblwm,gnn-cluster-worker3,scheduled_on,1.0
1774401929,cpu-stressor-74d6ffcfc4-gghxs,gnn-cluster-worker,scheduled_on,1.0
1774401929,frontend-7868f8655b-25dwq,gnn-cluster-worker,scheduled_on,1.0
1774401929,frontend-7868f8655b-vqjvm,gnn-cluster-worker3,scheduled_on,1.0
1774401929,redis-cache-67d574b944-ll9pf,gnn-cluster-worker2,scheduled_on,1.0
1774401929,workload-generator-667dc97f4f-67vch,gnn-cluster-worker3,scheduled_on,1.0
1774401959,backend-api-669d9964b8-b8qkw,gnn-cluster-worker2,scheduled_on,1.0
1774401959,backend-api-669d9964b8-qblwm,gnn-cluster-worker3,scheduled_on,1.0
1774401959,cpu-stressor-74d6ffcfc4-gghxs,gnn-cluster-worker,scheduled_on,1.0
1774401959,frontend-7868f8655b-25dwq,gnn-cluster-worker,scheduled_on,1.0
1774401959,frontend-7868f8655b-vqjvm,gnn-cluster-worker3,scheduled_on,1.0
1774401959,redis-cache-67d574b944-ll9pf,gnn-cluster-worker2,scheduled_on,1.0
1774401959,workload-generator-667dc97f4f-67vch,gnn-cluster-worker3,scheduled_on,1.0
1774401989,backend-api-669d9964b8-b8qkw,gnn-cluster-worker2,scheduled_on,1.0
1774401989,backend-api-669d9964b8-qblwm,gnn-cluster-worker3,scheduled_on,1.0
1774401989,cpu-stressor-74d6ffcfc4-gghxs,gnn-cluster-worker,scheduled_on,1.0
1774401989,frontend-7868f8655b-25dwq,gnn-cluster-worker,scheduled_on,1.0
1774401989,frontend-7868f8655b-vqjvm,gnn-cluster-worker3,scheduled_on,1.0
1774401989,redis-cache-67d574b944-ll9pf,gnn-cluster-worker2,scheduled_on,1.0
1774401989,workload-generator-667dc97f4f-67vch,gnn-cluster-worker3,scheduled_on,1.0
1774402019,backend-api-669d9964b8-b8qkw,gnn-cluster-worker2,scheduled_on,1.0
1774402019,backend-api-669d9964b8-qblwm,gnn-cluster-worker3,scheduled_on,1.0
1774402019,cpu-stressor-74d6ffcfc4-gghxs,gnn-cluster-worker,scheduled_on,1.0
1774402019,frontend-7868f8655b-25dwq,gnn-cluster-worker,scheduled_on,1.0
1774402019,frontend-7868f8655b-vqjvm,gnn-cluster-worker3,scheduled_on,1.0
1774402019,redis-cache-67d574b944-ll9pf,gnn-cluster-worker2,scheduled_on,1.0
1774402019,workload-generator-667dc97f4f-67vch,gnn-cluster-worker3,scheduled_on,1.0
1774402049,backend-api-669d9964b8-b8qkw,gnn-cluster-worker2,scheduled_on,1.0
1774402049,backend-api-669d9964b8-qblwm,gnn-cluster-worker3,scheduled_on,1.0
1774402049,cpu-stressor-74d6ffcfc4-gghxs,gnn-cluster-worker,scheduled_on,1.0
1774402049,frontend-7868f8655b-25dwq,gnn-cluster-worker,scheduled_on,1.0
1774402049,frontend-7868f8655b-vqjvm,gnn-cluster-worker3,scheduled_on,1.0
1774402049,redis-cache-67d574b944-ll9pf,gnn-cluster-worker2,scheduled_on,1.0
1774402049,workload-generator-667dc97f4f-67vch,gnn-cluster-worker3,scheduled_on,1.0
1774402079,backend-api-669d9964b8-b8qkw,gnn-cluster-worker2,scheduled_on,1.0
1774402079,backend-api-669d9964b8-qblwm,gnn-cluster-worker3,scheduled_on,1.0
1774402079,cpu-stressor-74d6ffcfc4-gghxs,gnn-cluster-worker,scheduled_on,1.0
1774402079,frontend-7868f8655b-25dwq,gnn-cluster-worker,scheduled_on,1.0
1774402079,frontend-7868f8655b-vqjvm,gnn-cluster-worker3,scheduled_on,1.0
1774402079,redis-cache-67d574b944-ll9pf,gnn-cluster-worker2,scheduled_on,1.0
1774402079,workload-generator-667dc97f4f-67vch,gnn-cluster-worker3,scheduled_on,1.0
1774402109,backend-api-669d9964b8-b8qkw,gnn-cluster-worker2,scheduled_on,1.0
1774402109,backend-api-669d9964b8-qblwm,gnn-cluster-worker3,scheduled_on,1.0
1774402109,cpu-stressor-74d6ffcfc4-gghxs,gnn-cluster-worker,scheduled_on,1.0
1774402109,frontend-7868f8655b-25dwq,gnn-cluster-worker,scheduled_on,1.0
1774402109,frontend-7868f8655b-vqjvm,gnn-cluster-worker3,scheduled_on,1.0
1774402109,redis-cache-67d574b944-ll9pf,gnn-cluster-worker2,scheduled_on,1.0
1774402109,workload-generator-667dc97f4f-67vch,gnn-cluster-worker3,scheduled_on,1.0
1774402139,backend-api-669d9964b8-b8qkw,gnn-cluster-worker2,scheduled_on,1.0
1774402139,backend-api-669d9964b8-qblwm,gnn-cluster-worker3,scheduled_on,1.0
1774402139,cpu-stressor-74d6ffcfc4-gghxs,gnn-cluster-worker,scheduled_on,1.0
1774402139,frontend-7868f8655b-25dwq,gnn-cluster-worker,scheduled_on,1.0
1774402139,frontend-7868f8655b-vqjvm,gnn-cluster-worker3,scheduled_on,1.0
1774402139,redis-cache-67d574b944-ll9pf,gnn-cluster-worker2,scheduled_on,1.0
1774402139,workload-generator-667dc97f4f-67vch,gnn-cluster-worker3,scheduled_on,1.0
1774402169,backend-api-669d9964b8-b8qkw,gnn-cluster-worker2,scheduled_on,1.0
1774402169,backend-api-669d9964b8-qblwm,gnn-cluster-worker3,scheduled_on,1.0
1774402169,cpu-stressor-74d6ffcfc4-gghxs,gnn-cluster-worker,scheduled_on,1.0
1774402169,frontend-7868f8655b-25dwq,gnn-cluster-worker,scheduled_on,1.0
1774402169,frontend-7868f8655b-vqjvm,gnn-cluster-worker3,scheduled_on,1.0
1774402169,redis-cache-67d574b944-ll9pf,gnn-cluster-worker2,scheduled_on,1.0
1774402169,workload-generator-667dc97f4f-67vch,gnn-cluster-worker3,scheduled_on,1.0
1774402200,backend-api-669d9964b8-b8qkw,gnn-cluster-worker2,scheduled_on,1.0
1774402200,backend-api-669d9964b8-qblwm,gnn-cluster-worker3,scheduled_on,1.0
1774402200,cpu-stressor-74d6ffcfc4-gghxs,gnn-cluster-worker,scheduled_on,1.0
1774402200,frontend-7868f8655b-25dwq,gnn-cluster-worker,scheduled_on,1.0
1774402200,frontend-7868f8655b-vqjvm,gnn-cluster-worker3,scheduled_on,1.0
1774402200,redis-cache-67d574b944-ll9pf,gnn-cluster-worker2,scheduled_on,1.0
1774402200,workload-generator-667dc97f4f-67vch,gnn-cluster-worker3,scheduled_on,1.0
1774402230,backend-api-669d9964b8-b8qkw,gnn-cluster-worker2,scheduled_on,1.0
1774402230,backend-api-669d9964b8-qblwm,gnn-cluster-worker3,scheduled_on,1.0
1774402230,cpu-stressor-74d6ffcfc4-gghxs,gnn-cluster-worker,scheduled_on,1.0
1774402230,frontend-7868f8655b-25dwq,gnn-cluster-worker,scheduled_on,1.0
1774402230,frontend-7868f8655b-vqjvm,gnn-cluster-worker3,scheduled_on,1.0
1774402230,redis-cache-67d574b944-ll9pf,gnn-cluster-worker2,scheduled_on,1.0
1774402230,workload-generator-667dc97f4f-67vch,gnn-cluster-worker3,scheduled_on,1.0
1774402260,backend-api-669d9964b8-b8qkw,gnn-cluster-worker2,scheduled_on,1.0
1774402260,backend-api-669d9964b8-qblwm,gnn-cluster-worker3,scheduled_on,1.0
1774402260,cpu-stressor-74d6ffcfc4-gghxs,gnn-cluster-worker,scheduled_on,1.0
1774402260,frontend-7868f8655b-25dwq,gnn-cluster-worker,scheduled_on,1.0
1774402260,frontend-7868f8655b-vqjvm,gnn-cluster-worker3,scheduled_on,1.0
1774402260,redis-cache-67d574b944-ll9pf,gnn-cluster-worker2,scheduled_on,1.0
1774402260,workload-generator-667dc97f4f-67vch,gnn-cluster-worker3,scheduled_on,1.0
1774402290,backend-api-669d9964b8-b8qkw,gnn-cluster-worker2,scheduled_on,1.0
1774402290,backend-api-669d9964b8-qblwm,gnn-cluster-worker3,scheduled_on,1.0
1774402290,cpu-stressor-74d6ffcfc4-gghxs,gnn-cluster-worker,scheduled_on,1.0
1774402290,frontend-7868f8655b-25dwq,gnn-cluster-worker,scheduled_on,1.0
1774402290,frontend-7868f8655b-vqjvm,gnn-cluster-worker3,scheduled_on,1.0
1774402290,redis-cache-67d574b944-ll9pf,gnn-cluster-worker2,scheduled_on,1.0
1774402290,workload-generator-667dc97f4f-67vch,gnn-cluster-worker3,scheduled_on,1.0
1774402320,backend-api-669d9964b8-b8qkw,gnn-cluster-worker2,scheduled_on,1.0
1774402320,backend-api-669d9964b8-qblwm,gnn-cluster-worker3,scheduled_on,1.0
1774402320,cpu-stressor-74d6ffcfc4-gghxs,gnn-cluster-worker,scheduled_on,1.0
1774402320,frontend-7868f8655b-25dwq,gnn-cluster-worker,scheduled_on,1.0
1774402320,frontend-7868f8655b-vqjvm,gnn-cluster-worker3,scheduled_on,1.0
1774402320,redis-cache-67d574b944-ll9pf,gnn-cluster-worker2,scheduled_on,1.0
1774402320,workload-generator-667dc97f4f-67vch,gnn-cluster-worker3,scheduled_on,1.0
1774402350,backend-api-669d9964b8-b8qkw,gnn-cluster-worker2,scheduled_on,1.0
1774402350,backend-api-669d9964b8-qblwm,gnn-cluster-worker3,scheduled_on,1.0
1774402350,cpu-stressor-74d6ffcfc4-gghxs,gnn-cluster-worker,scheduled_on,1.0
1774402350,frontend-7868f8655b-25dwq,gnn-cluster-worker,scheduled_on,1.0
1774402350,frontend-7868f8655b-vqjvm,gnn-cluster-worker3,scheduled_on,1.0
1774402350,redis-cache-67d574b944-ll9pf,gnn-cluster-worker2,scheduled_on,1.0
1774402350,workload-generator-667dc97f4f-67vch,gnn-cluster-worker3,scheduled_on,1.0
1774402380,backend-api-669d9964b8-b8qkw,gnn-cluster-worker2,scheduled_on,1.0
1774402380,backend-api-669d9964b8-qblwm,gnn-cluster-worker3,scheduled_on,1.0
1774402380,cpu-stressor-74d6ffcfc4-gghxs,gnn-cluster-worker,scheduled_on,1.0
1774402380,frontend-7868f8655b-25dwq,gnn-cluster-worker,scheduled_on,1.0
1774402380,frontend-7868f8655b-vqjvm,gnn-cluster-worker3,scheduled_on,1.0
1774402380,redis-cache-67d574b944-ll9pf,gnn-cluster-worker2,scheduled_on,1.0
1774402380,workload-generator-667dc97f4f-67vch,gnn-cluster-worker3,scheduled_on,1.0
1774402410,backend-api-669d9964b8-b8qkw,gnn-cluster-worker2,scheduled_on,1.0
1774402410,backend-api-669d9964b8-qblwm,gnn-cluster-worker3,scheduled_on,1.0
1774402410,cpu-stressor-74d6ffcfc4-gghxs,gnn-cluster-worker,scheduled_on,1.0
1774402410,frontend-7868f8655b-25dwq,gnn-cluster-worker,scheduled_on,1.0
1774402410,frontend-7868f8655b-vqjvm,gnn-cluster-worker3,scheduled_on,1.0
1774402410,redis-cache-67d574b944-ll9pf,gnn-cluster-worker2,scheduled_on,1.0
1774402410,workload-generator-667dc97f4f-67vch,gnn-cluster-worker3,scheduled_on,1.0
1774402440,backend-api-669d9964b8-b8qkw,gnn-cluster-worker2,scheduled_on,1.0
1774402440,backend-api-669d9964b8-qblwm,gnn-cluster-worker3,scheduled_on,1.0
1774402440,cpu-stressor-74d6ffcfc4-gghxs,gnn-cluster-worker,scheduled_on,1.0
1774402440,frontend-7868f8655b-25dwq,gnn-cluster-worker,scheduled_on,1.0
1774402440,frontend-7868f8655b-vqjvm,gnn-cluster-worker3,scheduled_on,1.0
1774402440,redis-cache-67d574b944-ll9pf,gnn-cluster-worker2,scheduled_on,1.0
1774402440,workload-generator-667dc97f4f-67vch,gnn-cluster-worker3,scheduled_on,1.0
1774402470,backend-api-669d9964b8-b8qkw,gnn-cluster-worker2,scheduled_on,1.0
1774402470,backend-api-669d9964b8-qblwm,gnn-cluster-worker3,scheduled_on,1.0
1774402470,cpu-stressor-74d6ffcfc4-gghxs,gnn-cluster-worker,scheduled_on,1.0
1774402470,frontend-7868f8655b-25dwq,gnn-cluster-worker,scheduled_on,1.0
1774402470,frontend-7868f8655b-vqjvm,gnn-cluster-worker3,scheduled_on,1.0
1774402470,redis-cache-67d574b944-ll9pf,gnn-cluster-worker2,scheduled_on,1.0
1774402470,workload-generator-667dc97f4f-67vch,gnn-cluster-worker3,scheduled_on,1.0
1774402500,backend-api-669d9964b8-b8qkw,gnn-cluster-worker2,scheduled_on,1.0
1774402500,backend-api-669d9964b8-qblwm,gnn-cluster-worker3,scheduled_on,1.0
1774402500,cpu-stressor-74d6ffcfc4-gghxs,gnn-cluster-worker,scheduled_on,1.0
1774402500,frontend-7868f8655b-25dwq,gnn-cluster-worker,scheduled_on,1.0
1774402500,frontend-7868f8655b-vqjvm,gnn-cluster-worker3,scheduled_on,1.0
1774402500,redis-cache-67d574b944-ll9pf,gnn-cluster-worker2,scheduled_on,1.0
1774402500,workload-generator-667dc97f4f-67vch,gnn-cluster-worker3,scheduled_on,1.0
1774402530,backend-api-669d9964b8-b8qkw,gnn-cluster-worker2,scheduled_on,1.0
1774402530,backend-api-669d9964b8-qblwm,gnn-cluster-worker3,scheduled_on,1.0
1774402530,cpu-stressor-74d6ffcfc4-gghxs,gnn-cluster-worker,scheduled_on,1.0
1774402530,frontend-7868f8655b-25dwq,gnn-cluster-worker,scheduled_on,1.0
1774402530,frontend-7868f8655b-vqjvm,gnn-cluster-worker3,scheduled_on,1.0
1774402530,redis-cache-67d574b944-ll9pf,gnn-cluster-worker2,scheduled_on,1.0
1774402530,workload-generator-667dc97f4f-67vch,gnn-cluster-worker3,scheduled_on,1.0
1774402560,backend-api-669d9964b8-b8qkw,gnn-cluster-worker2,scheduled_on,1.0
1774402560,backend-api-669d9964b8-qblwm,gnn-cluster-worker3,scheduled_on,1.0
1774402560,cpu-stressor-74d6ffcfc4-gghxs,gnn-cluster-worker,scheduled_on,1.0
1774402560,frontend-7868f8655b-25dwq,gnn-cluster-worker,scheduled_on,1.0
1774402560,frontend-7868f8655b-vqjvm,gnn-cluster-worker3,scheduled_on,1.0
1774402560,redis-cache-67d574b944-ll9pf,gnn-cluster-worker2,scheduled_on,1.0
1774402560,workload-generator-667dc97f4f-67vch,gnn-cluster-worker3,scheduled_on,1.0
1774402590,backend-api-669d9964b8-b8qkw,gnn-cluster-worker2,scheduled_on,1.0
1774402590,backend-api-669d9964b8-qblwm,gnn-cluster-worker3,scheduled_on,1.0
1774402590,cpu-stressor-74d6ffcfc4-gghxs,gnn-cluster-worker,scheduled_on,1.0
1774402590,frontend-7868f8655b-25dwq,gnn-cluster-worker,scheduled_on,1.0
1774402590,frontend-7868f8655b-vqjvm,gnn-cluster-worker3,scheduled_on,1.0
1774402590,redis-cache-67d574b944-ll9pf,gnn-cluster-worker2,scheduled_on,1.0
1774402590,workload-generator-667dc97f4f-67vch,gnn-cluster-worker3,scheduled_on,1.0
1774402620,backend-api-669d9964b8-b8qkw,gnn-cluster-worker2,scheduled_on,1.0
1774402620,backend-api-669d9964b8-qblwm,gnn-cluster-worker3,scheduled_on,1.0
1774402620,cpu-stressor-74d6ffcfc4-gghxs,gnn-cluster-worker,scheduled_on,1.0
1774402620,frontend-7868f8655b-25dwq,gnn-cluster-worker,scheduled_on,1.0
1774402620,frontend-7868f8655b-vqjvm,gnn-cluster-worker3,scheduled_on,1.0
1774402620,redis-cache-67d574b944-ll9pf,gnn-cluster-worker2,scheduled_on,1.0
1774402620,workload-generator-667dc97f4f-67vch,gnn-cluster-worker3,scheduled_on,1.0
1774402651,backend-api-669d9964b8-b8qkw,gnn-cluster-worker2,scheduled_on,1.0
1774402651,backend-api-669d9964b8-qblwm,gnn-cluster-worker3,scheduled_on,1.0
1774402651,cpu-stressor-74d6ffcfc4-gghxs,gnn-cluster-worker,scheduled_on,1.0
1774402651,frontend-7868f8655b-25dwq,gnn-cluster-worker,scheduled_on,1.0
1774402651,frontend-7868f8655b-vqjvm,gnn-cluster-worker3,scheduled_on,1.0
1774402651,redis-cache-67d574b944-ll9pf,gnn-cluster-worker2,scheduled_on,1.0
1774402651,workload-generator-667dc97f4f-67vch,gnn-cluster-worker3,scheduled_on,1.0
1774402681,backend-api-669d9964b8-b8qkw,gnn-cluster-worker2,scheduled_on,1.0
1774402681,backend-api-669d9964b8-qblwm,gnn-cluster-worker3,scheduled_on,1.0
1774402681,cpu-stressor-74d6ffcfc4-gghxs,gnn-cluster-worker,scheduled_on,1.0
1774402681,frontend-7868f8655b-25dwq,gnn-cluster-worker,scheduled_on,1.0
1774402681,frontend-7868f8655b-vqjvm,gnn-cluster-worker3,scheduled_on,1.0
1774402681,redis-cache-67d574b944-ll9pf,gnn-cluster-worker2,scheduled_on,1.0
1774402681,workload-generator-667dc97f4f-67vch,gnn-cluster-worker3,scheduled_on,1.0
1774402711,backend-api-669d9964b8-b8qkw,gnn-cluster-worker2,scheduled_on,1.0
1774402711,backend-api-669d9964b8-qblwm,gnn-cluster-worker3,scheduled_on,1.0
1774402711,cpu-stressor-74d6ffcfc4-gghxs,gnn-cluster-worker,scheduled_on,1.0
1774402711,frontend-7868f8655b-25dwq,gnn-cluster-worker,scheduled_on,1.0
1774402711,frontend-7868f8655b-vqjvm,gnn-cluster-worker3,scheduled_on,1.0
1774402711,redis-cache-67d574b944-ll9pf,gnn-cluster-worker2,scheduled_on,1.0
1774402711,workload-generator-667dc97f4f-67vch,gnn-cluster-worker3,scheduled_on,1.0
1774402741,backend-api-669d9964b8-b8qkw,gnn-cluster-worker2,scheduled_on,1.0
1774402741,backend-api-669d9964b8-qblwm,gnn-cluster-worker3,scheduled_on,1.0
1774402741,cpu-stressor-74d6ffcfc4-gghxs,gnn-cluster-worker,scheduled_on,1.0
1774402741,frontend-7868f8655b-25dwq,gnn-cluster-worker,scheduled_on,1.0
1774402741,frontend-7868f8655b-vqjvm,gnn-cluster-worker3,scheduled_on,1.0
1774402741,redis-cache-67d574b944-ll9pf,gnn-cluster-worker2,scheduled_on,1.0
1774402741,workload-generator-667dc97f4f-67vch,gnn-cluster-worker3,scheduled_on,1.0
1774402771,backend-api-669d9964b8-b8qkw,gnn-cluster-worker2,scheduled_on,1.0
1774402771,backend-api-669d9964b8-qblwm,gnn-cluster-worker3,scheduled_on,1.0
1774402771,cpu-stressor-74d6ffcfc4-gghxs,gnn-cluster-worker,scheduled_on,1.0
1774402771,frontend-7868f8655b-25dwq,gnn-cluster-worker,scheduled_on,1.0
1774402771,frontend-7868f8655b-vqjvm,gnn-cluster-worker3,scheduled_on,1.0
1774402771,redis-cache-67d574b944-ll9pf,gnn-cluster-worker2,scheduled_on,1.0
1774402771,workload-generator-667dc97f4f-67vch,gnn-cluster-worker3,scheduled_on,1.0
1774402801,backend-api-669d9964b8-b8qkw,gnn-cluster-worker2,scheduled_on,1.0
1774402801,backend-api-669d9964b8-qblwm,gnn-cluster-worker3,scheduled_on,1.0
1774402801,cpu-stressor-74d6ffcfc4-gghxs,gnn-cluster-worker,scheduled_on,1.0
1774402801,frontend-7868f8655b-25dwq,gnn-cluster-worker,scheduled_on,1.0
1774402801,frontend-7868f8655b-vqjvm,gnn-cluster-worker3,scheduled_on,1.0
1774402801,redis-cache-67d574b944-ll9pf,gnn-cluster-worker2,scheduled_on,1.0
1774402801,workload-generator-667dc97f4f-67vch,gnn-cluster-worker3,scheduled_on,1.0
1774402831,backend-api-669d9964b8-b8qkw,gnn-cluster-worker2,scheduled_on,1.0
1774402831,backend-api-669d9964b8-qblwm,gnn-cluster-worker3,scheduled_on,1.0
1774402831,cpu-stressor-74d6ffcfc4-gghxs,gnn-cluster-worker,scheduled_on,1.0
1774402831,frontend-7868f8655b-25dwq,gnn-cluster-worker,scheduled_on,1.0
1774402831,frontend-7868f8655b-vqjvm,gnn-cluster-worker3,scheduled_on,1.0
1774402831,redis-cache-67d574b944-ll9pf,gnn-cluster-worker2,scheduled_on,1.0
1774402831,workload-generator-667dc97f4f-67vch,gnn-cluster-worker3,scheduled_on,1.0
1774402861,backend-api-669d9964b8-b8qkw,gnn-cluster-worker2,scheduled_on,1.0
1774402861,backend-api-669d9964b8-qblwm,gnn-cluster-worker3,scheduled_on,1.0
1774402861,cpu-stressor-74d6ffcfc4-gghxs,gnn-cluster-worker,scheduled_on,1.0
1774402861,frontend-7868f8655b-25dwq,gnn-cluster-worker,scheduled_on,1.0
1774402861,frontend-7868f8655b-vqjvm,gnn-cluster-worker3,scheduled_on,1.0
1774402861,redis-cache-67d574b944-ll9pf,gnn-cluster-worker2,scheduled_on,1.0
1774402861,workload-generator-667dc97f4f-67vch,gnn-cluster-worker3,scheduled_on,1.0
1774402891,backend-api-669d9964b8-b8qkw,gnn-cluster-worker2,scheduled_on,1.0
1774402891,backend-api-669d9964b8-qblwm,gnn-cluster-worker3,scheduled_on,1.0
1774402891,cpu-stressor-74d6ffcfc4-gghxs,gnn-cluster-worker,scheduled_on,1.0
1774402891,frontend-7868f8655b-25dwq,gnn-cluster-worker,scheduled_on,1.0
1774402891,frontend-7868f8655b-vqjvm,gnn-cluster-worker3,scheduled_on,1.0
1774402891,redis-cache-67d574b944-ll9pf,gnn-cluster-worker2,scheduled_on,1.0
1774402891,workload-generator-667dc97f4f-67vch,gnn-cluster-worker3,scheduled_on,1.0
1774402921,backend-api-669d9964b8-b8qkw,gnn-cluster-worker2,scheduled_on,1.0
1774402921,backend-api-669d9964b8-qblwm,gnn-cluster-worker3,scheduled_on,1.0
1774402921,cpu-stressor-74d6ffcfc4-gghxs,gnn-cluster-worker,scheduled_on,1.0
1774402921,frontend-7868f8655b-25dwq,gnn-cluster-worker,scheduled_on,1.0
1774402921,frontend-7868f8655b-vqjvm,gnn-cluster-worker3,scheduled_on,1.0
1774402921,redis-cache-67d574b944-ll9pf,gnn-cluster-worker2,scheduled_on,1.0
1774402921,workload-generator-667dc97f4f-67vch,gnn-cluster-worker3,scheduled_on,1.0
1774402951,backend-api-669d9964b8-b8qkw,gnn-cluster-worker2,scheduled_on,1.0
1774402951,backend-api-669d9964b8-qblwm,gnn-cluster-worker3,scheduled_on,1.0
1774402951,cpu-stressor-74d6ffcfc4-gghxs,gnn-cluster-worker,scheduled_on,1.0
1774402951,frontend-7868f8655b-25dwq,gnn-cluster-worker,scheduled_on,1.0
1774402951,frontend-7868f8655b-vqjvm,gnn-cluster-worker3,scheduled_on,1.0
1774402951,redis-cache-67d574b944-ll9pf,gnn-cluster-worker2,scheduled_on,1.0
1774402951,workload-generator-667dc97f4f-67vch,gnn-cluster-worker3,scheduled_on,1.0
1774402981,backend-api-669d9964b8-b8qkw,gnn-cluster-worker2,scheduled_on,1.0
1774402981,backend-api-669d9964b8-qblwm,gnn-cluster-worker3,scheduled_on,1.0
1774402981,cpu-stressor-74d6ffcfc4-gghxs,gnn-cluster-worker,scheduled_on,1.0
1774402981,frontend-7868f8655b-25dwq,gnn-cluster-worker,scheduled_on,1.0
1774402981,frontend-7868f8655b-vqjvm,gnn-cluster-worker3,scheduled_on,1.0
1774402981,redis-cache-67d574b944-ll9pf,gnn-cluster-worker2,scheduled_on,1.0
1774402981,workload-generator-667dc97f4f-67vch,gnn-cluster-worker3,scheduled_on,1.0
1774403011,backend-api-669d9964b8-b8qkw,gnn-cluster-worker2,scheduled_on,1.0
1774403011,backend-api-669d9964b8-qblwm,gnn-cluster-worker3,scheduled_on,1.0
1774403011,cpu-stressor-74d6ffcfc4-gghxs,gnn-cluster-worker,scheduled_on,1.0
1774403011,frontend-7868f8655b-25dwq,gnn-cluster-worker,scheduled_on,1.0
1774403011,frontend-7868f8655b-vqjvm,gnn-cluster-worker3,scheduled_on,1.0
1774403011,redis-cache-67d574b944-ll9pf,gnn-cluster-worker2,scheduled_on,1.0
1774403011,workload-generator-667dc97f4f-67vch,gnn-cluster-worker3,scheduled_on,1.0
1774403041,backend-api-669d9964b8-b8qkw,gnn-cluster-worker2,scheduled_on,1.0
1774403041,backend-api-669d9964b8-qblwm,gnn-cluster-worker3,scheduled_on,1.0
1774403041,cpu-stressor-74d6ffcfc4-gghxs,gnn-cluster-worker,scheduled_on,1.0
1774403041,frontend-7868f8655b-25dwq,gnn-cluster-worker,scheduled_on,1.0
1774403041,frontend-7868f8655b-vqjvm,gnn-cluster-worker3,scheduled_on,1.0
1774403041,redis-cache-67d574b944-ll9pf,gnn-cluster-worker2,scheduled_on,1.0
1774403041,workload-generator-667dc97f4f-67vch,gnn-cluster-worker3,scheduled_on,1.0
1774403071,backend-api-669d9964b8-b8qkw,gnn-cluster-worker2,scheduled_on,1.0
1774403071,backend-api-669d9964b8-qblwm,gnn-cluster-worker3,scheduled_on,1.0
1774403071,cpu-stressor-74d6ffcfc4-gghxs,gnn-cluster-worker,scheduled_on,1.0
1774403071,frontend-7868f8655b-25dwq,gnn-cluster-worker,scheduled_on,1.0
1774403071,frontend-7868f8655b-vqjvm,gnn-cluster-worker3,scheduled_on,1.0
1774403071,redis-cache-67d574b944-ll9pf,gnn-cluster-worker2,scheduled_on,1.0
1774403071,workload-generator-667dc97f4f-67vch,gnn-cluster-worker3,scheduled_on,1.0
1774403101,backend-api-669d9964b8-b8qkw,gnn-cluster-worker2,scheduled_on,1.0
1774403101,backend-api-669d9964b8-qblwm,gnn-cluster-worker3,scheduled_on,1.0
1774403101,cpu-stressor-74d6ffcfc4-gghxs,gnn-cluster-worker,scheduled_on,1.0
1774403101,frontend-7868f8655b-25dwq,gnn-cluster-worker,scheduled_on,1.0
1774403101,frontend-7868f8655b-vqjvm,gnn-cluster-worker3,scheduled_on,1.0
1774403101,redis-cache-67d574b944-ll9pf,gnn-cluster-worker2,scheduled_on,1.0
1774403101,workload-generator-667dc97f4f-67vch,gnn-cluster-worker3,scheduled_on,1.0
1774403132,backend-api-669d9964b8-b8qkw,gnn-cluster-worker2,scheduled_on,1.0
1774403132,backend-api-669d9964b8-qblwm,gnn-cluster-worker3,scheduled_on,1.0
1774403132,cpu-stressor-74d6ffcfc4-gghxs,gnn-cluster-worker,scheduled_on,1.0
1774403132,frontend-7868f8655b-25dwq,gnn-cluster-worker,scheduled_on,1.0
1774403132,frontend-7868f8655b-vqjvm,gnn-cluster-worker3,scheduled_on,1.0
1774403132,redis-cache-67d574b944-ll9pf,gnn-cluster-worker2,scheduled_on,1.0
1774403132,workload-generator-667dc97f4f-67vch,gnn-cluster-worker3,scheduled_on,1.0
1774403162,backend-api-669d9964b8-b8qkw,gnn-cluster-worker2,scheduled_on,1.0
1774403162,backend-api-669d9964b8-qblwm,gnn-cluster-worker3,scheduled_on,1.0
1774403162,cpu-stressor-74d6ffcfc4-gghxs,gnn-cluster-worker,scheduled_on,1.0
1774403162,frontend-7868f8655b-25dwq,gnn-cluster-worker,scheduled_on,1.0
1774403162,frontend-7868f8655b-vqjvm,gnn-cluster-worker3,scheduled_on,1.0
1774403162,redis-cache-67d574b944-ll9pf,gnn-cluster-worker2,scheduled_on,1.0
1774403162,workload-generator-667dc97f4f-67vch,gnn-cluster-worker3,scheduled_on,1.0
1774403192,backend-api-669d9964b8-b8qkw,gnn-cluster-worker2,scheduled_on,1.0
1774403192,backend-api-669d9964b8-qblwm,gnn-cluster-worker3,scheduled_on,1.0
1774403192,cpu-stressor-74d6ffcfc4-gghxs,gnn-cluster-worker,scheduled_on,1.0
1774403192,frontend-7868f8655b-25dwq,gnn-cluster-worker,scheduled_on,1.0
1774403192,frontend-7868f8655b-vqjvm,gnn-cluster-worker3,scheduled_on,1.0
1774403192,redis-cache-67d574b944-ll9pf,gnn-cluster-worker2,scheduled_on,1.0
1774403192,workload-generator-667dc97f4f-67vch,gnn-cluster-worker3,scheduled_on,1.0
1774403222,backend-api-669d9964b8-b8qkw,gnn-cluster-worker2,scheduled_on,1.0
1774403222,backend-api-669d9964b8-qblwm,gnn-cluster-worker3,scheduled_on,1.0
1774403222,cpu-stressor-74d6ffcfc4-gghxs,gnn-cluster-worker,scheduled_on,1.0
1774403222,frontend-7868f8655b-25dwq,gnn-cluster-worker,scheduled_on,1.0
1774403222,frontend-7868f8655b-vqjvm,gnn-cluster-worker3,scheduled_on,1.0
1774403222,redis-cache-67d574b944-ll9pf,gnn-cluster-worker2,scheduled_on,1.0
1774403222,workload-generator-667dc97f4f-67vch,gnn-cluster-worker3,scheduled_on,1.0
1774403252,backend-api-669d9964b8-b8qkw,gnn-cluster-worker2,scheduled_on,1.0
1774403252,backend-api-669d9964b8-qblwm,gnn-cluster-worker3,scheduled_on,1.0
1774403252,cpu-stressor-74d6ffcfc4-gghxs,gnn-cluster-worker,scheduled_on,1.0
1774403252,frontend-7868f8655b-25dwq,gnn-cluster-worker,scheduled_on,1.0
1774403252,frontend-7868f8655b-vqjvm,gnn-cluster-worker3,scheduled_on,1.0
1774403252,redis-cache-67d574b944-ll9pf,gnn-cluster-worker2,scheduled_on,1.0
1774403252,workload-generator-667dc97f4f-67vch,gnn-cluster-worker3,scheduled_on,1.0
1774403282,backend-api-669d9964b8-b8qkw,gnn-cluster-worker2,scheduled_on,1.0
1774403282,backend-api-669d9964b8-qblwm,gnn-cluster-worker3,scheduled_on,1.0
1774403282,cpu-stressor-74d6ffcfc4-gghxs,gnn-cluster-worker,scheduled_on,1.0
1774403282,frontend-7868f8655b-25dwq,gnn-cluster-worker,scheduled_on,1.0
1774403282,frontend-7868f8655b-vqjvm,gnn-cluster-worker3,scheduled_on,1.0
1774403282,redis-cache-67d574b944-ll9pf,gnn-cluster-worker2,scheduled_on,1.0
1774403282,workload-generator-667dc97f4f-67vch,gnn-cluster-worker3,scheduled_on,1.0
1774403312,backend-api-669d9964b8-b8qkw,gnn-cluster-worker2,scheduled_on,1.0
1774403312,backend-api-669d9964b8-qblwm,gnn-cluster-worker3,scheduled_on,1.0
1774403312,cpu-stressor-74d6ffcfc4-gghxs,gnn-cluster-worker,scheduled_on,1.0
1774403312,frontend-7868f8655b-25dwq,gnn-cluster-worker,scheduled_on,1.0
1774403312,frontend-7868f8655b-vqjvm,gnn-cluster-worker3,scheduled_on,1.0
1774403312,redis-cache-67d574b944-ll9pf,gnn-cluster-worker2,scheduled_on,1.0
1774403312,workload-generator-667dc97f4f-67vch,gnn-cluster-worker3,scheduled_on,1.0
1774403342,backend-api-669d9964b8-b8qkw,gnn-cluster-worker2,scheduled_on,1.0
1774403342,backend-api-669d9964b8-qblwm,gnn-cluster-worker3,scheduled_on,1.0
1774403342,cpu-stressor-74d6ffcfc4-gghxs,gnn-cluster-worker,scheduled_on,1.0
1774403342,frontend-7868f8655b-25dwq,gnn-cluster-worker,scheduled_on,1.0
1774403342,frontend-7868f8655b-vqjvm,gnn-cluster-worker3,scheduled_on,1.0
1774403342,redis-cache-67d574b944-ll9pf,gnn-cluster-worker2,scheduled_on,1.0
1774403342,workload-generator-667dc97f4f-67vch,gnn-cluster-worker3,scheduled_on,1.0
1774403372,backend-api-669d9964b8-b8qkw,gnn-cluster-worker2,scheduled_on,1.0
1774403372,backend-api-669d9964b8-qblwm,gnn-cluster-worker3,scheduled_on,1.0
1774403372,cpu-stressor-74d6ffcfc4-gghxs,gnn-cluster-worker,scheduled_on,1.0
1774403372,frontend-7868f8655b-25dwq,gnn-cluster-worker,scheduled_on,1.0
1774403372,frontend-7868f8655b-vqjvm,gnn-cluster-worker3,scheduled_on,1.0
1774403372,redis-cache-67d574b944-ll9pf,gnn-cluster-worker2,scheduled_on,1.0
1774403372,workload-generator-667dc97f4f-67vch,gnn-cluster-worker3,scheduled_on,1.0
1774403402,backend-api-669d9964b8-b8qkw,gnn-cluster-worker2,scheduled_on,1.0
1774403402,backend-api-669d9964b8-qblwm,gnn-cluster-worker3,scheduled_on,1.0
1774403402,cpu-stressor-74d6ffcfc4-gghxs,gnn-cluster-worker,scheduled_on,1.0
1774403402,frontend-7868f8655b-25dwq,gnn-cluster-worker,scheduled_on,1.0
1774403402,frontend-7868f8655b-vqjvm,gnn-cluster-worker3,scheduled_on,1.0
1774403402,redis-cache-67d574b944-ll9pf,gnn-cluster-worker2,scheduled_on,1.0
1774403402,workload-generator-667dc97f4f-67vch,gnn-cluster-worker3,scheduled_on,1.0
1774403432,backend-api-669d9964b8-b8qkw,gnn-cluster-worker2,scheduled_on,1.0
1774403432,backend-api-669d9964b8-qblwm,gnn-cluster-worker3,scheduled_on,1.0
1774403432,cpu-stressor-74d6ffcfc4-gghxs,gnn-cluster-worker,scheduled_on,1.0
1774403432,frontend-7868f8655b-25dwq,gnn-cluster-worker,scheduled_on,1.0
1774403432,frontend-7868f8655b-vqjvm,gnn-cluster-worker3,scheduled_on,1.0
1774403432,redis-cache-67d574b944-ll9pf,gnn-cluster-worker2,scheduled_on,1.0
1774403432,workload-generator-667dc97f4f-67vch,gnn-cluster-worker3,scheduled_on,1.0
1774403462,backend-api-669d9964b8-b8qkw,gnn-cluster-worker2,scheduled_on,1.0
1774403462,backend-api-669d9964b8-qblwm,gnn-cluster-worker3,scheduled_on,1.0
1774403462,cpu-stressor-74d6ffcfc4-gghxs,gnn-cluster-worker,scheduled_on,1.0
1774403462,frontend-7868f8655b-25dwq,gnn-cluster-worker,scheduled_on,1.0
1774403462,frontend-7868f8655b-vqjvm,gnn-cluster-worker3,scheduled_on,1.0
1774403462,redis-cache-67d574b944-ll9pf,gnn-cluster-worker2,scheduled_on,1.0
1774403462,workload-generator-667dc97f4f-67vch,gnn-cluster-worker3,scheduled_on,1.0
1774403492,backend-api-669d9964b8-b8qkw,gnn-cluster-worker2,scheduled_on,1.0
1774403492,backend-api-669d9964b8-qblwm,gnn-cluster-worker3,scheduled_on,1.0
1774403492,cpu-stressor-74d6ffcfc4-gghxs,gnn-cluster-worker,scheduled_on,1.0
1774403492,frontend-7868f8655b-25dwq,gnn-cluster-worker,scheduled_on,1.0
1774403492,frontend-7868f8655b-vqjvm,gnn-cluster-worker3,scheduled_on,1.0
1774403492,redis-cache-67d574b944-ll9pf,gnn-cluster-worker2,scheduled_on,1.0
1774403492,workload-generator-667dc97f4f-67vch,gnn-cluster-worker3,scheduled_on,1.0
1774403522,backend-api-669d9964b8-b8qkw,gnn-cluster-worker2,scheduled_on,1.0
1774403522,backend-api-669d9964b8-qblwm,gnn-cluster-worker3,scheduled_on,1.0
1774403522,cpu-stressor-74d6ffcfc4-gghxs,gnn-cluster-worker,scheduled_on,1.0
1774403522,frontend-7868f8655b-25dwq,gnn-cluster-worker,scheduled_on,1.0
1774403522,frontend-7868f8655b-vqjvm,gnn-cluster-worker3,scheduled_on,1.0
1774403522,redis-cache-67d574b944-ll9pf,gnn-cluster-worker2,scheduled_on,1.0
1774403522,workload-generator-667dc97f4f-67vch,gnn-cluster-worker3,scheduled_on,1.0
1774403552,backend-api-669d9964b8-b8qkw,gnn-cluster-worker2,scheduled_on,1.0
1774403552,backend-api-669d9964b8-qblwm,gnn-cluster-worker3,scheduled_on,1.0
1774403552,cpu-stressor-74d6ffcfc4-gghxs,gnn-cluster-worker,scheduled_on,1.0
1774403552,frontend-7868f8655b-25dwq,gnn-cluster-worker,scheduled_on,1.0
1774403552,frontend-7868f8655b-vqjvm,gnn-cluster-worker3,scheduled_on,1.0
1774403552,redis-cache-67d574b944-ll9pf,gnn-cluster-worker2,scheduled_on,1.0
1774403552,workload-generator-667dc97f4f-67vch,gnn-cluster-worker3,scheduled_on,1.0
1774403582,backend-api-669d9964b8-b8qkw,gnn-cluster-worker2,scheduled_on,1.0
1774403582,backend-api-669d9964b8-qblwm,gnn-cluster-worker3,scheduled_on,1.0
1774403582,cpu-stressor-74d6ffcfc4-gghxs,gnn-cluster-worker,scheduled_on,1.0
1774403582,frontend-7868f8655b-25dwq,gnn-cluster-worker,scheduled_on,1.0
1774403582,frontend-7868f8655b-vqjvm,gnn-cluster-worker3,scheduled_on,1.0
1774403582,redis-cache-67d574b944-ll9pf,gnn-cluster-worker2,scheduled_on,1.0
1774403582,workload-generator-667dc97f4f-67vch,gnn-cluster-worker3,scheduled_on,1.0
1774403613,backend-api-669d9964b8-b8qkw,gnn-cluster-worker2,scheduled_on,1.0
1774403613,backend-api-669d9964b8-qblwm,gnn-cluster-worker3,scheduled_on,1.0
1774403613,cpu-stressor-74d6ffcfc4-gghxs,gnn-cluster-worker,scheduled_on,1.0
1774403613,frontend-7868f8655b-25dwq,gnn-cluster-worker,scheduled_on,1.0
1774403613,frontend-7868f8655b-vqjvm,gnn-cluster-worker3,scheduled_on,1.0
1774403613,redis-cache-67d574b944-ll9pf,gnn-cluster-worker2,scheduled_on,1.0
1774403613,workload-generator-667dc97f4f-67vch,gnn-cluster-worker3,scheduled_on,1.0
1774403643,backend-api-669d9964b8-b8qkw,gnn-cluster-worker2,scheduled_on,1.0
1774403643,backend-api-669d9964b8-qblwm,gnn-cluster-worker3,scheduled_on,1.0
1774403643,cpu-stressor-74d6ffcfc4-gghxs,gnn-cluster-worker,scheduled_on,1.0
1774403643,frontend-7868f8655b-25dwq,gnn-cluster-worker,scheduled_on,1.0
1774403643,frontend-7868f8655b-vqjvm,gnn-cluster-worker3,scheduled_on,1.0
1774403643,redis-cache-67d574b944-ll9pf,gnn-cluster-worker2,scheduled_on,1.0
1774403643,workload-generator-667dc97f4f-67vch,gnn-cluster-worker3,scheduled_on,1.0
1774403673,backend-api-669d9964b8-b8qkw,gnn-cluster-worker2,scheduled_on,1.0
1774403673,backend-api-669d9964b8-qblwm,gnn-cluster-worker3,scheduled_on,1.0
1774403673,cpu-stressor-74d6ffcfc4-gghxs,gnn-cluster-worker,scheduled_on,1.0
1774403673,frontend-7868f8655b-25dwq,gnn-cluster-worker,scheduled_on,1.0
1774403673,frontend-7868f8655b-vqjvm,gnn-cluster-worker3,scheduled_on,1.0
1774403673,redis-cache-67d574b944-ll9pf,gnn-cluster-worker2,scheduled_on,1.0
1774403673,workload-generator-667dc97f4f-67vch,gnn-cluster-worker3,scheduled_on,1.0
1774403703,backend-api-669d9964b8-b8qkw,gnn-cluster-worker2,scheduled_on,1.0
1774403703,backend-api-669d9964b8-qblwm,gnn-cluster-worker3,scheduled_on,1.0
1774403703,cpu-stressor-74d6ffcfc4-gghxs,gnn-cluster-worker,scheduled_on,1.0
1774403703,frontend-7868f8655b-25dwq,gnn-cluster-worker,scheduled_on,1.0
1774403703,frontend-7868f8655b-vqjvm,gnn-cluster-worker3,scheduled_on,1.0
1774403703,redis-cache-67d574b944-ll9pf,gnn-cluster-worker2,scheduled_on,1.0
1774403703,workload-generator-667dc97f4f-67vch,gnn-cluster-worker3,scheduled_on,1.0
1774403733,backend-api-669d9964b8-b8qkw,gnn-cluster-worker2,scheduled_on,1.0
1774403733,backend-api-669d9964b8-qblwm,gnn-cluster-worker3,scheduled_on,1.0
1774403733,cpu-stressor-74d6ffcfc4-gghxs,gnn-cluster-worker,scheduled_on,1.0
1774403733,frontend-7868f8655b-25dwq,gnn-cluster-worker,scheduled_on,1.0
1774403733,frontend-7868f8655b-vqjvm,gnn-cluster-worker3,scheduled_on,1.0
1774403733,redis-cache-67d574b944-ll9pf,gnn-cluster-worker2,scheduled_on,1.0
1774403733,workload-generator-667dc97f4f-67vch,gnn-cluster-worker3,scheduled_on,1.0
1774403763,backend-api-669d9964b8-b8qkw,gnn-cluster-worker2,scheduled_on,1.0
1774403763,backend-api-669d9964b8-qblwm,gnn-cluster-worker3,scheduled_on,1.0
1774403763,cpu-stressor-74d6ffcfc4-gghxs,gnn-cluster-worker,scheduled_on,1.0
1774403763,frontend-7868f8655b-25dwq,gnn-cluster-worker,scheduled_on,1.0
1774403763,frontend-7868f8655b-vqjvm,gnn-cluster-worker3,scheduled_on,1.0
1774403763,redis-cache-67d574b944-ll9pf,gnn-cluster-worker2,scheduled_on,1.0
1774403763,workload-generator-667dc97f4f-67vch,gnn-cluster-worker3,scheduled_on,1.0
1774403793,backend-api-669d9964b8-b8qkw,gnn-cluster-worker2,scheduled_on,1.0
1774403793,backend-api-669d9964b8-qblwm,gnn-cluster-worker3,scheduled_on,1.0
1774403793,cpu-stressor-74d6ffcfc4-gghxs,gnn-cluster-worker,scheduled_on,1.0
1774403793,frontend-7868f8655b-25dwq,gnn-cluster-worker,scheduled_on,1.0
1774403793,frontend-7868f8655b-vqjvm,gnn-cluster-worker3,scheduled_on,1.0
1774403793,redis-cache-67d574b944-ll9pf,gnn-cluster-worker2,scheduled_on,1.0
1774403793,workload-generator-667dc97f4f-67vch,gnn-cluster-worker3,scheduled_on,1.0
1774403823,backend-api-669d9964b8-b8qkw,gnn-cluster-worker2,scheduled_on,1.0
1774403823,backend-api-669d9964b8-qblwm,gnn-cluster-worker3,scheduled_on,1.0
1774403823,cpu-stressor-74d6ffcfc4-gghxs,gnn-cluster-worker,scheduled_on,1.0
1774403823,frontend-7868f8655b-25dwq,gnn-cluster-worker,scheduled_on,1.0
1774403823,frontend-7868f8655b-vqjvm,gnn-cluster-worker3,scheduled_on,1.0
1774403823,redis-cache-67d574b944-ll9pf,gnn-cluster-worker2,scheduled_on,1.0
1774403823,workload-generator-667dc97f4f-67vch,gnn-cluster-worker3,scheduled_on,1.0
1774403853,backend-api-669d9964b8-b8qkw,gnn-cluster-worker2,scheduled_on,1.0
1774403853,backend-api-669d9964b8-qblwm,gnn-cluster-worker3,scheduled_on,1.0
1774403853,cpu-stressor-74d6ffcfc4-gghxs,gnn-cluster-worker,scheduled_on,1.0
1774403853,frontend-7868f8655b-25dwq,gnn-cluster-worker,scheduled_on,1.0
1774403853,frontend-7868f8655b-vqjvm,gnn-cluster-worker3,scheduled_on,1.0
1774403853,redis-cache-67d574b944-ll9pf,gnn-cluster-worker2,scheduled_on,1.0
1774403853,workload-generator-667dc97f4f-67vch,gnn-cluster-worker3,scheduled_on,1.0
1774403883,backend-api-669d9964b8-b8qkw,gnn-cluster-worker2,scheduled_on,1.0
1774403883,backend-api-669d9964b8-qblwm,gnn-cluster-worker3,scheduled_on,1.0
1774403883,cpu-stressor-74d6ffcfc4-gghxs,gnn-cluster-worker,scheduled_on,1.0
1774403883,frontend-7868f8655b-25dwq,gnn-cluster-worker,scheduled_on,1.0
1774403883,frontend-7868f8655b-vqjvm,gnn-cluster-worker3,scheduled_on,1.0
1774403883,redis-cache-67d574b944-ll9pf,gnn-cluster-worker2,scheduled_on,1.0
1774403883,workload-generator-667dc97f4f-67vch,gnn-cluster-worker3,scheduled_on,1.0
1774403913,backend-api-669d9964b8-b8qkw,gnn-cluster-worker2,scheduled_on,1.0
1774403913,backend-api-669d9964b8-qblwm,gnn-cluster-worker3,scheduled_on,1.0
1774403913,cpu-stressor-74d6ffcfc4-gghxs,gnn-cluster-worker,scheduled_on,1.0
1774403913,frontend-7868f8655b-25dwq,gnn-cluster-worker,scheduled_on,1.0
1774403913,frontend-7868f8655b-vqjvm,gnn-cluster-worker3,scheduled_on,1.0
1774403913,redis-cache-67d574b944-ll9pf,gnn-cluster-worker2,scheduled_on,1.0
1774403913,workload-generator-667dc97f4f-67vch,gnn-cluster-worker3,scheduled_on,1.0
1774403943,backend-api-669d9964b8-b8qkw,gnn-cluster-worker2,scheduled_on,1.0
1774403943,backend-api-669d9964b8-qblwm,gnn-cluster-worker3,scheduled_on,1.0
1774403943,cpu-stressor-74d6ffcfc4-gghxs,gnn-cluster-worker,scheduled_on,1.0
1774403943,frontend-7868f8655b-25dwq,gnn-cluster-worker,scheduled_on,1.0
1774403943,frontend-7868f8655b-vqjvm,gnn-cluster-worker3,scheduled_on,1.0
1774403943,redis-cache-67d574b944-ll9pf,gnn-cluster-worker2,scheduled_on,1.0
1774403943,workload-generator-667dc97f4f-67vch,gnn-cluster-worker3,scheduled_on,1.0
1774403973,backend-api-669d9964b8-b8qkw,gnn-cluster-worker2,scheduled_on,1.0
1774403973,backend-api-669d9964b8-qblwm,gnn-cluster-worker3,scheduled_on,1.0
1774403973,cpu-stressor-74d6ffcfc4-gghxs,gnn-cluster-worker,scheduled_on,1.0
1774403973,frontend-7868f8655b-25dwq,gnn-cluster-worker,scheduled_on,1.0
1774403973,frontend-7868f8655b-vqjvm,gnn-cluster-worker3,scheduled_on,1.0
1774403973,redis-cache-67d574b944-ll9pf,gnn-cluster-worker2,scheduled_on,1.0
1774403973,workload-generator-667dc97f4f-67vch,gnn-cluster-worker3,scheduled_on,1.0
1774404003,backend-api-669d9964b8-b8qkw,gnn-cluster-worker2,scheduled_on,1.0
1774404003,backend-api-669d9964b8-qblwm,gnn-cluster-worker3,scheduled_on,1.0
1774404003,cpu-stressor-74d6ffcfc4-gghxs,gnn-cluster-worker,scheduled_on,1.0
1774404003,frontend-7868f8655b-25dwq,gnn-cluster-worker,scheduled_on,1.0
1774404003,frontend-7868f8655b-vqjvm,gnn-cluster-worker3,scheduled_on,1.0
1774404003,redis-cache-67d574b944-ll9pf,gnn-cluster-worker2,scheduled_on,1.0
1774404003,workload-generator-667dc97f4f-67vch,gnn-cluster-worker3,scheduled_on,1.0
1774404033,backend-api-669d9964b8-b8qkw,gnn-cluster-worker2,scheduled_on,1.0
1774404033,backend-api-669d9964b8-qblwm,gnn-cluster-worker3,scheduled_on,1.0
1774404033,cpu-stressor-74d6ffcfc4-gghxs,gnn-cluster-worker,scheduled_on,1.0
1774404033,frontend-7868f8655b-25dwq,gnn-cluster-worker,scheduled_on,1.0
1774404033,frontend-7868f8655b-vqjvm,gnn-cluster-worker3,scheduled_on,1.0
1774404033,redis-cache-67d574b944-ll9pf,gnn-cluster-worker2,scheduled_on,1.0
1774404033,workload-generator-667dc97f4f-67vch,gnn-cluster-worker3,scheduled_on,1.0
1774404064,backend-api-669d9964b8-b8qkw,gnn-cluster-worker2,scheduled_on,1.0
1774404064,backend-api-669d9964b8-qblwm,gnn-cluster-worker3,scheduled_on,1.0
1774404064,cpu-stressor-74d6ffcfc4-gghxs,gnn-cluster-worker,scheduled_on,1.0
1774404064,frontend-7868f8655b-25dwq,gnn-cluster-worker,scheduled_on,1.0
1774404064,frontend-7868f8655b-vqjvm,gnn-cluster-worker3,scheduled_on,1.0
1774404064,redis-cache-67d574b944-ll9pf,gnn-cluster-worker2,scheduled_on,1.0
1774404064,workload-generator-667dc97f4f-67vch,gnn-cluster-worker3,scheduled_on,1.0
1774404094,backend-api-669d9964b8-b8qkw,gnn-cluster-worker2,scheduled_on,1.0
1774404094,backend-api-669d9964b8-qblwm,gnn-cluster-worker3,scheduled_on,1.0
1774404094,cpu-stressor-74d6ffcfc4-gghxs,gnn-cluster-worker,scheduled_on,1.0
1774404094,frontend-7868f8655b-25dwq,gnn-cluster-worker,scheduled_on,1.0
1774404094,frontend-7868f8655b-vqjvm,gnn-cluster-worker3,scheduled_on,1.0
1774404094,redis-cache-67d574b944-ll9pf,gnn-cluster-worker2,scheduled_on,1.0
1774404094,workload-generator-667dc97f4f-67vch,gnn-cluster-worker3,scheduled_on,1.0
1774404124,backend-api-669d9964b8-b8qkw,gnn-cluster-worker2,scheduled_on,1.0
1774404124,backend-api-669d9964b8-qblwm,gnn-cluster-worker3,scheduled_on,1.0
1774404124,cpu-stressor-74d6ffcfc4-gghxs,gnn-cluster-worker,scheduled_on,1.0
1774404124,frontend-7868f8655b-25dwq,gnn-cluster-worker,scheduled_on,1.0
1774404124,frontend-7868f8655b-vqjvm,gnn-cluster-worker3,scheduled_on,1.0
1774404124,redis-cache-67d574b944-ll9pf,gnn-cluster-worker2,scheduled_on,1.0
1774404124,workload-generator-667dc97f4f-67vch,gnn-cluster-worker3,scheduled_on,1.0
1774404154,backend-api-669d9964b8-b8qkw,gnn-cluster-worker2,scheduled_on,1.0
1774404154,backend-api-669d9964b8-qblwm,gnn-cluster-worker3,scheduled_on,1.0
1774404154,cpu-stressor-74d6ffcfc4-gghxs,gnn-cluster-worker,scheduled_on,1.0
1774404154,frontend-7868f8655b-25dwq,gnn-cluster-worker,scheduled_on,1.0
1774404154,frontend-7868f8655b-vqjvm,gnn-cluster-worker3,scheduled_on,1.0
1774404154,redis-cache-67d574b944-ll9pf,gnn-cluster-worker2,scheduled_on,1.0
1774404154,workload-generator-667dc97f4f-67vch,gnn-cluster-worker3,scheduled_on,1.0
1774404184,backend-api-669d9964b8-b8qkw,gnn-cluster-worker2,scheduled_on,1.0
1774404184,backend-api-669d9964b8-qblwm,gnn-cluster-worker3,scheduled_on,1.0
1774404184,cpu-stressor-74d6ffcfc4-gghxs,gnn-cluster-worker,scheduled_on,1.0
1774404184,frontend-7868f8655b-25dwq,gnn-cluster-worker,scheduled_on,1.0
1774404184,frontend-7868f8655b-vqjvm,gnn-cluster-worker3,scheduled_on,1.0
1774404184,redis-cache-67d574b944-ll9pf,gnn-cluster-worker2,scheduled_on,1.0
1774404184,workload-generator-667dc97f4f-67vch,gnn-cluster-worker3,scheduled_on,1.0
1774404214,backend-api-669d9964b8-b8qkw,gnn-cluster-worker2,scheduled_on,1.0
1774404214,backend-api-669d9964b8-qblwm,gnn-cluster-worker3,scheduled_on,1.0
1774404214,cpu-stressor-74d6ffcfc4-gghxs,gnn-cluster-worker,scheduled_on,1.0
1774404214,frontend-7868f8655b-25dwq,gnn-cluster-worker,scheduled_on,1.0
1774404214,frontend-7868f8655b-vqjvm,gnn-cluster-worker3,scheduled_on,1.0
1774404214,redis-cache-67d574b944-ll9pf,gnn-cluster-worker2,scheduled_on,1.0
1774404214,workload-generator-667dc97f4f-67vch,gnn-cluster-worker3,scheduled_on,1.0
1774404244,backend-api-669d9964b8-b8qkw,gnn-cluster-worker2,scheduled_on,1.0
1774404244,backend-api-669d9964b8-qblwm,gnn-cluster-worker3,scheduled_on,1.0
1774404244,cpu-stressor-74d6ffcfc4-gghxs,gnn-cluster-worker,scheduled_on,1.0
1774404244,frontend-7868f8655b-25dwq,gnn-cluster-worker,scheduled_on,1.0
1774404244,frontend-7868f8655b-vqjvm,gnn-cluster-worker3,scheduled_on,1.0
1774404244,redis-cache-67d574b944-ll9pf,gnn-cluster-worker2,scheduled_on,1.0
1774404244,workload-generator-667dc97f4f-67vch,gnn-cluster-worker3,scheduled_on,1.0
1774404274,backend-api-669d9964b8-b8qkw,gnn-cluster-worker2,scheduled_on,1.0
1774404274,backend-api-669d9964b8-qblwm,gnn-cluster-worker3,scheduled_on,1.0
1774404274,cpu-stressor-74d6ffcfc4-gghxs,gnn-cluster-worker,scheduled_on,1.0
1774404274,frontend-7868f8655b-25dwq,gnn-cluster-worker,scheduled_on,1.0
1774404274,frontend-7868f8655b-vqjvm,gnn-cluster-worker3,scheduled_on,1.0
1774404274,redis-cache-67d574b944-ll9pf,gnn-cluster-worker2,scheduled_on,1.0
1774404274,workload-generator-667dc97f4f-67vch,gnn-cluster-worker3,scheduled_on,1.0
1774404304,backend-api-669d9964b8-b8qkw,gnn-cluster-worker2,scheduled_on,1.0
1774404304,backend-api-669d9964b8-qblwm,gnn-cluster-worker3,scheduled_on,1.0
1774404304,cpu-stressor-74d6ffcfc4-gghxs,gnn-cluster-worker,scheduled_on,1.0
1774404304,frontend-7868f8655b-25dwq,gnn-cluster-worker,scheduled_on,1.0
1774404304,frontend-7868f8655b-vqjvm,gnn-cluster-worker3,scheduled_on,1.0
1774404304,redis-cache-67d574b944-ll9pf,gnn-cluster-worker2,scheduled_on,1.0
1774404304,workload-generator-667dc97f4f-67vch,gnn-cluster-worker3,scheduled_on,1.0
1774404334,backend-api-669d9964b8-b8qkw,gnn-cluster-worker2,scheduled_on,1.0
1774404334,backend-api-669d9964b8-qblwm,gnn-cluster-worker3,scheduled_on,1.0
1774404334,cpu-stressor-74d6ffcfc4-gghxs,gnn-cluster-worker,scheduled_on,1.0
1774404334,frontend-7868f8655b-25dwq,gnn-cluster-worker,scheduled_on,1.0
1774404334,frontend-7868f8655b-vqjvm,gnn-cluster-worker3,scheduled_on,1.0
1774404334,redis-cache-67d574b944-ll9pf,gnn-cluster-worker2,scheduled_on,1.0
1774404334,workload-generator-667dc97f4f-67vch,gnn-cluster-worker3,scheduled_on,1.0
1774404364,backend-api-669d9964b8-b8qkw,gnn-cluster-worker2,scheduled_on,1.0
1774404364,backend-api-669d9964b8-qblwm,gnn-cluster-worker3,scheduled_on,1.0
1774404364,cpu-stressor-74d6ffcfc4-gghxs,gnn-cluster-worker,scheduled_on,1.0
1774404364,frontend-7868f8655b-25dwq,gnn-cluster-worker,scheduled_on,1.0
1774404364,frontend-7868f8655b-vqjvm,gnn-cluster-worker3,scheduled_on,1.0
1774404364,redis-cache-67d574b944-ll9pf,gnn-cluster-worker2,scheduled_on,1.0
1774404364,workload-generator-667dc97f4f-67vch,gnn-cluster-worker3,scheduled_on,1.0
1774404394,backend-api-669d9964b8-b8qkw,gnn-cluster-worker2,scheduled_on,1.0
1774404394,backend-api-669d9964b8-qblwm,gnn-cluster-worker3,scheduled_on,1.0
1774404394,cpu-stressor-74d6ffcfc4-gghxs,gnn-cluster-worker,scheduled_on,1.0
1774404394,frontend-7868f8655b-25dwq,gnn-cluster-worker,scheduled_on,1.0
1774404394,frontend-7868f8655b-vqjvm,gnn-cluster-worker3,scheduled_on,1.0
1774404394,redis-cache-67d574b944-ll9pf,gnn-cluster-worker2,scheduled_on,1.0
1774404394,workload-generator-667dc97f4f-67vch,gnn-cluster-worker3,scheduled_on,1.0
1774404424,backend-api-669d9964b8-b8qkw,gnn-cluster-worker2,scheduled_on,1.0
1774404424,backend-api-669d9964b8-qblwm,gnn-cluster-worker3,scheduled_on,1.0
1774404424,cpu-stressor-74d6ffcfc4-gghxs,gnn-cluster-worker,scheduled_on,1.0
1774404424,frontend-7868f8655b-25dwq,gnn-cluster-worker,scheduled_on,1.0
1774404424,frontend-7868f8655b-vqjvm,gnn-cluster-worker3,scheduled_on,1.0
1774404424,redis-cache-67d574b944-ll9pf,gnn-cluster-worker2,scheduled_on,1.0
1774404424,workload-generator-667dc97f4f-67vch,gnn-cluster-worker3,scheduled_on,1.0
1774404454,backend-api-669d9964b8-b8qkw,gnn-cluster-worker2,scheduled_on,1.0
1774404454,backend-api-669d9964b8-qblwm,gnn-cluster-worker3,scheduled_on,1.0
1774404454,cpu-stressor-74d6ffcfc4-gghxs,gnn-cluster-worker,scheduled_on,1.0
1774404454,frontend-7868f8655b-25dwq,gnn-cluster-worker,scheduled_on,1.0
1774404454,frontend-7868f8655b-vqjvm,gnn-cluster-worker3,scheduled_on,1.0
1774404454,redis-cache-67d574b944-ll9pf,gnn-cluster-worker2,scheduled_on,1.0
1774404454,workload-generator-667dc97f4f-67vch,gnn-cluster-worker3,scheduled_on,1.0
1774404484,backend-api-669d9964b8-b8qkw,gnn-cluster-worker2,scheduled_on,1.0
1774404484,backend-api-669d9964b8-qblwm,gnn-cluster-worker3,scheduled_on,1.0
1774404484,cpu-stressor-74d6ffcfc4-gghxs,gnn-cluster-worker,scheduled_on,1.0
1774404484,frontend-7868f8655b-25dwq,gnn-cluster-worker,scheduled_on,1.0
1774404484,frontend-7868f8655b-vqjvm,gnn-cluster-worker3,scheduled_on,1.0
1774404484,redis-cache-67d574b944-ll9pf,gnn-cluster-worker2,scheduled_on,1.0
1774404484,workload-generator-667dc97f4f-67vch,gnn-cluster-worker3,scheduled_on,1.0
1774404514,backend-api-669d9964b8-b8qkw,gnn-cluster-worker2,scheduled_on,1.0
1774404514,backend-api-669d9964b8-qblwm,gnn-cluster-worker3,scheduled_on,1.0
1774404514,cpu-stressor-74d6ffcfc4-gghxs,gnn-cluster-worker,scheduled_on,1.0
1774404514,frontend-7868f8655b-25dwq,gnn-cluster-worker,scheduled_on,1.0
1774404514,frontend-7868f8655b-vqjvm,gnn-cluster-worker3,scheduled_on,1.0
1774404514,redis-cache-67d574b944-ll9pf,gnn-cluster-worker2,scheduled_on,1.0
1774404514,workload-generator-667dc97f4f-67vch,gnn-cluster-worker3,scheduled_on,1.0
1774404544,backend-api-669d9964b8-b8qkw,gnn-cluster-worker2,scheduled_on,1.0
1774404544,backend-api-669d9964b8-qblwm,gnn-cluster-worker3,scheduled_on,1.0
1774404544,cpu-stressor-74d6ffcfc4-gghxs,gnn-cluster-worker,scheduled_on,1.0
1774404544,frontend-7868f8655b-25dwq,gnn-cluster-worker,scheduled_on,1.0
1774404544,frontend-7868f8655b-vqjvm,gnn-cluster-worker3,scheduled_on,1.0
1774404544,redis-cache-67d574b944-ll9pf,gnn-cluster-worker2,scheduled_on,1.0
1774404544,workload-generator-667dc97f4f-67vch,gnn-cluster-worker3,scheduled_on,1.0
1774404575,backend-api-669d9964b8-b8qkw,gnn-cluster-worker2,scheduled_on,1.0
1774404575,backend-api-669d9964b8-qblwm,gnn-cluster-worker3,scheduled_on,1.0
1774404575,cpu-stressor-74d6ffcfc4-gghxs,gnn-cluster-worker,scheduled_on,1.0
1774404575,frontend-7868f8655b-25dwq,gnn-cluster-worker,scheduled_on,1.0
1774404575,frontend-7868f8655b-vqjvm,gnn-cluster-worker3,scheduled_on,1.0
1774404575,redis-cache-67d574b944-ll9pf,gnn-cluster-worker2,scheduled_on,1.0
1774404575,workload-generator-667dc97f4f-67vch,gnn-cluster-worker3,scheduled_on,1.0
1774404605,backend-api-669d9964b8-b8qkw,gnn-cluster-worker2,scheduled_on,1.0
1774404605,backend-api-669d9964b8-qblwm,gnn-cluster-worker3,scheduled_on,1.0
1774404605,cpu-stressor-74d6ffcfc4-gghxs,gnn-cluster-worker,scheduled_on,1.0
1774404605,frontend-7868f8655b-25dwq,gnn-cluster-worker,scheduled_on,1.0
1774404605,frontend-7868f8655b-vqjvm,gnn-cluster-worker3,scheduled_on,1.0
1774404605,redis-cache-67d574b944-ll9pf,gnn-cluster-worker2,scheduled_on,1.0
1774404605,workload-generator-667dc97f4f-67vch,gnn-cluster-worker3,scheduled_on,1.0
1774404635,backend-api-669d9964b8-b8qkw,gnn-cluster-worker2,scheduled_on,1.0
1774404635,backend-api-669d9964b8-qblwm,gnn-cluster-worker3,scheduled_on,1.0
1774404635,cpu-stressor-74d6ffcfc4-gghxs,gnn-cluster-worker,scheduled_on,1.0
1774404635,frontend-7868f8655b-25dwq,gnn-cluster-worker,scheduled_on,1.0
1774404635,frontend-7868f8655b-vqjvm,gnn-cluster-worker3,scheduled_on,1.0
1774404635,redis-cache-67d574b944-ll9pf,gnn-cluster-worker2,scheduled_on,1.0
1774404635,workload-generator-667dc97f4f-67vch,gnn-cluster-worker3,scheduled_on,1.0
1774404665,backend-api-669d9964b8-b8qkw,gnn-cluster-worker2,scheduled_on,1.0
1774404665,backend-api-669d9964b8-qblwm,gnn-cluster-worker3,scheduled_on,1.0
1774404665,cpu-stressor-74d6ffcfc4-gghxs,gnn-cluster-worker,scheduled_on,1.0
1774404665,frontend-7868f8655b-25dwq,gnn-cluster-worker,scheduled_on,1.0
1774404665,frontend-7868f8655b-vqjvm,gnn-cluster-worker3,scheduled_on,1.0
1774404665,redis-cache-67d574b944-ll9pf,gnn-cluster-worker2,scheduled_on,1.0
1774404665,workload-generator-667dc97f4f-67vch,gnn-cluster-worker3,scheduled_on,1.0
1774404695,backend-api-669d9964b8-b8qkw,gnn-cluster-worker2,scheduled_on,1.0
1774404695,backend-api-669d9964b8-qblwm,gnn-cluster-worker3,scheduled_on,1.0
1774404695,cpu-stressor-74d6ffcfc4-gghxs,gnn-cluster-worker,scheduled_on,1.0
1774404695,frontend-7868f8655b-25dwq,gnn-cluster-worker,scheduled_on,1.0
1774404695,frontend-7868f8655b-vqjvm,gnn-cluster-worker3,scheduled_on,1.0
1774404695,redis-cache-67d574b944-ll9pf,gnn-cluster-worker2,scheduled_on,1.0
1774404695,workload-generator-667dc97f4f-67vch,gnn-cluster-worker3,scheduled_on,1.0
1774404725,backend-api-669d9964b8-b8qkw,gnn-cluster-worker2,scheduled_on,1.0
1774404725,backend-api-669d9964b8-qblwm,gnn-cluster-worker3,scheduled_on,1.0
1774404725,cpu-stressor-74d6ffcfc4-gghxs,gnn-cluster-worker,scheduled_on,1.0
1774404725,frontend-7868f8655b-25dwq,gnn-cluster-worker,scheduled_on,1.0
1774404725,frontend-7868f8655b-vqjvm,gnn-cluster-worker3,scheduled_on,1.0
1774404725,redis-cache-67d574b944-ll9pf,gnn-cluster-worker2,scheduled_on,1.0
1774404725,workload-generator-667dc97f4f-67vch,gnn-cluster-worker3,scheduled_on,1.0
1774404755,backend-api-669d9964b8-b8qkw,gnn-cluster-worker2,scheduled_on,1.0
1774404755,backend-api-669d9964b8-qblwm,gnn-cluster-worker3,scheduled_on,1.0
1774404755,cpu-stressor-74d6ffcfc4-gghxs,gnn-cluster-worker,scheduled_on,1.0
1774404755,frontend-7868f8655b-25dwq,gnn-cluster-worker,scheduled_on,1.0
1774404755,frontend-7868f8655b-vqjvm,gnn-cluster-worker3,scheduled_on,1.0
1774404755,redis-cache-67d574b944-ll9pf,gnn-cluster-worker2,scheduled_on,1.0
1774404755,workload-generator-667dc97f4f-67vch,gnn-cluster-worker3,scheduled_on,1.0
1774404785,backend-api-669d9964b8-b8qkw,gnn-cluster-worker2,scheduled_on,1.0
1774404785,backend-api-669d9964b8-qblwm,gnn-cluster-worker3,scheduled_on,1.0
1774404785,cpu-stressor-74d6ffcfc4-gghxs,gnn-cluster-worker,scheduled_on,1.0
1774404785,frontend-7868f8655b-25dwq,gnn-cluster-worker,scheduled_on,1.0
1774404785,frontend-7868f8655b-vqjvm,gnn-cluster-worker3,scheduled_on,1.0
1774404785,redis-cache-67d574b944-ll9pf,gnn-cluster-worker2,scheduled_on,1.0
1774404785,workload-generator-667dc97f4f-67vch,gnn-cluster-worker3,scheduled_on,1.0
1774404815,backend-api-669d9964b8-b8qkw,gnn-cluster-worker2,scheduled_on,1.0
1774404815,backend-api-669d9964b8-qblwm,gnn-cluster-worker3,scheduled_on,1.0
1774404815,cpu-stressor-74d6ffcfc4-gghxs,gnn-cluster-worker,scheduled_on,1.0
1774404815,frontend-7868f8655b-25dwq,gnn-cluster-worker,scheduled_on,1.0
1774404815,frontend-7868f8655b-vqjvm,gnn-cluster-worker3,scheduled_on,1.0
1774404815,redis-cache-67d574b944-ll9pf,gnn-cluster-worker2,scheduled_on,1.0
1774404815,workload-generator-667dc97f4f-67vch,gnn-cluster-worker3,scheduled_on,1.0
1774404845,backend-api-669d9964b8-b8qkw,gnn-cluster-worker2,scheduled_on,1.0
1774404845,backend-api-669d9964b8-qblwm,gnn-cluster-worker3,scheduled_on,1.0
1774404845,cpu-stressor-74d6ffcfc4-gghxs,gnn-cluster-worker,scheduled_on,1.0
1774404845,frontend-7868f8655b-25dwq,gnn-cluster-worker,scheduled_on,1.0
1774404845,frontend-7868f8655b-vqjvm,gnn-cluster-worker3,scheduled_on,1.0
1774404845,redis-cache-67d574b944-ll9pf,gnn-cluster-worker2,scheduled_on,1.0
1774404845,workload-generator-667dc97f4f-67vch,gnn-cluster-worker3,scheduled_on,1.0
1774404875,backend-api-669d9964b8-b8qkw,gnn-cluster-worker2,scheduled_on,1.0
1774404875,backend-api-669d9964b8-qblwm,gnn-cluster-worker3,scheduled_on,1.0
1774404875,cpu-stressor-74d6ffcfc4-gghxs,gnn-cluster-worker,scheduled_on,1.0
1774404875,frontend-7868f8655b-25dwq,gnn-cluster-worker,scheduled_on,1.0
1774404875,frontend-7868f8655b-vqjvm,gnn-cluster-worker3,scheduled_on,1.0
1774404875,redis-cache-67d574b944-ll9pf,gnn-cluster-worker2,scheduled_on,1.0
1774404875,workload-generator-667dc97f4f-67vch,gnn-cluster-worker3,scheduled_on,1.0
1774404905,backend-api-669d9964b8-b8qkw,gnn-cluster-worker2,scheduled_on,1.0
1774404905,backend-api-669d9964b8-qblwm,gnn-cluster-worker3,scheduled_on,1.0
1774404905,cpu-stressor-74d6ffcfc4-gghxs,gnn-cluster-worker,scheduled_on,1.0
1774404905,frontend-7868f8655b-25dwq,gnn-cluster-worker,scheduled_on,1.0
1774404905,frontend-7868f8655b-vqjvm,gnn-cluster-worker3,scheduled_on,1.0
1774404905,redis-cache-67d574b944-ll9pf,gnn-cluster-worker2,scheduled_on,1.0
1774404905,workload-generator-667dc97f4f-67vch,gnn-cluster-worker3,scheduled_on,1.0
1774404935,backend-api-669d9964b8-b8qkw,gnn-cluster-worker2,scheduled_on,1.0
1774404935,backend-api-669d9964b8-qblwm,gnn-cluster-worker3,scheduled_on,1.0
1774404935,cpu-stressor-74d6ffcfc4-gghxs,gnn-cluster-worker,scheduled_on,1.0
1774404935,frontend-7868f8655b-25dwq,gnn-cluster-worker,scheduled_on,1.0
1774404935,frontend-7868f8655b-vqjvm,gnn-cluster-worker3,scheduled_on,1.0
1774404935,redis-cache-67d574b944-ll9pf,gnn-cluster-worker2,scheduled_on,1.0
1774404935,workload-generator-667dc97f4f-67vch,gnn-cluster-worker3,scheduled_on,1.0
1774404965,backend-api-669d9964b8-b8qkw,gnn-cluster-worker2,scheduled_on,1.0
1774404965,backend-api-669d9964b8-qblwm,gnn-cluster-worker3,scheduled_on,1.0
1774404965,cpu-stressor-74d6ffcfc4-gghxs,gnn-cluster-worker,scheduled_on,1.0
1774404965,frontend-7868f8655b-25dwq,gnn-cluster-worker,scheduled_on,1.0
1774404965,frontend-7868f8655b-vqjvm,gnn-cluster-worker3,scheduled_on,1.0
1774404965,redis-cache-67d574b944-ll9pf,gnn-cluster-worker2,scheduled_on,1.0
1774404965,workload-generator-667dc97f4f-67vch,gnn-cluster-worker3,scheduled_on,1.0
1774404995,backend-api-669d9964b8-b8qkw,gnn-cluster-worker2,scheduled_on,1.0
1774404995,backend-api-669d9964b8-qblwm,gnn-cluster-worker3,scheduled_on,1.0
1774404995,cpu-stressor-74d6ffcfc4-gghxs,gnn-cluster-worker,scheduled_on,1.0
1774404995,frontend-7868f8655b-25dwq,gnn-cluster-worker,scheduled_on,1.0
1774404995,frontend-7868f8655b-vqjvm,gnn-cluster-worker3,scheduled_on,1.0
1774404995,redis-cache-67d574b944-ll9pf,gnn-cluster-worker2,scheduled_on,1.0
1774404995,workload-generator-667dc97f4f-67vch,gnn-cluster-worker3,scheduled_on,1.0
1774405026,backend-api-669d9964b8-b8qkw,gnn-cluster-worker2,scheduled_on,1.0
1774405026,backend-api-669d9964b8-qblwm,gnn-cluster-worker3,scheduled_on,1.0
1774405026,cpu-stressor-74d6ffcfc4-gghxs,gnn-cluster-worker,scheduled_on,1.0
1774405026,frontend-7868f8655b-25dwq,gnn-cluster-worker,scheduled_on,1.0
1774405026,frontend-7868f8655b-vqjvm,gnn-cluster-worker3,scheduled_on,1.0
1774405026,redis-cache-67d574b944-ll9pf,gnn-cluster-worker2,scheduled_on,1.0
1774405026,workload-generator-667dc97f4f-67vch,gnn-cluster-worker3,scheduled_on,1.0
1774405056,backend-api-669d9964b8-b8qkw,gnn-cluster-worker2,scheduled_on,1.0
1774405056,backend-api-669d9964b8-qblwm,gnn-cluster-worker3,scheduled_on,1.0
1774405056,cpu-stressor-74d6ffcfc4-gghxs,gnn-cluster-worker,scheduled_on,1.0
1774405056,frontend-7868f8655b-25dwq,gnn-cluster-worker,scheduled_on,1.0
1774405056,frontend-7868f8655b-vqjvm,gnn-cluster-worker3,scheduled_on,1.0
1774405056,redis-cache-67d574b944-ll9pf,gnn-cluster-worker2,scheduled_on,1.0
1774405056,workload-generator-667dc97f4f-67vch,gnn-cluster-worker3,scheduled_on,1.0
1774405086,backend-api-669d9964b8-b8qkw,gnn-cluster-worker2,scheduled_on,1.0
1774405086,backend-api-669d9964b8-qblwm,gnn-cluster-worker3,scheduled_on,1.0
1774405086,cpu-stressor-74d6ffcfc4-gghxs,gnn-cluster-worker,scheduled_on,1.0
1774405086,frontend-7868f8655b-25dwq,gnn-cluster-worker,scheduled_on,1.0
1774405086,frontend-7868f8655b-vqjvm,gnn-cluster-worker3,scheduled_on,1.0
1774405086,redis-cache-67d574b944-ll9pf,gnn-cluster-worker2,scheduled_on,1.0
1774405086,workload-generator-667dc97f4f-67vch,gnn-cluster-worker3,scheduled_on,1.0
1774405116,backend-api-669d9964b8-b8qkw,gnn-cluster-worker2,scheduled_on,1.0
1774405116,backend-api-669d9964b8-qblwm,gnn-cluster-worker3,scheduled_on,1.0
1774405116,cpu-stressor-74d6ffcfc4-gghxs,gnn-cluster-worker,scheduled_on,1.0
1774405116,frontend-7868f8655b-25dwq,gnn-cluster-worker,scheduled_on,1.0
1774405116,frontend-7868f8655b-vqjvm,gnn-cluster-worker3,scheduled_on,1.0
1774405116,redis-cache-67d574b944-ll9pf,gnn-cluster-worker2,scheduled_on,1.0
1774405116,workload-generator-667dc97f4f-67vch,gnn-cluster-worker3,scheduled_on,1.0
1774405146,backend-api-669d9964b8-b8qkw,gnn-cluster-worker2,scheduled_on,1.0
1774405146,backend-api-669d9964b8-qblwm,gnn-cluster-worker3,scheduled_on,1.0
1774405146,cpu-stressor-74d6ffcfc4-gghxs,gnn-cluster-worker,scheduled_on,1.0
1774405146,frontend-7868f8655b-25dwq,gnn-cluster-worker,scheduled_on,1.0
1774405146,frontend-7868f8655b-vqjvm,gnn-cluster-worker3,scheduled_on,1.0
1774405146,redis-cache-67d574b944-ll9pf,gnn-cluster-worker2,scheduled_on,1.0
1774405146,workload-generator-667dc97f4f-67vch,gnn-cluster-worker3,scheduled_on,1.0
1774405176,backend-api-669d9964b8-b8qkw,gnn-cluster-worker2,scheduled_on,1.0
1774405176,backend-api-669d9964b8-qblwm,gnn-cluster-worker3,scheduled_on,1.0
1774405176,cpu-stressor-74d6ffcfc4-gghxs,gnn-cluster-worker,scheduled_on,1.0
1774405176,frontend-7868f8655b-25dwq,gnn-cluster-worker,scheduled_on,1.0
1774405176,frontend-7868f8655b-vqjvm,gnn-cluster-worker3,scheduled_on,1.0
1774405176,redis-cache-67d574b944-ll9pf,gnn-cluster-worker2,scheduled_on,1.0
1774405176,workload-generator-667dc97f4f-67vch,gnn-cluster-worker3,scheduled_on,1.0
1774405206,backend-api-669d9964b8-b8qkw,gnn-cluster-worker2,scheduled_on,1.0
1774405206,backend-api-669d9964b8-qblwm,gnn-cluster-worker3,scheduled_on,1.0
1774405206,cpu-stressor-74d6ffcfc4-gghxs,gnn-cluster-worker,scheduled_on,1.0
1774405206,frontend-7868f8655b-25dwq,gnn-cluster-worker,scheduled_on,1.0
1774405206,frontend-7868f8655b-vqjvm,gnn-cluster-worker3,scheduled_on,1.0
1774405206,redis-cache-67d574b944-ll9pf,gnn-cluster-worker2,scheduled_on,1.0
1774405206,workload-generator-667dc97f4f-67vch,gnn-cluster-worker3,scheduled_on,1.0
1774405236,backend-api-669d9964b8-b8qkw,gnn-cluster-worker2,scheduled_on,1.0
1774405236,backend-api-669d9964b8-qblwm,gnn-cluster-worker3,scheduled_on,1.0
1774405236,cpu-stressor-74d6ffcfc4-gghxs,gnn-cluster-worker,scheduled_on,1.0
1774405236,frontend-7868f8655b-25dwq,gnn-cluster-worker,scheduled_on,1.0
1774405236,frontend-7868f8655b-vqjvm,gnn-cluster-worker3,scheduled_on,1.0
1774405236,redis-cache-67d574b944-ll9pf,gnn-cluster-worker2,scheduled_on,1.0
1774405236,workload-generator-667dc97f4f-67vch,gnn-cluster-worker3,scheduled_on,1.0
1774405266,backend-api-669d9964b8-b8qkw,gnn-cluster-worker2,scheduled_on,1.0
1774405266,backend-api-669d9964b8-qblwm,gnn-cluster-worker3,scheduled_on,1.0
1774405266,cpu-stressor-74d6ffcfc4-gghxs,gnn-cluster-worker,scheduled_on,1.0
1774405266,frontend-7868f8655b-25dwq,gnn-cluster-worker,scheduled_on,1.0
1774405266,frontend-7868f8655b-vqjvm,gnn-cluster-worker3,scheduled_on,1.0
1774405266,redis-cache-67d574b944-ll9pf,gnn-cluster-worker2,scheduled_on,1.0
1774405266,workload-generator-667dc97f4f-67vch,gnn-cluster-worker3,scheduled_on,1.0
1774405296,backend-api-669d9964b8-b8qkw,gnn-cluster-worker2,scheduled_on,1.0
1774405296,backend-api-669d9964b8-qblwm,gnn-cluster-worker3,scheduled_on,1.0
1774405296,cpu-stressor-74d6ffcfc4-gghxs,gnn-cluster-worker,scheduled_on,1.0
1774405296,frontend-7868f8655b-25dwq,gnn-cluster-worker,scheduled_on,1.0
1774405296,frontend-7868f8655b-vqjvm,gnn-cluster-worker3,scheduled_on,1.0
1774405296,redis-cache-67d574b944-ll9pf,gnn-cluster-worker2,scheduled_on,1.0
1774405296,workload-generator-667dc97f4f-67vch,gnn-cluster-worker3,scheduled_on,1.0
1774405326,backend-api-669d9964b8-b8qkw,gnn-cluster-worker2,scheduled_on,1.0
1774405326,backend-api-669d9964b8-qblwm,gnn-cluster-worker3,scheduled_on,1.0
1774405326,cpu-stressor-74d6ffcfc4-gghxs,gnn-cluster-worker,scheduled_on,1.0
1774405326,frontend-7868f8655b-25dwq,gnn-cluster-worker,scheduled_on,1.0
1774405326,frontend-7868f8655b-vqjvm,gnn-cluster-worker3,scheduled_on,1.0
1774405326,redis-cache-67d574b944-ll9pf,gnn-cluster-worker2,scheduled_on,1.0
1774405326,workload-generator-667dc97f4f-67vch,gnn-cluster-worker3,scheduled_on,1.0
1774405356,backend-api-669d9964b8-b8qkw,gnn-cluster-worker2,scheduled_on,1.0
1774405356,backend-api-669d9964b8-qblwm,gnn-cluster-worker3,scheduled_on,1.0
1774405356,cpu-stressor-74d6ffcfc4-gghxs,gnn-cluster-worker,scheduled_on,1.0
1774405356,frontend-7868f8655b-25dwq,gnn-cluster-worker,scheduled_on,1.0
1774405356,frontend-7868f8655b-vqjvm,gnn-cluster-worker3,scheduled_on,1.0
1774405356,redis-cache-67d574b944-ll9pf,gnn-cluster-worker2,scheduled_on,1.0
1774405356,workload-generator-667dc97f4f-67vch,gnn-cluster-worker3,scheduled_on,1.0
1774405386,backend-api-669d9964b8-b8qkw,gnn-cluster-worker2,scheduled_on,1.0
1774405386,backend-api-669d9964b8-qblwm,gnn-cluster-worker3,scheduled_on,1.0
1774405386,cpu-stressor-74d6ffcfc4-gghxs,gnn-cluster-worker,scheduled_on,1.0
1774405386,frontend-7868f8655b-25dwq,gnn-cluster-worker,scheduled_on,1.0
1774405386,frontend-7868f8655b-vqjvm,gnn-cluster-worker3,scheduled_on,1.0
1774405386,redis-cache-67d574b944-ll9pf,gnn-cluster-worker2,scheduled_on,1.0
1774405386,workload-generator-667dc97f4f-67vch,gnn-cluster-worker3,scheduled_on,1.0
1774405416,backend-api-669d9964b8-b8qkw,gnn-cluster-worker2,scheduled_on,1.0
1774405416,backend-api-669d9964b8-qblwm,gnn-cluster-worker3,scheduled_on,1.0
1774405416,cpu-stressor-74d6ffcfc4-gghxs,gnn-cluster-worker,scheduled_on,1.0
1774405416,frontend-7868f8655b-25dwq,gnn-cluster-worker,scheduled_on,1.0
1774405416,frontend-7868f8655b-vqjvm,gnn-cluster-worker3,scheduled_on,1.0
1774405416,redis-cache-67d574b944-ll9pf,gnn-cluster-worker2,scheduled_on,1.0
1774405416,workload-generator-667dc97f4f-67vch,gnn-cluster-worker3,scheduled_on,1.0
1774405446,backend-api-669d9964b8-b8qkw,gnn-cluster-worker2,scheduled_on,1.0
1774405446,backend-api-669d9964b8-qblwm,gnn-cluster-worker3,scheduled_on,1.0
1774405446,cpu-stressor-74d6ffcfc4-gghxs,gnn-cluster-worker,scheduled_on,1.0
1774405446,frontend-7868f8655b-25dwq,gnn-cluster-worker,scheduled_on,1.0
1774405446,frontend-7868f8655b-vqjvm,gnn-cluster-worker3,scheduled_on,1.0
1774405446,redis-cache-67d574b944-ll9pf,gnn-cluster-worker2,scheduled_on,1.0
1774405446,workload-generator-667dc97f4f-67vch,gnn-cluster-worker3,scheduled_on,1.0
1774405477,backend-api-669d9964b8-b8qkw,gnn-cluster-worker2,scheduled_on,1.0
1774405477,backend-api-669d9964b8-qblwm,gnn-cluster-worker3,scheduled_on,1.0
1774405477,cpu-stressor-74d6ffcfc4-gghxs,gnn-cluster-worker,scheduled_on,1.0
1774405477,frontend-7868f8655b-25dwq,gnn-cluster-worker,scheduled_on,1.0
1774405477,frontend-7868f8655b-vqjvm,gnn-cluster-worker3,scheduled_on,1.0
1774405477,redis-cache-67d574b944-ll9pf,gnn-cluster-worker2,scheduled_on,1.0
1774405477,workload-generator-667dc97f4f-67vch,gnn-cluster-worker3,scheduled_on,1.0
1774405507,backend-api-669d9964b8-b8qkw,gnn-cluster-worker2,scheduled_on,1.0
1774405507,backend-api-669d9964b8-qblwm,gnn-cluster-worker3,scheduled_on,1.0
1774405507,cpu-stressor-74d6ffcfc4-gghxs,gnn-cluster-worker,scheduled_on,1.0
1774405507,frontend-7868f8655b-25dwq,gnn-cluster-worker,scheduled_on,1.0
1774405507,frontend-7868f8655b-vqjvm,gnn-cluster-worker3,scheduled_on,1.0
1774405507,redis-cache-67d574b944-ll9pf,gnn-cluster-worker2,scheduled_on,1.0
1774405507,workload-generator-667dc97f4f-67vch,gnn-cluster-worker3,scheduled_on,1.0
1774405537,backend-api-669d9964b8-b8qkw,gnn-cluster-worker2,scheduled_on,1.0
1774405537,backend-api-669d9964b8-qblwm,gnn-cluster-worker3,scheduled_on,1.0
1774405537,cpu-stressor-74d6ffcfc4-gghxs,gnn-cluster-worker,scheduled_on,1.0
1774405537,frontend-7868f8655b-25dwq,gnn-cluster-worker,scheduled_on,1.0
1774405537,frontend-7868f8655b-vqjvm,gnn-cluster-worker3,scheduled_on,1.0
1774405537,redis-cache-67d574b944-ll9pf,gnn-cluster-worker2,scheduled_on,1.0
1774405537,workload-generator-667dc97f4f-67vch,gnn-cluster-worker3,scheduled_on,1.0
1774405567,backend-api-669d9964b8-b8qkw,gnn-cluster-worker2,scheduled_on,1.0
1774405567,backend-api-669d9964b8-qblwm,gnn-cluster-worker3,scheduled_on,1.0
1774405567,cpu-stressor-74d6ffcfc4-gghxs,gnn-cluster-worker,scheduled_on,1.0
1774405567,frontend-7868f8655b-25dwq,gnn-cluster-worker,scheduled_on,1.0
1774405567,frontend-7868f8655b-vqjvm,gnn-cluster-worker3,scheduled_on,1.0
1774405567,redis-cache-67d574b944-ll9pf,gnn-cluster-worker2,scheduled_on,1.0
1774405567,workload-generator-667dc97f4f-67vch,gnn-cluster-worker3,scheduled_on,1.0
1774405597,backend-api-669d9964b8-b8qkw,gnn-cluster-worker2,scheduled_on,1.0
1774405597,backend-api-669d9964b8-qblwm,gnn-cluster-worker3,scheduled_on,1.0
1774405597,cpu-stressor-74d6ffcfc4-gghxs,gnn-cluster-worker,scheduled_on,1.0
1774405597,frontend-7868f8655b-25dwq,gnn-cluster-worker,scheduled_on,1.0
1774405597,frontend-7868f8655b-vqjvm,gnn-cluster-worker3,scheduled_on,1.0
1774405597,redis-cache-67d574b944-ll9pf,gnn-cluster-worker2,scheduled_on,1.0
1774405597,workload-generator-667dc97f4f-67vch,gnn-cluster-worker3,scheduled_on,1.0
1774405627,backend-api-669d9964b8-b8qkw,gnn-cluster-worker2,scheduled_on,1.0
1774405627,backend-api-669d9964b8-qblwm,gnn-cluster-worker3,scheduled_on,1.0
1774405627,cpu-stressor-74d6ffcfc4-gghxs,gnn-cluster-worker,scheduled_on,1.0
1774405627,frontend-7868f8655b-25dwq,gnn-cluster-worker,scheduled_on,1.0
1774405627,frontend-7868f8655b-vqjvm,gnn-cluster-worker3,scheduled_on,1.0
1774405627,redis-cache-67d574b944-ll9pf,gnn-cluster-worker2,scheduled_on,1.0
1774405627,workload-generator-667dc97f4f-67vch,gnn-cluster-worker3,scheduled_on,1.0
1774405657,backend-api-669d9964b8-b8qkw,gnn-cluster-worker2,scheduled_on,1.0
1774405657,backend-api-669d9964b8-qblwm,gnn-cluster-worker3,scheduled_on,1.0
1774405657,cpu-stressor-74d6ffcfc4-gghxs,gnn-cluster-worker,scheduled_on,1.0
1774405657,frontend-7868f8655b-25dwq,gnn-cluster-worker,scheduled_on,1.0
1774405657,frontend-7868f8655b-vqjvm,gnn-cluster-worker3,scheduled_on,1.0
1774405657,redis-cache-67d574b944-ll9pf,gnn-cluster-worker2,scheduled_on,1.0
1774405657,workload-generator-667dc97f4f-67vch,gnn-cluster-worker3,scheduled_on,1.0
1774405687,backend-api-669d9964b8-b8qkw,gnn-cluster-worker2,scheduled_on,1.0
1774405687,backend-api-669d9964b8-qblwm,gnn-cluster-worker3,scheduled_on,1.0
1774405687,cpu-stressor-74d6ffcfc4-gghxs,gnn-cluster-worker,scheduled_on,1.0
1774405687,frontend-7868f8655b-25dwq,gnn-cluster-worker,scheduled_on,1.0
1774405687,frontend-7868f8655b-vqjvm,gnn-cluster-worker3,scheduled_on,1.0
1774405687,redis-cache-67d574b944-ll9pf,gnn-cluster-worker2,scheduled_on,1.0
1774405687,workload-generator-667dc97f4f-67vch,gnn-cluster-worker3,scheduled_on,1.0
1774405717,backend-api-669d9964b8-b8qkw,gnn-cluster-worker2,scheduled_on,1.0
1774405717,backend-api-669d9964b8-qblwm,gnn-cluster-worker3,scheduled_on,1.0
1774405717,cpu-stressor-74d6ffcfc4-gghxs,gnn-cluster-worker,scheduled_on,1.0
1774405717,frontend-7868f8655b-25dwq,gnn-cluster-worker,scheduled_on,1.0
1774405717,frontend-7868f8655b-vqjvm,gnn-cluster-worker3,scheduled_on,1.0
1774405717,redis-cache-67d574b944-ll9pf,gnn-cluster-worker2,scheduled_on,1.0
1774405717,workload-generator-667dc97f4f-67vch,gnn-cluster-worker3,scheduled_on,1.0
1774405747,backend-api-669d9964b8-b8qkw,gnn-cluster-worker2,scheduled_on,1.0
1774405747,backend-api-669d9964b8-qblwm,gnn-cluster-worker3,scheduled_on,1.0
1774405747,cpu-stressor-74d6ffcfc4-gghxs,gnn-cluster-worker,scheduled_on,1.0
1774405747,frontend-7868f8655b-25dwq,gnn-cluster-worker,scheduled_on,1.0
1774405747,frontend-7868f8655b-vqjvm,gnn-cluster-worker3,scheduled_on,1.0
1774405747,redis-cache-67d574b944-ll9pf,gnn-cluster-worker2,scheduled_on,1.0
1774405747,workload-generator-667dc97f4f-67vch,gnn-cluster-worker3,scheduled_on,1.0
1774405777,backend-api-669d9964b8-b8qkw,gnn-cluster-worker2,scheduled_on,1.0
1774405777,backend-api-669d9964b8-qblwm,gnn-cluster-worker3,scheduled_on,1.0
1774405777,cpu-stressor-74d6ffcfc4-gghxs,gnn-cluster-worker,scheduled_on,1.0
1774405777,frontend-7868f8655b-25dwq,gnn-cluster-worker,scheduled_on,1.0
1774405777,frontend-7868f8655b-vqjvm,gnn-cluster-worker3,scheduled_on,1.0
1774405777,redis-cache-67d574b944-ll9pf,gnn-cluster-worker2,scheduled_on,1.0
1774405777,workload-generator-667dc97f4f-67vch,gnn-cluster-worker3,scheduled_on,1.0
1774405807,backend-api-669d9964b8-b8qkw,gnn-cluster-worker2,scheduled_on,1.0
1774405807,backend-api-669d9964b8-qblwm,gnn-cluster-worker3,scheduled_on,1.0
1774405807,cpu-stressor-74d6ffcfc4-gghxs,gnn-cluster-worker,scheduled_on,1.0
1774405807,frontend-7868f8655b-25dwq,gnn-cluster-worker,scheduled_on,1.0
1774405807,frontend-7868f8655b-vqjvm,gnn-cluster-worker3,scheduled_on,1.0
1774405807,redis-cache-67d574b944-ll9pf,gnn-cluster-worker2,scheduled_on,1.0
1774405807,workload-generator-667dc97f4f-67vch,gnn-cluster-worker3,scheduled_on,1.0
1774405837,backend-api-669d9964b8-b8qkw,gnn-cluster-worker2,scheduled_on,1.0
1774405837,backend-api-669d9964b8-qblwm,gnn-cluster-worker3,scheduled_on,1.0
1774405837,cpu-stressor-74d6ffcfc4-gghxs,gnn-cluster-worker,scheduled_on,1.0
1774405837,frontend-7868f8655b-25dwq,gnn-cluster-worker,scheduled_on,1.0
1774405837,frontend-7868f8655b-vqjvm,gnn-cluster-worker3,scheduled_on,1.0
1774405837,redis-cache-67d574b944-ll9pf,gnn-cluster-worker2,scheduled_on,1.0
1774405837,workload-generator-667dc97f4f-67vch,gnn-cluster-worker3,scheduled_on,1.0
1774405867,backend-api-669d9964b8-b8qkw,gnn-cluster-worker2,scheduled_on,1.0
1774405867,backend-api-669d9964b8-qblwm,gnn-cluster-worker3,scheduled_on,1.0
1774405867,cpu-stressor-74d6ffcfc4-gghxs,gnn-cluster-worker,scheduled_on,1.0
1774405867,frontend-7868f8655b-25dwq,gnn-cluster-worker,scheduled_on,1.0
1774405867,frontend-7868f8655b-vqjvm,gnn-cluster-worker3,scheduled_on,1.0
1774405867,redis-cache-67d574b944-ll9pf,gnn-cluster-worker2,scheduled_on,1.0
1774405867,workload-generator-667dc97f4f-67vch,gnn-cluster-worker3,scheduled_on,1.0
1774405897,backend-api-669d9964b8-b8qkw,gnn-cluster-worker2,scheduled_on,1.0
1774405897,backend-api-669d9964b8-qblwm,gnn-cluster-worker3,scheduled_on,1.0
1774405897,cpu-stressor-74d6ffcfc4-gghxs,gnn-cluster-worker,scheduled_on,1.0
1774405897,frontend-7868f8655b-25dwq,gnn-cluster-worker,scheduled_on,1.0
1774405897,frontend-7868f8655b-vqjvm,gnn-cluster-worker3,scheduled_on,1.0
1774405897,redis-cache-67d574b944-ll9pf,gnn-cluster-worker2,scheduled_on,1.0
1774405897,workload-generator-667dc97f4f-67vch,gnn-cluster-worker3,scheduled_on,1.0
1774405927,backend-api-669d9964b8-b8qkw,gnn-cluster-worker2,scheduled_on,1.0
1774405927,backend-api-669d9964b8-qblwm,gnn-cluster-worker3,scheduled_on,1.0
1774405927,cpu-stressor-74d6ffcfc4-gghxs,gnn-cluster-worker,scheduled_on,1.0
1774405927,frontend-7868f8655b-25dwq,gnn-cluster-worker,scheduled_on,1.0
1774405927,frontend-7868f8655b-vqjvm,gnn-cluster-worker3,scheduled_on,1.0
1774405927,redis-cache-67d574b944-ll9pf,gnn-cluster-worker2,scheduled_on,1.0
1774405927,workload-generator-667dc97f4f-67vch,gnn-cluster-worker3,scheduled_on,1.0
1774405957,backend-api-669d9964b8-b8qkw,gnn-cluster-worker2,scheduled_on,1.0
1774405957,backend-api-669d9964b8-qblwm,gnn-cluster-worker3,scheduled_on,1.0
1774405957,cpu-stressor-74d6ffcfc4-gghxs,gnn-cluster-worker,scheduled_on,1.0
1774405957,frontend-7868f8655b-25dwq,gnn-cluster-worker,scheduled_on,1.0
1774405957,frontend-7868f8655b-vqjvm,gnn-cluster-worker3,scheduled_on,1.0
1774405957,redis-cache-67d574b944-ll9pf,gnn-cluster-worker2,scheduled_on,1.0
1774405957,workload-generator-667dc97f4f-67vch,gnn-cluster-worker3,scheduled_on,1.0
1774405987,backend-api-669d9964b8-b8qkw,gnn-cluster-worker2,scheduled_on,1.0
1774405987,backend-api-669d9964b8-qblwm,gnn-cluster-worker3,scheduled_on,1.0
1774405987,cpu-stressor-74d6ffcfc4-gghxs,gnn-cluster-worker,scheduled_on,1.0
1774405987,frontend-7868f8655b-25dwq,gnn-cluster-worker,scheduled_on,1.0
1774405987,frontend-7868f8655b-vqjvm,gnn-cluster-worker3,scheduled_on,1.0
1774405987,redis-cache-67d574b944-ll9pf,gnn-cluster-worker2,scheduled_on,1.0
1774405987,workload-generator-667dc97f4f-67vch,gnn-cluster-worker3,scheduled_on,1.0
1774406018,backend-api-669d9964b8-b8qkw,gnn-cluster-worker2,scheduled_on,1.0
1774406018,backend-api-669d9964b8-qblwm,gnn-cluster-worker3,scheduled_on,1.0
1774406018,cpu-stressor-74d6ffcfc4-gghxs,gnn-cluster-worker,scheduled_on,1.0
1774406018,frontend-7868f8655b-25dwq,gnn-cluster-worker,scheduled_on,1.0
1774406018,frontend-7868f8655b-vqjvm,gnn-cluster-worker3,scheduled_on,1.0
1774406018,redis-cache-67d574b944-ll9pf,gnn-cluster-worker2,scheduled_on,1.0
1774406018,workload-generator-667dc97f4f-67vch,gnn-cluster-worker3,scheduled_on,1.0
1774406048,backend-api-669d9964b8-b8qkw,gnn-cluster-worker2,scheduled_on,1.0
1774406048,backend-api-669d9964b8-qblwm,gnn-cluster-worker3,scheduled_on,1.0
1774406048,cpu-stressor-74d6ffcfc4-gghxs,gnn-cluster-worker,scheduled_on,1.0
1774406048,frontend-7868f8655b-25dwq,gnn-cluster-worker,scheduled_on,1.0
1774406048,frontend-7868f8655b-vqjvm,gnn-cluster-worker3,scheduled_on,1.0
1774406048,redis-cache-67d574b944-ll9pf,gnn-cluster-worker2,scheduled_on,1.0
1774406048,workload-generator-667dc97f4f-67vch,gnn-cluster-worker3,scheduled_on,1.0
1774406078,backend-api-669d9964b8-b8qkw,gnn-cluster-worker2,scheduled_on,1.0
1774406078,backend-api-669d9964b8-qblwm,gnn-cluster-worker3,scheduled_on,1.0
1774406078,cpu-stressor-74d6ffcfc4-gghxs,gnn-cluster-worker,scheduled_on,1.0
1774406078,frontend-7868f8655b-25dwq,gnn-cluster-worker,scheduled_on,1.0
1774406078,frontend-7868f8655b-vqjvm,gnn-cluster-worker3,scheduled_on,1.0
1774406078,redis-cache-67d574b944-ll9pf,gnn-cluster-worker2,scheduled_on,1.0
1774406078,workload-generator-667dc97f4f-67vch,gnn-cluster-worker3,scheduled_on,1.0
1774406108,backend-api-669d9964b8-b8qkw,gnn-cluster-worker2,scheduled_on,1.0
1774406108,backend-api-669d9964b8-qblwm,gnn-cluster-worker3,scheduled_on,1.0
1774406108,cpu-stressor-74d6ffcfc4-gghxs,gnn-cluster-worker,scheduled_on,1.0
1774406108,frontend-7868f8655b-25dwq,gnn-cluster-worker,scheduled_on,1.0
1774406108,frontend-7868f8655b-vqjvm,gnn-cluster-worker3,scheduled_on,1.0
1774406108,redis-cache-67d574b944-ll9pf,gnn-cluster-worker2,scheduled_on,1.0
1774406108,workload-generator-667dc97f4f-67vch,gnn-cluster-worker3,scheduled_on,1.0
1774406138,backend-api-669d9964b8-b8qkw,gnn-cluster-worker2,scheduled_on,1.0
1774406138,backend-api-669d9964b8-qblwm,gnn-cluster-worker3,scheduled_on,1.0
1774406138,cpu-stressor-74d6ffcfc4-gghxs,gnn-cluster-worker,scheduled_on,1.0
1774406138,frontend-7868f8655b-25dwq,gnn-cluster-worker,scheduled_on,1.0
1774406138,frontend-7868f8655b-vqjvm,gnn-cluster-worker3,scheduled_on,1.0
1774406138,redis-cache-67d574b944-ll9pf,gnn-cluster-worker2,scheduled_on,1.0
1774406138,workload-generator-667dc97f4f-67vch,gnn-cluster-worker3,scheduled_on,1.0
1774406168,backend-api-669d9964b8-b8qkw,gnn-cluster-worker2,scheduled_on,1.0
1774406168,backend-api-669d9964b8-qblwm,gnn-cluster-worker3,scheduled_on,1.0
1774406168,cpu-stressor-74d6ffcfc4-gghxs,gnn-cluster-worker,scheduled_on,1.0
1774406168,frontend-7868f8655b-25dwq,gnn-cluster-worker,scheduled_on,1.0
1774406168,frontend-7868f8655b-vqjvm,gnn-cluster-worker3,scheduled_on,1.0
1774406168,redis-cache-67d574b944-ll9pf,gnn-cluster-worker2,scheduled_on,1.0
1774406168,workload-generator-667dc97f4f-67vch,gnn-cluster-worker3,scheduled_on,1.0
1774406198,backend-api-669d9964b8-b8qkw,gnn-cluster-worker2,scheduled_on,1.0
1774406198,backend-api-669d9964b8-qblwm,gnn-cluster-worker3,scheduled_on,1.0
1774406198,cpu-stressor-74d6ffcfc4-gghxs,gnn-cluster-worker,scheduled_on,1.0
1774406198,frontend-7868f8655b-25dwq,gnn-cluster-worker,scheduled_on,1.0
1774406198,frontend-7868f8655b-vqjvm,gnn-cluster-worker3,scheduled_on,1.0
1774406198,redis-cache-67d574b944-ll9pf,gnn-cluster-worker2,scheduled_on,1.0
1774406198,workload-generator-667dc97f4f-67vch,gnn-cluster-worker3,scheduled_on,1.0
1774406228,backend-api-669d9964b8-b8qkw,gnn-cluster-worker2,scheduled_on,1.0
1774406228,backend-api-669d9964b8-qblwm,gnn-cluster-worker3,scheduled_on,1.0
1774406228,cpu-stressor-74d6ffcfc4-gghxs,gnn-cluster-worker,scheduled_on,1.0
1774406228,frontend-7868f8655b-25dwq,gnn-cluster-worker,scheduled_on,1.0
1774406228,frontend-7868f8655b-vqjvm,gnn-cluster-worker3,scheduled_on,1.0
1774406228,redis-cache-67d574b944-ll9pf,gnn-cluster-worker2,scheduled_on,1.0
1774406228,workload-generator-667dc97f4f-67vch,gnn-cluster-worker3,scheduled_on,1.0
1774406258,backend-api-669d9964b8-b8qkw,gnn-cluster-worker2,scheduled_on,1.0
1774406258,backend-api-669d9964b8-qblwm,gnn-cluster-worker3,scheduled_on,1.0
1774406258,cpu-stressor-74d6ffcfc4-gghxs,gnn-cluster-worker,scheduled_on,1.0
1774406258,frontend-7868f8655b-25dwq,gnn-cluster-worker,scheduled_on,1.0
1774406258,frontend-7868f8655b-vqjvm,gnn-cluster-worker3,scheduled_on,1.0
1774406258,redis-cache-67d574b944-ll9pf,gnn-cluster-worker2,scheduled_on,1.0
1774406258,workload-generator-667dc97f4f-67vch,gnn-cluster-worker3,scheduled_on,1.0
1774406288,backend-api-669d9964b8-b8qkw,gnn-cluster-worker2,scheduled_on,1.0
1774406288,backend-api-669d9964b8-qblwm,gnn-cluster-worker3,scheduled_on,1.0
1774406288,cpu-stressor-74d6ffcfc4-gghxs,gnn-cluster-worker,scheduled_on,1.0
1774406288,frontend-7868f8655b-25dwq,gnn-cluster-worker,scheduled_on,1.0
1774406288,frontend-7868f8655b-vqjvm,gnn-cluster-worker3,scheduled_on,1.0
1774406288,redis-cache-67d574b944-ll9pf,gnn-cluster-worker2,scheduled_on,1.0
1774406288,workload-generator-667dc97f4f-67vch,gnn-cluster-worker3,scheduled_on,1.0
1774406318,backend-api-669d9964b8-b8qkw,gnn-cluster-worker2,scheduled_on,1.0
1774406318,backend-api-669d9964b8-qblwm,gnn-cluster-worker3,scheduled_on,1.0
1774406318,cpu-stressor-74d6ffcfc4-gghxs,gnn-cluster-worker,scheduled_on,1.0
1774406318,frontend-7868f8655b-25dwq,gnn-cluster-worker,scheduled_on,1.0
1774406318,frontend-7868f8655b-vqjvm,gnn-cluster-worker3,scheduled_on,1.0
1774406318,redis-cache-67d574b944-ll9pf,gnn-cluster-worker2,scheduled_on,1.0
1774406318,workload-generator-667dc97f4f-67vch,gnn-cluster-worker3,scheduled_on,1.0
1774406348,backend-api-669d9964b8-b8qkw,gnn-cluster-worker2,scheduled_on,1.0
1774406348,backend-api-669d9964b8-qblwm,gnn-cluster-worker3,scheduled_on,1.0
1774406348,cpu-stressor-74d6ffcfc4-gghxs,gnn-cluster-worker,scheduled_on,1.0
1774406348,frontend-7868f8655b-25dwq,gnn-cluster-worker,scheduled_on,1.0
1774406348,frontend-7868f8655b-vqjvm,gnn-cluster-worker3,scheduled_on,1.0
1774406348,redis-cache-67d574b944-ll9pf,gnn-cluster-worker2,scheduled_on,1.0
1774406348,workload-generator-667dc97f4f-67vch,gnn-cluster-worker3,scheduled_on,1.0
1774406378,backend-api-669d9964b8-b8qkw,gnn-cluster-worker2,scheduled_on,1.0
1774406378,backend-api-669d9964b8-qblwm,gnn-cluster-worker3,scheduled_on,1.0
1774406378,cpu-stressor-74d6ffcfc4-gghxs,gnn-cluster-worker,scheduled_on,1.0
1774406378,frontend-7868f8655b-25dwq,gnn-cluster-worker,scheduled_on,1.0
1774406378,frontend-7868f8655b-vqjvm,gnn-cluster-worker3,scheduled_on,1.0
1774406378,redis-cache-67d574b944-ll9pf,gnn-cluster-worker2,scheduled_on,1.0
1774406378,workload-generator-667dc97f4f-67vch,gnn-cluster-worker3,scheduled_on,1.0
1774406408,backend-api-669d9964b8-b8qkw,gnn-cluster-worker2,scheduled_on,1.0
1774406408,backend-api-669d9964b8-qblwm,gnn-cluster-worker3,scheduled_on,1.0
1774406408,cpu-stressor-74d6ffcfc4-gghxs,gnn-cluster-worker,scheduled_on,1.0
1774406408,frontend-7868f8655b-25dwq,gnn-cluster-worker,scheduled_on,1.0
1774406408,frontend-7868f8655b-vqjvm,gnn-cluster-worker3,scheduled_on,1.0
1774406408,redis-cache-67d574b944-ll9pf,gnn-cluster-worker2,scheduled_on,1.0
1774406408,workload-generator-667dc97f4f-67vch,gnn-cluster-worker3,scheduled_on,1.0
1774406438,backend-api-669d9964b8-b8qkw,gnn-cluster-worker2,scheduled_on,1.0
1774406438,backend-api-669d9964b8-qblwm,gnn-cluster-worker3,scheduled_on,1.0
1774406438,cpu-stressor-74d6ffcfc4-gghxs,gnn-cluster-worker,scheduled_on,1.0
1774406438,frontend-7868f8655b-25dwq,gnn-cluster-worker,scheduled_on,1.0
1774406438,frontend-7868f8655b-vqjvm,gnn-cluster-worker3,scheduled_on,1.0
1774406438,redis-cache-67d574b944-ll9pf,gnn-cluster-worker2,scheduled_on,1.0
1774406438,workload-generator-667dc97f4f-67vch,gnn-cluster-worker3,scheduled_on,1.0
1774406469,backend-api-669d9964b8-b8qkw,gnn-cluster-worker2,scheduled_on,1.0
1774406469,backend-api-669d9964b8-qblwm,gnn-cluster-worker3,scheduled_on,1.0
1774406469,cpu-stressor-74d6ffcfc4-gghxs,gnn-cluster-worker,scheduled_on,1.0
1774406469,frontend-7868f8655b-25dwq,gnn-cluster-worker,scheduled_on,1.0
1774406469,frontend-7868f8655b-vqjvm,gnn-cluster-worker3,scheduled_on,1.0
1774406469,redis-cache-67d574b944-ll9pf,gnn-cluster-worker2,scheduled_on,1.0
1774406469,workload-generator-667dc97f4f-67vch,gnn-cluster-worker3,scheduled_on,1.0
1774406499,backend-api-669d9964b8-b8qkw,gnn-cluster-worker2,scheduled_on,1.0
1774406499,backend-api-669d9964b8-qblwm,gnn-cluster-worker3,scheduled_on,1.0
1774406499,cpu-stressor-74d6ffcfc4-gghxs,gnn-cluster-worker,scheduled_on,1.0
1774406499,frontend-7868f8655b-25dwq,gnn-cluster-worker,scheduled_on,1.0
1774406499,frontend-7868f8655b-vqjvm,gnn-cluster-worker3,scheduled_on,1.0
1774406499,redis-cache-67d574b944-ll9pf,gnn-cluster-worker2,scheduled_on,1.0
1774406499,workload-generator-667dc97f4f-67vch,gnn-cluster-worker3,scheduled_on,1.0
1774406529,backend-api-669d9964b8-b8qkw,gnn-cluster-worker2,scheduled_on,1.0
1774406529,backend-api-669d9964b8-qblwm,gnn-cluster-worker3,scheduled_on,1.0
1774406529,cpu-stressor-74d6ffcfc4-gghxs,gnn-cluster-worker,scheduled_on,1.0
1774406529,frontend-7868f8655b-25dwq,gnn-cluster-worker,scheduled_on,1.0
1774406529,frontend-7868f8655b-vqjvm,gnn-cluster-worker3,scheduled_on,1.0
1774406529,redis-cache-67d574b944-ll9pf,gnn-cluster-worker2,scheduled_on,1.0
1774406529,workload-generator-667dc97f4f-67vch,gnn-cluster-worker3,scheduled_on,1.0
1774406559,backend-api-669d9964b8-b8qkw,gnn-cluster-worker2,scheduled_on,1.0
1774406559,backend-api-669d9964b8-qblwm,gnn-cluster-worker3,scheduled_on,1.0
1774406559,cpu-stressor-74d6ffcfc4-gghxs,gnn-cluster-worker,scheduled_on,1.0
1774406559,frontend-7868f8655b-25dwq,gnn-cluster-worker,scheduled_on,1.0
1774406559,frontend-7868f8655b-vqjvm,gnn-cluster-worker3,scheduled_on,1.0
1774406559,redis-cache-67d574b944-ll9pf,gnn-cluster-worker2,scheduled_on,1.0
1774406559,workload-generator-667dc97f4f-67vch,gnn-cluster-worker3,scheduled_on,1.0
1774406589,backend-api-669d9964b8-b8qkw,gnn-cluster-worker2,scheduled_on,1.0
1774406589,backend-api-669d9964b8-qblwm,gnn-cluster-worker3,scheduled_on,1.0
1774406589,cpu-stressor-74d6ffcfc4-gghxs,gnn-cluster-worker,scheduled_on,1.0
1774406589,frontend-7868f8655b-25dwq,gnn-cluster-worker,scheduled_on,1.0
1774406589,frontend-7868f8655b-vqjvm,gnn-cluster-worker3,scheduled_on,1.0
1774406589,redis-cache-67d574b944-ll9pf,gnn-cluster-worker2,scheduled_on,1.0
1774406589,workload-generator-667dc97f4f-67vch,gnn-cluster-worker3,scheduled_on,1.0
1774406619,backend-api-669d9964b8-b8qkw,gnn-cluster-worker2,scheduled_on,1.0
1774406619,backend-api-669d9964b8-qblwm,gnn-cluster-worker3,scheduled_on,1.0
1774406619,cpu-stressor-74d6ffcfc4-gghxs,gnn-cluster-worker,scheduled_on,1.0
1774406619,frontend-7868f8655b-25dwq,gnn-cluster-worker,scheduled_on,1.0
1774406619,frontend-7868f8655b-vqjvm,gnn-cluster-worker3,scheduled_on,1.0
1774406619,redis-cache-67d574b944-ll9pf,gnn-cluster-worker2,scheduled_on,1.0
1774406619,workload-generator-667dc97f4f-67vch,gnn-cluster-worker3,scheduled_on,1.0
1774406649,backend-api-669d9964b8-b8qkw,gnn-cluster-worker2,scheduled_on,1.0
1774406649,backend-api-669d9964b8-qblwm,gnn-cluster-worker3,scheduled_on,1.0
1774406649,cpu-stressor-74d6ffcfc4-gghxs,gnn-cluster-worker,scheduled_on,1.0
1774406649,frontend-7868f8655b-25dwq,gnn-cluster-worker,scheduled_on,1.0
1774406649,frontend-7868f8655b-vqjvm,gnn-cluster-worker3,scheduled_on,1.0
1774406649,redis-cache-67d574b944-ll9pf,gnn-cluster-worker2,scheduled_on,1.0
1774406649,workload-generator-667dc97f4f-67vch,gnn-cluster-worker3,scheduled_on,1.0
1774406679,backend-api-669d9964b8-b8qkw,gnn-cluster-worker2,scheduled_on,1.0
1774406679,backend-api-669d9964b8-qblwm,gnn-cluster-worker3,scheduled_on,1.0
1774406679,cpu-stressor-74d6ffcfc4-gghxs,gnn-cluster-worker,scheduled_on,1.0
1774406679,frontend-7868f8655b-25dwq,gnn-cluster-worker,scheduled_on,1.0
1774406679,frontend-7868f8655b-vqjvm,gnn-cluster-worker3,scheduled_on,1.0
1774406679,redis-cache-67d574b944-ll9pf,gnn-cluster-worker2,scheduled_on,1.0
1774406679,workload-generator-667dc97f4f-67vch,gnn-cluster-worker3,scheduled_on,1.0
1774406709,backend-api-669d9964b8-b8qkw,gnn-cluster-worker2,scheduled_on,1.0
1774406709,backend-api-669d9964b8-qblwm,gnn-cluster-worker3,scheduled_on,1.0
1774406709,cpu-stressor-74d6ffcfc4-gghxs,gnn-cluster-worker,scheduled_on,1.0
1774406709,frontend-7868f8655b-25dwq,gnn-cluster-worker,scheduled_on,1.0
1774406709,frontend-7868f8655b-vqjvm,gnn-cluster-worker3,scheduled_on,1.0
1774406709,redis-cache-67d574b944-ll9pf,gnn-cluster-worker2,scheduled_on,1.0
1774406709,workload-generator-667dc97f4f-67vch,gnn-cluster-worker3,scheduled_on,1.0
1774406739,backend-api-669d9964b8-b8qkw,gnn-cluster-worker2,scheduled_on,1.0
1774406739,backend-api-669d9964b8-qblwm,gnn-cluster-worker3,scheduled_on,1.0
1774406739,cpu-stressor-74d6ffcfc4-gghxs,gnn-cluster-worker,scheduled_on,1.0
1774406739,frontend-7868f8655b-25dwq,gnn-cluster-worker,scheduled_on,1.0
1774406739,frontend-7868f8655b-vqjvm,gnn-cluster-worker3,scheduled_on,1.0
1774406739,redis-cache-67d574b944-ll9pf,gnn-cluster-worker2,scheduled_on,1.0
1774406739,workload-generator-667dc97f4f-67vch,gnn-cluster-worker3,scheduled_on,1.0
1774406769,backend-api-669d9964b8-b8qkw,gnn-cluster-worker2,scheduled_on,1.0
1774406769,backend-api-669d9964b8-qblwm,gnn-cluster-worker3,scheduled_on,1.0
1774406769,cpu-stressor-74d6ffcfc4-gghxs,gnn-cluster-worker,scheduled_on,1.0
1774406769,frontend-7868f8655b-25dwq,gnn-cluster-worker,scheduled_on,1.0
1774406769,frontend-7868f8655b-vqjvm,gnn-cluster-worker3,scheduled_on,1.0
1774406769,redis-cache-67d574b944-ll9pf,gnn-cluster-worker2,scheduled_on,1.0
1774406769,workload-generator-667dc97f4f-67vch,gnn-cluster-worker3,scheduled_on,1.0
1774406799,backend-api-669d9964b8-b8qkw,gnn-cluster-worker2,scheduled_on,1.0
1774406799,backend-api-669d9964b8-qblwm,gnn-cluster-worker3,scheduled_on,1.0
1774406799,cpu-stressor-74d6ffcfc4-gghxs,gnn-cluster-worker,scheduled_on,1.0
1774406799,frontend-7868f8655b-25dwq,gnn-cluster-worker,scheduled_on,1.0
1774406799,frontend-7868f8655b-vqjvm,gnn-cluster-worker3,scheduled_on,1.0
1774406799,redis-cache-67d574b944-ll9pf,gnn-cluster-worker2,scheduled_on,1.0
1774406799,workload-generator-667dc97f4f-67vch,gnn-cluster-worker3,scheduled_on,1.0
1774406829,backend-api-669d9964b8-b8qkw,gnn-cluster-worker2,scheduled_on,1.0
1774406829,backend-api-669d9964b8-qblwm,gnn-cluster-worker3,scheduled_on,1.0
1774406829,cpu-stressor-74d6ffcfc4-gghxs,gnn-cluster-worker,scheduled_on,1.0
1774406829,frontend-7868f8655b-25dwq,gnn-cluster-worker,scheduled_on,1.0
1774406829,frontend-7868f8655b-vqjvm,gnn-cluster-worker3,scheduled_on,1.0
1774406829,redis-cache-67d574b944-ll9pf,gnn-cluster-worker2,scheduled_on,1.0
1774406829,workload-generator-667dc97f4f-67vch,gnn-cluster-worker3,scheduled_on,1.0
1774406859,backend-api-669d9964b8-b8qkw,gnn-cluster-worker2,scheduled_on,1.0
1774406859,backend-api-669d9964b8-qblwm,gnn-cluster-worker3,scheduled_on,1.0
1774406859,cpu-stressor-74d6ffcfc4-gghxs,gnn-cluster-worker,scheduled_on,1.0
1774406859,frontend-7868f8655b-25dwq,gnn-cluster-worker,scheduled_on,1.0
1774406859,frontend-7868f8655b-vqjvm,gnn-cluster-worker3,scheduled_on,1.0
1774406859,redis-cache-67d574b944-ll9pf,gnn-cluster-worker2,scheduled_on,1.0
1774406859,workload-generator-667dc97f4f-67vch,gnn-cluster-worker3,scheduled_on,1.0
1774406889,backend-api-669d9964b8-b8qkw,gnn-cluster-worker2,scheduled_on,1.0
1774406889,backend-api-669d9964b8-qblwm,gnn-cluster-worker3,scheduled_on,1.0
1774406889,cpu-stressor-74d6ffcfc4-gghxs,gnn-cluster-worker,scheduled_on,1.0
1774406889,frontend-7868f8655b-25dwq,gnn-cluster-worker,scheduled_on,1.0
1774406889,frontend-7868f8655b-vqjvm,gnn-cluster-worker3,scheduled_on,1.0
1774406889,redis-cache-67d574b944-ll9pf,gnn-cluster-worker2,scheduled_on,1.0
1774406889,workload-generator-667dc97f4f-67vch,gnn-cluster-worker3,scheduled_on,1.0
1774406920,backend-api-669d9964b8-b8qkw,gnn-cluster-worker2,scheduled_on,1.0
1774406920,backend-api-669d9964b8-qblwm,gnn-cluster-worker3,scheduled_on,1.0
1774406920,cpu-stressor-74d6ffcfc4-gghxs,gnn-cluster-worker,scheduled_on,1.0
1774406920,frontend-7868f8655b-25dwq,gnn-cluster-worker,scheduled_on,1.0
1774406920,frontend-7868f8655b-vqjvm,gnn-cluster-worker3,scheduled_on,1.0
1774406920,redis-cache-67d574b944-ll9pf,gnn-cluster-worker2,scheduled_on,1.0
1774406920,workload-generator-667dc97f4f-67vch,gnn-cluster-worker3,scheduled_on,1.0
1774406950,backend-api-669d9964b8-b8qkw,gnn-cluster-worker2,scheduled_on,1.0
1774406950,backend-api-669d9964b8-qblwm,gnn-cluster-worker3,scheduled_on,1.0
1774406950,cpu-stressor-74d6ffcfc4-gghxs,gnn-cluster-worker,scheduled_on,1.0
1774406950,frontend-7868f8655b-25dwq,gnn-cluster-worker,scheduled_on,1.0
1774406950,frontend-7868f8655b-vqjvm,gnn-cluster-worker3,scheduled_on,1.0
1774406950,redis-cache-67d574b944-ll9pf,gnn-cluster-worker2,scheduled_on,1.0
1774406950,workload-generator-667dc97f4f-67vch,gnn-cluster-worker3,scheduled_on,1.0
1774406980,backend-api-669d9964b8-b8qkw,gnn-cluster-worker2,scheduled_on,1.0
1774406980,backend-api-669d9964b8-qblwm,gnn-cluster-worker3,scheduled_on,1.0
1774406980,cpu-stressor-74d6ffcfc4-gghxs,gnn-cluster-worker,scheduled_on,1.0
1774406980,frontend-7868f8655b-25dwq,gnn-cluster-worker,scheduled_on,1.0
1774406980,frontend-7868f8655b-vqjvm,gnn-cluster-worker3,scheduled_on,1.0
1774406980,redis-cache-67d574b944-ll9pf,gnn-cluster-worker2,scheduled_on,1.0
1774406980,workload-generator-667dc97f4f-67vch,gnn-cluster-worker3,scheduled_on,1.0
1774407010,backend-api-669d9964b8-b8qkw,gnn-cluster-worker2,scheduled_on,1.0
1774407010,backend-api-669d9964b8-qblwm,gnn-cluster-worker3,scheduled_on,1.0
1774407010,cpu-stressor-74d6ffcfc4-gghxs,gnn-cluster-worker,scheduled_on,1.0
1774407010,frontend-7868f8655b-25dwq,gnn-cluster-worker,scheduled_on,1.0
1774407010,frontend-7868f8655b-vqjvm,gnn-cluster-worker3,scheduled_on,1.0
1774407010,redis-cache-67d574b944-ll9pf,gnn-cluster-worker2,scheduled_on,1.0
1774407010,workload-generator-667dc97f4f-67vch,gnn-cluster-worker3,scheduled_on,1.0
1774407040,backend-api-669d9964b8-b8qkw,gnn-cluster-worker2,scheduled_on,1.0
1774407040,backend-api-669d9964b8-qblwm,gnn-cluster-worker3,scheduled_on,1.0
1774407040,cpu-stressor-74d6ffcfc4-gghxs,gnn-cluster-worker,scheduled_on,1.0
1774407040,frontend-7868f8655b-25dwq,gnn-cluster-worker,scheduled_on,1.0
1774407040,frontend-7868f8655b-vqjvm,gnn-cluster-worker3,scheduled_on,1.0
1774407040,redis-cache-67d574b944-ll9pf,gnn-cluster-worker2,scheduled_on,1.0
1774407040,workload-generator-667dc97f4f-67vch,gnn-cluster-worker3,scheduled_on,1.0
1774407070,backend-api-669d9964b8-b8qkw,gnn-cluster-worker2,scheduled_on,1.0
1774407070,backend-api-669d9964b8-qblwm,gnn-cluster-worker3,scheduled_on,1.0
1774407070,cpu-stressor-74d6ffcfc4-gghxs,gnn-cluster-worker,scheduled_on,1.0
1774407070,frontend-7868f8655b-25dwq,gnn-cluster-worker,scheduled_on,1.0
1774407070,frontend-7868f8655b-vqjvm,gnn-cluster-worker3,scheduled_on,1.0
1774407070,redis-cache-67d574b944-ll9pf,gnn-cluster-worker2,scheduled_on,1.0
1774407070,workload-generator-667dc97f4f-67vch,gnn-cluster-worker3,scheduled_on,1.0
1774407100,backend-api-669d9964b8-b8qkw,gnn-cluster-worker2,scheduled_on,1.0
1774407100,backend-api-669d9964b8-qblwm,gnn-cluster-worker3,scheduled_on,1.0
1774407100,cpu-stressor-74d6ffcfc4-gghxs,gnn-cluster-worker,scheduled_on,1.0
1774407100,frontend-7868f8655b-25dwq,gnn-cluster-worker,scheduled_on,1.0
1774407100,frontend-7868f8655b-vqjvm,gnn-cluster-worker3,scheduled_on,1.0
1774407100,redis-cache-67d574b944-ll9pf,gnn-cluster-worker2,scheduled_on,1.0
1774407100,workload-generator-667dc97f4f-67vch,gnn-cluster-worker3,scheduled_on,1.0
1774407130,backend-api-669d9964b8-b8qkw,gnn-cluster-worker2,scheduled_on,1.0
1774407130,backend-api-669d9964b8-qblwm,gnn-cluster-worker3,scheduled_on,1.0
1774407130,cpu-stressor-74d6ffcfc4-gghxs,gnn-cluster-worker,scheduled_on,1.0
1774407130,frontend-7868f8655b-25dwq,gnn-cluster-worker,scheduled_on,1.0
1774407130,frontend-7868f8655b-vqjvm,gnn-cluster-worker3,scheduled_on,1.0
1774407130,redis-cache-67d574b944-ll9pf,gnn-cluster-worker2,scheduled_on,1.0
1774407130,workload-generator-667dc97f4f-67vch,gnn-cluster-worker3,scheduled_on,1.0
1774407160,backend-api-669d9964b8-b8qkw,gnn-cluster-worker2,scheduled_on,1.0
1774407160,backend-api-669d9964b8-qblwm,gnn-cluster-worker3,scheduled_on,1.0
1774407160,cpu-stressor-74d6ffcfc4-gghxs,gnn-cluster-worker,scheduled_on,1.0
1774407160,frontend-7868f8655b-25dwq,gnn-cluster-worker,scheduled_on,1.0
1774407160,frontend-7868f8655b-vqjvm,gnn-cluster-worker3,scheduled_on,1.0
1774407160,redis-cache-67d574b944-ll9pf,gnn-cluster-worker2,scheduled_on,1.0
1774407160,workload-generator-667dc97f4f-67vch,gnn-cluster-worker3,scheduled_on,1.0
1774407190,backend-api-669d9964b8-b8qkw,gnn-cluster-worker2,scheduled_on,1.0
1774407190,backend-api-669d9964b8-qblwm,gnn-cluster-worker3,scheduled_on,1.0
1774407190,cpu-stressor-74d6ffcfc4-gghxs,gnn-cluster-worker,scheduled_on,1.0
1774407190,frontend-7868f8655b-25dwq,gnn-cluster-worker,scheduled_on,1.0
1774407190,frontend-7868f8655b-vqjvm,gnn-cluster-worker3,scheduled_on,1.0
1774407190,redis-cache-67d574b944-ll9pf,gnn-cluster-worker2,scheduled_on,1.0
1774407190,workload-generator-667dc97f4f-67vch,gnn-cluster-worker3,scheduled_on,1.0
1774407220,backend-api-669d9964b8-b8qkw,gnn-cluster-worker2,scheduled_on,1.0
1774407220,backend-api-669d9964b8-qblwm,gnn-cluster-worker3,scheduled_on,1.0
1774407220,cpu-stressor-74d6ffcfc4-gghxs,gnn-cluster-worker,scheduled_on,1.0
1774407220,frontend-7868f8655b-25dwq,gnn-cluster-worker,scheduled_on,1.0
1774407220,frontend-7868f8655b-vqjvm,gnn-cluster-worker3,scheduled_on,1.0
1774407220,redis-cache-67d574b944-ll9pf,gnn-cluster-worker2,scheduled_on,1.0
1774407220,workload-generator-667dc97f4f-67vch,gnn-cluster-worker3,scheduled_on,1.0
1774407250,backend-api-669d9964b8-b8qkw,gnn-cluster-worker2,scheduled_on,1.0
1774407250,backend-api-669d9964b8-qblwm,gnn-cluster-worker3,scheduled_on,1.0
1774407250,cpu-stressor-74d6ffcfc4-gghxs,gnn-cluster-worker,scheduled_on,1.0
1774407250,frontend-7868f8655b-25dwq,gnn-cluster-worker,scheduled_on,1.0
1774407250,frontend-7868f8655b-vqjvm,gnn-cluster-worker3,scheduled_on,1.0
1774407250,redis-cache-67d574b944-ll9pf,gnn-cluster-worker2,scheduled_on,1.0
1774407250,workload-generator-667dc97f4f-67vch,gnn-cluster-worker3,scheduled_on,1.0
1774407280,backend-api-669d9964b8-b8qkw,gnn-cluster-worker2,scheduled_on,1.0
1774407280,backend-api-669d9964b8-qblwm,gnn-cluster-worker3,scheduled_on,1.0
1774407280,cpu-stressor-74d6ffcfc4-gghxs,gnn-cluster-worker,scheduled_on,1.0
1774407280,frontend-7868f8655b-25dwq,gnn-cluster-worker,scheduled_on,1.0
1774407280,frontend-7868f8655b-vqjvm,gnn-cluster-worker3,scheduled_on,1.0
1774407280,redis-cache-67d574b944-ll9pf,gnn-cluster-worker2,scheduled_on,1.0
1774407280,workload-generator-667dc97f4f-67vch,gnn-cluster-worker3,scheduled_on,1.0
1774407310,backend-api-669d9964b8-b8qkw,gnn-cluster-worker2,scheduled_on,1.0
1774407310,backend-api-669d9964b8-qblwm,gnn-cluster-worker3,scheduled_on,1.0
1774407310,cpu-stressor-74d6ffcfc4-gghxs,gnn-cluster-worker,scheduled_on,1.0
1774407310,frontend-7868f8655b-25dwq,gnn-cluster-worker,scheduled_on,1.0
1774407310,frontend-7868f8655b-vqjvm,gnn-cluster-worker3,scheduled_on,1.0
1774407310,redis-cache-67d574b944-ll9pf,gnn-cluster-worker2,scheduled_on,1.0
1774407310,workload-generator-667dc97f4f-67vch,gnn-cluster-worker3,scheduled_on,1.0
1774407341,backend-api-669d9964b8-b8qkw,gnn-cluster-worker2,scheduled_on,1.0
1774407341,backend-api-669d9964b8-qblwm,gnn-cluster-worker3,scheduled_on,1.0
1774407341,cpu-stressor-74d6ffcfc4-gghxs,gnn-cluster-worker,scheduled_on,1.0
1774407341,frontend-7868f8655b-25dwq,gnn-cluster-worker,scheduled_on,1.0
1774407341,frontend-7868f8655b-vqjvm,gnn-cluster-worker3,scheduled_on,1.0
1774407341,redis-cache-67d574b944-ll9pf,gnn-cluster-worker2,scheduled_on,1.0
1774407341,workload-generator-667dc97f4f-67vch,gnn-cluster-worker3,scheduled_on,1.0
1774407371,backend-api-669d9964b8-b8qkw,gnn-cluster-worker2,scheduled_on,1.0
1774407371,backend-api-669d9964b8-qblwm,gnn-cluster-worker3,scheduled_on,1.0
1774407371,cpu-stressor-74d6ffcfc4-gghxs,gnn-cluster-worker,scheduled_on,1.0
1774407371,frontend-7868f8655b-25dwq,gnn-cluster-worker,scheduled_on,1.0
1774407371,frontend-7868f8655b-vqjvm,gnn-cluster-worker3,scheduled_on,1.0
1774407371,redis-cache-67d574b944-ll9pf,gnn-cluster-worker2,scheduled_on,1.0
1774407371,workload-generator-667dc97f4f-67vch,gnn-cluster-worker3,scheduled_on,1.0
1774407401,backend-api-669d9964b8-b8qkw,gnn-cluster-worker2,scheduled_on,1.0
1774407401,backend-api-669d9964b8-qblwm,gnn-cluster-worker3,scheduled_on,1.0
1774407401,cpu-stressor-74d6ffcfc4-gghxs,gnn-cluster-worker,scheduled_on,1.0
1774407401,frontend-7868f8655b-25dwq,gnn-cluster-worker,scheduled_on,1.0
1774407401,frontend-7868f8655b-vqjvm,gnn-cluster-worker3,scheduled_on,1.0
1774407401,redis-cache-67d574b944-ll9pf,gnn-cluster-worker2,scheduled_on,1.0
1774407401,workload-generator-667dc97f4f-67vch,gnn-cluster-worker3,scheduled_on,1.0
1774407431,backend-api-669d9964b8-b8qkw,gnn-cluster-worker2,scheduled_on,1.0
1774407431,backend-api-669d9964b8-qblwm,gnn-cluster-worker3,scheduled_on,1.0
1774407431,cpu-stressor-74d6ffcfc4-gghxs,gnn-cluster-worker,scheduled_on,1.0
1774407431,frontend-7868f8655b-25dwq,gnn-cluster-worker,scheduled_on,1.0
1774407431,frontend-7868f8655b-vqjvm,gnn-cluster-worker3,scheduled_on,1.0
1774407431,redis-cache-67d574b944-ll9pf,gnn-cluster-worker2,scheduled_on,1.0
1774407431,workload-generator-667dc97f4f-67vch,gnn-cluster-worker3,scheduled_on,1.0
1774407461,backend-api-669d9964b8-b8qkw,gnn-cluster-worker2,scheduled_on,1.0
1774407461,backend-api-669d9964b8-qblwm,gnn-cluster-worker3,scheduled_on,1.0
1774407461,cpu-stressor-74d6ffcfc4-gghxs,gnn-cluster-worker,scheduled_on,1.0
1774407461,frontend-7868f8655b-25dwq,gnn-cluster-worker,scheduled_on,1.0
1774407461,frontend-7868f8655b-vqjvm,gnn-cluster-worker3,scheduled_on,1.0
1774407461,redis-cache-67d574b944-ll9pf,gnn-cluster-worker2,scheduled_on,1.0
1774407461,workload-generator-667dc97f4f-67vch,gnn-cluster-worker3,scheduled_on,1.0
1774407491,backend-api-669d9964b8-b8qkw,gnn-cluster-worker2,scheduled_on,1.0
1774407491,backend-api-669d9964b8-qblwm,gnn-cluster-worker3,scheduled_on,1.0
1774407491,cpu-stressor-74d6ffcfc4-gghxs,gnn-cluster-worker,scheduled_on,1.0
1774407491,frontend-7868f8655b-25dwq,gnn-cluster-worker,scheduled_on,1.0
1774407491,frontend-7868f8655b-vqjvm,gnn-cluster-worker3,scheduled_on,1.0
1774407491,redis-cache-67d574b944-ll9pf,gnn-cluster-worker2,scheduled_on,1.0
1774407491,workload-generator-667dc97f4f-67vch,gnn-cluster-worker3,scheduled_on,1.0
1774407521,backend-api-669d9964b8-b8qkw,gnn-cluster-worker2,scheduled_on,1.0
1774407521,backend-api-669d9964b8-qblwm,gnn-cluster-worker3,scheduled_on,1.0
1774407521,cpu-stressor-74d6ffcfc4-gghxs,gnn-cluster-worker,scheduled_on,1.0
1774407521,frontend-7868f8655b-25dwq,gnn-cluster-worker,scheduled_on,1.0
1774407521,frontend-7868f8655b-vqjvm,gnn-cluster-worker3,scheduled_on,1.0
1774407521,redis-cache-67d574b944-ll9pf,gnn-cluster-worker2,scheduled_on,1.0
1774407521,workload-generator-667dc97f4f-67vch,gnn-cluster-worker3,scheduled_on,1.0
1774407551,backend-api-669d9964b8-b8qkw,gnn-cluster-worker2,scheduled_on,1.0
1774407551,backend-api-669d9964b8-qblwm,gnn-cluster-worker3,scheduled_on,1.0
1774407551,cpu-stressor-74d6ffcfc4-gghxs,gnn-cluster-worker,scheduled_on,1.0
1774407551,frontend-7868f8655b-25dwq,gnn-cluster-worker,scheduled_on,1.0
1774407551,frontend-7868f8655b-vqjvm,gnn-cluster-worker3,scheduled_on,1.0
1774407551,redis-cache-67d574b944-ll9pf,gnn-cluster-worker2,scheduled_on,1.0
1774407551,workload-generator-667dc97f4f-67vch,gnn-cluster-worker3,scheduled_on,1.0
1774407581,backend-api-669d9964b8-b8qkw,gnn-cluster-worker2,scheduled_on,1.0
1774407581,backend-api-669d9964b8-qblwm,gnn-cluster-worker3,scheduled_on,1.0
1774407581,cpu-stressor-74d6ffcfc4-gghxs,gnn-cluster-worker,scheduled_on,1.0
1774407581,frontend-7868f8655b-25dwq,gnn-cluster-worker,scheduled_on,1.0
1774407581,frontend-7868f8655b-vqjvm,gnn-cluster-worker3,scheduled_on,1.0
1774407581,redis-cache-67d574b944-ll9pf,gnn-cluster-worker2,scheduled_on,1.0
1774407581,workload-generator-667dc97f4f-67vch,gnn-cluster-worker3,scheduled_on,1.0
1774407611,backend-api-669d9964b8-b8qkw,gnn-cluster-worker2,scheduled_on,1.0
1774407611,backend-api-669d9964b8-qblwm,gnn-cluster-worker3,scheduled_on,1.0
1774407611,cpu-stressor-74d6ffcfc4-gghxs,gnn-cluster-worker,scheduled_on,1.0
1774407611,frontend-7868f8655b-25dwq,gnn-cluster-worker,scheduled_on,1.0
1774407611,frontend-7868f8655b-vqjvm,gnn-cluster-worker3,scheduled_on,1.0
1774407611,redis-cache-67d574b944-ll9pf,gnn-cluster-worker2,scheduled_on,1.0
1774407611,workload-generator-667dc97f4f-67vch,gnn-cluster-worker3,scheduled_on,1.0
1774407641,backend-api-669d9964b8-b8qkw,gnn-cluster-worker2,scheduled_on,1.0
1774407641,backend-api-669d9964b8-qblwm,gnn-cluster-worker3,scheduled_on,1.0
1774407641,cpu-stressor-74d6ffcfc4-gghxs,gnn-cluster-worker,scheduled_on,1.0
1774407641,frontend-7868f8655b-25dwq,gnn-cluster-worker,scheduled_on,1.0
1774407641,frontend-7868f8655b-vqjvm,gnn-cluster-worker3,scheduled_on,1.0
1774407641,redis-cache-67d574b944-ll9pf,gnn-cluster-worker2,scheduled_on,1.0
1774407641,workload-generator-667dc97f4f-67vch,gnn-cluster-worker3,scheduled_on,1.0
1774407671,backend-api-669d9964b8-b8qkw,gnn-cluster-worker2,scheduled_on,1.0
1774407671,backend-api-669d9964b8-qblwm,gnn-cluster-worker3,scheduled_on,1.0
1774407671,cpu-stressor-74d6ffcfc4-gghxs,gnn-cluster-worker,scheduled_on,1.0
1774407671,frontend-7868f8655b-25dwq,gnn-cluster-worker,scheduled_on,1.0
1774407671,frontend-7868f8655b-vqjvm,gnn-cluster-worker3,scheduled_on,1.0
1774407671,redis-cache-67d574b944-ll9pf,gnn-cluster-worker2,scheduled_on,1.0
1774407671,workload-generator-667dc97f4f-67vch,gnn-cluster-worker3,scheduled_on,1.0
1774407703,backend-api-669d9964b8-b8qkw,gnn-cluster-worker2,scheduled_on,1.0
1774407703,backend-api-669d9964b8-qblwm,gnn-cluster-worker3,scheduled_on,1.0
1774407703,cpu-stressor-74d6ffcfc4-gghxs,gnn-cluster-worker,scheduled_on,1.0
1774407703,frontend-7868f8655b-25dwq,gnn-cluster-worker,scheduled_on,1.0
1774407703,frontend-7868f8655b-vqjvm,gnn-cluster-worker3,scheduled_on,1.0
1774407703,redis-cache-67d574b944-ll9pf,gnn-cluster-worker2,scheduled_on,1.0
1774407703,workload-generator-667dc97f4f-67vch,gnn-cluster-worker3,scheduled_on,1.0
1774407733,backend-api-669d9964b8-b8qkw,gnn-cluster-worker2,scheduled_on,1.0
1774407733,backend-api-669d9964b8-qblwm,gnn-cluster-worker3,scheduled_on,1.0
1774407733,cpu-stressor-74d6ffcfc4-gghxs,gnn-cluster-worker,scheduled_on,1.0
1774407733,frontend-7868f8655b-25dwq,gnn-cluster-worker,scheduled_on,1.0
1774407733,frontend-7868f8655b-vqjvm,gnn-cluster-worker3,scheduled_on,1.0
1774407733,redis-cache-67d574b944-ll9pf,gnn-cluster-worker2,scheduled_on,1.0
1774407733,workload-generator-667dc97f4f-67vch,gnn-cluster-worker3,scheduled_on,1.0
1774407763,backend-api-669d9964b8-b8qkw,gnn-cluster-worker2,scheduled_on,1.0
1774407763,backend-api-669d9964b8-qblwm,gnn-cluster-worker3,scheduled_on,1.0
1774407763,cpu-stressor-74d6ffcfc4-gghxs,gnn-cluster-worker,scheduled_on,1.0
1774407763,frontend-7868f8655b-25dwq,gnn-cluster-worker,scheduled_on,1.0
1774407763,frontend-7868f8655b-vqjvm,gnn-cluster-worker3,scheduled_on,1.0
1774407763,redis-cache-67d574b944-ll9pf,gnn-cluster-worker2,scheduled_on,1.0
1774407763,workload-generator-667dc97f4f-67vch,gnn-cluster-worker3,scheduled_on,1.0
1774407794,backend-api-669d9964b8-b8qkw,gnn-cluster-worker2,scheduled_on,1.0
1774407794,backend-api-669d9964b8-qblwm,gnn-cluster-worker3,scheduled_on,1.0
1774407794,cpu-stressor-74d6ffcfc4-gghxs,gnn-cluster-worker,scheduled_on,1.0
1774407794,frontend-7868f8655b-25dwq,gnn-cluster-worker,scheduled_on,1.0
1774407794,frontend-7868f8655b-vqjvm,gnn-cluster-worker3,scheduled_on,1.0
1774407794,redis-cache-67d574b944-ll9pf,gnn-cluster-worker2,scheduled_on,1.0
1774407794,workload-generator-667dc97f4f-67vch,gnn-cluster-worker3,scheduled_on,1.0
1774407824,backend-api-669d9964b8-b8qkw,gnn-cluster-worker2,scheduled_on,1.0
1774407824,backend-api-669d9964b8-qblwm,gnn-cluster-worker3,scheduled_on,1.0
1774407824,cpu-stressor-74d6ffcfc4-gghxs,gnn-cluster-worker,scheduled_on,1.0
1774407824,frontend-7868f8655b-25dwq,gnn-cluster-worker,scheduled_on,1.0
1774407824,frontend-7868f8655b-vqjvm,gnn-cluster-worker3,scheduled_on,1.0
1774407824,redis-cache-67d574b944-ll9pf,gnn-cluster-worker2,scheduled_on,1.0
1774407824,workload-generator-667dc97f4f-67vch,gnn-cluster-worker3,scheduled_on,1.0
1774407854,backend-api-669d9964b8-b8qkw,gnn-cluster-worker2,scheduled_on,1.0
1774407854,backend-api-669d9964b8-qblwm,gnn-cluster-worker3,scheduled_on,1.0
1774407854,cpu-stressor-74d6ffcfc4-gghxs,gnn-cluster-worker,scheduled_on,1.0
1774407854,frontend-7868f8655b-25dwq,gnn-cluster-worker,scheduled_on,1.0
1774407854,frontend-7868f8655b-vqjvm,gnn-cluster-worker3,scheduled_on,1.0
1774407854,redis-cache-67d574b944-ll9pf,gnn-cluster-worker2,scheduled_on,1.0
1774407854,workload-generator-667dc97f4f-67vch,gnn-cluster-worker3,scheduled_on,1.0
1774407884,backend-api-669d9964b8-b8qkw,gnn-cluster-worker2,scheduled_on,1.0
1774407884,backend-api-669d9964b8-qblwm,gnn-cluster-worker3,scheduled_on,1.0
1774407884,cpu-stressor-74d6ffcfc4-gghxs,gnn-cluster-worker,scheduled_on,1.0
1774407884,frontend-7868f8655b-25dwq,gnn-cluster-worker,scheduled_on,1.0
1774407884,frontend-7868f8655b-vqjvm,gnn-cluster-worker3,scheduled_on,1.0
1774407884,redis-cache-67d574b944-ll9pf,gnn-cluster-worker2,scheduled_on,1.0
1774407884,workload-generator-667dc97f4f-67vch,gnn-cluster-worker3,scheduled_on,1.0
1774407914,backend-api-669d9964b8-b8qkw,gnn-cluster-worker2,scheduled_on,1.0
1774407914,backend-api-669d9964b8-qblwm,gnn-cluster-worker3,scheduled_on,1.0
1774407914,cpu-stressor-74d6ffcfc4-gghxs,gnn-cluster-worker,scheduled_on,1.0
1774407914,frontend-7868f8655b-25dwq,gnn-cluster-worker,scheduled_on,1.0
1774407914,frontend-7868f8655b-vqjvm,gnn-cluster-worker3,scheduled_on,1.0
1774407914,redis-cache-67d574b944-ll9pf,gnn-cluster-worker2,scheduled_on,1.0
1774407914,workload-generator-667dc97f4f-67vch,gnn-cluster-worker3,scheduled_on,1.0
1774407944,backend-api-669d9964b8-b8qkw,gnn-cluster-worker2,scheduled_on,1.0
1774407944,backend-api-669d9964b8-qblwm,gnn-cluster-worker3,scheduled_on,1.0
1774407944,cpu-stressor-74d6ffcfc4-gghxs,gnn-cluster-worker,scheduled_on,1.0
1774407944,frontend-7868f8655b-25dwq,gnn-cluster-worker,scheduled_on,1.0
1774407944,frontend-7868f8655b-vqjvm,gnn-cluster-worker3,scheduled_on,1.0
1774407944,redis-cache-67d574b944-ll9pf,gnn-cluster-worker2,scheduled_on,1.0
1774407944,workload-generator-667dc97f4f-67vch,gnn-cluster-worker3,scheduled_on,1.0
1774407974,backend-api-669d9964b8-b8qkw,gnn-cluster-worker2,scheduled_on,1.0
1774407974,backend-api-669d9964b8-qblwm,gnn-cluster-worker3,scheduled_on,1.0
1774407974,cpu-stressor-74d6ffcfc4-gghxs,gnn-cluster-worker,scheduled_on,1.0
1774407974,frontend-7868f8655b-25dwq,gnn-cluster-worker,scheduled_on,1.0
1774407974,frontend-7868f8655b-vqjvm,gnn-cluster-worker3,scheduled_on,1.0
1774407974,redis-cache-67d574b944-ll9pf,gnn-cluster-worker2,scheduled_on,1.0
1774407974,workload-generator-667dc97f4f-67vch,gnn-cluster-worker3,scheduled_on,1.0
1774408004,backend-api-669d9964b8-b8qkw,gnn-cluster-worker2,scheduled_on,1.0
1774408004,backend-api-669d9964b8-qblwm,gnn-cluster-worker3,scheduled_on,1.0
1774408004,cpu-stressor-74d6ffcfc4-gghxs,gnn-cluster-worker,scheduled_on,1.0
1774408004,frontend-7868f8655b-25dwq,gnn-cluster-worker,scheduled_on,1.0
1774408004,frontend-7868f8655b-vqjvm,gnn-cluster-worker3,scheduled_on,1.0
1774408004,redis-cache-67d574b944-ll9pf,gnn-cluster-worker2,scheduled_on,1.0
1774408004,workload-generator-667dc97f4f-67vch,gnn-cluster-worker3,scheduled_on,1.0
1774408034,backend-api-669d9964b8-b8qkw,gnn-cluster-worker2,scheduled_on,1.0
1774408034,backend-api-669d9964b8-qblwm,gnn-cluster-worker3,scheduled_on,1.0
1774408034,cpu-stressor-74d6ffcfc4-gghxs,gnn-cluster-worker,scheduled_on,1.0
1774408034,frontend-7868f8655b-25dwq,gnn-cluster-worker,scheduled_on,1.0
1774408034,frontend-7868f8655b-vqjvm,gnn-cluster-worker3,scheduled_on,1.0
1774408034,redis-cache-67d574b944-ll9pf,gnn-cluster-worker2,scheduled_on,1.0
1774408034,workload-generator-667dc97f4f-67vch,gnn-cluster-worker3,scheduled_on,1.0
1774408064,backend-api-669d9964b8-b8qkw,gnn-cluster-worker2,scheduled_on,1.0
1774408064,backend-api-669d9964b8-qblwm,gnn-cluster-worker3,scheduled_on,1.0
1774408064,cpu-stressor-74d6ffcfc4-gghxs,gnn-cluster-worker,scheduled_on,1.0
1774408064,frontend-7868f8655b-25dwq,gnn-cluster-worker,scheduled_on,1.0
1774408064,frontend-7868f8655b-vqjvm,gnn-cluster-worker3,scheduled_on,1.0
1774408064,redis-cache-67d574b944-ll9pf,gnn-cluster-worker2,scheduled_on,1.0
1774408064,workload-generator-667dc97f4f-67vch,gnn-cluster-worker3,scheduled_on,1.0
1774408094,backend-api-669d9964b8-b8qkw,gnn-cluster-worker2,scheduled_on,1.0
1774408094,backend-api-669d9964b8-qblwm,gnn-cluster-worker3,scheduled_on,1.0
1774408094,cpu-stressor-74d6ffcfc4-gghxs,gnn-cluster-worker,scheduled_on,1.0
1774408094,frontend-7868f8655b-25dwq,gnn-cluster-worker,scheduled_on,1.0
1774408094,frontend-7868f8655b-vqjvm,gnn-cluster-worker3,scheduled_on,1.0
1774408094,redis-cache-67d574b944-ll9pf,gnn-cluster-worker2,scheduled_on,1.0
1774408094,workload-generator-667dc97f4f-67vch,gnn-cluster-worker3,scheduled_on,1.0
1774408124,backend-api-669d9964b8-b8qkw,gnn-cluster-worker2,scheduled_on,1.0
1774408124,backend-api-669d9964b8-qblwm,gnn-cluster-worker3,scheduled_on,1.0
1774408124,cpu-stressor-74d6ffcfc4-gghxs,gnn-cluster-worker,scheduled_on,1.0
1774408124,frontend-7868f8655b-25dwq,gnn-cluster-worker,scheduled_on,1.0
1774408124,frontend-7868f8655b-vqjvm,gnn-cluster-worker3,scheduled_on,1.0
1774408124,redis-cache-67d574b944-ll9pf,gnn-cluster-worker2,scheduled_on,1.0
1774408124,workload-generator-667dc97f4f-67vch,gnn-cluster-worker3,scheduled_on,1.0
1774408154,backend-api-669d9964b8-b8qkw,gnn-cluster-worker2,scheduled_on,1.0
1774408154,backend-api-669d9964b8-qblwm,gnn-cluster-worker3,scheduled_on,1.0
1774408154,cpu-stressor-74d6ffcfc4-gghxs,gnn-cluster-worker,scheduled_on,1.0
1774408154,frontend-7868f8655b-25dwq,gnn-cluster-worker,scheduled_on,1.0
1774408154,frontend-7868f8655b-vqjvm,gnn-cluster-worker3,scheduled_on,1.0
1774408154,redis-cache-67d574b944-ll9pf,gnn-cluster-worker2,scheduled_on,1.0
1774408154,workload-generator-667dc97f4f-67vch,gnn-cluster-worker3,scheduled_on,1.0
1774408184,backend-api-669d9964b8-b8qkw,gnn-cluster-worker2,scheduled_on,1.0
1774408184,backend-api-669d9964b8-qblwm,gnn-cluster-worker3,scheduled_on,1.0
1774408184,cpu-stressor-74d6ffcfc4-gghxs,gnn-cluster-worker,scheduled_on,1.0
1774408184,frontend-7868f8655b-25dwq,gnn-cluster-worker,scheduled_on,1.0
1774408184,frontend-7868f8655b-vqjvm,gnn-cluster-worker3,scheduled_on,1.0
1774408184,redis-cache-67d574b944-ll9pf,gnn-cluster-worker2,scheduled_on,1.0
1774408184,workload-generator-667dc97f4f-67vch,gnn-cluster-worker3,scheduled_on,1.0
1774408214,backend-api-669d9964b8-b8qkw,gnn-cluster-worker2,scheduled_on,1.0
1774408214,backend-api-669d9964b8-qblwm,gnn-cluster-worker3,scheduled_on,1.0
1774408214,cpu-stressor-74d6ffcfc4-gghxs,gnn-cluster-worker,scheduled_on,1.0
1774408214,frontend-7868f8655b-25dwq,gnn-cluster-worker,scheduled_on,1.0
1774408214,frontend-7868f8655b-vqjvm,gnn-cluster-worker3,scheduled_on,1.0
1774408214,redis-cache-67d574b944-ll9pf,gnn-cluster-worker2,scheduled_on,1.0
1774408214,workload-generator-667dc97f4f-67vch,gnn-cluster-worker3,scheduled_on,1.0
1774408244,backend-api-669d9964b8-b8qkw,gnn-cluster-worker2,scheduled_on,1.0
1774408244,backend-api-669d9964b8-qblwm,gnn-cluster-worker3,scheduled_on,1.0
1774408244,cpu-stressor-74d6ffcfc4-gghxs,gnn-cluster-worker,scheduled_on,1.0
1774408244,frontend-7868f8655b-25dwq,gnn-cluster-worker,scheduled_on,1.0
1774408244,frontend-7868f8655b-vqjvm,gnn-cluster-worker3,scheduled_on,1.0
1774408244,redis-cache-67d574b944-ll9pf,gnn-cluster-worker2,scheduled_on,1.0
1774408244,workload-generator-667dc97f4f-67vch,gnn-cluster-worker3,scheduled_on,1.0
1774408275,backend-api-669d9964b8-b8qkw,gnn-cluster-worker2,scheduled_on,1.0
1774408275,backend-api-669d9964b8-qblwm,gnn-cluster-worker3,scheduled_on,1.0
1774408275,cpu-stressor-74d6ffcfc4-gghxs,gnn-cluster-worker,scheduled_on,1.0
1774408275,frontend-7868f8655b-25dwq,gnn-cluster-worker,scheduled_on,1.0
1774408275,frontend-7868f8655b-vqjvm,gnn-cluster-worker3,scheduled_on,1.0
1774408275,redis-cache-67d574b944-ll9pf,gnn-cluster-worker2,scheduled_on,1.0
1774408275,workload-generator-667dc97f4f-67vch,gnn-cluster-worker3,scheduled_on,1.0
1774408305,backend-api-669d9964b8-b8qkw,gnn-cluster-worker2,scheduled_on,1.0
1774408305,backend-api-669d9964b8-qblwm,gnn-cluster-worker3,scheduled_on,1.0
1774408305,cpu-stressor-74d6ffcfc4-gghxs,gnn-cluster-worker,scheduled_on,1.0
1774408305,frontend-7868f8655b-25dwq,gnn-cluster-worker,scheduled_on,1.0
1774408305,frontend-7868f8655b-vqjvm,gnn-cluster-worker3,scheduled_on,1.0
1774408305,redis-cache-67d574b944-ll9pf,gnn-cluster-worker2,scheduled_on,1.0
1774408305,workload-generator-667dc97f4f-67vch,gnn-cluster-worker3,scheduled_on,1.0
1774408335,backend-api-669d9964b8-b8qkw,gnn-cluster-worker2,scheduled_on,1.0
1774408335,backend-api-669d9964b8-qblwm,gnn-cluster-worker3,scheduled_on,1.0
1774408335,cpu-stressor-74d6ffcfc4-gghxs,gnn-cluster-worker,scheduled_on,1.0
1774408335,frontend-7868f8655b-25dwq,gnn-cluster-worker,scheduled_on,1.0
1774408335,frontend-7868f8655b-vqjvm,gnn-cluster-worker3,scheduled_on,1.0
1774408335,redis-cache-67d574b944-ll9pf,gnn-cluster-worker2,scheduled_on,1.0
1774408335,workload-generator-667dc97f4f-67vch,gnn-cluster-worker3,scheduled_on,1.0
1774408365,backend-api-669d9964b8-b8qkw,gnn-cluster-worker2,scheduled_on,1.0
1774408365,backend-api-669d9964b8-qblwm,gnn-cluster-worker3,scheduled_on,1.0
1774408365,cpu-stressor-74d6ffcfc4-gghxs,gnn-cluster-worker,scheduled_on,1.0
1774408365,frontend-7868f8655b-25dwq,gnn-cluster-worker,scheduled_on,1.0
1774408365,frontend-7868f8655b-vqjvm,gnn-cluster-worker3,scheduled_on,1.0
1774408365,redis-cache-67d574b944-ll9pf,gnn-cluster-worker2,scheduled_on,1.0
1774408365,workload-generator-667dc97f4f-67vch,gnn-cluster-worker3,scheduled_on,1.0
1774408395,backend-api-669d9964b8-b8qkw,gnn-cluster-worker2,scheduled_on,1.0
1774408395,backend-api-669d9964b8-qblwm,gnn-cluster-worker3,scheduled_on,1.0
1774408395,cpu-stressor-74d6ffcfc4-gghxs,gnn-cluster-worker,scheduled_on,1.0
1774408395,frontend-7868f8655b-25dwq,gnn-cluster-worker,scheduled_on,1.0
1774408395,frontend-7868f8655b-vqjvm,gnn-cluster-worker3,scheduled_on,1.0
1774408395,redis-cache-67d574b944-ll9pf,gnn-cluster-worker2,scheduled_on,1.0
1774408395,workload-generator-667dc97f4f-67vch,gnn-cluster-worker3,scheduled_on,1.0
1774408425,backend-api-669d9964b8-b8qkw,gnn-cluster-worker2,scheduled_on,1.0
1774408425,backend-api-669d9964b8-qblwm,gnn-cluster-worker3,scheduled_on,1.0
1774408425,cpu-stressor-74d6ffcfc4-gghxs,gnn-cluster-worker,scheduled_on,1.0
1774408425,frontend-7868f8655b-25dwq,gnn-cluster-worker,scheduled_on,1.0
1774408425,frontend-7868f8655b-vqjvm,gnn-cluster-worker3,scheduled_on,1.0
1774408425,redis-cache-67d574b944-ll9pf,gnn-cluster-worker2,scheduled_on,1.0
1774408425,workload-generator-667dc97f4f-67vch,gnn-cluster-worker3,scheduled_on,1.0
1774408455,backend-api-669d9964b8-b8qkw,gnn-cluster-worker2,scheduled_on,1.0
1774408455,backend-api-669d9964b8-qblwm,gnn-cluster-worker3,scheduled_on,1.0
1774408455,cpu-stressor-74d6ffcfc4-gghxs,gnn-cluster-worker,scheduled_on,1.0
1774408455,frontend-7868f8655b-25dwq,gnn-cluster-worker,scheduled_on,1.0
1774408455,frontend-7868f8655b-vqjvm,gnn-cluster-worker3,scheduled_on,1.0
1774408455,redis-cache-67d574b944-ll9pf,gnn-cluster-worker2,scheduled_on,1.0
1774408455,workload-generator-667dc97f4f-67vch,gnn-cluster-worker3,scheduled_on,1.0
1774408485,backend-api-669d9964b8-b8qkw,gnn-cluster-worker2,scheduled_on,1.0
1774408485,backend-api-669d9964b8-qblwm,gnn-cluster-worker3,scheduled_on,1.0
1774408485,cpu-stressor-74d6ffcfc4-gghxs,gnn-cluster-worker,scheduled_on,1.0
1774408485,frontend-7868f8655b-25dwq,gnn-cluster-worker,scheduled_on,1.0
1774408485,frontend-7868f8655b-vqjvm,gnn-cluster-worker3,scheduled_on,1.0
1774408485,redis-cache-67d574b944-ll9pf,gnn-cluster-worker2,scheduled_on,1.0
1774408485,workload-generator-667dc97f4f-67vch,gnn-cluster-worker3,scheduled_on,1.0
1774408515,backend-api-669d9964b8-b8qkw,gnn-cluster-worker2,scheduled_on,1.0
1774408515,backend-api-669d9964b8-qblwm,gnn-cluster-worker3,scheduled_on,1.0
1774408515,cpu-stressor-74d6ffcfc4-gghxs,gnn-cluster-worker,scheduled_on,1.0
1774408515,frontend-7868f8655b-25dwq,gnn-cluster-worker,scheduled_on,1.0
1774408515,frontend-7868f8655b-vqjvm,gnn-cluster-worker3,scheduled_on,1.0
1774408515,redis-cache-67d574b944-ll9pf,gnn-cluster-worker2,scheduled_on,1.0
1774408515,workload-generator-667dc97f4f-67vch,gnn-cluster-worker3,scheduled_on,1.0
1774408545,backend-api-669d9964b8-b8qkw,gnn-cluster-worker2,scheduled_on,1.0
1774408545,backend-api-669d9964b8-qblwm,gnn-cluster-worker3,scheduled_on,1.0
1774408545,cpu-stressor-74d6ffcfc4-gghxs,gnn-cluster-worker,scheduled_on,1.0
1774408545,frontend-7868f8655b-25dwq,gnn-cluster-worker,scheduled_on,1.0
1774408545,frontend-7868f8655b-vqjvm,gnn-cluster-worker3,scheduled_on,1.0
1774408545,redis-cache-67d574b944-ll9pf,gnn-cluster-worker2,scheduled_on,1.0
1774408545,workload-generator-667dc97f4f-67vch,gnn-cluster-worker3,scheduled_on,1.0
1774408575,backend-api-669d9964b8-b8qkw,gnn-cluster-worker2,scheduled_on,1.0
1774408575,backend-api-669d9964b8-qblwm,gnn-cluster-worker3,scheduled_on,1.0
1774408575,cpu-stressor-74d6ffcfc4-gghxs,gnn-cluster-worker,scheduled_on,1.0
1774408575,frontend-7868f8655b-25dwq,gnn-cluster-worker,scheduled_on,1.0
1774408575,frontend-7868f8655b-vqjvm,gnn-cluster-worker3,scheduled_on,1.0
1774408575,redis-cache-67d574b944-ll9pf,gnn-cluster-worker2,scheduled_on,1.0
1774408575,workload-generator-667dc97f4f-67vch,gnn-cluster-worker3,scheduled_on,1.0
1774408605,backend-api-669d9964b8-b8qkw,gnn-cluster-worker2,scheduled_on,1.0
1774408605,backend-api-669d9964b8-qblwm,gnn-cluster-worker3,scheduled_on,1.0
1774408605,cpu-stressor-74d6ffcfc4-gghxs,gnn-cluster-worker,scheduled_on,1.0
1774408605,frontend-7868f8655b-25dwq,gnn-cluster-worker,scheduled_on,1.0
1774408605,frontend-7868f8655b-vqjvm,gnn-cluster-worker3,scheduled_on,1.0
1774408605,redis-cache-67d574b944-ll9pf,gnn-cluster-worker2,scheduled_on,1.0
1774408605,workload-generator-667dc97f4f-67vch,gnn-cluster-worker3,scheduled_on,1.0
1774408635,backend-api-669d9964b8-b8qkw,gnn-cluster-worker2,scheduled_on,1.0
1774408635,backend-api-669d9964b8-qblwm,gnn-cluster-worker3,scheduled_on,1.0
1774408635,cpu-stressor-74d6ffcfc4-gghxs,gnn-cluster-worker,scheduled_on,1.0
1774408635,frontend-7868f8655b-25dwq,gnn-cluster-worker,scheduled_on,1.0
1774408635,frontend-7868f8655b-vqjvm,gnn-cluster-worker3,scheduled_on,1.0
1774408635,redis-cache-67d574b944-ll9pf,gnn-cluster-worker2,scheduled_on,1.0
1774408635,workload-generator-667dc97f4f-67vch,gnn-cluster-worker3,scheduled_on,1.0
1774408665,backend-api-669d9964b8-b8qkw,gnn-cluster-worker2,scheduled_on,1.0
1774408665,backend-api-669d9964b8-qblwm,gnn-cluster-worker3,scheduled_on,1.0
1774408665,cpu-stressor-74d6ffcfc4-gghxs,gnn-cluster-worker,scheduled_on,1.0
1774408665,frontend-7868f8655b-25dwq,gnn-cluster-worker,scheduled_on,1.0
1774408665,frontend-7868f8655b-vqjvm,gnn-cluster-worker3,scheduled_on,1.0
1774408665,redis-cache-67d574b944-ll9pf,gnn-cluster-worker2,scheduled_on,1.0
1774408665,workload-generator-667dc97f4f-67vch,gnn-cluster-worker3,scheduled_on,1.0
1774408695,backend-api-669d9964b8-b8qkw,gnn-cluster-worker2,scheduled_on,1.0
1774408695,backend-api-669d9964b8-qblwm,gnn-cluster-worker3,scheduled_on,1.0
1774408695,cpu-stressor-74d6ffcfc4-gghxs,gnn-cluster-worker,scheduled_on,1.0
1774408695,frontend-7868f8655b-25dwq,gnn-cluster-worker,scheduled_on,1.0
1774408695,frontend-7868f8655b-vqjvm,gnn-cluster-worker3,scheduled_on,1.0
1774408695,redis-cache-67d574b944-ll9pf,gnn-cluster-worker2,scheduled_on,1.0
1774408695,workload-generator-667dc97f4f-67vch,gnn-cluster-worker3,scheduled_on,1.0
1774408725,backend-api-669d9964b8-b8qkw,gnn-cluster-worker2,scheduled_on,1.0
1774408725,backend-api-669d9964b8-qblwm,gnn-cluster-worker3,scheduled_on,1.0
1774408725,cpu-stressor-74d6ffcfc4-gghxs,gnn-cluster-worker,scheduled_on,1.0
1774408725,frontend-7868f8655b-25dwq,gnn-cluster-worker,scheduled_on,1.0
1774408725,frontend-7868f8655b-vqjvm,gnn-cluster-worker3,scheduled_on,1.0
1774408725,redis-cache-67d574b944-ll9pf,gnn-cluster-worker2,scheduled_on,1.0
1774408725,workload-generator-667dc97f4f-67vch,gnn-cluster-worker3,scheduled_on,1.0
1774408755,backend-api-669d9964b8-b8qkw,gnn-cluster-worker2,scheduled_on,1.0
1774408755,backend-api-669d9964b8-qblwm,gnn-cluster-worker3,scheduled_on,1.0
1774408755,cpu-stressor-74d6ffcfc4-gghxs,gnn-cluster-worker,scheduled_on,1.0
1774408755,frontend-7868f8655b-25dwq,gnn-cluster-worker,scheduled_on,1.0
1774408755,frontend-7868f8655b-vqjvm,gnn-cluster-worker3,scheduled_on,1.0
1774408755,redis-cache-67d574b944-ll9pf,gnn-cluster-worker2,scheduled_on,1.0
1774408755,workload-generator-667dc97f4f-67vch,gnn-cluster-worker3,scheduled_on,1.0
1774408786,backend-api-669d9964b8-b8qkw,gnn-cluster-worker2,scheduled_on,1.0
1774408786,backend-api-669d9964b8-qblwm,gnn-cluster-worker3,scheduled_on,1.0
1774408786,cpu-stressor-74d6ffcfc4-gghxs,gnn-cluster-worker,scheduled_on,1.0
1774408786,frontend-7868f8655b-25dwq,gnn-cluster-worker,scheduled_on,1.0
1774408786,frontend-7868f8655b-vqjvm,gnn-cluster-worker3,scheduled_on,1.0
1774408786,redis-cache-67d574b944-ll9pf,gnn-cluster-worker2,scheduled_on,1.0
1774408786,workload-generator-667dc97f4f-67vch,gnn-cluster-worker3,scheduled_on,1.0
1774408816,backend-api-669d9964b8-b8qkw,gnn-cluster-worker2,scheduled_on,1.0
1774408816,backend-api-669d9964b8-qblwm,gnn-cluster-worker3,scheduled_on,1.0
1774408816,cpu-stressor-74d6ffcfc4-gghxs,gnn-cluster-worker,scheduled_on,1.0
1774408816,frontend-7868f8655b-25dwq,gnn-cluster-worker,scheduled_on,1.0
1774408816,frontend-7868f8655b-vqjvm,gnn-cluster-worker3,scheduled_on,1.0
1774408816,redis-cache-67d574b944-ll9pf,gnn-cluster-worker2,scheduled_on,1.0
1774408816,workload-generator-667dc97f4f-67vch,gnn-cluster-worker3,scheduled_on,1.0
1774408846,backend-api-669d9964b8-b8qkw,gnn-cluster-worker2,scheduled_on,1.0
1774408846,backend-api-669d9964b8-qblwm,gnn-cluster-worker3,scheduled_on,1.0
1774408846,cpu-stressor-74d6ffcfc4-gghxs,gnn-cluster-worker,scheduled_on,1.0
1774408846,frontend-7868f8655b-25dwq,gnn-cluster-worker,scheduled_on,1.0
1774408846,frontend-7868f8655b-vqjvm,gnn-cluster-worker3,scheduled_on,1.0
1774408846,redis-cache-67d574b944-ll9pf,gnn-cluster-worker2,scheduled_on,1.0
1774408846,workload-generator-667dc97f4f-67vch,gnn-cluster-worker3,scheduled_on,1.0
1774408876,backend-api-669d9964b8-b8qkw,gnn-cluster-worker2,scheduled_on,1.0
1774408876,backend-api-669d9964b8-qblwm,gnn-cluster-worker3,scheduled_on,1.0
1774408876,cpu-stressor-74d6ffcfc4-gghxs,gnn-cluster-worker,scheduled_on,1.0
1774408876,frontend-7868f8655b-25dwq,gnn-cluster-worker,scheduled_on,1.0
1774408876,frontend-7868f8655b-vqjvm,gnn-cluster-worker3,scheduled_on,1.0
1774408876,redis-cache-67d574b944-ll9pf,gnn-cluster-worker2,scheduled_on,1.0
1774408876,workload-generator-667dc97f4f-67vch,gnn-cluster-worker3,scheduled_on,1.0
1774408906,backend-api-669d9964b8-b8qkw,gnn-cluster-worker2,scheduled_on,1.0
1774408906,backend-api-669d9964b8-qblwm,gnn-cluster-worker3,scheduled_on,1.0
1774408906,cpu-stressor-74d6ffcfc4-gghxs,gnn-cluster-worker,scheduled_on,1.0
1774408906,frontend-7868f8655b-25dwq,gnn-cluster-worker,scheduled_on,1.0
1774408906,frontend-7868f8655b-vqjvm,gnn-cluster-worker3,scheduled_on,1.0
1774408906,redis-cache-67d574b944-ll9pf,gnn-cluster-worker2,scheduled_on,1.0
1774408906,workload-generator-667dc97f4f-67vch,gnn-cluster-worker3,scheduled_on,1.0
1774408936,backend-api-669d9964b8-b8qkw,gnn-cluster-worker2,scheduled_on,1.0
1774408936,backend-api-669d9964b8-qblwm,gnn-cluster-worker3,scheduled_on,1.0
1774408936,cpu-stressor-74d6ffcfc4-gghxs,gnn-cluster-worker,scheduled_on,1.0
1774408936,frontend-7868f8655b-25dwq,gnn-cluster-worker,scheduled_on,1.0
1774408936,frontend-7868f8655b-vqjvm,gnn-cluster-worker3,scheduled_on,1.0
1774408936,redis-cache-67d574b944-ll9pf,gnn-cluster-worker2,scheduled_on,1.0
1774408936,workload-generator-667dc97f4f-67vch,gnn-cluster-worker3,scheduled_on,1.0
1774408966,backend-api-669d9964b8-b8qkw,gnn-cluster-worker2,scheduled_on,1.0
1774408966,backend-api-669d9964b8-qblwm,gnn-cluster-worker3,scheduled_on,1.0
1774408966,cpu-stressor-74d6ffcfc4-gghxs,gnn-cluster-worker,scheduled_on,1.0
1774408966,frontend-7868f8655b-25dwq,gnn-cluster-worker,scheduled_on,1.0
1774408966,frontend-7868f8655b-vqjvm,gnn-cluster-worker3,scheduled_on,1.0
1774408966,redis-cache-67d574b944-ll9pf,gnn-cluster-worker2,scheduled_on,1.0
1774408966,workload-generator-667dc97f4f-67vch,gnn-cluster-worker3,scheduled_on,1.0
1774408996,backend-api-669d9964b8-b8qkw,gnn-cluster-worker2,scheduled_on,1.0
1774408996,backend-api-669d9964b8-qblwm,gnn-cluster-worker3,scheduled_on,1.0
1774408996,cpu-stressor-74d6ffcfc4-gghxs,gnn-cluster-worker,scheduled_on,1.0
1774408996,frontend-7868f8655b-25dwq,gnn-cluster-worker,scheduled_on,1.0
1774408996,frontend-7868f8655b-vqjvm,gnn-cluster-worker3,scheduled_on,1.0
1774408996,redis-cache-67d574b944-ll9pf,gnn-cluster-worker2,scheduled_on,1.0
1774408996,workload-generator-667dc97f4f-67vch,gnn-cluster-worker3,scheduled_on,1.0
1774409026,backend-api-669d9964b8-b8qkw,gnn-cluster-worker2,scheduled_on,1.0
1774409026,backend-api-669d9964b8-qblwm,gnn-cluster-worker3,scheduled_on,1.0
1774409026,cpu-stressor-74d6ffcfc4-gghxs,gnn-cluster-worker,scheduled_on,1.0
1774409026,frontend-7868f8655b-25dwq,gnn-cluster-worker,scheduled_on,1.0
1774409026,frontend-7868f8655b-vqjvm,gnn-cluster-worker3,scheduled_on,1.0
1774409026,redis-cache-67d574b944-ll9pf,gnn-cluster-worker2,scheduled_on,1.0
1774409026,workload-generator-667dc97f4f-67vch,gnn-cluster-worker3,scheduled_on,1.0
1774409056,backend-api-669d9964b8-b8qkw,gnn-cluster-worker2,scheduled_on,1.0
1774409056,backend-api-669d9964b8-qblwm,gnn-cluster-worker3,scheduled_on,1.0
1774409056,cpu-stressor-74d6ffcfc4-gghxs,gnn-cluster-worker,scheduled_on,1.0
1774409056,frontend-7868f8655b-25dwq,gnn-cluster-worker,scheduled_on,1.0
1774409056,frontend-7868f8655b-vqjvm,gnn-cluster-worker3,scheduled_on,1.0
1774409056,redis-cache-67d574b944-ll9pf,gnn-cluster-worker2,scheduled_on,1.0
1774409056,workload-generator-667dc97f4f-67vch,gnn-cluster-worker3,scheduled_on,1.0
1774409086,backend-api-669d9964b8-b8qkw,gnn-cluster-worker2,scheduled_on,1.0
1774409086,backend-api-669d9964b8-qblwm,gnn-cluster-worker3,scheduled_on,1.0
1774409086,cpu-stressor-74d6ffcfc4-gghxs,gnn-cluster-worker,scheduled_on,1.0
1774409086,frontend-7868f8655b-25dwq,gnn-cluster-worker,scheduled_on,1.0
1774409086,frontend-7868f8655b-vqjvm,gnn-cluster-worker3,scheduled_on,1.0
1774409086,redis-cache-67d574b944-ll9pf,gnn-cluster-worker2,scheduled_on,1.0
1774409086,workload-generator-667dc97f4f-67vch,gnn-cluster-worker3,scheduled_on,1.0
1774409116,backend-api-669d9964b8-b8qkw,gnn-cluster-worker2,scheduled_on,1.0
1774409116,backend-api-669d9964b8-qblwm,gnn-cluster-worker3,scheduled_on,1.0
1774409116,cpu-stressor-74d6ffcfc4-gghxs,gnn-cluster-worker,scheduled_on,1.0
1774409116,frontend-7868f8655b-25dwq,gnn-cluster-worker,scheduled_on,1.0
1774409116,frontend-7868f8655b-vqjvm,gnn-cluster-worker3,scheduled_on,1.0
1774409116,redis-cache-67d574b944-ll9pf,gnn-cluster-worker2,scheduled_on,1.0
1774409116,workload-generator-667dc97f4f-67vch,gnn-cluster-worker3,scheduled_on,1.0
1774409146,backend-api-669d9964b8-b8qkw,gnn-cluster-worker2,scheduled_on,1.0
1774409146,backend-api-669d9964b8-qblwm,gnn-cluster-worker3,scheduled_on,1.0
1774409146,cpu-stressor-74d6ffcfc4-gghxs,gnn-cluster-worker,scheduled_on,1.0
1774409146,frontend-7868f8655b-25dwq,gnn-cluster-worker,scheduled_on,1.0
1774409146,frontend-7868f8655b-vqjvm,gnn-cluster-worker3,scheduled_on,1.0
1774409146,redis-cache-67d574b944-ll9pf,gnn-cluster-worker2,scheduled_on,1.0
1774409146,workload-generator-667dc97f4f-67vch,gnn-cluster-worker3,scheduled_on,1.0
1774409176,backend-api-669d9964b8-b8qkw,gnn-cluster-worker2,scheduled_on,1.0
1774409176,backend-api-669d9964b8-qblwm,gnn-cluster-worker3,scheduled_on,1.0
1774409176,cpu-stressor-74d6ffcfc4-gghxs,gnn-cluster-worker,scheduled_on,1.0
1774409176,frontend-7868f8655b-25dwq,gnn-cluster-worker,scheduled_on,1.0
1774409176,frontend-7868f8655b-vqjvm,gnn-cluster-worker3,scheduled_on,1.0
1774409176,redis-cache-67d574b944-ll9pf,gnn-cluster-worker2,scheduled_on,1.0
1774409176,workload-generator-667dc97f4f-67vch,gnn-cluster-worker3,scheduled_on,1.0
1774409206,backend-api-669d9964b8-b8qkw,gnn-cluster-worker2,scheduled_on,1.0
1774409206,backend-api-669d9964b8-qblwm,gnn-cluster-worker3,scheduled_on,1.0
1774409206,cpu-stressor-74d6ffcfc4-gghxs,gnn-cluster-worker,scheduled_on,1.0
1774409206,frontend-7868f8655b-25dwq,gnn-cluster-worker,scheduled_on,1.0
1774409206,frontend-7868f8655b-vqjvm,gnn-cluster-worker3,scheduled_on,1.0
1774409206,redis-cache-67d574b944-ll9pf,gnn-cluster-worker2,scheduled_on,1.0
1774409206,workload-generator-667dc97f4f-67vch,gnn-cluster-worker3,scheduled_on,1.0
1774409236,backend-api-669d9964b8-b8qkw,gnn-cluster-worker2,scheduled_on,1.0
1774409236,backend-api-669d9964b8-qblwm,gnn-cluster-worker3,scheduled_on,1.0
1774409236,cpu-stressor-74d6ffcfc4-gghxs,gnn-cluster-worker,scheduled_on,1.0
1774409236,frontend-7868f8655b-25dwq,gnn-cluster-worker,scheduled_on,1.0
1774409236,frontend-7868f8655b-vqjvm,gnn-cluster-worker3,scheduled_on,1.0
1774409236,redis-cache-67d574b944-ll9pf,gnn-cluster-worker2,scheduled_on,1.0
1774409236,workload-generator-667dc97f4f-67vch,gnn-cluster-worker3,scheduled_on,1.0
1774409267,backend-api-669d9964b8-b8qkw,gnn-cluster-worker2,scheduled_on,1.0
1774409267,backend-api-669d9964b8-qblwm,gnn-cluster-worker3,scheduled_on,1.0
1774409267,cpu-stressor-74d6ffcfc4-gghxs,gnn-cluster-worker,scheduled_on,1.0
1774409267,frontend-7868f8655b-25dwq,gnn-cluster-worker,scheduled_on,1.0
1774409267,frontend-7868f8655b-vqjvm,gnn-cluster-worker3,scheduled_on,1.0
1774409267,redis-cache-67d574b944-ll9pf,gnn-cluster-worker2,scheduled_on,1.0
1774409267,workload-generator-667dc97f4f-67vch,gnn-cluster-worker3,scheduled_on,1.0
1774409297,backend-api-669d9964b8-b8qkw,gnn-cluster-worker2,scheduled_on,1.0
1774409297,backend-api-669d9964b8-qblwm,gnn-cluster-worker3,scheduled_on,1.0
1774409297,cpu-stressor-74d6ffcfc4-gghxs,gnn-cluster-worker,scheduled_on,1.0
1774409297,frontend-7868f8655b-25dwq,gnn-cluster-worker,scheduled_on,1.0
1774409297,frontend-7868f8655b-vqjvm,gnn-cluster-worker3,scheduled_on,1.0
1774409297,redis-cache-67d574b944-ll9pf,gnn-cluster-worker2,scheduled_on,1.0
1774409297,workload-generator-667dc97f4f-67vch,gnn-cluster-worker3,scheduled_on,1.0
1774409327,backend-api-669d9964b8-b8qkw,gnn-cluster-worker2,scheduled_on,1.0
1774409327,backend-api-669d9964b8-qblwm,gnn-cluster-worker3,scheduled_on,1.0
1774409327,cpu-stressor-74d6ffcfc4-gghxs,gnn-cluster-worker,scheduled_on,1.0
1774409327,frontend-7868f8655b-25dwq,gnn-cluster-worker,scheduled_on,1.0
1774409327,frontend-7868f8655b-vqjvm,gnn-cluster-worker3,scheduled_on,1.0
1774409327,redis-cache-67d574b944-ll9pf,gnn-cluster-worker2,scheduled_on,1.0
1774409327,workload-generator-667dc97f4f-67vch,gnn-cluster-worker3,scheduled_on,1.0
1774409357,backend-api-669d9964b8-b8qkw,gnn-cluster-worker2,scheduled_on,1.0
1774409357,backend-api-669d9964b8-qblwm,gnn-cluster-worker3,scheduled_on,1.0
1774409357,cpu-stressor-74d6ffcfc4-gghxs,gnn-cluster-worker,scheduled_on,1.0
1774409357,frontend-7868f8655b-25dwq,gnn-cluster-worker,scheduled_on,1.0
1774409357,frontend-7868f8655b-vqjvm,gnn-cluster-worker3,scheduled_on,1.0
1774409357,redis-cache-67d574b944-ll9pf,gnn-cluster-worker2,scheduled_on,1.0
1774409357,workload-generator-667dc97f4f-67vch,gnn-cluster-worker3,scheduled_on,1.0
1774409387,backend-api-669d9964b8-b8qkw,gnn-cluster-worker2,scheduled_on,1.0
1774409387,backend-api-669d9964b8-qblwm,gnn-cluster-worker3,scheduled_on,1.0
1774409387,cpu-stressor-74d6ffcfc4-gghxs,gnn-cluster-worker,scheduled_on,1.0
1774409387,frontend-7868f8655b-25dwq,gnn-cluster-worker,scheduled_on,1.0
1774409387,frontend-7868f8655b-vqjvm,gnn-cluster-worker3,scheduled_on,1.0
1774409387,redis-cache-67d574b944-ll9pf,gnn-cluster-worker2,scheduled_on,1.0
1774409387,workload-generator-667dc97f4f-67vch,gnn-cluster-worker3,scheduled_on,1.0
1774409417,backend-api-669d9964b8-b8qkw,gnn-cluster-worker2,scheduled_on,1.0
1774409417,backend-api-669d9964b8-qblwm,gnn-cluster-worker3,scheduled_on,1.0
1774409417,cpu-stressor-74d6ffcfc4-gghxs,gnn-cluster-worker,scheduled_on,1.0
1774409417,frontend-7868f8655b-25dwq,gnn-cluster-worker,scheduled_on,1.0
1774409417,frontend-7868f8655b-vqjvm,gnn-cluster-worker3,scheduled_on,1.0
1774409417,redis-cache-67d574b944-ll9pf,gnn-cluster-worker2,scheduled_on,1.0
1774409417,workload-generator-667dc97f4f-67vch,gnn-cluster-worker3,scheduled_on,1.0
1774409447,backend-api-669d9964b8-b8qkw,gnn-cluster-worker2,scheduled_on,1.0
1774409447,backend-api-669d9964b8-qblwm,gnn-cluster-worker3,scheduled_on,1.0
1774409447,cpu-stressor-74d6ffcfc4-gghxs,gnn-cluster-worker,scheduled_on,1.0
1774409447,frontend-7868f8655b-25dwq,gnn-cluster-worker,scheduled_on,1.0
1774409447,frontend-7868f8655b-vqjvm,gnn-cluster-worker3,scheduled_on,1.0
1774409447,redis-cache-67d574b944-ll9pf,gnn-cluster-worker2,scheduled_on,1.0
1774409447,workload-generator-667dc97f4f-67vch,gnn-cluster-worker3,scheduled_on,1.0
1774409477,backend-api-669d9964b8-b8qkw,gnn-cluster-worker2,scheduled_on,1.0
1774409477,backend-api-669d9964b8-qblwm,gnn-cluster-worker3,scheduled_on,1.0
1774409477,cpu-stressor-74d6ffcfc4-gghxs,gnn-cluster-worker,scheduled_on,1.0
1774409477,frontend-7868f8655b-25dwq,gnn-cluster-worker,scheduled_on,1.0
1774409477,frontend-7868f8655b-vqjvm,gnn-cluster-worker3,scheduled_on,1.0
1774409477,redis-cache-67d574b944-ll9pf,gnn-cluster-worker2,scheduled_on,1.0
1774409477,workload-generator-667dc97f4f-67vch,gnn-cluster-worker3,scheduled_on,1.0
1774409507,backend-api-669d9964b8-b8qkw,gnn-cluster-worker2,scheduled_on,1.0
1774409507,backend-api-669d9964b8-qblwm,gnn-cluster-worker3,scheduled_on,1.0
1774409507,cpu-stressor-74d6ffcfc4-gghxs,gnn-cluster-worker,scheduled_on,1.0
1774409507,frontend-7868f8655b-25dwq,gnn-cluster-worker,scheduled_on,1.0
1774409507,frontend-7868f8655b-vqjvm,gnn-cluster-worker3,scheduled_on,1.0
1774409507,redis-cache-67d574b944-ll9pf,gnn-cluster-worker2,scheduled_on,1.0
1774409507,workload-generator-667dc97f4f-67vch,gnn-cluster-worker3,scheduled_on,1.0
1774409537,backend-api-669d9964b8-b8qkw,gnn-cluster-worker2,scheduled_on,1.0
1774409537,backend-api-669d9964b8-qblwm,gnn-cluster-worker3,scheduled_on,1.0
1774409537,cpu-stressor-74d6ffcfc4-gghxs,gnn-cluster-worker,scheduled_on,1.0
1774409537,frontend-7868f8655b-25dwq,gnn-cluster-worker,scheduled_on,1.0
1774409537,frontend-7868f8655b-vqjvm,gnn-cluster-worker3,scheduled_on,1.0
1774409537,redis-cache-67d574b944-ll9pf,gnn-cluster-worker2,scheduled_on,1.0
1774409537,workload-generator-667dc97f4f-67vch,gnn-cluster-worker3,scheduled_on,1.0
1774409567,backend-api-669d9964b8-b8qkw,gnn-cluster-worker2,scheduled_on,1.0
1774409567,backend-api-669d9964b8-qblwm,gnn-cluster-worker3,scheduled_on,1.0
1774409567,cpu-stressor-74d6ffcfc4-gghxs,gnn-cluster-worker,scheduled_on,1.0
1774409567,frontend-7868f8655b-25dwq,gnn-cluster-worker,scheduled_on,1.0
1774409567,frontend-7868f8655b-vqjvm,gnn-cluster-worker3,scheduled_on,1.0
1774409567,redis-cache-67d574b944-ll9pf,gnn-cluster-worker2,scheduled_on,1.0
1774409567,workload-generator-667dc97f4f-67vch,gnn-cluster-worker3,scheduled_on,1.0
1774409597,backend-api-669d9964b8-b8qkw,gnn-cluster-worker2,scheduled_on,1.0
1774409597,backend-api-669d9964b8-qblwm,gnn-cluster-worker3,scheduled_on,1.0
1774409597,cpu-stressor-74d6ffcfc4-gghxs,gnn-cluster-worker,scheduled_on,1.0
1774409597,frontend-7868f8655b-25dwq,gnn-cluster-worker,scheduled_on,1.0
1774409597,frontend-7868f8655b-vqjvm,gnn-cluster-worker3,scheduled_on,1.0
1774409597,redis-cache-67d574b944-ll9pf,gnn-cluster-worker2,scheduled_on,1.0
1774409597,workload-generator-667dc97f4f-67vch,gnn-cluster-worker3,scheduled_on,1.0
1774409627,backend-api-669d9964b8-b8qkw,gnn-cluster-worker2,scheduled_on,1.0
1774409627,backend-api-669d9964b8-qblwm,gnn-cluster-worker3,scheduled_on,1.0
1774409627,cpu-stressor-74d6ffcfc4-gghxs,gnn-cluster-worker,scheduled_on,1.0
1774409627,frontend-7868f8655b-25dwq,gnn-cluster-worker,scheduled_on,1.0
1774409627,frontend-7868f8655b-vqjvm,gnn-cluster-worker3,scheduled_on,1.0
1774409627,redis-cache-67d574b944-ll9pf,gnn-cluster-worker2,scheduled_on,1.0
1774409627,workload-generator-667dc97f4f-67vch,gnn-cluster-worker3,scheduled_on,1.0
1774409657,backend-api-669d9964b8-b8qkw,gnn-cluster-worker2,scheduled_on,1.0
1774409657,backend-api-669d9964b8-qblwm,gnn-cluster-worker3,scheduled_on,1.0
1774409657,cpu-stressor-74d6ffcfc4-gghxs,gnn-cluster-worker,scheduled_on,1.0
1774409657,frontend-7868f8655b-25dwq,gnn-cluster-worker,scheduled_on,1.0
1774409657,frontend-7868f8655b-vqjvm,gnn-cluster-worker3,scheduled_on,1.0
1774409657,redis-cache-67d574b944-ll9pf,gnn-cluster-worker2,scheduled_on,1.0
1774409657,workload-generator-667dc97f4f-67vch,gnn-cluster-worker3,scheduled_on,1.0
1774409687,backend-api-669d9964b8-b8qkw,gnn-cluster-worker2,scheduled_on,1.0
1774409687,backend-api-669d9964b8-qblwm,gnn-cluster-worker3,scheduled_on,1.0
1774409687,cpu-stressor-74d6ffcfc4-gghxs,gnn-cluster-worker,scheduled_on,1.0
1774409687,frontend-7868f8655b-25dwq,gnn-cluster-worker,scheduled_on,1.0
1774409687,frontend-7868f8655b-vqjvm,gnn-cluster-worker3,scheduled_on,1.0
1774409687,redis-cache-67d574b944-ll9pf,gnn-cluster-worker2,scheduled_on,1.0
1774409687,workload-generator-667dc97f4f-67vch,gnn-cluster-worker3,scheduled_on,1.0
1774409717,backend-api-669d9964b8-b8qkw,gnn-cluster-worker2,scheduled_on,1.0
1774409717,backend-api-669d9964b8-qblwm,gnn-cluster-worker3,scheduled_on,1.0
1774409717,cpu-stressor-74d6ffcfc4-gghxs,gnn-cluster-worker,scheduled_on,1.0
1774409717,frontend-7868f8655b-25dwq,gnn-cluster-worker,scheduled_on,1.0
1774409717,frontend-7868f8655b-vqjvm,gnn-cluster-worker3,scheduled_on,1.0
1774409717,redis-cache-67d574b944-ll9pf,gnn-cluster-worker2,scheduled_on,1.0
1774409717,workload-generator-667dc97f4f-67vch,gnn-cluster-worker3,scheduled_on,1.0
1774409747,backend-api-669d9964b8-b8qkw,gnn-cluster-worker2,scheduled_on,1.0
1774409747,backend-api-669d9964b8-qblwm,gnn-cluster-worker3,scheduled_on,1.0
1774409747,cpu-stressor-74d6ffcfc4-gghxs,gnn-cluster-worker,scheduled_on,1.0
1774409747,frontend-7868f8655b-25dwq,gnn-cluster-worker,scheduled_on,1.0
1774409747,frontend-7868f8655b-vqjvm,gnn-cluster-worker3,scheduled_on,1.0
1774409747,redis-cache-67d574b944-ll9pf,gnn-cluster-worker2,scheduled_on,1.0
1774409747,workload-generator-667dc97f4f-67vch,gnn-cluster-worker3,scheduled_on,1.0
1774409777,backend-api-669d9964b8-b8qkw,gnn-cluster-worker2,scheduled_on,1.0
1774409777,backend-api-669d9964b8-qblwm,gnn-cluster-worker3,scheduled_on,1.0
1774409777,cpu-stressor-74d6ffcfc4-gghxs,gnn-cluster-worker,scheduled_on,1.0
1774409777,frontend-7868f8655b-25dwq,gnn-cluster-worker,scheduled_on,1.0
1774409777,frontend-7868f8655b-vqjvm,gnn-cluster-worker3,scheduled_on,1.0
1774409777,redis-cache-67d574b944-ll9pf,gnn-cluster-worker2,scheduled_on,1.0
1774409777,workload-generator-667dc97f4f-67vch,gnn-cluster-worker3,scheduled_on,1.0
1774409807,backend-api-669d9964b8-b8qkw,gnn-cluster-worker2,scheduled_on,1.0
1774409807,backend-api-669d9964b8-qblwm,gnn-cluster-worker3,scheduled_on,1.0
1774409807,cpu-stressor-74d6ffcfc4-gghxs,gnn-cluster-worker,scheduled_on,1.0
1774409807,frontend-7868f8655b-25dwq,gnn-cluster-worker,scheduled_on,1.0
1774409807,frontend-7868f8655b-vqjvm,gnn-cluster-worker3,scheduled_on,1.0
1774409807,redis-cache-67d574b944-ll9pf,gnn-cluster-worker2,scheduled_on,1.0
1774409807,workload-generator-667dc97f4f-67vch,gnn-cluster-worker3,scheduled_on,1.0
1774409838,backend-api-669d9964b8-b8qkw,gnn-cluster-worker2,scheduled_on,1.0
1774409838,backend-api-669d9964b8-qblwm,gnn-cluster-worker3,scheduled_on,1.0
1774409838,cpu-stressor-74d6ffcfc4-gghxs,gnn-cluster-worker,scheduled_on,1.0
1774409838,frontend-7868f8655b-25dwq,gnn-cluster-worker,scheduled_on,1.0
1774409838,frontend-7868f8655b-vqjvm,gnn-cluster-worker3,scheduled_on,1.0
1774409838,redis-cache-67d574b944-ll9pf,gnn-cluster-worker2,scheduled_on,1.0
1774409838,workload-generator-667dc97f4f-67vch,gnn-cluster-worker3,scheduled_on,1.0
1774409868,backend-api-669d9964b8-b8qkw,gnn-cluster-worker2,scheduled_on,1.0
1774409868,backend-api-669d9964b8-qblwm,gnn-cluster-worker3,scheduled_on,1.0
1774409868,cpu-stressor-74d6ffcfc4-gghxs,gnn-cluster-worker,scheduled_on,1.0
1774409868,frontend-7868f8655b-25dwq,gnn-cluster-worker,scheduled_on,1.0
1774409868,frontend-7868f8655b-vqjvm,gnn-cluster-worker3,scheduled_on,1.0
1774409868,redis-cache-67d574b944-ll9pf,gnn-cluster-worker2,scheduled_on,1.0
1774409868,workload-generator-667dc97f4f-67vch,gnn-cluster-worker3,scheduled_on,1.0
1774409898,backend-api-669d9964b8-b8qkw,gnn-cluster-worker2,scheduled_on,1.0
1774409898,backend-api-669d9964b8-qblwm,gnn-cluster-worker3,scheduled_on,1.0
1774409898,cpu-stressor-74d6ffcfc4-gghxs,gnn-cluster-worker,scheduled_on,1.0
1774409898,frontend-7868f8655b-25dwq,gnn-cluster-worker,scheduled_on,1.0
1774409898,frontend-7868f8655b-vqjvm,gnn-cluster-worker3,scheduled_on,1.0
1774409898,redis-cache-67d574b944-ll9pf,gnn-cluster-worker2,scheduled_on,1.0
1774409898,workload-generator-667dc97f4f-67vch,gnn-cluster-worker3,scheduled_on,1.0
1774409928,backend-api-669d9964b8-b8qkw,gnn-cluster-worker2,scheduled_on,1.0
1774409928,backend-api-669d9964b8-qblwm,gnn-cluster-worker3,scheduled_on,1.0
1774409928,cpu-stressor-74d6ffcfc4-gghxs,gnn-cluster-worker,scheduled_on,1.0
1774409928,frontend-7868f8655b-25dwq,gnn-cluster-worker,scheduled_on,1.0
1774409928,frontend-7868f8655b-vqjvm,gnn-cluster-worker3,scheduled_on,1.0
1774409928,redis-cache-67d574b944-ll9pf,gnn-cluster-worker2,scheduled_on,1.0
1774409928,workload-generator-667dc97f4f-67vch,gnn-cluster-worker3,scheduled_on,1.0
1774409958,backend-api-669d9964b8-b8qkw,gnn-cluster-worker2,scheduled_on,1.0
1774409958,backend-api-669d9964b8-qblwm,gnn-cluster-worker3,scheduled_on,1.0
1774409958,cpu-stressor-74d6ffcfc4-gghxs,gnn-cluster-worker,scheduled_on,1.0
1774409958,frontend-7868f8655b-25dwq,gnn-cluster-worker,scheduled_on,1.0
1774409958,frontend-7868f8655b-vqjvm,gnn-cluster-worker3,scheduled_on,1.0
1774409958,redis-cache-67d574b944-ll9pf,gnn-cluster-worker2,scheduled_on,1.0
1774409958,workload-generator-667dc97f4f-67vch,gnn-cluster-worker3,scheduled_on,1.0
1774409988,backend-api-669d9964b8-b8qkw,gnn-cluster-worker2,scheduled_on,1.0
1774409988,backend-api-669d9964b8-qblwm,gnn-cluster-worker3,scheduled_on,1.0
1774409988,cpu-stressor-74d6ffcfc4-gghxs,gnn-cluster-worker,scheduled_on,1.0
1774409988,frontend-7868f8655b-25dwq,gnn-cluster-worker,scheduled_on,1.0
1774409988,frontend-7868f8655b-vqjvm,gnn-cluster-worker3,scheduled_on,1.0
1774409988,redis-cache-67d574b944-ll9pf,gnn-cluster-worker2,scheduled_on,1.0
1774409988,workload-generator-667dc97f4f-67vch,gnn-cluster-worker3,scheduled_on,1.0
1774410018,backend-api-669d9964b8-b8qkw,gnn-cluster-worker2,scheduled_on,1.0
1774410018,backend-api-669d9964b8-qblwm,gnn-cluster-worker3,scheduled_on,1.0
1774410018,cpu-stressor-74d6ffcfc4-gghxs,gnn-cluster-worker,scheduled_on,1.0
1774410018,frontend-7868f8655b-25dwq,gnn-cluster-worker,scheduled_on,1.0
1774410018,frontend-7868f8655b-vqjvm,gnn-cluster-worker3,scheduled_on,1.0
1774410018,redis-cache-67d574b944-ll9pf,gnn-cluster-worker2,scheduled_on,1.0
1774410018,workload-generator-667dc97f4f-67vch,gnn-cluster-worker3,scheduled_on,1.0
1774410048,backend-api-669d9964b8-b8qkw,gnn-cluster-worker2,scheduled_on,1.0
1774410048,backend-api-669d9964b8-qblwm,gnn-cluster-worker3,scheduled_on,1.0
1774410048,cpu-stressor-74d6ffcfc4-gghxs,gnn-cluster-worker,scheduled_on,1.0
1774410048,frontend-7868f8655b-25dwq,gnn-cluster-worker,scheduled_on,1.0
1774410048,frontend-7868f8655b-vqjvm,gnn-cluster-worker3,scheduled_on,1.0
1774410048,redis-cache-67d574b944-ll9pf,gnn-cluster-worker2,scheduled_on,1.0
1774410048,workload-generator-667dc97f4f-67vch,gnn-cluster-worker3,scheduled_on,1.0
1774410078,backend-api-669d9964b8-b8qkw,gnn-cluster-worker2,scheduled_on,1.0
1774410078,backend-api-669d9964b8-qblwm,gnn-cluster-worker3,scheduled_on,1.0
1774410078,cpu-stressor-74d6ffcfc4-gghxs,gnn-cluster-worker,scheduled_on,1.0
1774410078,frontend-7868f8655b-25dwq,gnn-cluster-worker,scheduled_on,1.0
1774410078,frontend-7868f8655b-vqjvm,gnn-cluster-worker3,scheduled_on,1.0
1774410078,redis-cache-67d574b944-ll9pf,gnn-cluster-worker2,scheduled_on,1.0
1774410078,workload-generator-667dc97f4f-67vch,gnn-cluster-worker3,scheduled_on,1.0
1774410108,backend-api-669d9964b8-b8qkw,gnn-cluster-worker2,scheduled_on,1.0
1774410108,backend-api-669d9964b8-qblwm,gnn-cluster-worker3,scheduled_on,1.0
1774410108,cpu-stressor-74d6ffcfc4-gghxs,gnn-cluster-worker,scheduled_on,1.0
1774410108,frontend-7868f8655b-25dwq,gnn-cluster-worker,scheduled_on,1.0
1774410108,frontend-7868f8655b-vqjvm,gnn-cluster-worker3,scheduled_on,1.0
1774410108,redis-cache-67d574b944-ll9pf,gnn-cluster-worker2,scheduled_on,1.0
1774410108,workload-generator-667dc97f4f-67vch,gnn-cluster-worker3,scheduled_on,1.0
1774410138,backend-api-669d9964b8-b8qkw,gnn-cluster-worker2,scheduled_on,1.0
1774410138,backend-api-669d9964b8-qblwm,gnn-cluster-worker3,scheduled_on,1.0
1774410138,cpu-stressor-74d6ffcfc4-gghxs,gnn-cluster-worker,scheduled_on,1.0
1774410138,frontend-7868f8655b-25dwq,gnn-cluster-worker,scheduled_on,1.0
1774410138,frontend-7868f8655b-vqjvm,gnn-cluster-worker3,scheduled_on,1.0
1774410138,redis-cache-67d574b944-ll9pf,gnn-cluster-worker2,scheduled_on,1.0
1774410138,workload-generator-667dc97f4f-67vch,gnn-cluster-worker3,scheduled_on,1.0
1774410168,backend-api-669d9964b8-b8qkw,gnn-cluster-worker2,scheduled_on,1.0
1774410168,backend-api-669d9964b8-qblwm,gnn-cluster-worker3,scheduled_on,1.0
1774410168,cpu-stressor-74d6ffcfc4-gghxs,gnn-cluster-worker,scheduled_on,1.0
1774410168,frontend-7868f8655b-25dwq,gnn-cluster-worker,scheduled_on,1.0
1774410168,frontend-7868f8655b-vqjvm,gnn-cluster-worker3,scheduled_on,1.0
1774410168,redis-cache-67d574b944-ll9pf,gnn-cluster-worker2,scheduled_on,1.0
1774410168,workload-generator-667dc97f4f-67vch,gnn-cluster-worker3,scheduled_on,1.0
1774410198,backend-api-669d9964b8-b8qkw,gnn-cluster-worker2,scheduled_on,1.0
1774410198,backend-api-669d9964b8-qblwm,gnn-cluster-worker3,scheduled_on,1.0
1774410198,cpu-stressor-74d6ffcfc4-gghxs,gnn-cluster-worker,scheduled_on,1.0
1774410198,frontend-7868f8655b-25dwq,gnn-cluster-worker,scheduled_on,1.0
1774410198,frontend-7868f8655b-vqjvm,gnn-cluster-worker3,scheduled_on,1.0
1774410198,redis-cache-67d574b944-ll9pf,gnn-cluster-worker2,scheduled_on,1.0
1774410198,workload-generator-667dc97f4f-67vch,gnn-cluster-worker3,scheduled_on,1.0
1774410228,backend-api-669d9964b8-b8qkw,gnn-cluster-worker2,scheduled_on,1.0
1774410228,backend-api-669d9964b8-qblwm,gnn-cluster-worker3,scheduled_on,1.0
1774410228,cpu-stressor-74d6ffcfc4-gghxs,gnn-cluster-worker,scheduled_on,1.0
1774410228,frontend-7868f8655b-25dwq,gnn-cluster-worker,scheduled_on,1.0
1774410228,frontend-7868f8655b-vqjvm,gnn-cluster-worker3,scheduled_on,1.0
1774410228,redis-cache-67d574b944-ll9pf,gnn-cluster-worker2,scheduled_on,1.0
1774410228,workload-generator-667dc97f4f-67vch,gnn-cluster-worker3,scheduled_on,1.0
1774410258,backend-api-669d9964b8-b8qkw,gnn-cluster-worker2,scheduled_on,1.0
1774410258,backend-api-669d9964b8-qblwm,gnn-cluster-worker3,scheduled_on,1.0
1774410258,cpu-stressor-74d6ffcfc4-gghxs,gnn-cluster-worker,scheduled_on,1.0
1774410258,frontend-7868f8655b-25dwq,gnn-cluster-worker,scheduled_on,1.0
1774410258,frontend-7868f8655b-vqjvm,gnn-cluster-worker3,scheduled_on,1.0
1774410258,redis-cache-67d574b944-ll9pf,gnn-cluster-worker2,scheduled_on,1.0
1774410258,workload-generator-667dc97f4f-67vch,gnn-cluster-worker3,scheduled_on,1.0
1774410288,backend-api-669d9964b8-b8qkw,gnn-cluster-worker2,scheduled_on,1.0
1774410288,backend-api-669d9964b8-qblwm,gnn-cluster-worker3,scheduled_on,1.0
1774410288,cpu-stressor-74d6ffcfc4-gghxs,gnn-cluster-worker,scheduled_on,1.0
1774410288,frontend-7868f8655b-25dwq,gnn-cluster-worker,scheduled_on,1.0
1774410288,frontend-7868f8655b-vqjvm,gnn-cluster-worker3,scheduled_on,1.0
1774410288,redis-cache-67d574b944-ll9pf,gnn-cluster-worker2,scheduled_on,1.0
1774410288,workload-generator-667dc97f4f-67vch,gnn-cluster-worker3,scheduled_on,1.0
1774410318,backend-api-669d9964b8-b8qkw,gnn-cluster-worker2,scheduled_on,1.0
1774410318,backend-api-669d9964b8-qblwm,gnn-cluster-worker3,scheduled_on,1.0
1774410318,cpu-stressor-74d6ffcfc4-gghxs,gnn-cluster-worker,scheduled_on,1.0
1774410318,frontend-7868f8655b-25dwq,gnn-cluster-worker,scheduled_on,1.0
1774410318,frontend-7868f8655b-vqjvm,gnn-cluster-worker3,scheduled_on,1.0
1774410318,redis-cache-67d574b944-ll9pf,gnn-cluster-worker2,scheduled_on,1.0
1774410318,workload-generator-667dc97f4f-67vch,gnn-cluster-worker3,scheduled_on,1.0
1774410349,backend-api-669d9964b8-b8qkw,gnn-cluster-worker2,scheduled_on,1.0
1774410349,backend-api-669d9964b8-qblwm,gnn-cluster-worker3,scheduled_on,1.0
1774410349,cpu-stressor-74d6ffcfc4-gghxs,gnn-cluster-worker,scheduled_on,1.0
1774410349,frontend-7868f8655b-25dwq,gnn-cluster-worker,scheduled_on,1.0
1774410349,frontend-7868f8655b-vqjvm,gnn-cluster-worker3,scheduled_on,1.0
1774410349,redis-cache-67d574b944-ll9pf,gnn-cluster-worker2,scheduled_on,1.0
1774410349,workload-generator-667dc97f4f-67vch,gnn-cluster-worker3,scheduled_on,1.0
1774410379,backend-api-669d9964b8-b8qkw,gnn-cluster-worker2,scheduled_on,1.0
1774410379,backend-api-669d9964b8-qblwm,gnn-cluster-worker3,scheduled_on,1.0
1774410379,cpu-stressor-74d6ffcfc4-gghxs,gnn-cluster-worker,scheduled_on,1.0
1774410379,frontend-7868f8655b-25dwq,gnn-cluster-worker,scheduled_on,1.0
1774410379,frontend-7868f8655b-vqjvm,gnn-cluster-worker3,scheduled_on,1.0
1774410379,redis-cache-67d574b944-ll9pf,gnn-cluster-worker2,scheduled_on,1.0
1774410379,workload-generator-667dc97f4f-67vch,gnn-cluster-worker3,scheduled_on,1.0
1774410409,backend-api-669d9964b8-b8qkw,gnn-cluster-worker2,scheduled_on,1.0
1774410409,backend-api-669d9964b8-qblwm,gnn-cluster-worker3,scheduled_on,1.0
1774410409,cpu-stressor-74d6ffcfc4-gghxs,gnn-cluster-worker,scheduled_on,1.0
1774410409,frontend-7868f8655b-25dwq,gnn-cluster-worker,scheduled_on,1.0
1774410409,frontend-7868f8655b-vqjvm,gnn-cluster-worker3,scheduled_on,1.0
1774410409,redis-cache-67d574b944-ll9pf,gnn-cluster-worker2,scheduled_on,1.0
1774410409,workload-generator-667dc97f4f-67vch,gnn-cluster-worker3,scheduled_on,1.0
1774410439,backend-api-669d9964b8-b8qkw,gnn-cluster-worker2,scheduled_on,1.0
1774410439,backend-api-669d9964b8-qblwm,gnn-cluster-worker3,scheduled_on,1.0
1774410439,cpu-stressor-74d6ffcfc4-gghxs,gnn-cluster-worker,scheduled_on,1.0
1774410439,frontend-7868f8655b-25dwq,gnn-cluster-worker,scheduled_on,1.0
1774410439,frontend-7868f8655b-vqjvm,gnn-cluster-worker3,scheduled_on,1.0
1774410439,redis-cache-67d574b944-ll9pf,gnn-cluster-worker2,scheduled_on,1.0
1774410439,workload-generator-667dc97f4f-67vch,gnn-cluster-worker3,scheduled_on,1.0
1774410469,backend-api-669d9964b8-b8qkw,gnn-cluster-worker2,scheduled_on,1.0
1774410469,backend-api-669d9964b8-qblwm,gnn-cluster-worker3,scheduled_on,1.0
1774410469,cpu-stressor-74d6ffcfc4-gghxs,gnn-cluster-worker,scheduled_on,1.0
1774410469,frontend-7868f8655b-25dwq,gnn-cluster-worker,scheduled_on,1.0
1774410469,frontend-7868f8655b-vqjvm,gnn-cluster-worker3,scheduled_on,1.0
1774410469,redis-cache-67d574b944-ll9pf,gnn-cluster-worker2,scheduled_on,1.0
1774410469,workload-generator-667dc97f4f-67vch,gnn-cluster-worker3,scheduled_on,1.0
1774410499,backend-api-669d9964b8-b8qkw,gnn-cluster-worker2,scheduled_on,1.0
1774410499,backend-api-669d9964b8-qblwm,gnn-cluster-worker3,scheduled_on,1.0
1774410499,cpu-stressor-74d6ffcfc4-gghxs,gnn-cluster-worker,scheduled_on,1.0
1774410499,frontend-7868f8655b-25dwq,gnn-cluster-worker,scheduled_on,1.0
1774410499,frontend-7868f8655b-vqjvm,gnn-cluster-worker3,scheduled_on,1.0
1774410499,redis-cache-67d574b944-ll9pf,gnn-cluster-worker2,scheduled_on,1.0
1774410499,workload-generator-667dc97f4f-67vch,gnn-cluster-worker3,scheduled_on,1.0
1774410529,backend-api-669d9964b8-b8qkw,gnn-cluster-worker2,scheduled_on,1.0
1774410529,backend-api-669d9964b8-qblwm,gnn-cluster-worker3,scheduled_on,1.0
1774410529,cpu-stressor-74d6ffcfc4-gghxs,gnn-cluster-worker,scheduled_on,1.0
1774410529,frontend-7868f8655b-25dwq,gnn-cluster-worker,scheduled_on,1.0
1774410529,frontend-7868f8655b-vqjvm,gnn-cluster-worker3,scheduled_on,1.0
1774410529,redis-cache-67d574b944-ll9pf,gnn-cluster-worker2,scheduled_on,1.0
1774410529,workload-generator-667dc97f4f-67vch,gnn-cluster-worker3,scheduled_on,1.0
1774410559,backend-api-669d9964b8-b8qkw,gnn-cluster-worker2,scheduled_on,1.0
1774410559,backend-api-669d9964b8-qblwm,gnn-cluster-worker3,scheduled_on,1.0
1774410559,cpu-stressor-74d6ffcfc4-gghxs,gnn-cluster-worker,scheduled_on,1.0
1774410559,frontend-7868f8655b-25dwq,gnn-cluster-worker,scheduled_on,1.0
1774410559,frontend-7868f8655b-vqjvm,gnn-cluster-worker3,scheduled_on,1.0
1774410559,redis-cache-67d574b944-ll9pf,gnn-cluster-worker2,scheduled_on,1.0
1774410559,workload-generator-667dc97f4f-67vch,gnn-cluster-worker3,scheduled_on,1.0
1774410589,backend-api-669d9964b8-b8qkw,gnn-cluster-worker2,scheduled_on,1.0
1774410589,backend-api-669d9964b8-qblwm,gnn-cluster-worker3,scheduled_on,1.0
1774410589,cpu-stressor-74d6ffcfc4-gghxs,gnn-cluster-worker,scheduled_on,1.0
1774410589,frontend-7868f8655b-25dwq,gnn-cluster-worker,scheduled_on,1.0
1774410589,frontend-7868f8655b-vqjvm,gnn-cluster-worker3,scheduled_on,1.0
1774410589,redis-cache-67d574b944-ll9pf,gnn-cluster-worker2,scheduled_on,1.0
1774410589,workload-generator-667dc97f4f-67vch,gnn-cluster-worker3,scheduled_on,1.0
1774410619,backend-api-669d9964b8-b8qkw,gnn-cluster-worker2,scheduled_on,1.0
1774410619,backend-api-669d9964b8-qblwm,gnn-cluster-worker3,scheduled_on,1.0
1774410619,cpu-stressor-74d6ffcfc4-gghxs,gnn-cluster-worker,scheduled_on,1.0
1774410619,frontend-7868f8655b-25dwq,gnn-cluster-worker,scheduled_on,1.0
1774410619,frontend-7868f8655b-vqjvm,gnn-cluster-worker3,scheduled_on,1.0
1774410619,redis-cache-67d574b944-ll9pf,gnn-cluster-worker2,scheduled_on,1.0
1774410619,workload-generator-667dc97f4f-67vch,gnn-cluster-worker3,scheduled_on,1.0
1774410649,backend-api-669d9964b8-b8qkw,gnn-cluster-worker2,scheduled_on,1.0
1774410649,backend-api-669d9964b8-qblwm,gnn-cluster-worker3,scheduled_on,1.0
1774410649,cpu-stressor-74d6ffcfc4-gghxs,gnn-cluster-worker,scheduled_on,1.0
1774410649,frontend-7868f8655b-25dwq,gnn-cluster-worker,scheduled_on,1.0
1774410649,frontend-7868f8655b-vqjvm,gnn-cluster-worker3,scheduled_on,1.0
1774410649,redis-cache-67d574b944-ll9pf,gnn-cluster-worker2,scheduled_on,1.0
1774410649,workload-generator-667dc97f4f-67vch,gnn-cluster-worker3,scheduled_on,1.0
1774410679,backend-api-669d9964b8-b8qkw,gnn-cluster-worker2,scheduled_on,1.0
1774410679,backend-api-669d9964b8-qblwm,gnn-cluster-worker3,scheduled_on,1.0
1774410679,cpu-stressor-74d6ffcfc4-gghxs,gnn-cluster-worker,scheduled_on,1.0
1774410679,frontend-7868f8655b-25dwq,gnn-cluster-worker,scheduled_on,1.0
1774410679,frontend-7868f8655b-vqjvm,gnn-cluster-worker3,scheduled_on,1.0
1774410679,redis-cache-67d574b944-ll9pf,gnn-cluster-worker2,scheduled_on,1.0
1774410679,workload-generator-667dc97f4f-67vch,gnn-cluster-worker3,scheduled_on,1.0
1774410709,backend-api-669d9964b8-b8qkw,gnn-cluster-worker2,scheduled_on,1.0
1774410709,backend-api-669d9964b8-qblwm,gnn-cluster-worker3,scheduled_on,1.0
1774410709,cpu-stressor-74d6ffcfc4-gghxs,gnn-cluster-worker,scheduled_on,1.0
1774410709,frontend-7868f8655b-25dwq,gnn-cluster-worker,scheduled_on,1.0
1774410709,frontend-7868f8655b-vqjvm,gnn-cluster-worker3,scheduled_on,1.0
1774410709,redis-cache-67d574b944-ll9pf,gnn-cluster-worker2,scheduled_on,1.0
1774410709,workload-generator-667dc97f4f-67vch,gnn-cluster-worker3,scheduled_on,1.0
1774410739,backend-api-669d9964b8-b8qkw,gnn-cluster-worker2,scheduled_on,1.0
1774410739,backend-api-669d9964b8-qblwm,gnn-cluster-worker3,scheduled_on,1.0
1774410739,cpu-stressor-74d6ffcfc4-gghxs,gnn-cluster-worker,scheduled_on,1.0
1774410739,frontend-7868f8655b-25dwq,gnn-cluster-worker,scheduled_on,1.0
1774410739,frontend-7868f8655b-vqjvm,gnn-cluster-worker3,scheduled_on,1.0
1774410739,redis-cache-67d574b944-ll9pf,gnn-cluster-worker2,scheduled_on,1.0
1774410739,workload-generator-667dc97f4f-67vch,gnn-cluster-worker3,scheduled_on,1.0
1774410769,backend-api-669d9964b8-b8qkw,gnn-cluster-worker2,scheduled_on,1.0
1774410769,backend-api-669d9964b8-qblwm,gnn-cluster-worker3,scheduled_on,1.0
1774410769,cpu-stressor-74d6ffcfc4-gghxs,gnn-cluster-worker,scheduled_on,1.0
1774410769,frontend-7868f8655b-25dwq,gnn-cluster-worker,scheduled_on,1.0
1774410769,frontend-7868f8655b-vqjvm,gnn-cluster-worker3,scheduled_on,1.0
1774410769,redis-cache-67d574b944-ll9pf,gnn-cluster-worker2,scheduled_on,1.0
1774410769,workload-generator-667dc97f4f-67vch,gnn-cluster-worker3,scheduled_on,1.0
1774410799,backend-api-669d9964b8-b8qkw,gnn-cluster-worker2,scheduled_on,1.0
1774410799,backend-api-669d9964b8-qblwm,gnn-cluster-worker3,scheduled_on,1.0
1774410799,cpu-stressor-74d6ffcfc4-gghxs,gnn-cluster-worker,scheduled_on,1.0
1774410799,frontend-7868f8655b-25dwq,gnn-cluster-worker,scheduled_on,1.0
1774410799,frontend-7868f8655b-vqjvm,gnn-cluster-worker3,scheduled_on,1.0
1774410799,redis-cache-67d574b944-ll9pf,gnn-cluster-worker2,scheduled_on,1.0
1774410799,workload-generator-667dc97f4f-67vch,gnn-cluster-worker3,scheduled_on,1.0
1774410829,backend-api-669d9964b8-b8qkw,gnn-cluster-worker2,scheduled_on,1.0
1774410829,backend-api-669d9964b8-qblwm,gnn-cluster-worker3,scheduled_on,1.0
1774410829,cpu-stressor-74d6ffcfc4-gghxs,gnn-cluster-worker,scheduled_on,1.0
1774410829,frontend-7868f8655b-25dwq,gnn-cluster-worker,scheduled_on,1.0
1774410829,frontend-7868f8655b-vqjvm,gnn-cluster-worker3,scheduled_on,1.0
1774410829,redis-cache-67d574b944-ll9pf,gnn-cluster-worker2,scheduled_on,1.0
1774410829,workload-generator-667dc97f4f-67vch,gnn-cluster-worker3,scheduled_on,1.0
1774410860,backend-api-669d9964b8-b8qkw,gnn-cluster-worker2,scheduled_on,1.0
1774410860,backend-api-669d9964b8-qblwm,gnn-cluster-worker3,scheduled_on,1.0
1774410860,cpu-stressor-74d6ffcfc4-gghxs,gnn-cluster-worker,scheduled_on,1.0
1774410860,frontend-7868f8655b-25dwq,gnn-cluster-worker,scheduled_on,1.0
1774410860,frontend-7868f8655b-vqjvm,gnn-cluster-worker3,scheduled_on,1.0
1774410860,redis-cache-67d574b944-ll9pf,gnn-cluster-worker2,scheduled_on,1.0
1774410860,workload-generator-667dc97f4f-67vch,gnn-cluster-worker3,scheduled_on,1.0
1774410890,backend-api-669d9964b8-b8qkw,gnn-cluster-worker2,scheduled_on,1.0
1774410890,backend-api-669d9964b8-qblwm,gnn-cluster-worker3,scheduled_on,1.0
1774410890,cpu-stressor-74d6ffcfc4-gghxs,gnn-cluster-worker,scheduled_on,1.0
1774410890,frontend-7868f8655b-25dwq,gnn-cluster-worker,scheduled_on,1.0
1774410890,frontend-7868f8655b-vqjvm,gnn-cluster-worker3,scheduled_on,1.0
1774410890,redis-cache-67d574b944-ll9pf,gnn-cluster-worker2,scheduled_on,1.0
1774410890,workload-generator-667dc97f4f-67vch,gnn-cluster-worker3,scheduled_on,1.0
1774410920,backend-api-669d9964b8-b8qkw,gnn-cluster-worker2,scheduled_on,1.0
1774410920,backend-api-669d9964b8-qblwm,gnn-cluster-worker3,scheduled_on,1.0
1774410920,cpu-stressor-74d6ffcfc4-gghxs,gnn-cluster-worker,scheduled_on,1.0
1774410920,frontend-7868f8655b-25dwq,gnn-cluster-worker,scheduled_on,1.0
1774410920,frontend-7868f8655b-vqjvm,gnn-cluster-worker3,scheduled_on,1.0
1774410920,redis-cache-67d574b944-ll9pf,gnn-cluster-worker2,scheduled_on,1.0
1774410920,workload-generator-667dc97f4f-67vch,gnn-cluster-worker3,scheduled_on,1.0
1774410950,backend-api-669d9964b8-b8qkw,gnn-cluster-worker2,scheduled_on,1.0
1774410950,backend-api-669d9964b8-qblwm,gnn-cluster-worker3,scheduled_on,1.0
1774410950,cpu-stressor-74d6ffcfc4-gghxs,gnn-cluster-worker,scheduled_on,1.0
1774410950,frontend-7868f8655b-25dwq,gnn-cluster-worker,scheduled_on,1.0
1774410950,frontend-7868f8655b-vqjvm,gnn-cluster-worker3,scheduled_on,1.0
1774410950,redis-cache-67d574b944-ll9pf,gnn-cluster-worker2,scheduled_on,1.0
1774410950,workload-generator-667dc97f4f-67vch,gnn-cluster-worker3,scheduled_on,1.0
1774410980,backend-api-669d9964b8-b8qkw,gnn-cluster-worker2,scheduled_on,1.0
1774410980,backend-api-669d9964b8-qblwm,gnn-cluster-worker3,scheduled_on,1.0
1774410980,cpu-stressor-74d6ffcfc4-gghxs,gnn-cluster-worker,scheduled_on,1.0
1774410980,frontend-7868f8655b-25dwq,gnn-cluster-worker,scheduled_on,1.0
1774410980,frontend-7868f8655b-vqjvm,gnn-cluster-worker3,scheduled_on,1.0
1774410980,redis-cache-67d574b944-ll9pf,gnn-cluster-worker2,scheduled_on,1.0
1774410980,workload-generator-667dc97f4f-67vch,gnn-cluster-worker3,scheduled_on,1.0
1774411010,backend-api-669d9964b8-b8qkw,gnn-cluster-worker2,scheduled_on,1.0
1774411010,backend-api-669d9964b8-qblwm,gnn-cluster-worker3,scheduled_on,1.0
1774411010,cpu-stressor-74d6ffcfc4-gghxs,gnn-cluster-worker,scheduled_on,1.0
1774411010,frontend-7868f8655b-25dwq,gnn-cluster-worker,scheduled_on,1.0
1774411010,frontend-7868f8655b-vqjvm,gnn-cluster-worker3,scheduled_on,1.0
1774411010,redis-cache-67d574b944-ll9pf,gnn-cluster-worker2,scheduled_on,1.0
1774411010,workload-generator-667dc97f4f-67vch,gnn-cluster-worker3,scheduled_on,1.0
1774411040,backend-api-669d9964b8-b8qkw,gnn-cluster-worker2,scheduled_on,1.0
1774411040,backend-api-669d9964b8-qblwm,gnn-cluster-worker3,scheduled_on,1.0
1774411040,cpu-stressor-74d6ffcfc4-gghxs,gnn-cluster-worker,scheduled_on,1.0
1774411040,frontend-7868f8655b-25dwq,gnn-cluster-worker,scheduled_on,1.0
1774411040,frontend-7868f8655b-vqjvm,gnn-cluster-worker3,scheduled_on,1.0
1774411040,redis-cache-67d574b944-ll9pf,gnn-cluster-worker2,scheduled_on,1.0
1774411040,workload-generator-667dc97f4f-67vch,gnn-cluster-worker3,scheduled_on,1.0
1774411070,backend-api-669d9964b8-b8qkw,gnn-cluster-worker2,scheduled_on,1.0
1774411070,backend-api-669d9964b8-qblwm,gnn-cluster-worker3,scheduled_on,1.0
1774411070,cpu-stressor-74d6ffcfc4-gghxs,gnn-cluster-worker,scheduled_on,1.0
1774411070,frontend-7868f8655b-25dwq,gnn-cluster-worker,scheduled_on,1.0
1774411070,frontend-7868f8655b-vqjvm,gnn-cluster-worker3,scheduled_on,1.0
1774411070,redis-cache-67d574b944-ll9pf,gnn-cluster-worker2,scheduled_on,1.0
1774411070,workload-generator-667dc97f4f-67vch,gnn-cluster-worker3,scheduled_on,1.0
1774411100,backend-api-669d9964b8-b8qkw,gnn-cluster-worker2,scheduled_on,1.0
1774411100,backend-api-669d9964b8-qblwm,gnn-cluster-worker3,scheduled_on,1.0
1774411100,cpu-stressor-74d6ffcfc4-gghxs,gnn-cluster-worker,scheduled_on,1.0
1774411100,frontend-7868f8655b-25dwq,gnn-cluster-worker,scheduled_on,1.0
1774411100,frontend-7868f8655b-vqjvm,gnn-cluster-worker3,scheduled_on,1.0
1774411100,redis-cache-67d574b944-ll9pf,gnn-cluster-worker2,scheduled_on,1.0
1774411100,workload-generator-667dc97f4f-67vch,gnn-cluster-worker3,scheduled_on,1.0
1774411130,backend-api-669d9964b8-b8qkw,gnn-cluster-worker2,scheduled_on,1.0
1774411130,backend-api-669d9964b8-qblwm,gnn-cluster-worker3,scheduled_on,1.0
1774411130,cpu-stressor-74d6ffcfc4-gghxs,gnn-cluster-worker,scheduled_on,1.0
1774411130,frontend-7868f8655b-25dwq,gnn-cluster-worker,scheduled_on,1.0
1774411130,frontend-7868f8655b-vqjvm,gnn-cluster-worker3,scheduled_on,1.0
1774411130,redis-cache-67d574b944-ll9pf,gnn-cluster-worker2,scheduled_on,1.0
1774411130,workload-generator-667dc97f4f-67vch,gnn-cluster-worker3,scheduled_on,1.0
1774411160,backend-api-669d9964b8-b8qkw,gnn-cluster-worker2,scheduled_on,1.0
1774411160,backend-api-669d9964b8-qblwm,gnn-cluster-worker3,scheduled_on,1.0
1774411160,cpu-stressor-74d6ffcfc4-gghxs,gnn-cluster-worker,scheduled_on,1.0
1774411160,frontend-7868f8655b-25dwq,gnn-cluster-worker,scheduled_on,1.0
1774411160,frontend-7868f8655b-vqjvm,gnn-cluster-worker3,scheduled_on,1.0
1774411160,redis-cache-67d574b944-ll9pf,gnn-cluster-worker2,scheduled_on,1.0
1774411160,workload-generator-667dc97f4f-67vch,gnn-cluster-worker3,scheduled_on,1.0
1774411190,backend-api-669d9964b8-b8qkw,gnn-cluster-worker2,scheduled_on,1.0
1774411190,backend-api-669d9964b8-qblwm,gnn-cluster-worker3,scheduled_on,1.0
1774411190,cpu-stressor-74d6ffcfc4-gghxs,gnn-cluster-worker,scheduled_on,1.0
1774411190,frontend-7868f8655b-25dwq,gnn-cluster-worker,scheduled_on,1.0
1774411190,frontend-7868f8655b-vqjvm,gnn-cluster-worker3,scheduled_on,1.0
1774411190,redis-cache-67d574b944-ll9pf,gnn-cluster-worker2,scheduled_on,1.0
1774411190,workload-generator-667dc97f4f-67vch,gnn-cluster-worker3,scheduled_on,1.0
1774411220,backend-api-669d9964b8-b8qkw,gnn-cluster-worker2,scheduled_on,1.0
1774411220,backend-api-669d9964b8-qblwm,gnn-cluster-worker3,scheduled_on,1.0
1774411220,cpu-stressor-74d6ffcfc4-gghxs,gnn-cluster-worker,scheduled_on,1.0
1774411220,frontend-7868f8655b-25dwq,gnn-cluster-worker,scheduled_on,1.0
1774411220,frontend-7868f8655b-vqjvm,gnn-cluster-worker3,scheduled_on,1.0
1774411220,redis-cache-67d574b944-ll9pf,gnn-cluster-worker2,scheduled_on,1.0
1774411220,workload-generator-667dc97f4f-67vch,gnn-cluster-worker3,scheduled_on,1.0
1774411250,backend-api-669d9964b8-b8qkw,gnn-cluster-worker2,scheduled_on,1.0
1774411250,backend-api-669d9964b8-qblwm,gnn-cluster-worker3,scheduled_on,1.0
1774411250,cpu-stressor-74d6ffcfc4-gghxs,gnn-cluster-worker,scheduled_on,1.0
1774411250,frontend-7868f8655b-25dwq,gnn-cluster-worker,scheduled_on,1.0
1774411250,frontend-7868f8655b-vqjvm,gnn-cluster-worker3,scheduled_on,1.0
1774411250,redis-cache-67d574b944-ll9pf,gnn-cluster-worker2,scheduled_on,1.0
1774411250,workload-generator-667dc97f4f-67vch,gnn-cluster-worker3,scheduled_on,1.0
1774411280,backend-api-669d9964b8-b8qkw,gnn-cluster-worker2,scheduled_on,1.0
1774411280,backend-api-669d9964b8-qblwm,gnn-cluster-worker3,scheduled_on,1.0
1774411280,cpu-stressor-74d6ffcfc4-gghxs,gnn-cluster-worker,scheduled_on,1.0
1774411280,frontend-7868f8655b-25dwq,gnn-cluster-worker,scheduled_on,1.0
1774411280,frontend-7868f8655b-vqjvm,gnn-cluster-worker3,scheduled_on,1.0
1774411280,redis-cache-67d574b944-ll9pf,gnn-cluster-worker2,scheduled_on,1.0
1774411280,workload-generator-667dc97f4f-67vch,gnn-cluster-worker3,scheduled_on,1.0
1774411310,backend-api-669d9964b8-b8qkw,gnn-cluster-worker2,scheduled_on,1.0
1774411310,backend-api-669d9964b8-qblwm,gnn-cluster-worker3,scheduled_on,1.0
1774411310,cpu-stressor-74d6ffcfc4-gghxs,gnn-cluster-worker,scheduled_on,1.0
1774411310,frontend-7868f8655b-25dwq,gnn-cluster-worker,scheduled_on,1.0
1774411310,frontend-7868f8655b-vqjvm,gnn-cluster-worker3,scheduled_on,1.0
1774411310,redis-cache-67d574b944-ll9pf,gnn-cluster-worker2,scheduled_on,1.0
1774411310,workload-generator-667dc97f4f-67vch,gnn-cluster-worker3,scheduled_on,1.0
1774411340,backend-api-669d9964b8-b8qkw,gnn-cluster-worker2,scheduled_on,1.0
1774411340,backend-api-669d9964b8-qblwm,gnn-cluster-worker3,scheduled_on,1.0
1774411340,cpu-stressor-74d6ffcfc4-gghxs,gnn-cluster-worker,scheduled_on,1.0
1774411340,frontend-7868f8655b-25dwq,gnn-cluster-worker,scheduled_on,1.0
1774411340,frontend-7868f8655b-vqjvm,gnn-cluster-worker3,scheduled_on,1.0
1774411340,redis-cache-67d574b944-ll9pf,gnn-cluster-worker2,scheduled_on,1.0
1774411340,workload-generator-667dc97f4f-67vch,gnn-cluster-worker3,scheduled_on,1.0
1774411371,backend-api-669d9964b8-b8qkw,gnn-cluster-worker2,scheduled_on,1.0
1774411371,backend-api-669d9964b8-qblwm,gnn-cluster-worker3,scheduled_on,1.0
1774411371,cpu-stressor-74d6ffcfc4-gghxs,gnn-cluster-worker,scheduled_on,1.0
1774411371,frontend-7868f8655b-25dwq,gnn-cluster-worker,scheduled_on,1.0
1774411371,frontend-7868f8655b-vqjvm,gnn-cluster-worker3,scheduled_on,1.0
1774411371,redis-cache-67d574b944-ll9pf,gnn-cluster-worker2,scheduled_on,1.0
1774411371,workload-generator-667dc97f4f-67vch,gnn-cluster-worker3,scheduled_on,1.0
1774411401,backend-api-669d9964b8-b8qkw,gnn-cluster-worker2,scheduled_on,1.0
1774411401,backend-api-669d9964b8-qblwm,gnn-cluster-worker3,scheduled_on,1.0
1774411401,cpu-stressor-74d6ffcfc4-gghxs,gnn-cluster-worker,scheduled_on,1.0
1774411401,frontend-7868f8655b-25dwq,gnn-cluster-worker,scheduled_on,1.0
1774411401,frontend-7868f8655b-vqjvm,gnn-cluster-worker3,scheduled_on,1.0
1774411401,redis-cache-67d574b944-ll9pf,gnn-cluster-worker2,scheduled_on,1.0
1774411401,workload-generator-667dc97f4f-67vch,gnn-cluster-worker3,scheduled_on,1.0
1774411431,backend-api-669d9964b8-b8qkw,gnn-cluster-worker2,scheduled_on,1.0
1774411431,backend-api-669d9964b8-qblwm,gnn-cluster-worker3,scheduled_on,1.0
1774411431,cpu-stressor-74d6ffcfc4-gghxs,gnn-cluster-worker,scheduled_on,1.0
1774411431,frontend-7868f8655b-25dwq,gnn-cluster-worker,scheduled_on,1.0
1774411431,frontend-7868f8655b-vqjvm,gnn-cluster-worker3,scheduled_on,1.0
1774411431,redis-cache-67d574b944-ll9pf,gnn-cluster-worker2,scheduled_on,1.0
1774411431,workload-generator-667dc97f4f-67vch,gnn-cluster-worker3,scheduled_on,1.0
1774411461,backend-api-669d9964b8-b8qkw,gnn-cluster-worker2,scheduled_on,1.0
1774411461,backend-api-669d9964b8-qblwm,gnn-cluster-worker3,scheduled_on,1.0
1774411461,cpu-stressor-74d6ffcfc4-gghxs,gnn-cluster-worker,scheduled_on,1.0
1774411461,frontend-7868f8655b-25dwq,gnn-cluster-worker,scheduled_on,1.0
1774411461,frontend-7868f8655b-vqjvm,gnn-cluster-worker3,scheduled_on,1.0
1774411461,redis-cache-67d574b944-ll9pf,gnn-cluster-worker2,scheduled_on,1.0
1774411461,workload-generator-667dc97f4f-67vch,gnn-cluster-worker3,scheduled_on,1.0
1774411491,backend-api-669d9964b8-b8qkw,gnn-cluster-worker2,scheduled_on,1.0
1774411491,backend-api-669d9964b8-qblwm,gnn-cluster-worker3,scheduled_on,1.0
1774411491,cpu-stressor-74d6ffcfc4-gghxs,gnn-cluster-worker,scheduled_on,1.0
1774411491,frontend-7868f8655b-25dwq,gnn-cluster-worker,scheduled_on,1.0
1774411491,frontend-7868f8655b-vqjvm,gnn-cluster-worker3,scheduled_on,1.0
1774411491,redis-cache-67d574b944-ll9pf,gnn-cluster-worker2,scheduled_on,1.0
1774411491,workload-generator-667dc97f4f-67vch,gnn-cluster-worker3,scheduled_on,1.0
1774411521,backend-api-669d9964b8-b8qkw,gnn-cluster-worker2,scheduled_on,1.0
1774411521,backend-api-669d9964b8-qblwm,gnn-cluster-worker3,scheduled_on,1.0
1774411521,cpu-stressor-74d6ffcfc4-gghxs,gnn-cluster-worker,scheduled_on,1.0
1774411521,frontend-7868f8655b-25dwq,gnn-cluster-worker,scheduled_on,1.0
1774411521,frontend-7868f8655b-vqjvm,gnn-cluster-worker3,scheduled_on,1.0
1774411521,redis-cache-67d574b944-ll9pf,gnn-cluster-worker2,scheduled_on,1.0
1774411521,workload-generator-667dc97f4f-67vch,gnn-cluster-worker3,scheduled_on,1.0
1774411551,backend-api-669d9964b8-b8qkw,gnn-cluster-worker2,scheduled_on,1.0
1774411551,backend-api-669d9964b8-qblwm,gnn-cluster-worker3,scheduled_on,1.0
1774411551,cpu-stressor-74d6ffcfc4-gghxs,gnn-cluster-worker,scheduled_on,1.0
1774411551,frontend-7868f8655b-25dwq,gnn-cluster-worker,scheduled_on,1.0
1774411551,frontend-7868f8655b-vqjvm,gnn-cluster-worker3,scheduled_on,1.0
1774411551,redis-cache-67d574b944-ll9pf,gnn-cluster-worker2,scheduled_on,1.0
1774411551,workload-generator-667dc97f4f-67vch,gnn-cluster-worker3,scheduled_on,1.0
1774411581,backend-api-669d9964b8-b8qkw,gnn-cluster-worker2,scheduled_on,1.0
1774411581,backend-api-669d9964b8-qblwm,gnn-cluster-worker3,scheduled_on,1.0
1774411581,cpu-stressor-74d6ffcfc4-gghxs,gnn-cluster-worker,scheduled_on,1.0
1774411581,frontend-7868f8655b-25dwq,gnn-cluster-worker,scheduled_on,1.0
1774411581,frontend-7868f8655b-vqjvm,gnn-cluster-worker3,scheduled_on,1.0
1774411581,redis-cache-67d574b944-ll9pf,gnn-cluster-worker2,scheduled_on,1.0
1774411581,workload-generator-667dc97f4f-67vch,gnn-cluster-worker3,scheduled_on,1.0
1774411611,backend-api-669d9964b8-b8qkw,gnn-cluster-worker2,scheduled_on,1.0
1774411611,backend-api-669d9964b8-qblwm,gnn-cluster-worker3,scheduled_on,1.0
1774411611,cpu-stressor-74d6ffcfc4-gghxs,gnn-cluster-worker,scheduled_on,1.0
1774411611,frontend-7868f8655b-25dwq,gnn-cluster-worker,scheduled_on,1.0
1774411611,frontend-7868f8655b-vqjvm,gnn-cluster-worker3,scheduled_on,1.0
1774411611,redis-cache-67d574b944-ll9pf,gnn-cluster-worker2,scheduled_on,1.0
1774411611,workload-generator-667dc97f4f-67vch,gnn-cluster-worker3,scheduled_on,1.0
1774411641,backend-api-669d9964b8-b8qkw,gnn-cluster-worker2,scheduled_on,1.0
1774411641,backend-api-669d9964b8-qblwm,gnn-cluster-worker3,scheduled_on,1.0
1774411641,cpu-stressor-74d6ffcfc4-gghxs,gnn-cluster-worker,scheduled_on,1.0
1774411641,frontend-7868f8655b-25dwq,gnn-cluster-worker,scheduled_on,1.0
1774411641,frontend-7868f8655b-vqjvm,gnn-cluster-worker3,scheduled_on,1.0
1774411641,redis-cache-67d574b944-ll9pf,gnn-cluster-worker2,scheduled_on,1.0
1774411641,workload-generator-667dc97f4f-67vch,gnn-cluster-worker3,scheduled_on,1.0
1774411671,backend-api-669d9964b8-b8qkw,gnn-cluster-worker2,scheduled_on,1.0
1774411671,backend-api-669d9964b8-qblwm,gnn-cluster-worker3,scheduled_on,1.0
1774411671,cpu-stressor-74d6ffcfc4-gghxs,gnn-cluster-worker,scheduled_on,1.0
1774411671,frontend-7868f8655b-25dwq,gnn-cluster-worker,scheduled_on,1.0
1774411671,frontend-7868f8655b-vqjvm,gnn-cluster-worker3,scheduled_on,1.0
1774411671,redis-cache-67d574b944-ll9pf,gnn-cluster-worker2,scheduled_on,1.0
1774411671,workload-generator-667dc97f4f-67vch,gnn-cluster-worker3,scheduled_on,1.0
1774411701,backend-api-669d9964b8-b8qkw,gnn-cluster-worker2,scheduled_on,1.0
1774411701,backend-api-669d9964b8-qblwm,gnn-cluster-worker3,scheduled_on,1.0
1774411701,cpu-stressor-74d6ffcfc4-gghxs,gnn-cluster-worker,scheduled_on,1.0
1774411701,frontend-7868f8655b-25dwq,gnn-cluster-worker,scheduled_on,1.0
1774411701,frontend-7868f8655b-vqjvm,gnn-cluster-worker3,scheduled_on,1.0
1774411701,redis-cache-67d574b944-ll9pf,gnn-cluster-worker2,scheduled_on,1.0
1774411701,workload-generator-667dc97f4f-67vch,gnn-cluster-worker3,scheduled_on,1.0
1774411731,backend-api-669d9964b8-b8qkw,gnn-cluster-worker2,scheduled_on,1.0
1774411731,backend-api-669d9964b8-qblwm,gnn-cluster-worker3,scheduled_on,1.0
1774411731,cpu-stressor-74d6ffcfc4-gghxs,gnn-cluster-worker,scheduled_on,1.0
1774411731,frontend-7868f8655b-25dwq,gnn-cluster-worker,scheduled_on,1.0
1774411731,frontend-7868f8655b-vqjvm,gnn-cluster-worker3,scheduled_on,1.0
1774411731,redis-cache-67d574b944-ll9pf,gnn-cluster-worker2,scheduled_on,1.0
1774411731,workload-generator-667dc97f4f-67vch,gnn-cluster-worker3,scheduled_on,1.0
1774411761,backend-api-669d9964b8-b8qkw,gnn-cluster-worker2,scheduled_on,1.0
1774411761,backend-api-669d9964b8-qblwm,gnn-cluster-worker3,scheduled_on,1.0
1774411761,cpu-stressor-74d6ffcfc4-gghxs,gnn-cluster-worker,scheduled_on,1.0
1774411761,frontend-7868f8655b-25dwq,gnn-cluster-worker,scheduled_on,1.0
1774411761,frontend-7868f8655b-vqjvm,gnn-cluster-worker3,scheduled_on,1.0
1774411761,redis-cache-67d574b944-ll9pf,gnn-cluster-worker2,scheduled_on,1.0
1774411761,workload-generator-667dc97f4f-67vch,gnn-cluster-worker3,scheduled_on,1.0
1774412741,backend-api-669d9964b8-b8qkw,gnn-cluster-worker2,scheduled_on,1.0
1774412741,backend-api-669d9964b8-qblwm,gnn-cluster-worker3,scheduled_on,1.0
1774412741,cpu-stressor-74d6ffcfc4-gghxs,gnn-cluster-worker,scheduled_on,1.0
1774412741,frontend-7868f8655b-25dwq,gnn-cluster-worker,scheduled_on,1.0
1774412741,frontend-7868f8655b-vqjvm,gnn-cluster-worker3,scheduled_on,1.0
1774412741,redis-cache-67d574b944-ll9pf,gnn-cluster-worker2,scheduled_on,1.0
1774412741,workload-generator-667dc97f4f-67vch,gnn-cluster-worker3,scheduled_on,1.0
1774412827,backend-api-669d9964b8-b8qkw,gnn-cluster-worker2,scheduled_on,1.0
1774412827,backend-api-669d9964b8-qblwm,gnn-cluster-worker3,scheduled_on,1.0
1774412827,cpu-stressor-74d6ffcfc4-gghxs,gnn-cluster-worker,scheduled_on,1.0
1774412827,frontend-7868f8655b-25dwq,gnn-cluster-worker,scheduled_on,1.0
1774412827,frontend-7868f8655b-vqjvm,gnn-cluster-worker3,scheduled_on,1.0
1774412827,redis-cache-67d574b944-ll9pf,gnn-cluster-worker2,scheduled_on,1.0
1774412827,workload-generator-667dc97f4f-67vch,gnn-cluster-worker3,scheduled_on,1.0
1774413808,backend-api-669d9964b8-b8qkw,gnn-cluster-worker2,scheduled_on,1.0
1774413808,backend-api-669d9964b8-qblwm,gnn-cluster-worker3,scheduled_on,1.0
1774413808,cpu-stressor-74d6ffcfc4-gghxs,gnn-cluster-worker,scheduled_on,1.0
1774413808,frontend-7868f8655b-25dwq,gnn-cluster-worker,scheduled_on,1.0
1774413808,frontend-7868f8655b-vqjvm,gnn-cluster-worker3,scheduled_on,1.0
1774413808,redis-cache-67d574b944-ll9pf,gnn-cluster-worker2,scheduled_on,1.0
1774413808,workload-generator-667dc97f4f-67vch,gnn-cluster-worker3,scheduled_on,1.0
1774413938,backend-api-669d9964b8-b8qkw,gnn-cluster-worker2,scheduled_on,1.0
1774413938,backend-api-669d9964b8-qblwm,gnn-cluster-worker3,scheduled_on,1.0
1774413938,cpu-stressor-74d6ffcfc4-gghxs,gnn-cluster-worker,scheduled_on,1.0
1774413938,frontend-7868f8655b-25dwq,gnn-cluster-worker,scheduled_on,1.0
1774413938,frontend-7868f8655b-vqjvm,gnn-cluster-worker3,scheduled_on,1.0
1774413938,redis-cache-67d574b944-ll9pf,gnn-cluster-worker2,scheduled_on,1.0
1774413938,workload-generator-667dc97f4f-67vch,gnn-cluster-worker3,scheduled_on,1.0
1774415818,backend-api-669d9964b8-b8qkw,gnn-cluster-worker2,scheduled_on,1.0
1774415818,backend-api-669d9964b8-qblwm,gnn-cluster-worker3,scheduled_on,1.0
1774415818,cpu-stressor-74d6ffcfc4-gghxs,gnn-cluster-worker,scheduled_on,1.0
1774415818,frontend-7868f8655b-25dwq,gnn-cluster-worker,scheduled_on,1.0
1774415818,frontend-7868f8655b-vqjvm,gnn-cluster-worker3,scheduled_on,1.0
1774415818,redis-cache-67d574b944-ll9pf,gnn-cluster-worker2,scheduled_on,1.0
1774415818,workload-generator-667dc97f4f-67vch,gnn-cluster-worker3,scheduled_on,1.0
1774416739,backend-api-669d9964b8-b8qkw,gnn-cluster-worker2,scheduled_on,1.0
1774416739,backend-api-669d9964b8-qblwm,gnn-cluster-worker3,scheduled_on,1.0
1774416739,cpu-stressor-74d6ffcfc4-gghxs,gnn-cluster-worker,scheduled_on,1.0
1774416739,frontend-7868f8655b-25dwq,gnn-cluster-worker,scheduled_on,1.0
1774416739,frontend-7868f8655b-vqjvm,gnn-cluster-worker3,scheduled_on,1.0
1774416739,redis-cache-67d574b944-ll9pf,gnn-cluster-worker2,scheduled_on,1.0
1774416739,workload-generator-667dc97f4f-67vch,gnn-cluster-worker3,scheduled_on,1.0
1774416780,backend-api-669d9964b8-b8qkw,gnn-cluster-worker2,scheduled_on,1.0
1774416780,backend-api-669d9964b8-qblwm,gnn-cluster-worker3,scheduled_on,1.0
1774416780,cpu-stressor-74d6ffcfc4-gghxs,gnn-cluster-worker,scheduled_on,1.0
1774416780,frontend-7868f8655b-25dwq,gnn-cluster-worker,scheduled_on,1.0
1774416780,frontend-7868f8655b-vqjvm,gnn-cluster-worker3,scheduled_on,1.0
1774416780,redis-cache-67d574b944-ll9pf,gnn-cluster-worker2,scheduled_on,1.0
1774416780,workload-generator-667dc97f4f-67vch,gnn-cluster-worker3,scheduled_on,1.0
1774417255,backend-api-669d9964b8-b8qkw,gnn-cluster-worker2,scheduled_on,1.0
1774417255,backend-api-669d9964b8-qblwm,gnn-cluster-worker3,scheduled_on,1.0
1774417255,cpu-stressor-74d6ffcfc4-gghxs,gnn-cluster-worker,scheduled_on,1.0
1774417255,frontend-7868f8655b-25dwq,gnn-cluster-worker,scheduled_on,1.0
1774417255,frontend-7868f8655b-vqjvm,gnn-cluster-worker3,scheduled_on,1.0
1774417255,redis-cache-67d574b944-ll9pf,gnn-cluster-worker2,scheduled_on,1.0
1774417255,workload-generator-667dc97f4f-67vch,gnn-cluster-worker3,scheduled_on,1.0
1774417285,backend-api-669d9964b8-b8qkw,gnn-cluster-worker2,scheduled_on,1.0
1774417285,backend-api-669d9964b8-qblwm,gnn-cluster-worker3,scheduled_on,1.0
1774417285,cpu-stressor-74d6ffcfc4-gghxs,gnn-cluster-worker,scheduled_on,1.0
1774417285,frontend-7868f8655b-25dwq,gnn-cluster-worker,scheduled_on,1.0
1774417285,frontend-7868f8655b-vqjvm,gnn-cluster-worker3,scheduled_on,1.0
1774417285,redis-cache-67d574b944-ll9pf,gnn-cluster-worker2,scheduled_on,1.0
1774417285,workload-generator-667dc97f4f-67vch,gnn-cluster-worker3,scheduled_on,1.0
1774417315,backend-api-669d9964b8-b8qkw,gnn-cluster-worker2,scheduled_on,1.0
1774417315,backend-api-669d9964b8-qblwm,gnn-cluster-worker3,scheduled_on,1.0
1774417315,cpu-stressor-74d6ffcfc4-gghxs,gnn-cluster-worker,scheduled_on,1.0
1774417315,frontend-7868f8655b-25dwq,gnn-cluster-worker,scheduled_on,1.0
1774417315,frontend-7868f8655b-vqjvm,gnn-cluster-worker3,scheduled_on,1.0
1774417315,redis-cache-67d574b944-ll9pf,gnn-cluster-worker2,scheduled_on,1.0
1774417315,workload-generator-667dc97f4f-67vch,gnn-cluster-worker3,scheduled_on,1.0
1774417345,backend-api-669d9964b8-b8qkw,gnn-cluster-worker2,scheduled_on,1.0
1774417345,backend-api-669d9964b8-qblwm,gnn-cluster-worker3,scheduled_on,1.0
1774417345,cpu-stressor-74d6ffcfc4-gghxs,gnn-cluster-worker,scheduled_on,1.0
1774417345,frontend-7868f8655b-25dwq,gnn-cluster-worker,scheduled_on,1.0
1774417345,frontend-7868f8655b-vqjvm,gnn-cluster-worker3,scheduled_on,1.0
1774417345,redis-cache-67d574b944-ll9pf,gnn-cluster-worker2,scheduled_on,1.0
1774417345,workload-generator-667dc97f4f-67vch,gnn-cluster-worker3,scheduled_on,1.0
1774417375,backend-api-669d9964b8-b8qkw,gnn-cluster-worker2,scheduled_on,1.0
1774417375,backend-api-669d9964b8-qblwm,gnn-cluster-worker3,scheduled_on,1.0
1774417375,cpu-stressor-74d6ffcfc4-gghxs,gnn-cluster-worker,scheduled_on,1.0
1774417375,frontend-7868f8655b-25dwq,gnn-cluster-worker,scheduled_on,1.0
1774417375,frontend-7868f8655b-vqjvm,gnn-cluster-worker3,scheduled_on,1.0
1774417375,redis-cache-67d574b944-ll9pf,gnn-cluster-worker2,scheduled_on,1.0
1774417375,workload-generator-667dc97f4f-67vch,gnn-cluster-worker3,scheduled_on,1.0
1774417405,backend-api-669d9964b8-b8qkw,gnn-cluster-worker2,scheduled_on,1.0
1774417405,backend-api-669d9964b8-qblwm,gnn-cluster-worker3,scheduled_on,1.0
1774417405,cpu-stressor-74d6ffcfc4-gghxs,gnn-cluster-worker,scheduled_on,1.0
1774417405,frontend-7868f8655b-25dwq,gnn-cluster-worker,scheduled_on,1.0
1774417405,frontend-7868f8655b-vqjvm,gnn-cluster-worker3,scheduled_on,1.0
1774417405,redis-cache-67d574b944-ll9pf,gnn-cluster-worker2,scheduled_on,1.0
1774417405,workload-generator-667dc97f4f-67vch,gnn-cluster-worker3,scheduled_on,1.0
1774417436,backend-api-669d9964b8-b8qkw,gnn-cluster-worker2,scheduled_on,1.0
1774417436,backend-api-669d9964b8-qblwm,gnn-cluster-worker3,scheduled_on,1.0
1774417436,cpu-stressor-74d6ffcfc4-gghxs,gnn-cluster-worker,scheduled_on,1.0
1774417436,frontend-7868f8655b-25dwq,gnn-cluster-worker,scheduled_on,1.0
1774417436,frontend-7868f8655b-vqjvm,gnn-cluster-worker3,scheduled_on,1.0
1774417436,redis-cache-67d574b944-ll9pf,gnn-cluster-worker2,scheduled_on,1.0
1774417436,workload-generator-667dc97f4f-67vch,gnn-cluster-worker3,scheduled_on,1.0
1774417466,backend-api-669d9964b8-b8qkw,gnn-cluster-worker2,scheduled_on,1.0
1774417466,backend-api-669d9964b8-qblwm,gnn-cluster-worker3,scheduled_on,1.0
1774417466,cpu-stressor-74d6ffcfc4-gghxs,gnn-cluster-worker,scheduled_on,1.0
1774417466,frontend-7868f8655b-25dwq,gnn-cluster-worker,scheduled_on,1.0
1774417466,frontend-7868f8655b-vqjvm,gnn-cluster-worker3,scheduled_on,1.0
1774417466,redis-cache-67d574b944-ll9pf,gnn-cluster-worker2,scheduled_on,1.0
1774417466,workload-generator-667dc97f4f-67vch,gnn-cluster-worker3,scheduled_on,1.0
1774417496,backend-api-669d9964b8-b8qkw,gnn-cluster-worker2,scheduled_on,1.0
1774417496,backend-api-669d9964b8-qblwm,gnn-cluster-worker3,scheduled_on,1.0
1774417496,cpu-stressor-74d6ffcfc4-gghxs,gnn-cluster-worker,scheduled_on,1.0
1774417496,frontend-7868f8655b-25dwq,gnn-cluster-worker,scheduled_on,1.0
1774417496,frontend-7868f8655b-vqjvm,gnn-cluster-worker3,scheduled_on,1.0
1774417496,redis-cache-67d574b944-ll9pf,gnn-cluster-worker2,scheduled_on,1.0
1774417496,workload-generator-667dc97f4f-67vch,gnn-cluster-worker3,scheduled_on,1.0
1774417526,backend-api-669d9964b8-b8qkw,gnn-cluster-worker2,scheduled_on,1.0
1774417526,backend-api-669d9964b8-qblwm,gnn-cluster-worker3,scheduled_on,1.0
1774417526,cpu-stressor-74d6ffcfc4-gghxs,gnn-cluster-worker,scheduled_on,1.0
1774417526,frontend-7868f8655b-25dwq,gnn-cluster-worker,scheduled_on,1.0
1774417526,frontend-7868f8655b-vqjvm,gnn-cluster-worker3,scheduled_on,1.0
1774417526,redis-cache-67d574b944-ll9pf,gnn-cluster-worker2,scheduled_on,1.0
1774417526,workload-generator-667dc97f4f-67vch,gnn-cluster-worker3,scheduled_on,1.0
1774417556,backend-api-669d9964b8-b8qkw,gnn-cluster-worker2,scheduled_on,1.0
1774417556,backend-api-669d9964b8-qblwm,gnn-cluster-worker3,scheduled_on,1.0
1774417556,cpu-stressor-74d6ffcfc4-gghxs,gnn-cluster-worker,scheduled_on,1.0
1774417556,frontend-7868f8655b-25dwq,gnn-cluster-worker,scheduled_on,1.0
1774417556,frontend-7868f8655b-vqjvm,gnn-cluster-worker3,scheduled_on,1.0
1774417556,redis-cache-67d574b944-ll9pf,gnn-cluster-worker2,scheduled_on,1.0
1774417556,workload-generator-667dc97f4f-67vch,gnn-cluster-worker3,scheduled_on,1.0
1774417586,backend-api-669d9964b8-b8qkw,gnn-cluster-worker2,scheduled_on,1.0
1774417586,backend-api-669d9964b8-qblwm,gnn-cluster-worker3,scheduled_on,1.0
1774417586,cpu-stressor-74d6ffcfc4-gghxs,gnn-cluster-worker,scheduled_on,1.0
1774417586,frontend-7868f8655b-25dwq,gnn-cluster-worker,scheduled_on,1.0
1774417586,frontend-7868f8655b-vqjvm,gnn-cluster-worker3,scheduled_on,1.0
1774417586,redis-cache-67d574b944-ll9pf,gnn-cluster-worker2,scheduled_on,1.0
1774417586,workload-generator-667dc97f4f-67vch,gnn-cluster-worker3,scheduled_on,1.0
1774417616,backend-api-669d9964b8-b8qkw,gnn-cluster-worker2,scheduled_on,1.0
1774417616,backend-api-669d9964b8-qblwm,gnn-cluster-worker3,scheduled_on,1.0
1774417616,cpu-stressor-74d6ffcfc4-gghxs,gnn-cluster-worker,scheduled_on,1.0
1774417616,frontend-7868f8655b-25dwq,gnn-cluster-worker,scheduled_on,1.0
1774417616,frontend-7868f8655b-vqjvm,gnn-cluster-worker3,scheduled_on,1.0
1774417616,redis-cache-67d574b944-ll9pf,gnn-cluster-worker2,scheduled_on,1.0
1774417616,workload-generator-667dc97f4f-67vch,gnn-cluster-worker3,scheduled_on,1.0
1774417646,backend-api-669d9964b8-b8qkw,gnn-cluster-worker2,scheduled_on,1.0
1774417646,backend-api-669d9964b8-qblwm,gnn-cluster-worker3,scheduled_on,1.0
1774417646,cpu-stressor-74d6ffcfc4-gghxs,gnn-cluster-worker,scheduled_on,1.0
1774417646,frontend-7868f8655b-25dwq,gnn-cluster-worker,scheduled_on,1.0
1774417646,frontend-7868f8655b-vqjvm,gnn-cluster-worker3,scheduled_on,1.0
1774417646,redis-cache-67d574b944-ll9pf,gnn-cluster-worker2,scheduled_on,1.0
1774417646,workload-generator-667dc97f4f-67vch,gnn-cluster-worker3,scheduled_on,1.0
1774417676,backend-api-669d9964b8-b8qkw,gnn-cluster-worker2,scheduled_on,1.0
1774417676,backend-api-669d9964b8-qblwm,gnn-cluster-worker3,scheduled_on,1.0
1774417676,cpu-stressor-74d6ffcfc4-gghxs,gnn-cluster-worker,scheduled_on,1.0
1774417676,frontend-7868f8655b-25dwq,gnn-cluster-worker,scheduled_on,1.0
1774417676,frontend-7868f8655b-vqjvm,gnn-cluster-worker3,scheduled_on,1.0
1774417676,redis-cache-67d574b944-ll9pf,gnn-cluster-worker2,scheduled_on,1.0
1774417676,workload-generator-667dc97f4f-67vch,gnn-cluster-worker3,scheduled_on,1.0
1774417706,backend-api-669d9964b8-b8qkw,gnn-cluster-worker2,scheduled_on,1.0
1774417706,backend-api-669d9964b8-qblwm,gnn-cluster-worker3,scheduled_on,1.0
1774417706,cpu-stressor-74d6ffcfc4-gghxs,gnn-cluster-worker,scheduled_on,1.0
1774417706,frontend-7868f8655b-25dwq,gnn-cluster-worker,scheduled_on,1.0
1774417706,frontend-7868f8655b-vqjvm,gnn-cluster-worker3,scheduled_on,1.0
1774417706,redis-cache-67d574b944-ll9pf,gnn-cluster-worker2,scheduled_on,1.0
1774417706,workload-generator-667dc97f4f-67vch,gnn-cluster-worker3,scheduled_on,1.0
1774417736,backend-api-669d9964b8-b8qkw,gnn-cluster-worker2,scheduled_on,1.0
1774417736,backend-api-669d9964b8-qblwm,gnn-cluster-worker3,scheduled_on,1.0
1774417736,cpu-stressor-74d6ffcfc4-gghxs,gnn-cluster-worker,scheduled_on,1.0
1774417736,frontend-7868f8655b-25dwq,gnn-cluster-worker,scheduled_on,1.0
1774417736,frontend-7868f8655b-vqjvm,gnn-cluster-worker3,scheduled_on,1.0
1774417736,redis-cache-67d574b944-ll9pf,gnn-cluster-worker2,scheduled_on,1.0
1774417736,workload-generator-667dc97f4f-67vch,gnn-cluster-worker3,scheduled_on,1.0
1774417766,backend-api-669d9964b8-b8qkw,gnn-cluster-worker2,scheduled_on,1.0
1774417766,backend-api-669d9964b8-qblwm,gnn-cluster-worker3,scheduled_on,1.0
1774417766,cpu-stressor-74d6ffcfc4-gghxs,gnn-cluster-worker,scheduled_on,1.0
1774417766,frontend-7868f8655b-25dwq,gnn-cluster-worker,scheduled_on,1.0
1774417766,frontend-7868f8655b-vqjvm,gnn-cluster-worker3,scheduled_on,1.0
1774417766,redis-cache-67d574b944-ll9pf,gnn-cluster-worker2,scheduled_on,1.0
1774417766,workload-generator-667dc97f4f-67vch,gnn-cluster-worker3,scheduled_on,1.0
1774417796,backend-api-669d9964b8-b8qkw,gnn-cluster-worker2,scheduled_on,1.0
1774417796,backend-api-669d9964b8-qblwm,gnn-cluster-worker3,scheduled_on,1.0
1774417796,cpu-stressor-74d6ffcfc4-gghxs,gnn-cluster-worker,scheduled_on,1.0
1774417796,frontend-7868f8655b-25dwq,gnn-cluster-worker,scheduled_on,1.0
1774417796,frontend-7868f8655b-vqjvm,gnn-cluster-worker3,scheduled_on,1.0
1774417796,redis-cache-67d574b944-ll9pf,gnn-cluster-worker2,scheduled_on,1.0
1774417796,workload-generator-667dc97f4f-67vch,gnn-cluster-worker3,scheduled_on,1.0
1774417826,backend-api-669d9964b8-b8qkw,gnn-cluster-worker2,scheduled_on,1.0
1774417826,backend-api-669d9964b8-qblwm,gnn-cluster-worker3,scheduled_on,1.0
1774417826,cpu-stressor-74d6ffcfc4-gghxs,gnn-cluster-worker,scheduled_on,1.0
1774417826,frontend-7868f8655b-25dwq,gnn-cluster-worker,scheduled_on,1.0
1774417826,frontend-7868f8655b-vqjvm,gnn-cluster-worker3,scheduled_on,1.0
1774417826,redis-cache-67d574b944-ll9pf,gnn-cluster-worker2,scheduled_on,1.0
1774417826,workload-generator-667dc97f4f-67vch,gnn-cluster-worker3,scheduled_on,1.0
1774417856,backend-api-669d9964b8-b8qkw,gnn-cluster-worker2,scheduled_on,1.0
1774417856,backend-api-669d9964b8-qblwm,gnn-cluster-worker3,scheduled_on,1.0
1774417856,cpu-stressor-74d6ffcfc4-gghxs,gnn-cluster-worker,scheduled_on,1.0
1774417856,frontend-7868f8655b-25dwq,gnn-cluster-worker,scheduled_on,1.0
1774417856,frontend-7868f8655b-vqjvm,gnn-cluster-worker3,scheduled_on,1.0
1774417856,redis-cache-67d574b944-ll9pf,gnn-cluster-worker2,scheduled_on,1.0
1774417856,workload-generator-667dc97f4f-67vch,gnn-cluster-worker3,scheduled_on,1.0
1774417886,backend-api-669d9964b8-b8qkw,gnn-cluster-worker2,scheduled_on,1.0
1774417886,backend-api-669d9964b8-qblwm,gnn-cluster-worker3,scheduled_on,1.0
1774417886,cpu-stressor-74d6ffcfc4-gghxs,gnn-cluster-worker,scheduled_on,1.0
1774417886,frontend-7868f8655b-25dwq,gnn-cluster-worker,scheduled_on,1.0
1774417886,frontend-7868f8655b-vqjvm,gnn-cluster-worker3,scheduled_on,1.0
1774417886,redis-cache-67d574b944-ll9pf,gnn-cluster-worker2,scheduled_on,1.0
1774417886,workload-generator-667dc97f4f-67vch,gnn-cluster-worker3,scheduled_on,1.0
1774417916,backend-api-669d9964b8-b8qkw,gnn-cluster-worker2,scheduled_on,1.0
1774417916,backend-api-669d9964b8-qblwm,gnn-cluster-worker3,scheduled_on,1.0
1774417916,cpu-stressor-74d6ffcfc4-gghxs,gnn-cluster-worker,scheduled_on,1.0
1774417916,frontend-7868f8655b-25dwq,gnn-cluster-worker,scheduled_on,1.0
1774417916,frontend-7868f8655b-vqjvm,gnn-cluster-worker3,scheduled_on,1.0
1774417916,redis-cache-67d574b944-ll9pf,gnn-cluster-worker2,scheduled_on,1.0
1774417916,workload-generator-667dc97f4f-67vch,gnn-cluster-worker3,scheduled_on,1.0
1774417946,backend-api-669d9964b8-b8qkw,gnn-cluster-worker2,scheduled_on,1.0
1774417946,backend-api-669d9964b8-qblwm,gnn-cluster-worker3,scheduled_on,1.0
1774417946,cpu-stressor-74d6ffcfc4-gghxs,gnn-cluster-worker,scheduled_on,1.0
1774417946,frontend-7868f8655b-25dwq,gnn-cluster-worker,scheduled_on,1.0
1774417946,frontend-7868f8655b-vqjvm,gnn-cluster-worker3,scheduled_on,1.0
1774417946,redis-cache-67d574b944-ll9pf,gnn-cluster-worker2,scheduled_on,1.0
1774417946,workload-generator-667dc97f4f-67vch,gnn-cluster-worker3,scheduled_on,1.0
1774417976,backend-api-669d9964b8-b8qkw,gnn-cluster-worker2,scheduled_on,1.0
1774417976,backend-api-669d9964b8-qblwm,gnn-cluster-worker3,scheduled_on,1.0
1774417976,cpu-stressor-74d6ffcfc4-gghxs,gnn-cluster-worker,scheduled_on,1.0
1774417976,frontend-7868f8655b-25dwq,gnn-cluster-worker,scheduled_on,1.0
1774417976,frontend-7868f8655b-vqjvm,gnn-cluster-worker3,scheduled_on,1.0
1774417976,redis-cache-67d574b944-ll9pf,gnn-cluster-worker2,scheduled_on,1.0
1774417976,workload-generator-667dc97f4f-67vch,gnn-cluster-worker3,scheduled_on,1.0
1774418007,backend-api-669d9964b8-b8qkw,gnn-cluster-worker2,scheduled_on,1.0
1774418007,backend-api-669d9964b8-qblwm,gnn-cluster-worker3,scheduled_on,1.0
1774418007,cpu-stressor-74d6ffcfc4-gghxs,gnn-cluster-worker,scheduled_on,1.0
1774418007,frontend-7868f8655b-25dwq,gnn-cluster-worker,scheduled_on,1.0
1774418007,frontend-7868f8655b-vqjvm,gnn-cluster-worker3,scheduled_on,1.0
1774418007,redis-cache-67d574b944-ll9pf,gnn-cluster-worker2,scheduled_on,1.0
1774418007,workload-generator-667dc97f4f-67vch,gnn-cluster-worker3,scheduled_on,1.0
1774418037,backend-api-669d9964b8-b8qkw,gnn-cluster-worker2,scheduled_on,1.0
1774418037,backend-api-669d9964b8-qblwm,gnn-cluster-worker3,scheduled_on,1.0
1774418037,cpu-stressor-74d6ffcfc4-gghxs,gnn-cluster-worker,scheduled_on,1.0
1774418037,frontend-7868f8655b-25dwq,gnn-cluster-worker,scheduled_on,1.0
1774418037,frontend-7868f8655b-vqjvm,gnn-cluster-worker3,scheduled_on,1.0
1774418037,redis-cache-67d574b944-ll9pf,gnn-cluster-worker2,scheduled_on,1.0
1774418037,workload-generator-667dc97f4f-67vch,gnn-cluster-worker3,scheduled_on,1.0
1774418067,backend-api-669d9964b8-b8qkw,gnn-cluster-worker2,scheduled_on,1.0
1774418067,backend-api-669d9964b8-qblwm,gnn-cluster-worker3,scheduled_on,1.0
1774418067,cpu-stressor-74d6ffcfc4-gghxs,gnn-cluster-worker,scheduled_on,1.0
1774418067,frontend-7868f8655b-25dwq,gnn-cluster-worker,scheduled_on,1.0
1774418067,frontend-7868f8655b-vqjvm,gnn-cluster-worker3,scheduled_on,1.0
1774418067,redis-cache-67d574b944-ll9pf,gnn-cluster-worker2,scheduled_on,1.0
1774418067,workload-generator-667dc97f4f-67vch,gnn-cluster-worker3,scheduled_on,1.0
1774418097,backend-api-669d9964b8-b8qkw,gnn-cluster-worker2,scheduled_on,1.0
1774418097,backend-api-669d9964b8-qblwm,gnn-cluster-worker3,scheduled_on,1.0
1774418097,cpu-stressor-74d6ffcfc4-gghxs,gnn-cluster-worker,scheduled_on,1.0
1774418097,frontend-7868f8655b-25dwq,gnn-cluster-worker,scheduled_on,1.0
1774418097,frontend-7868f8655b-vqjvm,gnn-cluster-worker3,scheduled_on,1.0
1774418097,redis-cache-67d574b944-ll9pf,gnn-cluster-worker2,scheduled_on,1.0
1774418097,workload-generator-667dc97f4f-67vch,gnn-cluster-worker3,scheduled_on,1.0
1774418127,backend-api-669d9964b8-b8qkw,gnn-cluster-worker2,scheduled_on,1.0
1774418127,backend-api-669d9964b8-qblwm,gnn-cluster-worker3,scheduled_on,1.0
1774418127,cpu-stressor-74d6ffcfc4-gghxs,gnn-cluster-worker,scheduled_on,1.0
1774418127,frontend-7868f8655b-25dwq,gnn-cluster-worker,scheduled_on,1.0
1774418127,frontend-7868f8655b-vqjvm,gnn-cluster-worker3,scheduled_on,1.0
1774418127,redis-cache-67d574b944-ll9pf,gnn-cluster-worker2,scheduled_on,1.0
1774418127,workload-generator-667dc97f4f-67vch,gnn-cluster-worker3,scheduled_on,1.0
1774418157,backend-api-669d9964b8-b8qkw,gnn-cluster-worker2,scheduled_on,1.0
1774418157,backend-api-669d9964b8-qblwm,gnn-cluster-worker3,scheduled_on,1.0
1774418157,cpu-stressor-74d6ffcfc4-gghxs,gnn-cluster-worker,scheduled_on,1.0
1774418157,frontend-7868f8655b-25dwq,gnn-cluster-worker,scheduled_on,1.0
1774418157,frontend-7868f8655b-vqjvm,gnn-cluster-worker3,scheduled_on,1.0
1774418157,redis-cache-67d574b944-ll9pf,gnn-cluster-worker2,scheduled_on,1.0
1774418157,workload-generator-667dc97f4f-67vch,gnn-cluster-worker3,scheduled_on,1.0
1774418187,backend-api-669d9964b8-b8qkw,gnn-cluster-worker2,scheduled_on,1.0
1774418187,backend-api-669d9964b8-qblwm,gnn-cluster-worker3,scheduled_on,1.0
1774418187,cpu-stressor-74d6ffcfc4-gghxs,gnn-cluster-worker,scheduled_on,1.0
1774418187,frontend-7868f8655b-25dwq,gnn-cluster-worker,scheduled_on,1.0
1774418187,frontend-7868f8655b-vqjvm,gnn-cluster-worker3,scheduled_on,1.0
1774418187,redis-cache-67d574b944-ll9pf,gnn-cluster-worker2,scheduled_on,1.0
1774418187,workload-generator-667dc97f4f-67vch,gnn-cluster-worker3,scheduled_on,1.0
1774418217,backend-api-669d9964b8-b8qkw,gnn-cluster-worker2,scheduled_on,1.0
1774418217,backend-api-669d9964b8-qblwm,gnn-cluster-worker3,scheduled_on,1.0
1774418217,cpu-stressor-74d6ffcfc4-gghxs,gnn-cluster-worker,scheduled_on,1.0
1774418217,frontend-7868f8655b-25dwq,gnn-cluster-worker,scheduled_on,1.0
1774418217,frontend-7868f8655b-vqjvm,gnn-cluster-worker3,scheduled_on,1.0
1774418217,redis-cache-67d574b944-ll9pf,gnn-cluster-worker2,scheduled_on,1.0
1774418217,workload-generator-667dc97f4f-67vch,gnn-cluster-worker3,scheduled_on,1.0
1774418247,backend-api-669d9964b8-b8qkw,gnn-cluster-worker2,scheduled_on,1.0
1774418247,backend-api-669d9964b8-qblwm,gnn-cluster-worker3,scheduled_on,1.0
1774418247,cpu-stressor-74d6ffcfc4-gghxs,gnn-cluster-worker,scheduled_on,1.0
1774418247,frontend-7868f8655b-25dwq,gnn-cluster-worker,scheduled_on,1.0
1774418247,frontend-7868f8655b-vqjvm,gnn-cluster-worker3,scheduled_on,1.0
1774418247,redis-cache-67d574b944-ll9pf,gnn-cluster-worker2,scheduled_on,1.0
1774418247,workload-generator-667dc97f4f-67vch,gnn-cluster-worker3,scheduled_on,1.0
1774418277,backend-api-669d9964b8-b8qkw,gnn-cluster-worker2,scheduled_on,1.0
1774418277,backend-api-669d9964b8-qblwm,gnn-cluster-worker3,scheduled_on,1.0
1774418277,cpu-stressor-74d6ffcfc4-gghxs,gnn-cluster-worker,scheduled_on,1.0
1774418277,frontend-7868f8655b-25dwq,gnn-cluster-worker,scheduled_on,1.0
1774418277,frontend-7868f8655b-vqjvm,gnn-cluster-worker3,scheduled_on,1.0
1774418277,redis-cache-67d574b944-ll9pf,gnn-cluster-worker2,scheduled_on,1.0
1774418277,workload-generator-667dc97f4f-67vch,gnn-cluster-worker3,scheduled_on,1.0
1774418307,backend-api-669d9964b8-b8qkw,gnn-cluster-worker2,scheduled_on,1.0
1774418307,backend-api-669d9964b8-qblwm,gnn-cluster-worker3,scheduled_on,1.0
1774418307,cpu-stressor-74d6ffcfc4-gghxs,gnn-cluster-worker,scheduled_on,1.0
1774418307,frontend-7868f8655b-25dwq,gnn-cluster-worker,scheduled_on,1.0
1774418307,frontend-7868f8655b-vqjvm,gnn-cluster-worker3,scheduled_on,1.0
1774418307,redis-cache-67d574b944-ll9pf,gnn-cluster-worker2,scheduled_on,1.0
1774418307,workload-generator-667dc97f4f-67vch,gnn-cluster-worker3,scheduled_on,1.0
1774418337,backend-api-669d9964b8-b8qkw,gnn-cluster-worker2,scheduled_on,1.0
1774418337,backend-api-669d9964b8-qblwm,gnn-cluster-worker3,scheduled_on,1.0
1774418337,cpu-stressor-74d6ffcfc4-gghxs,gnn-cluster-worker,scheduled_on,1.0
1774418337,frontend-7868f8655b-25dwq,gnn-cluster-worker,scheduled_on,1.0
1774418337,frontend-7868f8655b-vqjvm,gnn-cluster-worker3,scheduled_on,1.0
1774418337,redis-cache-67d574b944-ll9pf,gnn-cluster-worker2,scheduled_on,1.0
1774418337,workload-generator-667dc97f4f-67vch,gnn-cluster-worker3,scheduled_on,1.0
1774418367,backend-api-669d9964b8-b8qkw,gnn-cluster-worker2,scheduled_on,1.0
1774418367,backend-api-669d9964b8-qblwm,gnn-cluster-worker3,scheduled_on,1.0
1774418367,cpu-stressor-74d6ffcfc4-gghxs,gnn-cluster-worker,scheduled_on,1.0
1774418367,frontend-7868f8655b-25dwq,gnn-cluster-worker,scheduled_on,1.0
1774418367,frontend-7868f8655b-vqjvm,gnn-cluster-worker3,scheduled_on,1.0
1774418367,redis-cache-67d574b944-ll9pf,gnn-cluster-worker2,scheduled_on,1.0
1774418367,workload-generator-667dc97f4f-67vch,gnn-cluster-worker3,scheduled_on,1.0
1774418397,backend-api-669d9964b8-b8qkw,gnn-cluster-worker2,scheduled_on,1.0
1774418397,backend-api-669d9964b8-qblwm,gnn-cluster-worker3,scheduled_on,1.0
1774418397,cpu-stressor-74d6ffcfc4-gghxs,gnn-cluster-worker,scheduled_on,1.0
1774418397,frontend-7868f8655b-25dwq,gnn-cluster-worker,scheduled_on,1.0
1774418397,frontend-7868f8655b-vqjvm,gnn-cluster-worker3,scheduled_on,1.0
1774418397,redis-cache-67d574b944-ll9pf,gnn-cluster-worker2,scheduled_on,1.0
1774418397,workload-generator-667dc97f4f-67vch,gnn-cluster-worker3,scheduled_on,1.0
1774418427,backend-api-669d9964b8-b8qkw,gnn-cluster-worker2,scheduled_on,1.0
1774418427,backend-api-669d9964b8-qblwm,gnn-cluster-worker3,scheduled_on,1.0
1774418427,cpu-stressor-74d6ffcfc4-gghxs,gnn-cluster-worker,scheduled_on,1.0
1774418427,frontend-7868f8655b-25dwq,gnn-cluster-worker,scheduled_on,1.0
1774418427,frontend-7868f8655b-vqjvm,gnn-cluster-worker3,scheduled_on,1.0
1774418427,redis-cache-67d574b944-ll9pf,gnn-cluster-worker2,scheduled_on,1.0
1774418427,workload-generator-667dc97f4f-67vch,gnn-cluster-worker3,scheduled_on,1.0
1774418457,backend-api-669d9964b8-b8qkw,gnn-cluster-worker2,scheduled_on,1.0
1774418457,backend-api-669d9964b8-qblwm,gnn-cluster-worker3,scheduled_on,1.0
1774418457,cpu-stressor-74d6ffcfc4-gghxs,gnn-cluster-worker,scheduled_on,1.0
1774418457,frontend-7868f8655b-25dwq,gnn-cluster-worker,scheduled_on,1.0
1774418457,frontend-7868f8655b-vqjvm,gnn-cluster-worker3,scheduled_on,1.0
1774418457,redis-cache-67d574b944-ll9pf,gnn-cluster-worker2,scheduled_on,1.0
1774418457,workload-generator-667dc97f4f-67vch,gnn-cluster-worker3,scheduled_on,1.0
1774418487,backend-api-669d9964b8-b8qkw,gnn-cluster-worker2,scheduled_on,1.0
1774418487,backend-api-669d9964b8-qblwm,gnn-cluster-worker3,scheduled_on,1.0
1774418487,cpu-stressor-74d6ffcfc4-gghxs,gnn-cluster-worker,scheduled_on,1.0
1774418487,frontend-7868f8655b-25dwq,gnn-cluster-worker,scheduled_on,1.0
1774418487,frontend-7868f8655b-vqjvm,gnn-cluster-worker3,scheduled_on,1.0
1774418487,redis-cache-67d574b944-ll9pf,gnn-cluster-worker2,scheduled_on,1.0
1774418487,workload-generator-667dc97f4f-67vch,gnn-cluster-worker3,scheduled_on,1.0
1774418517,backend-api-669d9964b8-b8qkw,gnn-cluster-worker2,scheduled_on,1.0
1774418517,backend-api-669d9964b8-qblwm,gnn-cluster-worker3,scheduled_on,1.0
1774418517,cpu-stressor-74d6ffcfc4-gghxs,gnn-cluster-worker,scheduled_on,1.0
1774418517,frontend-7868f8655b-25dwq,gnn-cluster-worker,scheduled_on,1.0
1774418517,frontend-7868f8655b-vqjvm,gnn-cluster-worker3,scheduled_on,1.0
1774418517,redis-cache-67d574b944-ll9pf,gnn-cluster-worker2,scheduled_on,1.0
1774418517,workload-generator-667dc97f4f-67vch,gnn-cluster-worker3,scheduled_on,1.0
1774418547,backend-api-669d9964b8-b8qkw,gnn-cluster-worker2,scheduled_on,1.0
1774418547,backend-api-669d9964b8-qblwm,gnn-cluster-worker3,scheduled_on,1.0
1774418547,cpu-stressor-74d6ffcfc4-gghxs,gnn-cluster-worker,scheduled_on,1.0
1774418547,frontend-7868f8655b-25dwq,gnn-cluster-worker,scheduled_on,1.0
1774418547,frontend-7868f8655b-vqjvm,gnn-cluster-worker3,scheduled_on,1.0
1774418547,redis-cache-67d574b944-ll9pf,gnn-cluster-worker2,scheduled_on,1.0
1774418547,workload-generator-667dc97f4f-67vch,gnn-cluster-worker3,scheduled_on,1.0
1774418577,backend-api-669d9964b8-b8qkw,gnn-cluster-worker2,scheduled_on,1.0
1774418577,backend-api-669d9964b8-qblwm,gnn-cluster-worker3,scheduled_on,1.0
1774418577,cpu-stressor-74d6ffcfc4-gghxs,gnn-cluster-worker,scheduled_on,1.0
1774418577,frontend-7868f8655b-25dwq,gnn-cluster-worker,scheduled_on,1.0
1774418577,frontend-7868f8655b-vqjvm,gnn-cluster-worker3,scheduled_on,1.0
1774418577,redis-cache-67d574b944-ll9pf,gnn-cluster-worker2,scheduled_on,1.0
1774418577,workload-generator-667dc97f4f-67vch,gnn-cluster-worker3,scheduled_on,1.0
1774418607,backend-api-669d9964b8-b8qkw,gnn-cluster-worker2,scheduled_on,1.0
1774418607,backend-api-669d9964b8-qblwm,gnn-cluster-worker3,scheduled_on,1.0
1774418607,cpu-stressor-74d6ffcfc4-gghxs,gnn-cluster-worker,scheduled_on,1.0
1774418607,frontend-7868f8655b-25dwq,gnn-cluster-worker,scheduled_on,1.0
1774418607,frontend-7868f8655b-vqjvm,gnn-cluster-worker3,scheduled_on,1.0
1774418607,redis-cache-67d574b944-ll9pf,gnn-cluster-worker2,scheduled_on,1.0
1774418607,workload-generator-667dc97f4f-67vch,gnn-cluster-worker3,scheduled_on,1.0
1774418637,backend-api-669d9964b8-b8qkw,gnn-cluster-worker2,scheduled_on,1.0
1774418637,backend-api-669d9964b8-qblwm,gnn-cluster-worker3,scheduled_on,1.0
1774418637,cpu-stressor-74d6ffcfc4-gghxs,gnn-cluster-worker,scheduled_on,1.0
1774418637,frontend-7868f8655b-25dwq,gnn-cluster-worker,scheduled_on,1.0
1774418637,frontend-7868f8655b-vqjvm,gnn-cluster-worker3,scheduled_on,1.0
1774418637,redis-cache-67d574b944-ll9pf,gnn-cluster-worker2,scheduled_on,1.0
1774418637,workload-generator-667dc97f4f-67vch,gnn-cluster-worker3,scheduled_on,1.0
1774418668,backend-api-669d9964b8-b8qkw,gnn-cluster-worker2,scheduled_on,1.0
1774418668,backend-api-669d9964b8-qblwm,gnn-cluster-worker3,scheduled_on,1.0
1774418668,cpu-stressor-74d6ffcfc4-gghxs,gnn-cluster-worker,scheduled_on,1.0
1774418668,frontend-7868f8655b-25dwq,gnn-cluster-worker,scheduled_on,1.0
1774418668,frontend-7868f8655b-vqjvm,gnn-cluster-worker3,scheduled_on,1.0
1774418668,redis-cache-67d574b944-ll9pf,gnn-cluster-worker2,scheduled_on,1.0
1774418668,workload-generator-667dc97f4f-67vch,gnn-cluster-worker3,scheduled_on,1.0
1774418698,backend-api-669d9964b8-b8qkw,gnn-cluster-worker2,scheduled_on,1.0
1774418698,backend-api-669d9964b8-qblwm,gnn-cluster-worker3,scheduled_on,1.0
1774418698,cpu-stressor-74d6ffcfc4-gghxs,gnn-cluster-worker,scheduled_on,1.0
1774418698,frontend-7868f8655b-25dwq,gnn-cluster-worker,scheduled_on,1.0
1774418698,frontend-7868f8655b-vqjvm,gnn-cluster-worker3,scheduled_on,1.0
1774418698,redis-cache-67d574b944-ll9pf,gnn-cluster-worker2,scheduled_on,1.0
1774418698,workload-generator-667dc97f4f-67vch,gnn-cluster-worker3,scheduled_on,1.0
1774418728,backend-api-669d9964b8-b8qkw,gnn-cluster-worker2,scheduled_on,1.0
1774418728,backend-api-669d9964b8-qblwm,gnn-cluster-worker3,scheduled_on,1.0
1774418728,cpu-stressor-74d6ffcfc4-gghxs,gnn-cluster-worker,scheduled_on,1.0
1774418728,frontend-7868f8655b-25dwq,gnn-cluster-worker,scheduled_on,1.0
1774418728,frontend-7868f8655b-vqjvm,gnn-cluster-worker3,scheduled_on,1.0
1774418728,redis-cache-67d574b944-ll9pf,gnn-cluster-worker2,scheduled_on,1.0
1774418728,workload-generator-667dc97f4f-67vch,gnn-cluster-worker3,scheduled_on,1.0
1774418758,backend-api-669d9964b8-b8qkw,gnn-cluster-worker2,scheduled_on,1.0
1774418758,backend-api-669d9964b8-qblwm,gnn-cluster-worker3,scheduled_on,1.0
1774418758,cpu-stressor-74d6ffcfc4-gghxs,gnn-cluster-worker,scheduled_on,1.0
1774418758,frontend-7868f8655b-25dwq,gnn-cluster-worker,scheduled_on,1.0
1774418758,frontend-7868f8655b-vqjvm,gnn-cluster-worker3,scheduled_on,1.0
1774418758,redis-cache-67d574b944-ll9pf,gnn-cluster-worker2,scheduled_on,1.0
1774418758,workload-generator-667dc97f4f-67vch,gnn-cluster-worker3,scheduled_on,1.0
1774418788,backend-api-669d9964b8-b8qkw,gnn-cluster-worker2,scheduled_on,1.0
1774418788,backend-api-669d9964b8-qblwm,gnn-cluster-worker3,scheduled_on,1.0
1774418788,cpu-stressor-74d6ffcfc4-gghxs,gnn-cluster-worker,scheduled_on,1.0
1774418788,frontend-7868f8655b-25dwq,gnn-cluster-worker,scheduled_on,1.0
1774418788,frontend-7868f8655b-vqjvm,gnn-cluster-worker3,scheduled_on,1.0
1774418788,redis-cache-67d574b944-ll9pf,gnn-cluster-worker2,scheduled_on,1.0
1774418788,workload-generator-667dc97f4f-67vch,gnn-cluster-worker3,scheduled_on,1.0
1774418818,backend-api-669d9964b8-b8qkw,gnn-cluster-worker2,scheduled_on,1.0
1774418818,backend-api-669d9964b8-qblwm,gnn-cluster-worker3,scheduled_on,1.0
1774418818,cpu-stressor-74d6ffcfc4-gghxs,gnn-cluster-worker,scheduled_on,1.0
1774418818,frontend-7868f8655b-25dwq,gnn-cluster-worker,scheduled_on,1.0
1774418818,frontend-7868f8655b-vqjvm,gnn-cluster-worker3,scheduled_on,1.0
1774418818,redis-cache-67d574b944-ll9pf,gnn-cluster-worker2,scheduled_on,1.0
1774418818,workload-generator-667dc97f4f-67vch,gnn-cluster-worker3,scheduled_on,1.0
1774418848,backend-api-669d9964b8-b8qkw,gnn-cluster-worker2,scheduled_on,1.0
1774418848,backend-api-669d9964b8-qblwm,gnn-cluster-worker3,scheduled_on,1.0
1774418848,cpu-stressor-74d6ffcfc4-gghxs,gnn-cluster-worker,scheduled_on,1.0
1774418848,frontend-7868f8655b-25dwq,gnn-cluster-worker,scheduled_on,1.0
1774418848,frontend-7868f8655b-vqjvm,gnn-cluster-worker3,scheduled_on,1.0
1774418848,redis-cache-67d574b944-ll9pf,gnn-cluster-worker2,scheduled_on,1.0
1774418848,workload-generator-667dc97f4f-67vch,gnn-cluster-worker3,scheduled_on,1.0
1774418878,backend-api-669d9964b8-b8qkw,gnn-cluster-worker2,scheduled_on,1.0
1774418878,backend-api-669d9964b8-qblwm,gnn-cluster-worker3,scheduled_on,1.0
1774418878,cpu-stressor-74d6ffcfc4-gghxs,gnn-cluster-worker,scheduled_on,1.0
1774418878,frontend-7868f8655b-25dwq,gnn-cluster-worker,scheduled_on,1.0
1774418878,frontend-7868f8655b-vqjvm,gnn-cluster-worker3,scheduled_on,1.0
1774418878,redis-cache-67d574b944-ll9pf,gnn-cluster-worker2,scheduled_on,1.0
1774418878,workload-generator-667dc97f4f-67vch,gnn-cluster-worker3,scheduled_on,1.0
1774418908,backend-api-669d9964b8-b8qkw,gnn-cluster-worker2,scheduled_on,1.0
1774418908,backend-api-669d9964b8-qblwm,gnn-cluster-worker3,scheduled_on,1.0
1774418908,cpu-stressor-74d6ffcfc4-gghxs,gnn-cluster-worker,scheduled_on,1.0
1774418908,frontend-7868f8655b-25dwq,gnn-cluster-worker,scheduled_on,1.0
1774418908,frontend-7868f8655b-vqjvm,gnn-cluster-worker3,scheduled_on,1.0
1774418908,redis-cache-67d574b944-ll9pf,gnn-cluster-worker2,scheduled_on,1.0
1774418908,workload-generator-667dc97f4f-67vch,gnn-cluster-worker3,scheduled_on,1.0
1774418938,backend-api-669d9964b8-b8qkw,gnn-cluster-worker2,scheduled_on,1.0
1774418938,backend-api-669d9964b8-qblwm,gnn-cluster-worker3,scheduled_on,1.0
1774418938,cpu-stressor-74d6ffcfc4-gghxs,gnn-cluster-worker,scheduled_on,1.0
1774418938,frontend-7868f8655b-25dwq,gnn-cluster-worker,scheduled_on,1.0
1774418938,frontend-7868f8655b-vqjvm,gnn-cluster-worker3,scheduled_on,1.0
1774418938,redis-cache-67d574b944-ll9pf,gnn-cluster-worker2,scheduled_on,1.0
1774418938,workload-generator-667dc97f4f-67vch,gnn-cluster-worker3,scheduled_on,1.0
1774418968,backend-api-669d9964b8-b8qkw,gnn-cluster-worker2,scheduled_on,1.0
1774418968,backend-api-669d9964b8-qblwm,gnn-cluster-worker3,scheduled_on,1.0
1774418968,cpu-stressor-74d6ffcfc4-gghxs,gnn-cluster-worker,scheduled_on,1.0
1774418968,frontend-7868f8655b-25dwq,gnn-cluster-worker,scheduled_on,1.0
1774418968,frontend-7868f8655b-vqjvm,gnn-cluster-worker3,scheduled_on,1.0
1774418968,redis-cache-67d574b944-ll9pf,gnn-cluster-worker2,scheduled_on,1.0
1774418968,workload-generator-667dc97f4f-67vch,gnn-cluster-worker3,scheduled_on,1.0
1774418998,backend-api-669d9964b8-b8qkw,gnn-cluster-worker2,scheduled_on,1.0
1774418998,backend-api-669d9964b8-qblwm,gnn-cluster-worker3,scheduled_on,1.0
1774418998,cpu-stressor-74d6ffcfc4-gghxs,gnn-cluster-worker,scheduled_on,1.0
1774418998,frontend-7868f8655b-25dwq,gnn-cluster-worker,scheduled_on,1.0
1774418998,frontend-7868f8655b-vqjvm,gnn-cluster-worker3,scheduled_on,1.0
1774418998,redis-cache-67d574b944-ll9pf,gnn-cluster-worker2,scheduled_on,1.0
1774418998,workload-generator-667dc97f4f-67vch,gnn-cluster-worker3,scheduled_on,1.0
1774419028,backend-api-669d9964b8-b8qkw,gnn-cluster-worker2,scheduled_on,1.0
1774419028,backend-api-669d9964b8-qblwm,gnn-cluster-worker3,scheduled_on,1.0
1774419028,cpu-stressor-74d6ffcfc4-gghxs,gnn-cluster-worker,scheduled_on,1.0
1774419028,frontend-7868f8655b-25dwq,gnn-cluster-worker,scheduled_on,1.0
1774419028,frontend-7868f8655b-vqjvm,gnn-cluster-worker3,scheduled_on,1.0
1774419028,redis-cache-67d574b944-ll9pf,gnn-cluster-worker2,scheduled_on,1.0
1774419028,workload-generator-667dc97f4f-67vch,gnn-cluster-worker3,scheduled_on,1.0
1774419058,backend-api-669d9964b8-b8qkw,gnn-cluster-worker2,scheduled_on,1.0
1774419058,backend-api-669d9964b8-qblwm,gnn-cluster-worker3,scheduled_on,1.0
1774419058,cpu-stressor-74d6ffcfc4-gghxs,gnn-cluster-worker,scheduled_on,1.0
1774419058,frontend-7868f8655b-25dwq,gnn-cluster-worker,scheduled_on,1.0
1774419058,frontend-7868f8655b-vqjvm,gnn-cluster-worker3,scheduled_on,1.0
1774419058,redis-cache-67d574b944-ll9pf,gnn-cluster-worker2,scheduled_on,1.0
1774419058,workload-generator-667dc97f4f-67vch,gnn-cluster-worker3,scheduled_on,1.0
1774419088,backend-api-669d9964b8-b8qkw,gnn-cluster-worker2,scheduled_on,1.0
1774419088,backend-api-669d9964b8-qblwm,gnn-cluster-worker3,scheduled_on,1.0
1774419088,cpu-stressor-74d6ffcfc4-gghxs,gnn-cluster-worker,scheduled_on,1.0
1774419088,frontend-7868f8655b-25dwq,gnn-cluster-worker,scheduled_on,1.0
1774419088,frontend-7868f8655b-vqjvm,gnn-cluster-worker3,scheduled_on,1.0
1774419088,redis-cache-67d574b944-ll9pf,gnn-cluster-worker2,scheduled_on,1.0
1774419088,workload-generator-667dc97f4f-67vch,gnn-cluster-worker3,scheduled_on,1.0
1774419118,backend-api-669d9964b8-b8qkw,gnn-cluster-worker2,scheduled_on,1.0
1774419118,backend-api-669d9964b8-qblwm,gnn-cluster-worker3,scheduled_on,1.0
1774419118,cpu-stressor-74d6ffcfc4-gghxs,gnn-cluster-worker,scheduled_on,1.0
1774419118,frontend-7868f8655b-25dwq,gnn-cluster-worker,scheduled_on,1.0
1774419118,frontend-7868f8655b-vqjvm,gnn-cluster-worker3,scheduled_on,1.0
1774419118,redis-cache-67d574b944-ll9pf,gnn-cluster-worker2,scheduled_on,1.0
1774419118,workload-generator-667dc97f4f-67vch,gnn-cluster-worker3,scheduled_on,1.0
1774419148,backend-api-669d9964b8-b8qkw,gnn-cluster-worker2,scheduled_on,1.0
1774419148,backend-api-669d9964b8-qblwm,gnn-cluster-worker3,scheduled_on,1.0
1774419148,cpu-stressor-74d6ffcfc4-gghxs,gnn-cluster-worker,scheduled_on,1.0
1774419148,frontend-7868f8655b-25dwq,gnn-cluster-worker,scheduled_on,1.0
1774419148,frontend-7868f8655b-vqjvm,gnn-cluster-worker3,scheduled_on,1.0
1774419148,redis-cache-67d574b944-ll9pf,gnn-cluster-worker2,scheduled_on,1.0
1774419148,workload-generator-667dc97f4f-67vch,gnn-cluster-worker3,scheduled_on,1.0
1774419178,backend-api-669d9964b8-b8qkw,gnn-cluster-worker2,scheduled_on,1.0
1774419178,backend-api-669d9964b8-qblwm,gnn-cluster-worker3,scheduled_on,1.0
1774419178,cpu-stressor-74d6ffcfc4-gghxs,gnn-cluster-worker,scheduled_on,1.0
1774419178,frontend-7868f8655b-25dwq,gnn-cluster-worker,scheduled_on,1.0
1774419178,frontend-7868f8655b-vqjvm,gnn-cluster-worker3,scheduled_on,1.0
1774419178,redis-cache-67d574b944-ll9pf,gnn-cluster-worker2,scheduled_on,1.0
1774419178,workload-generator-667dc97f4f-67vch,gnn-cluster-worker3,scheduled_on,1.0
1774419208,backend-api-669d9964b8-b8qkw,gnn-cluster-worker2,scheduled_on,1.0
1774419208,backend-api-669d9964b8-qblwm,gnn-cluster-worker3,scheduled_on,1.0
1774419208,cpu-stressor-74d6ffcfc4-gghxs,gnn-cluster-worker,scheduled_on,1.0
1774419208,frontend-7868f8655b-25dwq,gnn-cluster-worker,scheduled_on,1.0
1774419208,frontend-7868f8655b-vqjvm,gnn-cluster-worker3,scheduled_on,1.0
1774419208,redis-cache-67d574b944-ll9pf,gnn-cluster-worker2,scheduled_on,1.0
1774419208,workload-generator-667dc97f4f-67vch,gnn-cluster-worker3,scheduled_on,1.0
1774419239,backend-api-669d9964b8-b8qkw,gnn-cluster-worker2,scheduled_on,1.0
1774419239,backend-api-669d9964b8-qblwm,gnn-cluster-worker3,scheduled_on,1.0
1774419239,cpu-stressor-74d6ffcfc4-gghxs,gnn-cluster-worker,scheduled_on,1.0
1774419239,frontend-7868f8655b-25dwq,gnn-cluster-worker,scheduled_on,1.0
1774419239,frontend-7868f8655b-vqjvm,gnn-cluster-worker3,scheduled_on,1.0
1774419239,redis-cache-67d574b944-ll9pf,gnn-cluster-worker2,scheduled_on,1.0
1774419239,workload-generator-667dc97f4f-67vch,gnn-cluster-worker3,scheduled_on,1.0
1774419269,backend-api-669d9964b8-b8qkw,gnn-cluster-worker2,scheduled_on,1.0
1774419269,backend-api-669d9964b8-qblwm,gnn-cluster-worker3,scheduled_on,1.0
1774419269,cpu-stressor-74d6ffcfc4-gghxs,gnn-cluster-worker,scheduled_on,1.0
1774419269,frontend-7868f8655b-25dwq,gnn-cluster-worker,scheduled_on,1.0
1774419269,frontend-7868f8655b-vqjvm,gnn-cluster-worker3,scheduled_on,1.0
1774419269,redis-cache-67d574b944-ll9pf,gnn-cluster-worker2,scheduled_on,1.0
1774419269,workload-generator-667dc97f4f-67vch,gnn-cluster-worker3,scheduled_on,1.0
1774419299,backend-api-669d9964b8-b8qkw,gnn-cluster-worker2,scheduled_on,1.0
1774419299,backend-api-669d9964b8-qblwm,gnn-cluster-worker3,scheduled_on,1.0
1774419299,cpu-stressor-74d6ffcfc4-gghxs,gnn-cluster-worker,scheduled_on,1.0
1774419299,frontend-7868f8655b-25dwq,gnn-cluster-worker,scheduled_on,1.0
1774419299,frontend-7868f8655b-vqjvm,gnn-cluster-worker3,scheduled_on,1.0
1774419299,redis-cache-67d574b944-ll9pf,gnn-cluster-worker2,scheduled_on,1.0
1774419299,workload-generator-667dc97f4f-67vch,gnn-cluster-worker3,scheduled_on,1.0
1774419329,backend-api-669d9964b8-b8qkw,gnn-cluster-worker2,scheduled_on,1.0
1774419329,backend-api-669d9964b8-qblwm,gnn-cluster-worker3,scheduled_on,1.0
1774419329,cpu-stressor-74d6ffcfc4-gghxs,gnn-cluster-worker,scheduled_on,1.0
1774419329,frontend-7868f8655b-25dwq,gnn-cluster-worker,scheduled_on,1.0
1774419329,frontend-7868f8655b-vqjvm,gnn-cluster-worker3,scheduled_on,1.0
1774419329,redis-cache-67d574b944-ll9pf,gnn-cluster-worker2,scheduled_on,1.0
1774419329,workload-generator-667dc97f4f-67vch,gnn-cluster-worker3,scheduled_on,1.0
1774419359,backend-api-669d9964b8-b8qkw,gnn-cluster-worker2,scheduled_on,1.0
1774419359,backend-api-669d9964b8-qblwm,gnn-cluster-worker3,scheduled_on,1.0
1774419359,cpu-stressor-74d6ffcfc4-gghxs,gnn-cluster-worker,scheduled_on,1.0
1774419359,frontend-7868f8655b-25dwq,gnn-cluster-worker,scheduled_on,1.0
1774419359,frontend-7868f8655b-vqjvm,gnn-cluster-worker3,scheduled_on,1.0
1774419359,redis-cache-67d574b944-ll9pf,gnn-cluster-worker2,scheduled_on,1.0
1774419359,workload-generator-667dc97f4f-67vch,gnn-cluster-worker3,scheduled_on,1.0
1774419389,backend-api-669d9964b8-b8qkw,gnn-cluster-worker2,scheduled_on,1.0
1774419389,backend-api-669d9964b8-qblwm,gnn-cluster-worker3,scheduled_on,1.0
1774419389,cpu-stressor-74d6ffcfc4-gghxs,gnn-cluster-worker,scheduled_on,1.0
1774419389,frontend-7868f8655b-25dwq,gnn-cluster-worker,scheduled_on,1.0
1774419389,frontend-7868f8655b-vqjvm,gnn-cluster-worker3,scheduled_on,1.0
1774419389,redis-cache-67d574b944-ll9pf,gnn-cluster-worker2,scheduled_on,1.0
1774419389,workload-generator-667dc97f4f-67vch,gnn-cluster-worker3,scheduled_on,1.0
1774419419,backend-api-669d9964b8-b8qkw,gnn-cluster-worker2,scheduled_on,1.0
1774419419,backend-api-669d9964b8-qblwm,gnn-cluster-worker3,scheduled_on,1.0
1774419419,cpu-stressor-74d6ffcfc4-gghxs,gnn-cluster-worker,scheduled_on,1.0
1774419419,frontend-7868f8655b-25dwq,gnn-cluster-worker,scheduled_on,1.0
1774419419,frontend-7868f8655b-vqjvm,gnn-cluster-worker3,scheduled_on,1.0
1774419419,redis-cache-67d574b944-ll9pf,gnn-cluster-worker2,scheduled_on,1.0
1774419419,workload-generator-667dc97f4f-67vch,gnn-cluster-worker3,scheduled_on,1.0
1774419449,backend-api-669d9964b8-b8qkw,gnn-cluster-worker2,scheduled_on,1.0
1774419449,backend-api-669d9964b8-qblwm,gnn-cluster-worker3,scheduled_on,1.0
1774419449,cpu-stressor-74d6ffcfc4-gghxs,gnn-cluster-worker,scheduled_on,1.0
1774419449,frontend-7868f8655b-25dwq,gnn-cluster-worker,scheduled_on,1.0
1774419449,frontend-7868f8655b-vqjvm,gnn-cluster-worker3,scheduled_on,1.0
1774419449,redis-cache-67d574b944-ll9pf,gnn-cluster-worker2,scheduled_on,1.0
1774419449,workload-generator-667dc97f4f-67vch,gnn-cluster-worker3,scheduled_on,1.0
1774419479,backend-api-669d9964b8-b8qkw,gnn-cluster-worker2,scheduled_on,1.0
1774419479,backend-api-669d9964b8-qblwm,gnn-cluster-worker3,scheduled_on,1.0
1774419479,cpu-stressor-74d6ffcfc4-gghxs,gnn-cluster-worker,scheduled_on,1.0
1774419479,frontend-7868f8655b-25dwq,gnn-cluster-worker,scheduled_on,1.0
1774419479,frontend-7868f8655b-vqjvm,gnn-cluster-worker3,scheduled_on,1.0
1774419479,redis-cache-67d574b944-ll9pf,gnn-cluster-worker2,scheduled_on,1.0
1774419479,workload-generator-667dc97f4f-67vch,gnn-cluster-worker3,scheduled_on,1.0
1774419509,backend-api-669d9964b8-b8qkw,gnn-cluster-worker2,scheduled_on,1.0
1774419509,backend-api-669d9964b8-qblwm,gnn-cluster-worker3,scheduled_on,1.0
1774419509,cpu-stressor-74d6ffcfc4-gghxs,gnn-cluster-worker,scheduled_on,1.0
1774419509,frontend-7868f8655b-25dwq,gnn-cluster-worker,scheduled_on,1.0
1774419509,frontend-7868f8655b-vqjvm,gnn-cluster-worker3,scheduled_on,1.0
1774419509,redis-cache-67d574b944-ll9pf,gnn-cluster-worker2,scheduled_on,1.0
1774419509,workload-generator-667dc97f4f-67vch,gnn-cluster-worker3,scheduled_on,1.0
1774419539,backend-api-669d9964b8-b8qkw,gnn-cluster-worker2,scheduled_on,1.0
1774419539,backend-api-669d9964b8-qblwm,gnn-cluster-worker3,scheduled_on,1.0
1774419539,cpu-stressor-74d6ffcfc4-gghxs,gnn-cluster-worker,scheduled_on,1.0
1774419539,frontend-7868f8655b-25dwq,gnn-cluster-worker,scheduled_on,1.0
1774419539,frontend-7868f8655b-vqjvm,gnn-cluster-worker3,scheduled_on,1.0
1774419539,redis-cache-67d574b944-ll9pf,gnn-cluster-worker2,scheduled_on,1.0
1774419539,workload-generator-667dc97f4f-67vch,gnn-cluster-worker3,scheduled_on,1.0
1774419569,backend-api-669d9964b8-b8qkw,gnn-cluster-worker2,scheduled_on,1.0
1774419569,backend-api-669d9964b8-qblwm,gnn-cluster-worker3,scheduled_on,1.0
1774419569,cpu-stressor-74d6ffcfc4-gghxs,gnn-cluster-worker,scheduled_on,1.0
1774419569,frontend-7868f8655b-25dwq,gnn-cluster-worker,scheduled_on,1.0
1774419569,frontend-7868f8655b-vqjvm,gnn-cluster-worker3,scheduled_on,1.0
1774419569,redis-cache-67d574b944-ll9pf,gnn-cluster-worker2,scheduled_on,1.0
1774419569,workload-generator-667dc97f4f-67vch,gnn-cluster-worker3,scheduled_on,1.0
1774419599,backend-api-669d9964b8-b8qkw,gnn-cluster-worker2,scheduled_on,1.0
1774419599,backend-api-669d9964b8-qblwm,gnn-cluster-worker3,scheduled_on,1.0
1774419599,cpu-stressor-74d6ffcfc4-gghxs,gnn-cluster-worker,scheduled_on,1.0
1774419599,frontend-7868f8655b-25dwq,gnn-cluster-worker,scheduled_on,1.0
1774419599,frontend-7868f8655b-vqjvm,gnn-cluster-worker3,scheduled_on,1.0
1774419599,redis-cache-67d574b944-ll9pf,gnn-cluster-worker2,scheduled_on,1.0
1774419599,workload-generator-667dc97f4f-67vch,gnn-cluster-worker3,scheduled_on,1.0
1774419629,backend-api-669d9964b8-b8qkw,gnn-cluster-worker2,scheduled_on,1.0
1774419629,backend-api-669d9964b8-qblwm,gnn-cluster-worker3,scheduled_on,1.0
1774419629,cpu-stressor-74d6ffcfc4-gghxs,gnn-cluster-worker,scheduled_on,1.0
1774419629,frontend-7868f8655b-25dwq,gnn-cluster-worker,scheduled_on,1.0
1774419629,frontend-7868f8655b-vqjvm,gnn-cluster-worker3,scheduled_on,1.0
1774419629,redis-cache-67d574b944-ll9pf,gnn-cluster-worker2,scheduled_on,1.0
1774419629,workload-generator-667dc97f4f-67vch,gnn-cluster-worker3,scheduled_on,1.0
1774419659,backend-api-669d9964b8-b8qkw,gnn-cluster-worker2,scheduled_on,1.0
1774419659,backend-api-669d9964b8-qblwm,gnn-cluster-worker3,scheduled_on,1.0
1774419659,cpu-stressor-74d6ffcfc4-gghxs,gnn-cluster-worker,scheduled_on,1.0
1774419659,frontend-7868f8655b-25dwq,gnn-cluster-worker,scheduled_on,1.0
1774419659,frontend-7868f8655b-vqjvm,gnn-cluster-worker3,scheduled_on,1.0
1774419659,redis-cache-67d574b944-ll9pf,gnn-cluster-worker2,scheduled_on,1.0
1774419659,workload-generator-667dc97f4f-67vch,gnn-cluster-worker3,scheduled_on,1.0
1774419689,backend-api-669d9964b8-b8qkw,gnn-cluster-worker2,scheduled_on,1.0
1774419689,backend-api-669d9964b8-qblwm,gnn-cluster-worker3,scheduled_on,1.0
1774419689,cpu-stressor-74d6ffcfc4-gghxs,gnn-cluster-worker,scheduled_on,1.0
1774419689,frontend-7868f8655b-25dwq,gnn-cluster-worker,scheduled_on,1.0
1774419689,frontend-7868f8655b-vqjvm,gnn-cluster-worker3,scheduled_on,1.0
1774419689,redis-cache-67d574b944-ll9pf,gnn-cluster-worker2,scheduled_on,1.0
1774419689,workload-generator-667dc97f4f-67vch,gnn-cluster-worker3,scheduled_on,1.0
1774419719,backend-api-669d9964b8-b8qkw,gnn-cluster-worker2,scheduled_on,1.0
1774419719,backend-api-669d9964b8-qblwm,gnn-cluster-worker3,scheduled_on,1.0
1774419719,cpu-stressor-74d6ffcfc4-gghxs,gnn-cluster-worker,scheduled_on,1.0
1774419719,frontend-7868f8655b-25dwq,gnn-cluster-worker,scheduled_on,1.0
1774419719,frontend-7868f8655b-vqjvm,gnn-cluster-worker3,scheduled_on,1.0
1774419719,redis-cache-67d574b944-ll9pf,gnn-cluster-worker2,scheduled_on,1.0
1774419719,workload-generator-667dc97f4f-67vch,gnn-cluster-worker3,scheduled_on,1.0
1774419750,backend-api-669d9964b8-b8qkw,gnn-cluster-worker2,scheduled_on,1.0
1774419750,backend-api-669d9964b8-qblwm,gnn-cluster-worker3,scheduled_on,1.0
1774419750,cpu-stressor-74d6ffcfc4-gghxs,gnn-cluster-worker,scheduled_on,1.0
1774419750,frontend-7868f8655b-25dwq,gnn-cluster-worker,scheduled_on,1.0
1774419750,frontend-7868f8655b-vqjvm,gnn-cluster-worker3,scheduled_on,1.0
1774419750,redis-cache-67d574b944-ll9pf,gnn-cluster-worker2,scheduled_on,1.0
1774419750,workload-generator-667dc97f4f-67vch,gnn-cluster-worker3,scheduled_on,1.0
1774419780,backend-api-669d9964b8-b8qkw,gnn-cluster-worker2,scheduled_on,1.0
1774419780,backend-api-669d9964b8-qblwm,gnn-cluster-worker3,scheduled_on,1.0
1774419780,cpu-stressor-74d6ffcfc4-gghxs,gnn-cluster-worker,scheduled_on,1.0
1774419780,frontend-7868f8655b-25dwq,gnn-cluster-worker,scheduled_on,1.0
1774419780,frontend-7868f8655b-vqjvm,gnn-cluster-worker3,scheduled_on,1.0
1774419780,redis-cache-67d574b944-ll9pf,gnn-cluster-worker2,scheduled_on,1.0
1774419780,workload-generator-667dc97f4f-67vch,gnn-cluster-worker3,scheduled_on,1.0
1774419810,backend-api-669d9964b8-b8qkw,gnn-cluster-worker2,scheduled_on,1.0
1774419810,backend-api-669d9964b8-qblwm,gnn-cluster-worker3,scheduled_on,1.0
1774419810,cpu-stressor-74d6ffcfc4-gghxs,gnn-cluster-worker,scheduled_on,1.0
1774419810,frontend-7868f8655b-25dwq,gnn-cluster-worker,scheduled_on,1.0
1774419810,frontend-7868f8655b-vqjvm,gnn-cluster-worker3,scheduled_on,1.0
1774419810,redis-cache-67d574b944-ll9pf,gnn-cluster-worker2,scheduled_on,1.0
1774419810,workload-generator-667dc97f4f-67vch,gnn-cluster-worker3,scheduled_on,1.0
1774419840,backend-api-669d9964b8-b8qkw,gnn-cluster-worker2,scheduled_on,1.0
1774419840,backend-api-669d9964b8-qblwm,gnn-cluster-worker3,scheduled_on,1.0
1774419840,cpu-stressor-74d6ffcfc4-gghxs,gnn-cluster-worker,scheduled_on,1.0
1774419840,frontend-7868f8655b-25dwq,gnn-cluster-worker,scheduled_on,1.0
1774419840,frontend-7868f8655b-vqjvm,gnn-cluster-worker3,scheduled_on,1.0
1774419840,redis-cache-67d574b944-ll9pf,gnn-cluster-worker2,scheduled_on,1.0
1774419840,workload-generator-667dc97f4f-67vch,gnn-cluster-worker3,scheduled_on,1.0
1774419870,backend-api-669d9964b8-b8qkw,gnn-cluster-worker2,scheduled_on,1.0
1774419870,backend-api-669d9964b8-qblwm,gnn-cluster-worker3,scheduled_on,1.0
1774419870,cpu-stressor-74d6ffcfc4-gghxs,gnn-cluster-worker,scheduled_on,1.0
1774419870,frontend-7868f8655b-25dwq,gnn-cluster-worker,scheduled_on,1.0
1774419870,frontend-7868f8655b-vqjvm,gnn-cluster-worker3,scheduled_on,1.0
1774419870,redis-cache-67d574b944-ll9pf,gnn-cluster-worker2,scheduled_on,1.0
1774419870,workload-generator-667dc97f4f-67vch,gnn-cluster-worker3,scheduled_on,1.0
1774419900,backend-api-669d9964b8-b8qkw,gnn-cluster-worker2,scheduled_on,1.0
1774419900,backend-api-669d9964b8-qblwm,gnn-cluster-worker3,scheduled_on,1.0
1774419900,cpu-stressor-74d6ffcfc4-gghxs,gnn-cluster-worker,scheduled_on,1.0
1774419900,frontend-7868f8655b-25dwq,gnn-cluster-worker,scheduled_on,1.0
1774419900,frontend-7868f8655b-vqjvm,gnn-cluster-worker3,scheduled_on,1.0
1774419900,redis-cache-67d574b944-ll9pf,gnn-cluster-worker2,scheduled_on,1.0
1774419900,workload-generator-667dc97f4f-67vch,gnn-cluster-worker3,scheduled_on,1.0
1774419930,backend-api-669d9964b8-b8qkw,gnn-cluster-worker2,scheduled_on,1.0
1774419930,backend-api-669d9964b8-qblwm,gnn-cluster-worker3,scheduled_on,1.0
1774419930,cpu-stressor-74d6ffcfc4-gghxs,gnn-cluster-worker,scheduled_on,1.0
1774419930,frontend-7868f8655b-25dwq,gnn-cluster-worker,scheduled_on,1.0
1774419930,frontend-7868f8655b-vqjvm,gnn-cluster-worker3,scheduled_on,1.0
1774419930,redis-cache-67d574b944-ll9pf,gnn-cluster-worker2,scheduled_on,1.0
1774419930,workload-generator-667dc97f4f-67vch,gnn-cluster-worker3,scheduled_on,1.0
1774419960,backend-api-669d9964b8-b8qkw,gnn-cluster-worker2,scheduled_on,1.0
1774419960,backend-api-669d9964b8-qblwm,gnn-cluster-worker3,scheduled_on,1.0
1774419960,cpu-stressor-74d6ffcfc4-gghxs,gnn-cluster-worker,scheduled_on,1.0
1774419960,frontend-7868f8655b-25dwq,gnn-cluster-worker,scheduled_on,1.0
1774419960,frontend-7868f8655b-vqjvm,gnn-cluster-worker3,scheduled_on,1.0
1774419960,redis-cache-67d574b944-ll9pf,gnn-cluster-worker2,scheduled_on,1.0
1774419960,workload-generator-667dc97f4f-67vch,gnn-cluster-worker3,scheduled_on,1.0
1774419990,backend-api-669d9964b8-b8qkw,gnn-cluster-worker2,scheduled_on,1.0
1774419990,backend-api-669d9964b8-qblwm,gnn-cluster-worker3,scheduled_on,1.0
1774419990,cpu-stressor-74d6ffcfc4-gghxs,gnn-cluster-worker,scheduled_on,1.0
1774419990,frontend-7868f8655b-25dwq,gnn-cluster-worker,scheduled_on,1.0
1774419990,frontend-7868f8655b-vqjvm,gnn-cluster-worker3,scheduled_on,1.0
1774419990,redis-cache-67d574b944-ll9pf,gnn-cluster-worker2,scheduled_on,1.0
1774419990,workload-generator-667dc97f4f-67vch,gnn-cluster-worker3,scheduled_on,1.0
1774420020,backend-api-669d9964b8-b8qkw,gnn-cluster-worker2,scheduled_on,1.0
1774420020,backend-api-669d9964b8-qblwm,gnn-cluster-worker3,scheduled_on,1.0
1774420020,cpu-stressor-74d6ffcfc4-gghxs,gnn-cluster-worker,scheduled_on,1.0
1774420020,frontend-7868f8655b-25dwq,gnn-cluster-worker,scheduled_on,1.0
1774420020,frontend-7868f8655b-vqjvm,gnn-cluster-worker3,scheduled_on,1.0
1774420020,redis-cache-67d574b944-ll9pf,gnn-cluster-worker2,scheduled_on,1.0
1774420020,workload-generator-667dc97f4f-67vch,gnn-cluster-worker3,scheduled_on,1.0
1774420050,backend-api-669d9964b8-b8qkw,gnn-cluster-worker2,scheduled_on,1.0
1774420050,backend-api-669d9964b8-qblwm,gnn-cluster-worker3,scheduled_on,1.0
1774420050,cpu-stressor-74d6ffcfc4-gghxs,gnn-cluster-worker,scheduled_on,1.0
1774420050,frontend-7868f8655b-25dwq,gnn-cluster-worker,scheduled_on,1.0
1774420050,frontend-7868f8655b-vqjvm,gnn-cluster-worker3,scheduled_on,1.0
1774420050,redis-cache-67d574b944-ll9pf,gnn-cluster-worker2,scheduled_on,1.0
1774420050,workload-generator-667dc97f4f-67vch,gnn-cluster-worker3,scheduled_on,1.0
1774420080,backend-api-669d9964b8-b8qkw,gnn-cluster-worker2,scheduled_on,1.0
1774420080,backend-api-669d9964b8-qblwm,gnn-cluster-worker3,scheduled_on,1.0
1774420080,cpu-stressor-74d6ffcfc4-gghxs,gnn-cluster-worker,scheduled_on,1.0
1774420080,frontend-7868f8655b-25dwq,gnn-cluster-worker,scheduled_on,1.0
1774420080,frontend-7868f8655b-vqjvm,gnn-cluster-worker3,scheduled_on,1.0
1774420080,redis-cache-67d574b944-ll9pf,gnn-cluster-worker2,scheduled_on,1.0
1774420080,workload-generator-667dc97f4f-67vch,gnn-cluster-worker3,scheduled_on,1.0
1774420110,backend-api-669d9964b8-b8qkw,gnn-cluster-worker2,scheduled_on,1.0
1774420110,backend-api-669d9964b8-qblwm,gnn-cluster-worker3,scheduled_on,1.0
1774420110,cpu-stressor-74d6ffcfc4-gghxs,gnn-cluster-worker,scheduled_on,1.0
1774420110,frontend-7868f8655b-25dwq,gnn-cluster-worker,scheduled_on,1.0
1774420110,frontend-7868f8655b-vqjvm,gnn-cluster-worker3,scheduled_on,1.0
1774420110,redis-cache-67d574b944-ll9pf,gnn-cluster-worker2,scheduled_on,1.0
1774420110,workload-generator-667dc97f4f-67vch,gnn-cluster-worker3,scheduled_on,1.0
1774420140,backend-api-669d9964b8-b8qkw,gnn-cluster-worker2,scheduled_on,1.0
1774420140,backend-api-669d9964b8-qblwm,gnn-cluster-worker3,scheduled_on,1.0
1774420140,cpu-stressor-74d6ffcfc4-gghxs,gnn-cluster-worker,scheduled_on,1.0
1774420140,frontend-7868f8655b-25dwq,gnn-cluster-worker,scheduled_on,1.0
1774420140,frontend-7868f8655b-vqjvm,gnn-cluster-worker3,scheduled_on,1.0
1774420140,redis-cache-67d574b944-ll9pf,gnn-cluster-worker2,scheduled_on,1.0
1774420140,workload-generator-667dc97f4f-67vch,gnn-cluster-worker3,scheduled_on,1.0
1774420170,backend-api-669d9964b8-b8qkw,gnn-cluster-worker2,scheduled_on,1.0
1774420170,backend-api-669d9964b8-qblwm,gnn-cluster-worker3,scheduled_on,1.0
1774420170,cpu-stressor-74d6ffcfc4-gghxs,gnn-cluster-worker,scheduled_on,1.0
1774420170,frontend-7868f8655b-25dwq,gnn-cluster-worker,scheduled_on,1.0
1774420170,frontend-7868f8655b-vqjvm,gnn-cluster-worker3,scheduled_on,1.0
1774420170,redis-cache-67d574b944-ll9pf,gnn-cluster-worker2,scheduled_on,1.0
1774420170,workload-generator-667dc97f4f-67vch,gnn-cluster-worker3,scheduled_on,1.0
1774420200,backend-api-669d9964b8-b8qkw,gnn-cluster-worker2,scheduled_on,1.0
1774420200,backend-api-669d9964b8-qblwm,gnn-cluster-worker3,scheduled_on,1.0
1774420200,cpu-stressor-74d6ffcfc4-gghxs,gnn-cluster-worker,scheduled_on,1.0
1774420200,frontend-7868f8655b-25dwq,gnn-cluster-worker,scheduled_on,1.0
1774420200,frontend-7868f8655b-vqjvm,gnn-cluster-worker3,scheduled_on,1.0
1774420200,redis-cache-67d574b944-ll9pf,gnn-cluster-worker2,scheduled_on,1.0
1774420200,workload-generator-667dc97f4f-67vch,gnn-cluster-worker3,scheduled_on,1.0
1774420230,backend-api-669d9964b8-b8qkw,gnn-cluster-worker2,scheduled_on,1.0
1774420230,backend-api-669d9964b8-qblwm,gnn-cluster-worker3,scheduled_on,1.0
1774420230,cpu-stressor-74d6ffcfc4-gghxs,gnn-cluster-worker,scheduled_on,1.0
1774420230,frontend-7868f8655b-25dwq,gnn-cluster-worker,scheduled_on,1.0
1774420230,frontend-7868f8655b-vqjvm,gnn-cluster-worker3,scheduled_on,1.0
1774420230,redis-cache-67d574b944-ll9pf,gnn-cluster-worker2,scheduled_on,1.0
1774420230,workload-generator-667dc97f4f-67vch,gnn-cluster-worker3,scheduled_on,1.0
1774420261,backend-api-669d9964b8-b8qkw,gnn-cluster-worker2,scheduled_on,1.0
1774420261,backend-api-669d9964b8-qblwm,gnn-cluster-worker3,scheduled_on,1.0
1774420261,cpu-stressor-74d6ffcfc4-gghxs,gnn-cluster-worker,scheduled_on,1.0
1774420261,frontend-7868f8655b-25dwq,gnn-cluster-worker,scheduled_on,1.0
1774420261,frontend-7868f8655b-vqjvm,gnn-cluster-worker3,scheduled_on,1.0
1774420261,redis-cache-67d574b944-ll9pf,gnn-cluster-worker2,scheduled_on,1.0
1774420261,workload-generator-667dc97f4f-67vch,gnn-cluster-worker3,scheduled_on,1.0
1774420291,backend-api-669d9964b8-b8qkw,gnn-cluster-worker2,scheduled_on,1.0
1774420291,backend-api-669d9964b8-qblwm,gnn-cluster-worker3,scheduled_on,1.0
1774420291,cpu-stressor-74d6ffcfc4-gghxs,gnn-cluster-worker,scheduled_on,1.0
1774420291,frontend-7868f8655b-25dwq,gnn-cluster-worker,scheduled_on,1.0
1774420291,frontend-7868f8655b-vqjvm,gnn-cluster-worker3,scheduled_on,1.0
1774420291,redis-cache-67d574b944-ll9pf,gnn-cluster-worker2,scheduled_on,1.0
1774420291,workload-generator-667dc97f4f-67vch,gnn-cluster-worker3,scheduled_on,1.0
1774420321,backend-api-669d9964b8-b8qkw,gnn-cluster-worker2,scheduled_on,1.0
1774420321,backend-api-669d9964b8-qblwm,gnn-cluster-worker3,scheduled_on,1.0
1774420321,cpu-stressor-74d6ffcfc4-gghxs,gnn-cluster-worker,scheduled_on,1.0
1774420321,frontend-7868f8655b-25dwq,gnn-cluster-worker,scheduled_on,1.0
1774420321,frontend-7868f8655b-vqjvm,gnn-cluster-worker3,scheduled_on,1.0
1774420321,redis-cache-67d574b944-ll9pf,gnn-cluster-worker2,scheduled_on,1.0
1774420321,workload-generator-667dc97f4f-67vch,gnn-cluster-worker3,scheduled_on,1.0
1774420351,backend-api-669d9964b8-b8qkw,gnn-cluster-worker2,scheduled_on,1.0
1774420351,backend-api-669d9964b8-qblwm,gnn-cluster-worker3,scheduled_on,1.0
1774420351,cpu-stressor-74d6ffcfc4-gghxs,gnn-cluster-worker,scheduled_on,1.0
1774420351,frontend-7868f8655b-25dwq,gnn-cluster-worker,scheduled_on,1.0
1774420351,frontend-7868f8655b-vqjvm,gnn-cluster-worker3,scheduled_on,1.0
1774420351,redis-cache-67d574b944-ll9pf,gnn-cluster-worker2,scheduled_on,1.0
1774420351,workload-generator-667dc97f4f-67vch,gnn-cluster-worker3,scheduled_on,1.0
1774420381,backend-api-669d9964b8-b8qkw,gnn-cluster-worker2,scheduled_on,1.0
1774420381,backend-api-669d9964b8-qblwm,gnn-cluster-worker3,scheduled_on,1.0
1774420381,cpu-stressor-74d6ffcfc4-gghxs,gnn-cluster-worker,scheduled_on,1.0
1774420381,frontend-7868f8655b-25dwq,gnn-cluster-worker,scheduled_on,1.0
1774420381,frontend-7868f8655b-vqjvm,gnn-cluster-worker3,scheduled_on,1.0
1774420381,redis-cache-67d574b944-ll9pf,gnn-cluster-worker2,scheduled_on,1.0
1774420381,workload-generator-667dc97f4f-67vch,gnn-cluster-worker3,scheduled_on,1.0
1774420411,backend-api-669d9964b8-b8qkw,gnn-cluster-worker2,scheduled_on,1.0
1774420411,backend-api-669d9964b8-qblwm,gnn-cluster-worker3,scheduled_on,1.0
1774420411,cpu-stressor-74d6ffcfc4-gghxs,gnn-cluster-worker,scheduled_on,1.0
1774420411,frontend-7868f8655b-25dwq,gnn-cluster-worker,scheduled_on,1.0
1774420411,frontend-7868f8655b-vqjvm,gnn-cluster-worker3,scheduled_on,1.0
1774420411,redis-cache-67d574b944-ll9pf,gnn-cluster-worker2,scheduled_on,1.0
1774420411,workload-generator-667dc97f4f-67vch,gnn-cluster-worker3,scheduled_on,1.0
1774420441,backend-api-669d9964b8-b8qkw,gnn-cluster-worker2,scheduled_on,1.0
1774420441,backend-api-669d9964b8-qblwm,gnn-cluster-worker3,scheduled_on,1.0
1774420441,cpu-stressor-74d6ffcfc4-gghxs,gnn-cluster-worker,scheduled_on,1.0
1774420441,frontend-7868f8655b-25dwq,gnn-cluster-worker,scheduled_on,1.0
1774420441,frontend-7868f8655b-vqjvm,gnn-cluster-worker3,scheduled_on,1.0
1774420441,redis-cache-67d574b944-ll9pf,gnn-cluster-worker2,scheduled_on,1.0
1774420441,workload-generator-667dc97f4f-67vch,gnn-cluster-worker3,scheduled_on,1.0
1774420471,backend-api-669d9964b8-b8qkw,gnn-cluster-worker2,scheduled_on,1.0
1774420471,backend-api-669d9964b8-qblwm,gnn-cluster-worker3,scheduled_on,1.0
1774420471,cpu-stressor-74d6ffcfc4-gghxs,gnn-cluster-worker,scheduled_on,1.0
1774420471,frontend-7868f8655b-25dwq,gnn-cluster-worker,scheduled_on,1.0
1774420471,frontend-7868f8655b-vqjvm,gnn-cluster-worker3,scheduled_on,1.0
1774420471,redis-cache-67d574b944-ll9pf,gnn-cluster-worker2,scheduled_on,1.0
1774420471,workload-generator-667dc97f4f-67vch,gnn-cluster-worker3,scheduled_on,1.0
1774420501,backend-api-669d9964b8-b8qkw,gnn-cluster-worker2,scheduled_on,1.0
1774420501,backend-api-669d9964b8-qblwm,gnn-cluster-worker3,scheduled_on,1.0
1774420501,cpu-stressor-74d6ffcfc4-gghxs,gnn-cluster-worker,scheduled_on,1.0
1774420501,frontend-7868f8655b-25dwq,gnn-cluster-worker,scheduled_on,1.0
1774420501,frontend-7868f8655b-vqjvm,gnn-cluster-worker3,scheduled_on,1.0
1774420501,redis-cache-67d574b944-ll9pf,gnn-cluster-worker2,scheduled_on,1.0
1774420501,workload-generator-667dc97f4f-67vch,gnn-cluster-worker3,scheduled_on,1.0
1774420531,backend-api-669d9964b8-b8qkw,gnn-cluster-worker2,scheduled_on,1.0
1774420531,backend-api-669d9964b8-qblwm,gnn-cluster-worker3,scheduled_on,1.0
1774420531,cpu-stressor-74d6ffcfc4-gghxs,gnn-cluster-worker,scheduled_on,1.0
1774420531,frontend-7868f8655b-25dwq,gnn-cluster-worker,scheduled_on,1.0
1774420531,frontend-7868f8655b-vqjvm,gnn-cluster-worker3,scheduled_on,1.0
1774420531,redis-cache-67d574b944-ll9pf,gnn-cluster-worker2,scheduled_on,1.0
1774420531,workload-generator-667dc97f4f-67vch,gnn-cluster-worker3,scheduled_on,1.0
1774420561,backend-api-669d9964b8-b8qkw,gnn-cluster-worker2,scheduled_on,1.0
1774420561,backend-api-669d9964b8-qblwm,gnn-cluster-worker3,scheduled_on,1.0
1774420561,cpu-stressor-74d6ffcfc4-gghxs,gnn-cluster-worker,scheduled_on,1.0
1774420561,frontend-7868f8655b-25dwq,gnn-cluster-worker,scheduled_on,1.0
1774420561,frontend-7868f8655b-vqjvm,gnn-cluster-worker3,scheduled_on,1.0
1774420561,redis-cache-67d574b944-ll9pf,gnn-cluster-worker2,scheduled_on,1.0
1774420561,workload-generator-667dc97f4f-67vch,gnn-cluster-worker3,scheduled_on,1.0
1774420591,backend-api-669d9964b8-b8qkw,gnn-cluster-worker2,scheduled_on,1.0
1774420591,backend-api-669d9964b8-qblwm,gnn-cluster-worker3,scheduled_on,1.0
1774420591,cpu-stressor-74d6ffcfc4-gghxs,gnn-cluster-worker,scheduled_on,1.0
1774420591,frontend-7868f8655b-25dwq,gnn-cluster-worker,scheduled_on,1.0
1774420591,frontend-7868f8655b-vqjvm,gnn-cluster-worker3,scheduled_on,1.0
1774420591,redis-cache-67d574b944-ll9pf,gnn-cluster-worker2,scheduled_on,1.0
1774420591,workload-generator-667dc97f4f-67vch,gnn-cluster-worker3,scheduled_on,1.0
1774420621,backend-api-669d9964b8-b8qkw,gnn-cluster-worker2,scheduled_on,1.0
1774420621,backend-api-669d9964b8-qblwm,gnn-cluster-worker3,scheduled_on,1.0
1774420621,cpu-stressor-74d6ffcfc4-gghxs,gnn-cluster-worker,scheduled_on,1.0
1774420621,frontend-7868f8655b-25dwq,gnn-cluster-worker,scheduled_on,1.0
1774420621,frontend-7868f8655b-vqjvm,gnn-cluster-worker3,scheduled_on,1.0
1774420621,redis-cache-67d574b944-ll9pf,gnn-cluster-worker2,scheduled_on,1.0
1774420621,workload-generator-667dc97f4f-67vch,gnn-cluster-worker3,scheduled_on,1.0
1774420651,backend-api-669d9964b8-b8qkw,gnn-cluster-worker2,scheduled_on,1.0
1774420651,backend-api-669d9964b8-qblwm,gnn-cluster-worker3,scheduled_on,1.0
1774420651,cpu-stressor-74d6ffcfc4-gghxs,gnn-cluster-worker,scheduled_on,1.0
1774420651,frontend-7868f8655b-25dwq,gnn-cluster-worker,scheduled_on,1.0
1774420651,frontend-7868f8655b-vqjvm,gnn-cluster-worker3,scheduled_on,1.0
1774420651,redis-cache-67d574b944-ll9pf,gnn-cluster-worker2,scheduled_on,1.0
1774420651,workload-generator-667dc97f4f-67vch,gnn-cluster-worker3,scheduled_on,1.0
1774420681,backend-api-669d9964b8-b8qkw,gnn-cluster-worker2,scheduled_on,1.0
1774420681,backend-api-669d9964b8-qblwm,gnn-cluster-worker3,scheduled_on,1.0
1774420681,cpu-stressor-74d6ffcfc4-gghxs,gnn-cluster-worker,scheduled_on,1.0
1774420681,frontend-7868f8655b-25dwq,gnn-cluster-worker,scheduled_on,1.0
1774420681,frontend-7868f8655b-vqjvm,gnn-cluster-worker3,scheduled_on,1.0
1774420681,redis-cache-67d574b944-ll9pf,gnn-cluster-worker2,scheduled_on,1.0
1774420681,workload-generator-667dc97f4f-67vch,gnn-cluster-worker3,scheduled_on,1.0
1774420711,backend-api-669d9964b8-b8qkw,gnn-cluster-worker2,scheduled_on,1.0
1774420711,backend-api-669d9964b8-qblwm,gnn-cluster-worker3,scheduled_on,1.0
1774420711,cpu-stressor-74d6ffcfc4-gghxs,gnn-cluster-worker,scheduled_on,1.0
1774420711,frontend-7868f8655b-25dwq,gnn-cluster-worker,scheduled_on,1.0
1774420711,frontend-7868f8655b-vqjvm,gnn-cluster-worker3,scheduled_on,1.0
1774420711,redis-cache-67d574b944-ll9pf,gnn-cluster-worker2,scheduled_on,1.0
1774420711,workload-generator-667dc97f4f-67vch,gnn-cluster-worker3,scheduled_on,1.0
1774420741,backend-api-669d9964b8-b8qkw,gnn-cluster-worker2,scheduled_on,1.0
1774420741,backend-api-669d9964b8-qblwm,gnn-cluster-worker3,scheduled_on,1.0
1774420741,cpu-stressor-74d6ffcfc4-gghxs,gnn-cluster-worker,scheduled_on,1.0
1774420741,frontend-7868f8655b-25dwq,gnn-cluster-worker,scheduled_on,1.0
1774420741,frontend-7868f8655b-vqjvm,gnn-cluster-worker3,scheduled_on,1.0
1774420741,redis-cache-67d574b944-ll9pf,gnn-cluster-worker2,scheduled_on,1.0
1774420741,workload-generator-667dc97f4f-67vch,gnn-cluster-worker3,scheduled_on,1.0
1774420771,backend-api-669d9964b8-b8qkw,gnn-cluster-worker2,scheduled_on,1.0
1774420771,backend-api-669d9964b8-qblwm,gnn-cluster-worker3,scheduled_on,1.0
1774420771,cpu-stressor-74d6ffcfc4-gghxs,gnn-cluster-worker,scheduled_on,1.0
1774420771,frontend-7868f8655b-25dwq,gnn-cluster-worker,scheduled_on,1.0
1774420771,frontend-7868f8655b-vqjvm,gnn-cluster-worker3,scheduled_on,1.0
1774420771,redis-cache-67d574b944-ll9pf,gnn-cluster-worker2,scheduled_on,1.0
1774420771,workload-generator-667dc97f4f-67vch,gnn-cluster-worker3,scheduled_on,1.0
1774420801,backend-api-669d9964b8-b8qkw,gnn-cluster-worker2,scheduled_on,1.0
1774420801,backend-api-669d9964b8-qblwm,gnn-cluster-worker3,scheduled_on,1.0
1774420801,cpu-stressor-74d6ffcfc4-gghxs,gnn-cluster-worker,scheduled_on,1.0
1774420801,frontend-7868f8655b-25dwq,gnn-cluster-worker,scheduled_on,1.0
1774420801,frontend-7868f8655b-vqjvm,gnn-cluster-worker3,scheduled_on,1.0
1774420801,redis-cache-67d574b944-ll9pf,gnn-cluster-worker2,scheduled_on,1.0
1774420801,workload-generator-667dc97f4f-67vch,gnn-cluster-worker3,scheduled_on,1.0
1774420831,backend-api-669d9964b8-b8qkw,gnn-cluster-worker2,scheduled_on,1.0
1774420831,backend-api-669d9964b8-qblwm,gnn-cluster-worker3,scheduled_on,1.0
1774420831,cpu-stressor-74d6ffcfc4-gghxs,gnn-cluster-worker,scheduled_on,1.0
1774420831,frontend-7868f8655b-25dwq,gnn-cluster-worker,scheduled_on,1.0
1774420831,frontend-7868f8655b-vqjvm,gnn-cluster-worker3,scheduled_on,1.0
1774420831,redis-cache-67d574b944-ll9pf,gnn-cluster-worker2,scheduled_on,1.0
1774420831,workload-generator-667dc97f4f-67vch,gnn-cluster-worker3,scheduled_on,1.0
1774420862,backend-api-669d9964b8-b8qkw,gnn-cluster-worker2,scheduled_on,1.0
1774420862,backend-api-669d9964b8-qblwm,gnn-cluster-worker3,scheduled_on,1.0
1774420862,cpu-stressor-74d6ffcfc4-gghxs,gnn-cluster-worker,scheduled_on,1.0
1774420862,frontend-7868f8655b-25dwq,gnn-cluster-worker,scheduled_on,1.0
1774420862,frontend-7868f8655b-vqjvm,gnn-cluster-worker3,scheduled_on,1.0
1774420862,redis-cache-67d574b944-ll9pf,gnn-cluster-worker2,scheduled_on,1.0
1774420862,workload-generator-667dc97f4f-67vch,gnn-cluster-worker3,scheduled_on,1.0
1774420892,backend-api-669d9964b8-b8qkw,gnn-cluster-worker2,scheduled_on,1.0
1774420892,backend-api-669d9964b8-qblwm,gnn-cluster-worker3,scheduled_on,1.0
1774420892,cpu-stressor-74d6ffcfc4-gghxs,gnn-cluster-worker,scheduled_on,1.0
1774420892,frontend-7868f8655b-25dwq,gnn-cluster-worker,scheduled_on,1.0
1774420892,frontend-7868f8655b-vqjvm,gnn-cluster-worker3,scheduled_on,1.0
1774420892,redis-cache-67d574b944-ll9pf,gnn-cluster-worker2,scheduled_on,1.0
1774420892,workload-generator-667dc97f4f-67vch,gnn-cluster-worker3,scheduled_on,1.0
1774420922,backend-api-669d9964b8-b8qkw,gnn-cluster-worker2,scheduled_on,1.0
1774420922,backend-api-669d9964b8-qblwm,gnn-cluster-worker3,scheduled_on,1.0
1774420922,cpu-stressor-74d6ffcfc4-gghxs,gnn-cluster-worker,scheduled_on,1.0
1774420922,frontend-7868f8655b-25dwq,gnn-cluster-worker,scheduled_on,1.0
1774420922,frontend-7868f8655b-vqjvm,gnn-cluster-worker3,scheduled_on,1.0
1774420922,redis-cache-67d574b944-ll9pf,gnn-cluster-worker2,scheduled_on,1.0
1774420922,workload-generator-667dc97f4f-67vch,gnn-cluster-worker3,scheduled_on,1.0
1774420952,backend-api-669d9964b8-b8qkw,gnn-cluster-worker2,scheduled_on,1.0
1774420952,backend-api-669d9964b8-qblwm,gnn-cluster-worker3,scheduled_on,1.0
1774420952,cpu-stressor-74d6ffcfc4-gghxs,gnn-cluster-worker,scheduled_on,1.0
1774420952,frontend-7868f8655b-25dwq,gnn-cluster-worker,scheduled_on,1.0
1774420952,frontend-7868f8655b-vqjvm,gnn-cluster-worker3,scheduled_on,1.0
1774420952,redis-cache-67d574b944-ll9pf,gnn-cluster-worker2,scheduled_on,1.0
1774420952,workload-generator-667dc97f4f-67vch,gnn-cluster-worker3,scheduled_on,1.0
1774420982,backend-api-669d9964b8-b8qkw,gnn-cluster-worker2,scheduled_on,1.0
1774420982,backend-api-669d9964b8-qblwm,gnn-cluster-worker3,scheduled_on,1.0
1774420982,cpu-stressor-74d6ffcfc4-gghxs,gnn-cluster-worker,scheduled_on,1.0
1774420982,frontend-7868f8655b-25dwq,gnn-cluster-worker,scheduled_on,1.0
1774420982,frontend-7868f8655b-vqjvm,gnn-cluster-worker3,scheduled_on,1.0
1774420982,redis-cache-67d574b944-ll9pf,gnn-cluster-worker2,scheduled_on,1.0
1774420982,workload-generator-667dc97f4f-67vch,gnn-cluster-worker3,scheduled_on,1.0
1774421012,backend-api-669d9964b8-b8qkw,gnn-cluster-worker2,scheduled_on,1.0
1774421012,backend-api-669d9964b8-qblwm,gnn-cluster-worker3,scheduled_on,1.0
1774421012,cpu-stressor-74d6ffcfc4-gghxs,gnn-cluster-worker,scheduled_on,1.0
1774421012,frontend-7868f8655b-25dwq,gnn-cluster-worker,scheduled_on,1.0
1774421012,frontend-7868f8655b-vqjvm,gnn-cluster-worker3,scheduled_on,1.0
1774421012,redis-cache-67d574b944-ll9pf,gnn-cluster-worker2,scheduled_on,1.0
1774421012,workload-generator-667dc97f4f-67vch,gnn-cluster-worker3,scheduled_on,1.0
1774421042,backend-api-669d9964b8-b8qkw,gnn-cluster-worker2,scheduled_on,1.0
1774421042,backend-api-669d9964b8-qblwm,gnn-cluster-worker3,scheduled_on,1.0
1774421042,cpu-stressor-74d6ffcfc4-gghxs,gnn-cluster-worker,scheduled_on,1.0
1774421042,frontend-7868f8655b-25dwq,gnn-cluster-worker,scheduled_on,1.0
1774421042,frontend-7868f8655b-vqjvm,gnn-cluster-worker3,scheduled_on,1.0
1774421042,redis-cache-67d574b944-ll9pf,gnn-cluster-worker2,scheduled_on,1.0
1774421042,workload-generator-667dc97f4f-67vch,gnn-cluster-worker3,scheduled_on,1.0
1774421072,backend-api-669d9964b8-b8qkw,gnn-cluster-worker2,scheduled_on,1.0
1774421072,backend-api-669d9964b8-qblwm,gnn-cluster-worker3,scheduled_on,1.0
1774421072,cpu-stressor-74d6ffcfc4-gghxs,gnn-cluster-worker,scheduled_on,1.0
1774421072,frontend-7868f8655b-25dwq,gnn-cluster-worker,scheduled_on,1.0
1774421072,frontend-7868f8655b-vqjvm,gnn-cluster-worker3,scheduled_on,1.0
1774421072,redis-cache-67d574b944-ll9pf,gnn-cluster-worker2,scheduled_on,1.0
1774421072,workload-generator-667dc97f4f-67vch,gnn-cluster-worker3,scheduled_on,1.0
1774421102,backend-api-669d9964b8-b8qkw,gnn-cluster-worker2,scheduled_on,1.0
1774421102,backend-api-669d9964b8-qblwm,gnn-cluster-worker3,scheduled_on,1.0
1774421102,cpu-stressor-74d6ffcfc4-gghxs,gnn-cluster-worker,scheduled_on,1.0
1774421102,frontend-7868f8655b-25dwq,gnn-cluster-worker,scheduled_on,1.0
1774421102,frontend-7868f8655b-vqjvm,gnn-cluster-worker3,scheduled_on,1.0
1774421102,redis-cache-67d574b944-ll9pf,gnn-cluster-worker2,scheduled_on,1.0
1774421102,workload-generator-667dc97f4f-67vch,gnn-cluster-worker3,scheduled_on,1.0
1774421132,backend-api-669d9964b8-b8qkw,gnn-cluster-worker2,scheduled_on,1.0
1774421132,backend-api-669d9964b8-qblwm,gnn-cluster-worker3,scheduled_on,1.0
1774421132,cpu-stressor-74d6ffcfc4-gghxs,gnn-cluster-worker,scheduled_on,1.0
1774421132,frontend-7868f8655b-25dwq,gnn-cluster-worker,scheduled_on,1.0
1774421132,frontend-7868f8655b-vqjvm,gnn-cluster-worker3,scheduled_on,1.0
1774421132,redis-cache-67d574b944-ll9pf,gnn-cluster-worker2,scheduled_on,1.0
1774421132,workload-generator-667dc97f4f-67vch,gnn-cluster-worker3,scheduled_on,1.0
1774421162,backend-api-669d9964b8-b8qkw,gnn-cluster-worker2,scheduled_on,1.0
1774421162,backend-api-669d9964b8-qblwm,gnn-cluster-worker3,scheduled_on,1.0
1774421162,cpu-stressor-74d6ffcfc4-gghxs,gnn-cluster-worker,scheduled_on,1.0
1774421162,frontend-7868f8655b-25dwq,gnn-cluster-worker,scheduled_on,1.0
1774421162,frontend-7868f8655b-vqjvm,gnn-cluster-worker3,scheduled_on,1.0
1774421162,redis-cache-67d574b944-ll9pf,gnn-cluster-worker2,scheduled_on,1.0
1774421162,workload-generator-667dc97f4f-67vch,gnn-cluster-worker3,scheduled_on,1.0
1774421192,backend-api-669d9964b8-b8qkw,gnn-cluster-worker2,scheduled_on,1.0
1774421192,backend-api-669d9964b8-qblwm,gnn-cluster-worker3,scheduled_on,1.0
1774421192,cpu-stressor-74d6ffcfc4-gghxs,gnn-cluster-worker,scheduled_on,1.0
1774421192,frontend-7868f8655b-25dwq,gnn-cluster-worker,scheduled_on,1.0
1774421192,frontend-7868f8655b-vqjvm,gnn-cluster-worker3,scheduled_on,1.0
1774421192,redis-cache-67d574b944-ll9pf,gnn-cluster-worker2,scheduled_on,1.0
1774421192,workload-generator-667dc97f4f-67vch,gnn-cluster-worker3,scheduled_on,1.0
1774421222,backend-api-669d9964b8-b8qkw,gnn-cluster-worker2,scheduled_on,1.0
1774421222,backend-api-669d9964b8-qblwm,gnn-cluster-worker3,scheduled_on,1.0
1774421222,cpu-stressor-74d6ffcfc4-gghxs,gnn-cluster-worker,scheduled_on,1.0
1774421222,frontend-7868f8655b-25dwq,gnn-cluster-worker,scheduled_on,1.0
1774421222,frontend-7868f8655b-vqjvm,gnn-cluster-worker3,scheduled_on,1.0
1774421222,redis-cache-67d574b944-ll9pf,gnn-cluster-worker2,scheduled_on,1.0
1774421222,workload-generator-667dc97f4f-67vch,gnn-cluster-worker3,scheduled_on,1.0
1774421252,backend-api-669d9964b8-b8qkw,gnn-cluster-worker2,scheduled_on,1.0
1774421252,backend-api-669d9964b8-qblwm,gnn-cluster-worker3,scheduled_on,1.0
1774421252,cpu-stressor-74d6ffcfc4-gghxs,gnn-cluster-worker,scheduled_on,1.0
1774421252,frontend-7868f8655b-25dwq,gnn-cluster-worker,scheduled_on,1.0
1774421252,frontend-7868f8655b-vqjvm,gnn-cluster-worker3,scheduled_on,1.0
1774421252,redis-cache-67d574b944-ll9pf,gnn-cluster-worker2,scheduled_on,1.0
1774421252,workload-generator-667dc97f4f-67vch,gnn-cluster-worker3,scheduled_on,1.0
1774421282,backend-api-669d9964b8-b8qkw,gnn-cluster-worker2,scheduled_on,1.0
1774421282,backend-api-669d9964b8-qblwm,gnn-cluster-worker3,scheduled_on,1.0
1774421282,cpu-stressor-74d6ffcfc4-gghxs,gnn-cluster-worker,scheduled_on,1.0
1774421282,frontend-7868f8655b-25dwq,gnn-cluster-worker,scheduled_on,1.0
1774421282,frontend-7868f8655b-vqjvm,gnn-cluster-worker3,scheduled_on,1.0
1774421282,redis-cache-67d574b944-ll9pf,gnn-cluster-worker2,scheduled_on,1.0
1774421282,workload-generator-667dc97f4f-67vch,gnn-cluster-worker3,scheduled_on,1.0
1774421312,backend-api-669d9964b8-b8qkw,gnn-cluster-worker2,scheduled_on,1.0
1774421312,backend-api-669d9964b8-qblwm,gnn-cluster-worker3,scheduled_on,1.0
1774421312,cpu-stressor-74d6ffcfc4-gghxs,gnn-cluster-worker,scheduled_on,1.0
1774421312,frontend-7868f8655b-25dwq,gnn-cluster-worker,scheduled_on,1.0
1774421312,frontend-7868f8655b-vqjvm,gnn-cluster-worker3,scheduled_on,1.0
1774421312,redis-cache-67d574b944-ll9pf,gnn-cluster-worker2,scheduled_on,1.0
1774421312,workload-generator-667dc97f4f-67vch,gnn-cluster-worker3,scheduled_on,1.0
1774421342,backend-api-669d9964b8-b8qkw,gnn-cluster-worker2,scheduled_on,1.0
1774421342,backend-api-669d9964b8-qblwm,gnn-cluster-worker3,scheduled_on,1.0
1774421342,cpu-stressor-74d6ffcfc4-gghxs,gnn-cluster-worker,scheduled_on,1.0
1774421342,frontend-7868f8655b-25dwq,gnn-cluster-worker,scheduled_on,1.0
1774421342,frontend-7868f8655b-vqjvm,gnn-cluster-worker3,scheduled_on,1.0
1774421342,redis-cache-67d574b944-ll9pf,gnn-cluster-worker2,scheduled_on,1.0
1774421342,workload-generator-667dc97f4f-67vch,gnn-cluster-worker3,scheduled_on,1.0
1774421372,backend-api-669d9964b8-b8qkw,gnn-cluster-worker2,scheduled_on,1.0
1774421372,backend-api-669d9964b8-qblwm,gnn-cluster-worker3,scheduled_on,1.0
1774421372,cpu-stressor-74d6ffcfc4-gghxs,gnn-cluster-worker,scheduled_on,1.0
1774421372,frontend-7868f8655b-25dwq,gnn-cluster-worker,scheduled_on,1.0
1774421372,frontend-7868f8655b-vqjvm,gnn-cluster-worker3,scheduled_on,1.0
1774421372,redis-cache-67d574b944-ll9pf,gnn-cluster-worker2,scheduled_on,1.0
1774421372,workload-generator-667dc97f4f-67vch,gnn-cluster-worker3,scheduled_on,1.0
1774421402,backend-api-669d9964b8-b8qkw,gnn-cluster-worker2,scheduled_on,1.0
1774421402,backend-api-669d9964b8-qblwm,gnn-cluster-worker3,scheduled_on,1.0
1774421402,cpu-stressor-74d6ffcfc4-gghxs,gnn-cluster-worker,scheduled_on,1.0
1774421402,frontend-7868f8655b-25dwq,gnn-cluster-worker,scheduled_on,1.0
1774421402,frontend-7868f8655b-vqjvm,gnn-cluster-worker3,scheduled_on,1.0
1774421402,redis-cache-67d574b944-ll9pf,gnn-cluster-worker2,scheduled_on,1.0
1774421402,workload-generator-667dc97f4f-67vch,gnn-cluster-worker3,scheduled_on,1.0
1774421433,backend-api-669d9964b8-b8qkw,gnn-cluster-worker2,scheduled_on,1.0
1774421433,backend-api-669d9964b8-qblwm,gnn-cluster-worker3,scheduled_on,1.0
1774421433,cpu-stressor-74d6ffcfc4-gghxs,gnn-cluster-worker,scheduled_on,1.0
1774421433,frontend-7868f8655b-25dwq,gnn-cluster-worker,scheduled_on,1.0
1774421433,frontend-7868f8655b-vqjvm,gnn-cluster-worker3,scheduled_on,1.0
1774421433,redis-cache-67d574b944-ll9pf,gnn-cluster-worker2,scheduled_on,1.0
1774421433,workload-generator-667dc97f4f-67vch,gnn-cluster-worker3,scheduled_on,1.0
1774421463,backend-api-669d9964b8-b8qkw,gnn-cluster-worker2,scheduled_on,1.0
1774421463,backend-api-669d9964b8-qblwm,gnn-cluster-worker3,scheduled_on,1.0
1774421463,cpu-stressor-74d6ffcfc4-gghxs,gnn-cluster-worker,scheduled_on,1.0
1774421463,frontend-7868f8655b-25dwq,gnn-cluster-worker,scheduled_on,1.0
1774421463,frontend-7868f8655b-vqjvm,gnn-cluster-worker3,scheduled_on,1.0
1774421463,redis-cache-67d574b944-ll9pf,gnn-cluster-worker2,scheduled_on,1.0
1774421463,workload-generator-667dc97f4f-67vch,gnn-cluster-worker3,scheduled_on,1.0
1774421493,backend-api-669d9964b8-b8qkw,gnn-cluster-worker2,scheduled_on,1.0
1774421493,backend-api-669d9964b8-qblwm,gnn-cluster-worker3,scheduled_on,1.0
1774421493,cpu-stressor-74d6ffcfc4-gghxs,gnn-cluster-worker,scheduled_on,1.0
1774421493,frontend-7868f8655b-25dwq,gnn-cluster-worker,scheduled_on,1.0
1774421493,frontend-7868f8655b-vqjvm,gnn-cluster-worker3,scheduled_on,1.0
1774421493,redis-cache-67d574b944-ll9pf,gnn-cluster-worker2,scheduled_on,1.0
1774421493,workload-generator-667dc97f4f-67vch,gnn-cluster-worker3,scheduled_on,1.0
1774421523,backend-api-669d9964b8-b8qkw,gnn-cluster-worker2,scheduled_on,1.0
1774421523,backend-api-669d9964b8-qblwm,gnn-cluster-worker3,scheduled_on,1.0
1774421523,cpu-stressor-74d6ffcfc4-gghxs,gnn-cluster-worker,scheduled_on,1.0
1774421523,frontend-7868f8655b-25dwq,gnn-cluster-worker,scheduled_on,1.0
1774421523,frontend-7868f8655b-vqjvm,gnn-cluster-worker3,scheduled_on,1.0
1774421523,redis-cache-67d574b944-ll9pf,gnn-cluster-worker2,scheduled_on,1.0
1774421523,workload-generator-667dc97f4f-67vch,gnn-cluster-worker3,scheduled_on,1.0
1774421553,backend-api-669d9964b8-b8qkw,gnn-cluster-worker2,scheduled_on,1.0
1774421553,backend-api-669d9964b8-qblwm,gnn-cluster-worker3,scheduled_on,1.0
1774421553,cpu-stressor-74d6ffcfc4-gghxs,gnn-cluster-worker,scheduled_on,1.0
1774421553,frontend-7868f8655b-25dwq,gnn-cluster-worker,scheduled_on,1.0
1774421553,frontend-7868f8655b-vqjvm,gnn-cluster-worker3,scheduled_on,1.0
1774421553,redis-cache-67d574b944-ll9pf,gnn-cluster-worker2,scheduled_on,1.0
1774421553,workload-generator-667dc97f4f-67vch,gnn-cluster-worker3,scheduled_on,1.0
1774421583,backend-api-669d9964b8-b8qkw,gnn-cluster-worker2,scheduled_on,1.0
1774421583,backend-api-669d9964b8-qblwm,gnn-cluster-worker3,scheduled_on,1.0
1774421583,cpu-stressor-74d6ffcfc4-gghxs,gnn-cluster-worker,scheduled_on,1.0
1774421583,frontend-7868f8655b-25dwq,gnn-cluster-worker,scheduled_on,1.0
1774421583,frontend-7868f8655b-vqjvm,gnn-cluster-worker3,scheduled_on,1.0
1774421583,redis-cache-67d574b944-ll9pf,gnn-cluster-worker2,scheduled_on,1.0
1774421583,workload-generator-667dc97f4f-67vch,gnn-cluster-worker3,scheduled_on,1.0
1774421613,backend-api-669d9964b8-b8qkw,gnn-cluster-worker2,scheduled_on,1.0
1774421613,backend-api-669d9964b8-qblwm,gnn-cluster-worker3,scheduled_on,1.0
1774421613,cpu-stressor-74d6ffcfc4-gghxs,gnn-cluster-worker,scheduled_on,1.0
1774421613,frontend-7868f8655b-25dwq,gnn-cluster-worker,scheduled_on,1.0
1774421613,frontend-7868f8655b-vqjvm,gnn-cluster-worker3,scheduled_on,1.0
1774421613,redis-cache-67d574b944-ll9pf,gnn-cluster-worker2,scheduled_on,1.0
1774421613,workload-generator-667dc97f4f-67vch,gnn-cluster-worker3,scheduled_on,1.0
1774421643,backend-api-669d9964b8-b8qkw,gnn-cluster-worker2,scheduled_on,1.0
1774421643,backend-api-669d9964b8-qblwm,gnn-cluster-worker3,scheduled_on,1.0
1774421643,cpu-stressor-74d6ffcfc4-gghxs,gnn-cluster-worker,scheduled_on,1.0
1774421643,frontend-7868f8655b-25dwq,gnn-cluster-worker,scheduled_on,1.0
1774421643,frontend-7868f8655b-vqjvm,gnn-cluster-worker3,scheduled_on,1.0
1774421643,redis-cache-67d574b944-ll9pf,gnn-cluster-worker2,scheduled_on,1.0
1774421643,workload-generator-667dc97f4f-67vch,gnn-cluster-worker3,scheduled_on,1.0
1774421673,backend-api-669d9964b8-b8qkw,gnn-cluster-worker2,scheduled_on,1.0
1774421673,backend-api-669d9964b8-qblwm,gnn-cluster-worker3,scheduled_on,1.0
1774421673,cpu-stressor-74d6ffcfc4-gghxs,gnn-cluster-worker,scheduled_on,1.0
1774421673,frontend-7868f8655b-25dwq,gnn-cluster-worker,scheduled_on,1.0
1774421673,frontend-7868f8655b-vqjvm,gnn-cluster-worker3,scheduled_on,1.0
1774421673,redis-cache-67d574b944-ll9pf,gnn-cluster-worker2,scheduled_on,1.0
1774421673,workload-generator-667dc97f4f-67vch,gnn-cluster-worker3,scheduled_on,1.0
1774421703,backend-api-669d9964b8-b8qkw,gnn-cluster-worker2,scheduled_on,1.0
1774421703,backend-api-669d9964b8-qblwm,gnn-cluster-worker3,scheduled_on,1.0
1774421703,cpu-stressor-74d6ffcfc4-gghxs,gnn-cluster-worker,scheduled_on,1.0
1774421703,frontend-7868f8655b-25dwq,gnn-cluster-worker,scheduled_on,1.0
1774421703,frontend-7868f8655b-vqjvm,gnn-cluster-worker3,scheduled_on,1.0
1774421703,redis-cache-67d574b944-ll9pf,gnn-cluster-worker2,scheduled_on,1.0
1774421703,workload-generator-667dc97f4f-67vch,gnn-cluster-worker3,scheduled_on,1.0
1774421733,backend-api-669d9964b8-b8qkw,gnn-cluster-worker2,scheduled_on,1.0
1774421733,backend-api-669d9964b8-qblwm,gnn-cluster-worker3,scheduled_on,1.0
1774421733,cpu-stressor-74d6ffcfc4-gghxs,gnn-cluster-worker,scheduled_on,1.0
1774421733,frontend-7868f8655b-25dwq,gnn-cluster-worker,scheduled_on,1.0
1774421733,frontend-7868f8655b-vqjvm,gnn-cluster-worker3,scheduled_on,1.0
1774421733,redis-cache-67d574b944-ll9pf,gnn-cluster-worker2,scheduled_on,1.0
1774421733,workload-generator-667dc97f4f-67vch,gnn-cluster-worker3,scheduled_on,1.0
1774421763,backend-api-669d9964b8-b8qkw,gnn-cluster-worker2,scheduled_on,1.0
1774421763,backend-api-669d9964b8-qblwm,gnn-cluster-worker3,scheduled_on,1.0
1774421763,cpu-stressor-74d6ffcfc4-gghxs,gnn-cluster-worker,scheduled_on,1.0
1774421763,frontend-7868f8655b-25dwq,gnn-cluster-worker,scheduled_on,1.0
1774421763,frontend-7868f8655b-vqjvm,gnn-cluster-worker3,scheduled_on,1.0
1774421763,redis-cache-67d574b944-ll9pf,gnn-cluster-worker2,scheduled_on,1.0
1774421763,workload-generator-667dc97f4f-67vch,gnn-cluster-worker3,scheduled_on,1.0
1774421793,backend-api-669d9964b8-b8qkw,gnn-cluster-worker2,scheduled_on,1.0
1774421793,backend-api-669d9964b8-qblwm,gnn-cluster-worker3,scheduled_on,1.0
1774421793,cpu-stressor-74d6ffcfc4-gghxs,gnn-cluster-worker,scheduled_on,1.0
1774421793,frontend-7868f8655b-25dwq,gnn-cluster-worker,scheduled_on,1.0
1774421793,frontend-7868f8655b-vqjvm,gnn-cluster-worker3,scheduled_on,1.0
1774421793,redis-cache-67d574b944-ll9pf,gnn-cluster-worker2,scheduled_on,1.0
1774421793,workload-generator-667dc97f4f-67vch,gnn-cluster-worker3,scheduled_on,1.0
1774421823,backend-api-669d9964b8-b8qkw,gnn-cluster-worker2,scheduled_on,1.0
1774421823,backend-api-669d9964b8-qblwm,gnn-cluster-worker3,scheduled_on,1.0
1774421823,cpu-stressor-74d6ffcfc4-gghxs,gnn-cluster-worker,scheduled_on,1.0
1774421823,frontend-7868f8655b-25dwq,gnn-cluster-worker,scheduled_on,1.0
1774421823,frontend-7868f8655b-vqjvm,gnn-cluster-worker3,scheduled_on,1.0
1774421823,redis-cache-67d574b944-ll9pf,gnn-cluster-worker2,scheduled_on,1.0
1774421823,workload-generator-667dc97f4f-67vch,gnn-cluster-worker3,scheduled_on,1.0
1774421853,backend-api-669d9964b8-b8qkw,gnn-cluster-worker2,scheduled_on,1.0
1774421853,backend-api-669d9964b8-qblwm,gnn-cluster-worker3,scheduled_on,1.0
1774421853,cpu-stressor-74d6ffcfc4-gghxs,gnn-cluster-worker,scheduled_on,1.0
1774421853,frontend-7868f8655b-25dwq,gnn-cluster-worker,scheduled_on,1.0
1774421853,frontend-7868f8655b-vqjvm,gnn-cluster-worker3,scheduled_on,1.0
1774421853,redis-cache-67d574b944-ll9pf,gnn-cluster-worker2,scheduled_on,1.0
1774421853,workload-generator-667dc97f4f-67vch,gnn-cluster-worker3,scheduled_on,1.0
1774421883,backend-api-669d9964b8-b8qkw,gnn-cluster-worker2,scheduled_on,1.0
1774421883,backend-api-669d9964b8-qblwm,gnn-cluster-worker3,scheduled_on,1.0
1774421883,cpu-stressor-74d6ffcfc4-gghxs,gnn-cluster-worker,scheduled_on,1.0
1774421883,frontend-7868f8655b-25dwq,gnn-cluster-worker,scheduled_on,1.0
1774421883,frontend-7868f8655b-vqjvm,gnn-cluster-worker3,scheduled_on,1.0
1774421883,redis-cache-67d574b944-ll9pf,gnn-cluster-worker2,scheduled_on,1.0
1774421883,workload-generator-667dc97f4f-67vch,gnn-cluster-worker3,scheduled_on,1.0
1774421913,backend-api-669d9964b8-b8qkw,gnn-cluster-worker2,scheduled_on,1.0
1774421913,backend-api-669d9964b8-qblwm,gnn-cluster-worker3,scheduled_on,1.0
1774421913,cpu-stressor-74d6ffcfc4-gghxs,gnn-cluster-worker,scheduled_on,1.0
1774421913,frontend-7868f8655b-25dwq,gnn-cluster-worker,scheduled_on,1.0
1774421913,frontend-7868f8655b-vqjvm,gnn-cluster-worker3,scheduled_on,1.0
1774421913,redis-cache-67d574b944-ll9pf,gnn-cluster-worker2,scheduled_on,1.0
1774421913,workload-generator-667dc97f4f-67vch,gnn-cluster-worker3,scheduled_on,1.0
1774421943,backend-api-669d9964b8-b8qkw,gnn-cluster-worker2,scheduled_on,1.0
1774421943,backend-api-669d9964b8-qblwm,gnn-cluster-worker3,scheduled_on,1.0
1774421943,cpu-stressor-74d6ffcfc4-gghxs,gnn-cluster-worker,scheduled_on,1.0
1774421943,frontend-7868f8655b-25dwq,gnn-cluster-worker,scheduled_on,1.0
1774421943,frontend-7868f8655b-vqjvm,gnn-cluster-worker3,scheduled_on,1.0
1774421943,redis-cache-67d574b944-ll9pf,gnn-cluster-worker2,scheduled_on,1.0
1774421943,workload-generator-667dc97f4f-67vch,gnn-cluster-worker3,scheduled_on,1.0
1774421973,backend-api-669d9964b8-b8qkw,gnn-cluster-worker2,scheduled_on,1.0
1774421973,backend-api-669d9964b8-qblwm,gnn-cluster-worker3,scheduled_on,1.0
1774421973,cpu-stressor-74d6ffcfc4-gghxs,gnn-cluster-worker,scheduled_on,1.0
1774421973,frontend-7868f8655b-25dwq,gnn-cluster-worker,scheduled_on,1.0
1774421973,frontend-7868f8655b-vqjvm,gnn-cluster-worker3,scheduled_on,1.0
1774421973,redis-cache-67d574b944-ll9pf,gnn-cluster-worker2,scheduled_on,1.0
1774421973,workload-generator-667dc97f4f-67vch,gnn-cluster-worker3,scheduled_on,1.0
1774422004,backend-api-669d9964b8-b8qkw,gnn-cluster-worker2,scheduled_on,1.0
1774422004,backend-api-669d9964b8-qblwm,gnn-cluster-worker3,scheduled_on,1.0
1774422004,cpu-stressor-74d6ffcfc4-gghxs,gnn-cluster-worker,scheduled_on,1.0
1774422004,frontend-7868f8655b-25dwq,gnn-cluster-worker,scheduled_on,1.0
1774422004,frontend-7868f8655b-vqjvm,gnn-cluster-worker3,scheduled_on,1.0
1774422004,redis-cache-67d574b944-ll9pf,gnn-cluster-worker2,scheduled_on,1.0
1774422004,workload-generator-667dc97f4f-67vch,gnn-cluster-worker3,scheduled_on,1.0
1774422034,backend-api-669d9964b8-b8qkw,gnn-cluster-worker2,scheduled_on,1.0
1774422034,backend-api-669d9964b8-qblwm,gnn-cluster-worker3,scheduled_on,1.0
1774422034,cpu-stressor-74d6ffcfc4-gghxs,gnn-cluster-worker,scheduled_on,1.0
1774422034,frontend-7868f8655b-25dwq,gnn-cluster-worker,scheduled_on,1.0
1774422034,frontend-7868f8655b-vqjvm,gnn-cluster-worker3,scheduled_on,1.0
1774422034,redis-cache-67d574b944-ll9pf,gnn-cluster-worker2,scheduled_on,1.0
1774422034,workload-generator-667dc97f4f-67vch,gnn-cluster-worker3,scheduled_on,1.0
1774422064,backend-api-669d9964b8-b8qkw,gnn-cluster-worker2,scheduled_on,1.0
1774422064,backend-api-669d9964b8-qblwm,gnn-cluster-worker3,scheduled_on,1.0
1774422064,cpu-stressor-74d6ffcfc4-gghxs,gnn-cluster-worker,scheduled_on,1.0
1774422064,frontend-7868f8655b-25dwq,gnn-cluster-worker,scheduled_on,1.0
1774422064,frontend-7868f8655b-vqjvm,gnn-cluster-worker3,scheduled_on,1.0
1774422064,redis-cache-67d574b944-ll9pf,gnn-cluster-worker2,scheduled_on,1.0
1774422064,workload-generator-667dc97f4f-67vch,gnn-cluster-worker3,scheduled_on,1.0
1774422094,backend-api-669d9964b8-b8qkw,gnn-cluster-worker2,scheduled_on,1.0
1774422094,backend-api-669d9964b8-qblwm,gnn-cluster-worker3,scheduled_on,1.0
1774422094,cpu-stressor-74d6ffcfc4-gghxs,gnn-cluster-worker,scheduled_on,1.0
1774422094,frontend-7868f8655b-25dwq,gnn-cluster-worker,scheduled_on,1.0
1774422094,frontend-7868f8655b-vqjvm,gnn-cluster-worker3,scheduled_on,1.0
1774422094,redis-cache-67d574b944-ll9pf,gnn-cluster-worker2,scheduled_on,1.0
1774422094,workload-generator-667dc97f4f-67vch,gnn-cluster-worker3,scheduled_on,1.0
1774422124,backend-api-669d9964b8-b8qkw,gnn-cluster-worker2,scheduled_on,1.0
1774422124,backend-api-669d9964b8-qblwm,gnn-cluster-worker3,scheduled_on,1.0
1774422124,cpu-stressor-74d6ffcfc4-gghxs,gnn-cluster-worker,scheduled_on,1.0
1774422124,frontend-7868f8655b-25dwq,gnn-cluster-worker,scheduled_on,1.0
1774422124,frontend-7868f8655b-vqjvm,gnn-cluster-worker3,scheduled_on,1.0
1774422124,redis-cache-67d574b944-ll9pf,gnn-cluster-worker2,scheduled_on,1.0
1774422124,workload-generator-667dc97f4f-67vch,gnn-cluster-worker3,scheduled_on,1.0
1774422154,backend-api-669d9964b8-b8qkw,gnn-cluster-worker2,scheduled_on,1.0
1774422154,backend-api-669d9964b8-qblwm,gnn-cluster-worker3,scheduled_on,1.0
1774422154,cpu-stressor-74d6ffcfc4-gghxs,gnn-cluster-worker,scheduled_on,1.0
1774422154,frontend-7868f8655b-25dwq,gnn-cluster-worker,scheduled_on,1.0
1774422154,frontend-7868f8655b-vqjvm,gnn-cluster-worker3,scheduled_on,1.0
1774422154,redis-cache-67d574b944-ll9pf,gnn-cluster-worker2,scheduled_on,1.0
1774422154,workload-generator-667dc97f4f-67vch,gnn-cluster-worker3,scheduled_on,1.0
1774422184,backend-api-669d9964b8-b8qkw,gnn-cluster-worker2,scheduled_on,1.0
1774422184,backend-api-669d9964b8-qblwm,gnn-cluster-worker3,scheduled_on,1.0
1774422184,cpu-stressor-74d6ffcfc4-gghxs,gnn-cluster-worker,scheduled_on,1.0
1774422184,frontend-7868f8655b-25dwq,gnn-cluster-worker,scheduled_on,1.0
1774422184,frontend-7868f8655b-vqjvm,gnn-cluster-worker3,scheduled_on,1.0
1774422184,redis-cache-67d574b944-ll9pf,gnn-cluster-worker2,scheduled_on,1.0
1774422184,workload-generator-667dc97f4f-67vch,gnn-cluster-worker3,scheduled_on,1.0
1774422214,backend-api-669d9964b8-b8qkw,gnn-cluster-worker2,scheduled_on,1.0
1774422214,backend-api-669d9964b8-qblwm,gnn-cluster-worker3,scheduled_on,1.0
1774422214,cpu-stressor-74d6ffcfc4-gghxs,gnn-cluster-worker,scheduled_on,1.0
1774422214,frontend-7868f8655b-25dwq,gnn-cluster-worker,scheduled_on,1.0
1774422214,frontend-7868f8655b-vqjvm,gnn-cluster-worker3,scheduled_on,1.0
1774422214,redis-cache-67d574b944-ll9pf,gnn-cluster-worker2,scheduled_on,1.0
1774422214,workload-generator-667dc97f4f-67vch,gnn-cluster-worker3,scheduled_on,1.0
1774422244,backend-api-669d9964b8-b8qkw,gnn-cluster-worker2,scheduled_on,1.0
1774422244,backend-api-669d9964b8-qblwm,gnn-cluster-worker3,scheduled_on,1.0
1774422244,cpu-stressor-74d6ffcfc4-gghxs,gnn-cluster-worker,scheduled_on,1.0
1774422244,frontend-7868f8655b-25dwq,gnn-cluster-worker,scheduled_on,1.0
1774422244,frontend-7868f8655b-vqjvm,gnn-cluster-worker3,scheduled_on,1.0
1774422244,redis-cache-67d574b944-ll9pf,gnn-cluster-worker2,scheduled_on,1.0
1774422244,workload-generator-667dc97f4f-67vch,gnn-cluster-worker3,scheduled_on,1.0
1774422274,backend-api-669d9964b8-b8qkw,gnn-cluster-worker2,scheduled_on,1.0
1774422274,backend-api-669d9964b8-qblwm,gnn-cluster-worker3,scheduled_on,1.0
1774422274,cpu-stressor-74d6ffcfc4-gghxs,gnn-cluster-worker,scheduled_on,1.0
1774422274,frontend-7868f8655b-25dwq,gnn-cluster-worker,scheduled_on,1.0
1774422274,frontend-7868f8655b-vqjvm,gnn-cluster-worker3,scheduled_on,1.0
1774422274,redis-cache-67d574b944-ll9pf,gnn-cluster-worker2,scheduled_on,1.0
1774422274,workload-generator-667dc97f4f-67vch,gnn-cluster-worker3,scheduled_on,1.0
1774422304,backend-api-669d9964b8-b8qkw,gnn-cluster-worker2,scheduled_on,1.0
1774422304,backend-api-669d9964b8-qblwm,gnn-cluster-worker3,scheduled_on,1.0
1774422304,cpu-stressor-74d6ffcfc4-gghxs,gnn-cluster-worker,scheduled_on,1.0
1774422304,frontend-7868f8655b-25dwq,gnn-cluster-worker,scheduled_on,1.0
1774422304,frontend-7868f8655b-vqjvm,gnn-cluster-worker3,scheduled_on,1.0
1774422304,redis-cache-67d574b944-ll9pf,gnn-cluster-worker2,scheduled_on,1.0
1774422304,workload-generator-667dc97f4f-67vch,gnn-cluster-worker3,scheduled_on,1.0
1774422334,backend-api-669d9964b8-b8qkw,gnn-cluster-worker2,scheduled_on,1.0
1774422334,backend-api-669d9964b8-qblwm,gnn-cluster-worker3,scheduled_on,1.0
1774422334,cpu-stressor-74d6ffcfc4-gghxs,gnn-cluster-worker,scheduled_on,1.0
1774422334,frontend-7868f8655b-25dwq,gnn-cluster-worker,scheduled_on,1.0
1774422334,frontend-7868f8655b-vqjvm,gnn-cluster-worker3,scheduled_on,1.0
1774422334,redis-cache-67d574b944-ll9pf,gnn-cluster-worker2,scheduled_on,1.0
1774422334,workload-generator-667dc97f4f-67vch,gnn-cluster-worker3,scheduled_on,1.0
1774422364,backend-api-669d9964b8-b8qkw,gnn-cluster-worker2,scheduled_on,1.0
1774422364,backend-api-669d9964b8-qblwm,gnn-cluster-worker3,scheduled_on,1.0
1774422364,cpu-stressor-74d6ffcfc4-gghxs,gnn-cluster-worker,scheduled_on,1.0
1774422364,frontend-7868f8655b-25dwq,gnn-cluster-worker,scheduled_on,1.0
1774422364,frontend-7868f8655b-vqjvm,gnn-cluster-worker3,scheduled_on,1.0
1774422364,redis-cache-67d574b944-ll9pf,gnn-cluster-worker2,scheduled_on,1.0
1774422364,workload-generator-667dc97f4f-67vch,gnn-cluster-worker3,scheduled_on,1.0
1774422394,backend-api-669d9964b8-b8qkw,gnn-cluster-worker2,scheduled_on,1.0
1774422394,backend-api-669d9964b8-qblwm,gnn-cluster-worker3,scheduled_on,1.0
1774422394,cpu-stressor-74d6ffcfc4-gghxs,gnn-cluster-worker,scheduled_on,1.0
1774422394,frontend-7868f8655b-25dwq,gnn-cluster-worker,scheduled_on,1.0
1774422394,frontend-7868f8655b-vqjvm,gnn-cluster-worker3,scheduled_on,1.0
1774422394,redis-cache-67d574b944-ll9pf,gnn-cluster-worker2,scheduled_on,1.0
1774422394,workload-generator-667dc97f4f-67vch,gnn-cluster-worker3,scheduled_on,1.0
1774422424,backend-api-669d9964b8-b8qkw,gnn-cluster-worker2,scheduled_on,1.0
1774422424,backend-api-669d9964b8-qblwm,gnn-cluster-worker3,scheduled_on,1.0
1774422424,cpu-stressor-74d6ffcfc4-gghxs,gnn-cluster-worker,scheduled_on,1.0
1774422424,frontend-7868f8655b-25dwq,gnn-cluster-worker,scheduled_on,1.0
1774422424,frontend-7868f8655b-vqjvm,gnn-cluster-worker3,scheduled_on,1.0
1774422424,redis-cache-67d574b944-ll9pf,gnn-cluster-worker2,scheduled_on,1.0
1774422424,workload-generator-667dc97f4f-67vch,gnn-cluster-worker3,scheduled_on,1.0
1774422454,backend-api-669d9964b8-b8qkw,gnn-cluster-worker2,scheduled_on,1.0
1774422454,backend-api-669d9964b8-qblwm,gnn-cluster-worker3,scheduled_on,1.0
1774422454,cpu-stressor-74d6ffcfc4-gghxs,gnn-cluster-worker,scheduled_on,1.0
1774422454,frontend-7868f8655b-25dwq,gnn-cluster-worker,scheduled_on,1.0
1774422454,frontend-7868f8655b-vqjvm,gnn-cluster-worker3,scheduled_on,1.0
1774422454,redis-cache-67d574b944-ll9pf,gnn-cluster-worker2,scheduled_on,1.0
1774422454,workload-generator-667dc97f4f-67vch,gnn-cluster-worker3,scheduled_on,1.0
1774422484,backend-api-669d9964b8-b8qkw,gnn-cluster-worker2,scheduled_on,1.0
1774422484,backend-api-669d9964b8-qblwm,gnn-cluster-worker3,scheduled_on,1.0
1774422484,cpu-stressor-74d6ffcfc4-gghxs,gnn-cluster-worker,scheduled_on,1.0
1774422484,frontend-7868f8655b-25dwq,gnn-cluster-worker,scheduled_on,1.0
1774422484,frontend-7868f8655b-vqjvm,gnn-cluster-worker3,scheduled_on,1.0
1774422484,redis-cache-67d574b944-ll9pf,gnn-cluster-worker2,scheduled_on,1.0
1774422484,workload-generator-667dc97f4f-67vch,gnn-cluster-worker3,scheduled_on,1.0
1774422514,backend-api-669d9964b8-b8qkw,gnn-cluster-worker2,scheduled_on,1.0
1774422514,backend-api-669d9964b8-qblwm,gnn-cluster-worker3,scheduled_on,1.0
1774422514,cpu-stressor-74d6ffcfc4-gghxs,gnn-cluster-worker,scheduled_on,1.0
1774422514,frontend-7868f8655b-25dwq,gnn-cluster-worker,scheduled_on,1.0
1774422514,frontend-7868f8655b-vqjvm,gnn-cluster-worker3,scheduled_on,1.0
1774422514,redis-cache-67d574b944-ll9pf,gnn-cluster-worker2,scheduled_on,1.0
1774422514,workload-generator-667dc97f4f-67vch,gnn-cluster-worker3,scheduled_on,1.0
1774422544,backend-api-669d9964b8-b8qkw,gnn-cluster-worker2,scheduled_on,1.0
1774422544,backend-api-669d9964b8-qblwm,gnn-cluster-worker3,scheduled_on,1.0
1774422544,cpu-stressor-74d6ffcfc4-gghxs,gnn-cluster-worker,scheduled_on,1.0
1774422544,frontend-7868f8655b-25dwq,gnn-cluster-worker,scheduled_on,1.0
1774422544,frontend-7868f8655b-vqjvm,gnn-cluster-worker3,scheduled_on,1.0
1774422544,redis-cache-67d574b944-ll9pf,gnn-cluster-worker2,scheduled_on,1.0
1774422544,workload-generator-667dc97f4f-67vch,gnn-cluster-worker3,scheduled_on,1.0
1774422574,backend-api-669d9964b8-b8qkw,gnn-cluster-worker2,scheduled_on,1.0
1774422574,backend-api-669d9964b8-qblwm,gnn-cluster-worker3,scheduled_on,1.0
1774422574,cpu-stressor-74d6ffcfc4-gghxs,gnn-cluster-worker,scheduled_on,1.0
1774422574,frontend-7868f8655b-25dwq,gnn-cluster-worker,scheduled_on,1.0
1774422574,frontend-7868f8655b-vqjvm,gnn-cluster-worker3,scheduled_on,1.0
1774422574,redis-cache-67d574b944-ll9pf,gnn-cluster-worker2,scheduled_on,1.0
1774422574,workload-generator-667dc97f4f-67vch,gnn-cluster-worker3,scheduled_on,1.0
1774422605,backend-api-669d9964b8-b8qkw,gnn-cluster-worker2,scheduled_on,1.0
1774422605,backend-api-669d9964b8-qblwm,gnn-cluster-worker3,scheduled_on,1.0
1774422605,cpu-stressor-74d6ffcfc4-gghxs,gnn-cluster-worker,scheduled_on,1.0
1774422605,frontend-7868f8655b-25dwq,gnn-cluster-worker,scheduled_on,1.0
1774422605,frontend-7868f8655b-vqjvm,gnn-cluster-worker3,scheduled_on,1.0
1774422605,redis-cache-67d574b944-ll9pf,gnn-cluster-worker2,scheduled_on,1.0
1774422605,workload-generator-667dc97f4f-67vch,gnn-cluster-worker3,scheduled_on,1.0
1774422635,backend-api-669d9964b8-b8qkw,gnn-cluster-worker2,scheduled_on,1.0
1774422635,backend-api-669d9964b8-qblwm,gnn-cluster-worker3,scheduled_on,1.0
1774422635,cpu-stressor-74d6ffcfc4-gghxs,gnn-cluster-worker,scheduled_on,1.0
1774422635,frontend-7868f8655b-25dwq,gnn-cluster-worker,scheduled_on,1.0
1774422635,frontend-7868f8655b-vqjvm,gnn-cluster-worker3,scheduled_on,1.0
1774422635,redis-cache-67d574b944-ll9pf,gnn-cluster-worker2,scheduled_on,1.0
1774422635,workload-generator-667dc97f4f-67vch,gnn-cluster-worker3,scheduled_on,1.0
1774422665,backend-api-669d9964b8-b8qkw,gnn-cluster-worker2,scheduled_on,1.0
1774422665,backend-api-669d9964b8-qblwm,gnn-cluster-worker3,scheduled_on,1.0
1774422665,cpu-stressor-74d6ffcfc4-gghxs,gnn-cluster-worker,scheduled_on,1.0
1774422665,frontend-7868f8655b-25dwq,gnn-cluster-worker,scheduled_on,1.0
1774422665,frontend-7868f8655b-vqjvm,gnn-cluster-worker3,scheduled_on,1.0
1774422665,redis-cache-67d574b944-ll9pf,gnn-cluster-worker2,scheduled_on,1.0
1774422665,workload-generator-667dc97f4f-67vch,gnn-cluster-worker3,scheduled_on,1.0
1774425410,backend-api-669d9964b8-b8qkw,gnn-cluster-worker2,scheduled_on,1.0
1774425410,backend-api-669d9964b8-qblwm,gnn-cluster-worker3,scheduled_on,1.0
1774425410,cpu-stressor-74d6ffcfc4-gghxs,gnn-cluster-worker,scheduled_on,1.0
1774425410,frontend-7868f8655b-25dwq,gnn-cluster-worker,scheduled_on,1.0
1774425410,frontend-7868f8655b-vqjvm,gnn-cluster-worker3,scheduled_on,1.0
1774425410,redis-cache-67d574b944-ll9pf,gnn-cluster-worker2,scheduled_on,1.0
1774425410,workload-generator-667dc97f4f-67vch,gnn-cluster-worker3,scheduled_on,1.0
1774425440,backend-api-669d9964b8-b8qkw,gnn-cluster-worker2,scheduled_on,1.0
1774425440,backend-api-669d9964b8-qblwm,gnn-cluster-worker3,scheduled_on,1.0
1774425440,cpu-stressor-74d6ffcfc4-gghxs,gnn-cluster-worker,scheduled_on,1.0
1774425440,frontend-7868f8655b-25dwq,gnn-cluster-worker,scheduled_on,1.0
1774425440,frontend-7868f8655b-vqjvm,gnn-cluster-worker3,scheduled_on,1.0
1774425440,redis-cache-67d574b944-ll9pf,gnn-cluster-worker2,scheduled_on,1.0
1774425440,workload-generator-667dc97f4f-67vch,gnn-cluster-worker3,scheduled_on,1.0
1774425470,backend-api-669d9964b8-b8qkw,gnn-cluster-worker2,scheduled_on,1.0
1774425470,backend-api-669d9964b8-qblwm,gnn-cluster-worker3,scheduled_on,1.0
1774425470,cpu-stressor-74d6ffcfc4-gghxs,gnn-cluster-worker,scheduled_on,1.0
1774425470,frontend-7868f8655b-25dwq,gnn-cluster-worker,scheduled_on,1.0
1774425470,frontend-7868f8655b-vqjvm,gnn-cluster-worker3,scheduled_on,1.0
1774425470,redis-cache-67d574b944-ll9pf,gnn-cluster-worker2,scheduled_on,1.0
1774425470,workload-generator-667dc97f4f-67vch,gnn-cluster-worker3,scheduled_on,1.0
1774425500,backend-api-669d9964b8-b8qkw,gnn-cluster-worker2,scheduled_on,1.0
1774425500,backend-api-669d9964b8-qblwm,gnn-cluster-worker3,scheduled_on,1.0
1774425500,cpu-stressor-74d6ffcfc4-gghxs,gnn-cluster-worker,scheduled_on,1.0
1774425500,frontend-7868f8655b-25dwq,gnn-cluster-worker,scheduled_on,1.0
1774425500,frontend-7868f8655b-vqjvm,gnn-cluster-worker3,scheduled_on,1.0
1774425500,redis-cache-67d574b944-ll9pf,gnn-cluster-worker2,scheduled_on,1.0
1774425500,workload-generator-667dc97f4f-67vch,gnn-cluster-worker3,scheduled_on,1.0
1774425530,backend-api-669d9964b8-b8qkw,gnn-cluster-worker2,scheduled_on,1.0
1774425530,backend-api-669d9964b8-qblwm,gnn-cluster-worker3,scheduled_on,1.0
1774425530,cpu-stressor-74d6ffcfc4-gghxs,gnn-cluster-worker,scheduled_on,1.0
1774425530,frontend-7868f8655b-25dwq,gnn-cluster-worker,scheduled_on,1.0
1774425530,frontend-7868f8655b-vqjvm,gnn-cluster-worker3,scheduled_on,1.0
1774425530,redis-cache-67d574b944-ll9pf,gnn-cluster-worker2,scheduled_on,1.0
1774425530,workload-generator-667dc97f4f-67vch,gnn-cluster-worker3,scheduled_on,1.0
1774425560,backend-api-669d9964b8-b8qkw,gnn-cluster-worker2,scheduled_on,1.0
1774425560,backend-api-669d9964b8-qblwm,gnn-cluster-worker3,scheduled_on,1.0
1774425560,cpu-stressor-74d6ffcfc4-gghxs,gnn-cluster-worker,scheduled_on,1.0
1774425560,frontend-7868f8655b-25dwq,gnn-cluster-worker,scheduled_on,1.0
1774425560,frontend-7868f8655b-vqjvm,gnn-cluster-worker3,scheduled_on,1.0
1774425560,redis-cache-67d574b944-ll9pf,gnn-cluster-worker2,scheduled_on,1.0
1774425560,workload-generator-667dc97f4f-67vch,gnn-cluster-worker3,scheduled_on,1.0
1774425590,backend-api-669d9964b8-b8qkw,gnn-cluster-worker2,scheduled_on,1.0
1774425590,backend-api-669d9964b8-qblwm,gnn-cluster-worker3,scheduled_on,1.0
1774425590,cpu-stressor-74d6ffcfc4-gghxs,gnn-cluster-worker,scheduled_on,1.0
1774425590,frontend-7868f8655b-25dwq,gnn-cluster-worker,scheduled_on,1.0
1774425590,frontend-7868f8655b-vqjvm,gnn-cluster-worker3,scheduled_on,1.0
1774425590,redis-cache-67d574b944-ll9pf,gnn-cluster-worker2,scheduled_on,1.0
1774425590,workload-generator-667dc97f4f-67vch,gnn-cluster-worker3,scheduled_on,1.0
1774425620,backend-api-669d9964b8-b8qkw,gnn-cluster-worker2,scheduled_on,1.0
1774425620,backend-api-669d9964b8-qblwm,gnn-cluster-worker3,scheduled_on,1.0
1774425620,cpu-stressor-74d6ffcfc4-gghxs,gnn-cluster-worker,scheduled_on,1.0
1774425620,frontend-7868f8655b-25dwq,gnn-cluster-worker,scheduled_on,1.0
1774425620,frontend-7868f8655b-vqjvm,gnn-cluster-worker3,scheduled_on,1.0
1774425620,redis-cache-67d574b944-ll9pf,gnn-cluster-worker2,scheduled_on,1.0
1774425620,workload-generator-667dc97f4f-67vch,gnn-cluster-worker3,scheduled_on,1.0
1774425650,backend-api-669d9964b8-b8qkw,gnn-cluster-worker2,scheduled_on,1.0
1774425650,backend-api-669d9964b8-qblwm,gnn-cluster-worker3,scheduled_on,1.0
1774425650,cpu-stressor-74d6ffcfc4-gghxs,gnn-cluster-worker,scheduled_on,1.0
1774425650,frontend-7868f8655b-25dwq,gnn-cluster-worker,scheduled_on,1.0
1774425650,frontend-7868f8655b-vqjvm,gnn-cluster-worker3,scheduled_on,1.0
1774425650,redis-cache-67d574b944-ll9pf,gnn-cluster-worker2,scheduled_on,1.0
1774425650,workload-generator-667dc97f4f-67vch,gnn-cluster-worker3,scheduled_on,1.0
1774425680,backend-api-669d9964b8-b8qkw,gnn-cluster-worker2,scheduled_on,1.0
1774425680,backend-api-669d9964b8-qblwm,gnn-cluster-worker3,scheduled_on,1.0
1774425680,cpu-stressor-74d6ffcfc4-gghxs,gnn-cluster-worker,scheduled_on,1.0
1774425680,frontend-7868f8655b-25dwq,gnn-cluster-worker,scheduled_on,1.0
1774425680,frontend-7868f8655b-vqjvm,gnn-cluster-worker3,scheduled_on,1.0
1774425680,redis-cache-67d574b944-ll9pf,gnn-cluster-worker2,scheduled_on,1.0
1774425680,workload-generator-667dc97f4f-67vch,gnn-cluster-worker3,scheduled_on,1.0
1774425711,backend-api-669d9964b8-b8qkw,gnn-cluster-worker2,scheduled_on,1.0
1774425711,backend-api-669d9964b8-qblwm,gnn-cluster-worker3,scheduled_on,1.0
1774425711,cpu-stressor-74d6ffcfc4-gghxs,gnn-cluster-worker,scheduled_on,1.0
1774425711,frontend-7868f8655b-25dwq,gnn-cluster-worker,scheduled_on,1.0
1774425711,frontend-7868f8655b-vqjvm,gnn-cluster-worker3,scheduled_on,1.0
1774425711,redis-cache-67d574b944-ll9pf,gnn-cluster-worker2,scheduled_on,1.0
1774425711,workload-generator-667dc97f4f-67vch,gnn-cluster-worker3,scheduled_on,1.0
1774425741,backend-api-669d9964b8-b8qkw,gnn-cluster-worker2,scheduled_on,1.0
1774425741,backend-api-669d9964b8-qblwm,gnn-cluster-worker3,scheduled_on,1.0
1774425741,cpu-stressor-74d6ffcfc4-gghxs,gnn-cluster-worker,scheduled_on,1.0
1774425741,frontend-7868f8655b-25dwq,gnn-cluster-worker,scheduled_on,1.0
1774425741,frontend-7868f8655b-vqjvm,gnn-cluster-worker3,scheduled_on,1.0
1774425741,redis-cache-67d574b944-ll9pf,gnn-cluster-worker2,scheduled_on,1.0
1774425741,workload-generator-667dc97f4f-67vch,gnn-cluster-worker3,scheduled_on,1.0
1774425771,backend-api-669d9964b8-b8qkw,gnn-cluster-worker2,scheduled_on,1.0
1774425771,backend-api-669d9964b8-qblwm,gnn-cluster-worker3,scheduled_on,1.0
1774425771,cpu-stressor-74d6ffcfc4-gghxs,gnn-cluster-worker,scheduled_on,1.0
1774425771,frontend-7868f8655b-25dwq,gnn-cluster-worker,scheduled_on,1.0
1774425771,frontend-7868f8655b-vqjvm,gnn-cluster-worker3,scheduled_on,1.0
1774425771,redis-cache-67d574b944-ll9pf,gnn-cluster-worker2,scheduled_on,1.0
1774425771,workload-generator-667dc97f4f-67vch,gnn-cluster-worker3,scheduled_on,1.0
1774425801,backend-api-669d9964b8-b8qkw,gnn-cluster-worker2,scheduled_on,1.0
1774425801,backend-api-669d9964b8-qblwm,gnn-cluster-worker3,scheduled_on,1.0
1774425801,cpu-stressor-74d6ffcfc4-gghxs,gnn-cluster-worker,scheduled_on,1.0
1774425801,frontend-7868f8655b-25dwq,gnn-cluster-worker,scheduled_on,1.0
1774425801,frontend-7868f8655b-vqjvm,gnn-cluster-worker3,scheduled_on,1.0
1774425801,redis-cache-67d574b944-ll9pf,gnn-cluster-worker2,scheduled_on,1.0
1774425801,workload-generator-667dc97f4f-67vch,gnn-cluster-worker3,scheduled_on,1.0
1774425831,backend-api-669d9964b8-b8qkw,gnn-cluster-worker2,scheduled_on,1.0
1774425831,backend-api-669d9964b8-qblwm,gnn-cluster-worker3,scheduled_on,1.0
1774425831,cpu-stressor-74d6ffcfc4-gghxs,gnn-cluster-worker,scheduled_on,1.0
1774425831,frontend-7868f8655b-25dwq,gnn-cluster-worker,scheduled_on,1.0
1774425831,frontend-7868f8655b-vqjvm,gnn-cluster-worker3,scheduled_on,1.0
1774425831,redis-cache-67d574b944-ll9pf,gnn-cluster-worker2,scheduled_on,1.0
1774425831,workload-generator-667dc97f4f-67vch,gnn-cluster-worker3,scheduled_on,1.0
1774425861,backend-api-669d9964b8-b8qkw,gnn-cluster-worker2,scheduled_on,1.0
1774425861,backend-api-669d9964b8-qblwm,gnn-cluster-worker3,scheduled_on,1.0
1774425861,cpu-stressor-74d6ffcfc4-gghxs,gnn-cluster-worker,scheduled_on,1.0
1774425861,frontend-7868f8655b-25dwq,gnn-cluster-worker,scheduled_on,1.0
1774425861,frontend-7868f8655b-vqjvm,gnn-cluster-worker3,scheduled_on,1.0
1774425861,redis-cache-67d574b944-ll9pf,gnn-cluster-worker2,scheduled_on,1.0
1774425861,workload-generator-667dc97f4f-67vch,gnn-cluster-worker3,scheduled_on,1.0
1774425891,backend-api-669d9964b8-b8qkw,gnn-cluster-worker2,scheduled_on,1.0
1774425891,backend-api-669d9964b8-qblwm,gnn-cluster-worker3,scheduled_on,1.0
1774425891,cpu-stressor-74d6ffcfc4-gghxs,gnn-cluster-worker,scheduled_on,1.0
1774425891,frontend-7868f8655b-25dwq,gnn-cluster-worker,scheduled_on,1.0
1774425891,frontend-7868f8655b-vqjvm,gnn-cluster-worker3,scheduled_on,1.0
1774425891,redis-cache-67d574b944-ll9pf,gnn-cluster-worker2,scheduled_on,1.0
1774425891,workload-generator-667dc97f4f-67vch,gnn-cluster-worker3,scheduled_on,1.0
1774425921,backend-api-669d9964b8-b8qkw,gnn-cluster-worker2,scheduled_on,1.0
1774425921,backend-api-669d9964b8-qblwm,gnn-cluster-worker3,scheduled_on,1.0
1774425921,cpu-stressor-74d6ffcfc4-gghxs,gnn-cluster-worker,scheduled_on,1.0
1774425921,frontend-7868f8655b-25dwq,gnn-cluster-worker,scheduled_on,1.0
1774425921,frontend-7868f8655b-vqjvm,gnn-cluster-worker3,scheduled_on,1.0
1774425921,redis-cache-67d574b944-ll9pf,gnn-cluster-worker2,scheduled_on,1.0
1774425921,workload-generator-667dc97f4f-67vch,gnn-cluster-worker3,scheduled_on,1.0
1774425951,backend-api-669d9964b8-b8qkw,gnn-cluster-worker2,scheduled_on,1.0
1774425951,backend-api-669d9964b8-qblwm,gnn-cluster-worker3,scheduled_on,1.0
1774425951,cpu-stressor-74d6ffcfc4-gghxs,gnn-cluster-worker,scheduled_on,1.0
1774425951,frontend-7868f8655b-25dwq,gnn-cluster-worker,scheduled_on,1.0
1774425951,frontend-7868f8655b-vqjvm,gnn-cluster-worker3,scheduled_on,1.0
1774425951,redis-cache-67d574b944-ll9pf,gnn-cluster-worker2,scheduled_on,1.0
1774425951,workload-generator-667dc97f4f-67vch,gnn-cluster-worker3,scheduled_on,1.0
1774425981,backend-api-669d9964b8-b8qkw,gnn-cluster-worker2,scheduled_on,1.0
1774425981,backend-api-669d9964b8-qblwm,gnn-cluster-worker3,scheduled_on,1.0
1774425981,cpu-stressor-74d6ffcfc4-gghxs,gnn-cluster-worker,scheduled_on,1.0
1774425981,frontend-7868f8655b-25dwq,gnn-cluster-worker,scheduled_on,1.0
1774425981,frontend-7868f8655b-vqjvm,gnn-cluster-worker3,scheduled_on,1.0
1774425981,redis-cache-67d574b944-ll9pf,gnn-cluster-worker2,scheduled_on,1.0
1774425981,workload-generator-667dc97f4f-67vch,gnn-cluster-worker3,scheduled_on,1.0
1774426011,backend-api-669d9964b8-b8qkw,gnn-cluster-worker2,scheduled_on,1.0
1774426011,backend-api-669d9964b8-qblwm,gnn-cluster-worker3,scheduled_on,1.0
1774426011,cpu-stressor-74d6ffcfc4-gghxs,gnn-cluster-worker,scheduled_on,1.0
1774426011,frontend-7868f8655b-25dwq,gnn-cluster-worker,scheduled_on,1.0
1774426011,frontend-7868f8655b-vqjvm,gnn-cluster-worker3,scheduled_on,1.0
1774426011,redis-cache-67d574b944-ll9pf,gnn-cluster-worker2,scheduled_on,1.0
1774426011,workload-generator-667dc97f4f-67vch,gnn-cluster-worker3,scheduled_on,1.0
1774426041,backend-api-669d9964b8-b8qkw,gnn-cluster-worker2,scheduled_on,1.0
1774426041,backend-api-669d9964b8-qblwm,gnn-cluster-worker3,scheduled_on,1.0
1774426041,cpu-stressor-74d6ffcfc4-gghxs,gnn-cluster-worker,scheduled_on,1.0
1774426041,frontend-7868f8655b-25dwq,gnn-cluster-worker,scheduled_on,1.0
1774426041,frontend-7868f8655b-vqjvm,gnn-cluster-worker3,scheduled_on,1.0
1774426041,redis-cache-67d574b944-ll9pf,gnn-cluster-worker2,scheduled_on,1.0
1774426041,workload-generator-667dc97f4f-67vch,gnn-cluster-worker3,scheduled_on,1.0
1774426071,backend-api-669d9964b8-b8qkw,gnn-cluster-worker2,scheduled_on,1.0
1774426071,backend-api-669d9964b8-qblwm,gnn-cluster-worker3,scheduled_on,1.0
1774426071,cpu-stressor-74d6ffcfc4-gghxs,gnn-cluster-worker,scheduled_on,1.0
1774426071,frontend-7868f8655b-25dwq,gnn-cluster-worker,scheduled_on,1.0
1774426071,frontend-7868f8655b-vqjvm,gnn-cluster-worker3,scheduled_on,1.0
1774426071,redis-cache-67d574b944-ll9pf,gnn-cluster-worker2,scheduled_on,1.0
1774426071,workload-generator-667dc97f4f-67vch,gnn-cluster-worker3,scheduled_on,1.0
1774426101,backend-api-669d9964b8-b8qkw,gnn-cluster-worker2,scheduled_on,1.0
1774426101,backend-api-669d9964b8-qblwm,gnn-cluster-worker3,scheduled_on,1.0
1774426101,cpu-stressor-74d6ffcfc4-gghxs,gnn-cluster-worker,scheduled_on,1.0
1774426101,frontend-7868f8655b-25dwq,gnn-cluster-worker,scheduled_on,1.0
1774426101,frontend-7868f8655b-vqjvm,gnn-cluster-worker3,scheduled_on,1.0
1774426101,redis-cache-67d574b944-ll9pf,gnn-cluster-worker2,scheduled_on,1.0
1774426101,workload-generator-667dc97f4f-67vch,gnn-cluster-worker3,scheduled_on,1.0
1774426131,backend-api-669d9964b8-b8qkw,gnn-cluster-worker2,scheduled_on,1.0
1774426131,backend-api-669d9964b8-qblwm,gnn-cluster-worker3,scheduled_on,1.0
1774426131,cpu-stressor-74d6ffcfc4-gghxs,gnn-cluster-worker,scheduled_on,1.0
1774426131,frontend-7868f8655b-25dwq,gnn-cluster-worker,scheduled_on,1.0
1774426131,frontend-7868f8655b-vqjvm,gnn-cluster-worker3,scheduled_on,1.0
1774426131,redis-cache-67d574b944-ll9pf,gnn-cluster-worker2,scheduled_on,1.0
1774426131,workload-generator-667dc97f4f-67vch,gnn-cluster-worker3,scheduled_on,1.0
1774426161,backend-api-669d9964b8-b8qkw,gnn-cluster-worker2,scheduled_on,1.0
1774426161,backend-api-669d9964b8-qblwm,gnn-cluster-worker3,scheduled_on,1.0
1774426161,cpu-stressor-74d6ffcfc4-gghxs,gnn-cluster-worker,scheduled_on,1.0
1774426161,frontend-7868f8655b-25dwq,gnn-cluster-worker,scheduled_on,1.0
1774426161,frontend-7868f8655b-vqjvm,gnn-cluster-worker3,scheduled_on,1.0
1774426161,redis-cache-67d574b944-ll9pf,gnn-cluster-worker2,scheduled_on,1.0
1774426161,workload-generator-667dc97f4f-67vch,gnn-cluster-worker3,scheduled_on,1.0
