snapshot_id,timestamp,total_pods,total_nodes,running_pods,pending_pods,failed_pods,avg_pod_cpu,avg_node_cpu,max_pod_cpu,max_node_cpu,avg_pod_memory_mb,avg_node_memory_mb,max_pod_memory_mb,max_node_memory_mb,avg_api_latency_ms,max_api_latency_ms,total_restarts,label
1774286345,2026-03-23T22:49:05.264789,6,4,6,0,0,0.0015370894915146672,0.27785184700426085,0.004611486448648403,0.28266666666666124,11.397135416666666,804.6744791666666,14.73046875,845.94921875,78606231.93647814,1472960388.6589053,0.0,0
1774286375,2026-03-23T22:49:35.326000,6,4,6,0,0,0.0015131816096879396,0.268890933466121,0.004570055532319495,0.27067268161515357,11.16015625,869.0911458333334,14.14453125,956.8984375,78652076.49775292,1475192389.1416922,0.0,0
1774286405,2026-03-23T22:50:05.397621,6,4,6,0,0,0.0017339589781047195,0.31185185185184944,0.005046019605637166,0.32400000000000306,11.504557291666666,868.5234375,14.49609375,900.46484375,78689217.46383876,1475192389.1416922,0.0,0
1774286435,2026-03-23T22:50:35.435727,6,4,6,0,0,0.0022287317756720013,0.3418518486721921,0.007812325685396273,0.3420000000000012,11.473307291666666,828.3619791666666,14.3125,840.32421875,78724092.25230643,1476252392.1856682,0.0,0
1774286465,2026-03-23T22:51:05.477182,6,4,6,0,0,0.0018264268886745178,0.3423653087544534,0.005554138652455506,0.3437777777777806,11.496744791666666,795.6627604166666,14.87890625,817.19921875,78754868.46223107,1478612394.7582474,0.0,0
1774286495,2026-03-23T22:51:35.527045,6,4,6,0,0,0.0023716458665179823,0.3426692066408038,0.008411355769966159,0.3428965088113056,11.514322916666666,774.2473958333334,14.75390625,778.3203125,78790068.31247884,1481959395.5750763,0.0,0
1774286525,2026-03-23T22:52:05.560074,6,4,6,0,0,0.002385501239607692,0.3192616148671585,0.008287171873705403,0.3222222222222194,11.479817708333334,891.0130208333334,14.51171875,924.04296875,78826799.89749488,1482285398.6618223,0.0,0
1774286555,2026-03-23T22:52:35.603242,6,4,6,0,0,0.0021745288025499065,0.3283655375559557,0.007054938911552041,0.3326666666666735,11.521484375,842.2408854166666,14.609375,844.91796875,78853649.94652802,1482285398.6618223,0.0,0
1774286585,2026-03-23T22:53:05.640064,6,4,6,0,0,0.0018501765469708937,0.3254049926462516,0.005498530834771372,0.32599275571654107,11.281901041666666,779.25390625,14.30859375,814.33203125,78888071.31901278,1482285398.6618223,0.0,0
1774286615,2026-03-23T22:53:35.693848,6,4,6,0,0,0.0021154719181877284,0.3371086354459597,0.007424685662147818,0.33933333333334037,11.501302083333334,787.0611979166666,14.48828125,828.33203125,78918571.54634257,1482285398.6618223,0.0,0
1774286645,2026-03-23T22:54:05.736712,6,4,6,0,0,0.001965374437569561,0.32060210752427903,0.006257778401826716,0.321784928553962,11.19921875,870.8854166666666,14.15234375,935.98828125,78943874.52667038,1482285398.6618223,0.0,0
1774286675,2026-03-23T22:54:35.787068,6,4,6,0,0,0.0018812137084936096,0.2863724593056805,0.006924424640543441,0.2902222222222242,11.502604166666666,853.5143229166666,14.5234375,916.109375,78970586.37441723,1482285398.6618223,0.0,0
1774286705,2026-03-23T22:55:05.836852,6,4,6,0,0,0.0015188096229080367,0.3273333186258837,0.004916670477905407,0.32977777777778144,11.83203125,861.91796875,16.76171875,889.7734375,79004510.30165185,1482285398.6618223,0.0,0
1774286735,2026-03-23T22:55:35.890063,6,4,6,0,0,0.0018626322667656603,0.31133565437256955,0.006010647476811253,0.3133402964510233,11.564453125,864.6940104166666,14.734375,897.59375,79072380.01149662,1489203406.6726093,0.0,0
1774286765,2026-03-23T22:56:05.947824,6,4,6,0,0,0.0018096005701621794,0.3319209517689536,0.005505213296615933,0.33354073152304925,11.819661458333334,790.96875,15.6640625,810.96484375,79087604.5350253,1489535408.5020483,0.0,0
1774286796,2026-03-23T22:56:36.003435,6,4,6,0,0,0.0021127367408903946,0.3479337010442732,0.006712003995087156,0.3500233348889891,12.038411458333334,881.78515625,15.41796875,908.65625,79114484.31212153,1490056409.4967604,0.0,0
1774286826,2026-03-23T22:57:06.062610,6,4,6,0,0,0.0018637327287705392,0.32599995401707815,0.005880837055118748,0.32999266682963097,11.964192708333334,893.1536458333334,15.19921875,929.8359375,79134033.63792673,1490056409.4967604,0.0,0
1774286856,2026-03-23T22:57:36.116724,6,4,6,0,0,0.0017299784047658778,0.31378014871837634,0.0051046136927270554,0.3153543569571191,12.244791666666666,828.6197916666666,14.66796875,890.75,79167863.76180023,1490470411.3062265,0.0,0
1774286886,2026-03-23T22:58:06.156322,6,4,6,0,0,0.0016901796610336722,0.3068012256973739,0.005391461325069041,0.30844444444444746,11.520833333333334,878.3528645833334,14.61328125,898.47265625,79208496.98267859,1494043413.0487285,0.0,0
1774286916,2026-03-23T22:58:36.203649,6,4,6,0,0,0.002089596356943594,0.3036969730886407,0.006903723415924703,0.30488888888889176,12.1640625,872.90234375,16.4921875,874.24609375,79257592.9795897,1494043413.0487285,0.0,0
1774286946,2026-03-23T22:59:06.255025,6,4,6,0,0,0.0018668675644416249,0.2893312263842726,0.006247939068736418,0.2922222222222239,11.869140625,915.9869791666666,15.0859375,918.78125,79299802.59233324,1494043413.0487285,0.0,0
1774286976,2026-03-23T22:59:36.305540,6,4,6,0,0,0.0018440818692903713,0.3202962962962928,0.005619477396465081,0.32244444444444037,11.508463541666666,930.4010416666666,14.30859375,933.8984375,79325637.6341355,1494507414.8298295,0.0,0
1774287006,2026-03-23T23:00:06.357491,6,4,6,0,0,0.001983573302558925,0.31851851851851,0.006458660692414191,0.31888888888887795,12.297526041666666,842.1966145833334,16.41796875,908.34375,79349310.10936302,1494507414.8298295,0.0,0
1774287036,2026-03-23T23:00:36.416822,6,4,6,0,0,0.001408645310928623,0.30666891403554963,0.004665617071434255,0.30798631171947377,11.844401041666666,806.6953125,14.4453125,831.6640625,79399327.65834075,1497597416.0826516,0.0,0
1774287066,2026-03-23T23:01:06.466866,6,4,6,0,0,0.001353729434820843,0.2859280165073616,0.00420825765556971,0.2926666666666703,11.845703125,917.0911458333334,15.08203125,932.7421875,79424251.13610715,1497597416.0826516,0.0,0
1774287096,2026-03-23T23:01:36.522269,6,4,6,0,0,0.0016471143979893306,0.2471166026724526,0.00602617043928598,0.24756105691237437,11.962239583333334,908.03125,14.94921875,909.66015625,79450031.5030521,1497597416.0826516,0.0,0
1774287126,2026-03-23T23:02:06.560305,6,4,6,0,0,0.0020332438778190203,0.3001437356792839,0.006759727649054963,0.304680208009241,11.700520833333334,860.546875,14.46875,872.10546875,79485748.32932949,1500115419.8213816,0.0,0
1774287156,2026-03-23T23:02:36.612466,6,4,6,0,0,0.0019232461105065483,0.326666666666669,0.007004331203038543,0.32911111111111185,11.6484375,910.6549479166666,14.1953125,929.140625,79514849.42280327,1500115419.8213816,0.0,0
1774287186,2026-03-23T23:03:06.672109,6,4,6,0,0,0.002255172753660312,0.3283630932735226,0.008228556045909392,0.32977777777778605,11.911458333333334,881.8684895833334,14.96484375,910.12109375,79559847.20884244,1502284422.0666435,0.0,0
1774287216,2026-03-23T23:03:36.736027,6,4,6,0,0,0.0022975823587889806,0.34739454861576297,0.007581224586092247,0.3486666666666717,12.233723958333334,838.4440104166666,15.61328125,865.37109375,79584810.73772782,1502284422.0666435,0.0,0
1774287246,2026-03-23T23:04:06.793306,6,4,6,0,0,0.0017872238852143353,0.33978280998837307,0.006130562079643817,0.3404520100446542,11.760416666666666,803.23828125,14.8203125,818.125,79609030.20323358,1502789423.9645815,0.0,0
1774287276,2026-03-23T23:04:36.851734,6,4,6,0,0,0.0018730325098046375,0.343259251141725,0.0054747483120704075,0.343777777777777,11.623046875,829.7955729166666,14.484375,835.63671875,79648604.4173214,1503299428.8089445,0.0,0
1774287306,2026-03-23T23:05:06.907650,6,4,6,0,0,0.001812224396474619,0.3516296296296271,0.0059333881910279725,0.35422222222222144,11.922526041666666,881.5013020833334,14.5703125,885.109375,79674301.79699937,1503299428.8089445,0.0,0
1774287337,2026-03-23T23:05:36.957247,6,4,6,0,0,0.0017776703642323262,0.35488625684861075,0.005206919447047636,0.3553254372125014,11.784505208333334,879.2330729166666,14.48828125,888.578125,79701620.01259847,1503668431.3992023,0.0,0
1774287367,2026-03-23T23:06:07.020330,6,4,6,0,0,0.0018854188445353813,0.33392838359370747,0.005549851436164897,0.33777777777777673,11.713541666666666,864.1536458333334,14.30078125,886.6953125,79715366.3073643,1503668431.3992023,0.0,0
1774287397,2026-03-23T23:06:37.080653,6,4,6,0,0,0.0016171978952622865,0.3197754092114124,0.005270992406842199,0.3219928446034483,11.909505208333334,849.87890625,14.390625,864.046875,79756034.28743282,1503668431.3992023,0.0,0
1774287427,2026-03-23T23:07:07.131709,6,4,6,0,0,0.0016918354277917222,0.3348913701537405,0.005947721571944044,0.33491121630331677,11.421875,883.2213541666666,14.26171875,894.609375,79782968.1971878,1503668431.3992023,0.0,0
1774287457,2026-03-23T23:07:37.189775,6,4,6,0,0,0.0019284390547964307,0.34133080510682917,0.006063242340505763,0.34199240016888743,11.981119791666666,810.1380208333334,14.72265625,820.96484375,79835414.60148898,1506828434.0895925,0.0,0
1774287487,2026-03-23T23:08:07.241292,6,4,6,0,0,0.0019085389193185924,0.332355604713196,0.0061002075297974905,0.33354814337459787,11.661458333333334,875.0703125,14.72265625,882.50390625,79867954.29129739,1506828434.0895925,0.0,0
1774287517,2026-03-23T23:08:37.287596,6,4,6,0,0,0.0018376047794996068,0.327421968049277,0.005794366302678653,0.32780691617032354,11.723958333333334,858.3697916666666,14.27734375,871.765625,79895538.40744828,1506828434.0895925,0.0,0
1774287547,2026-03-23T23:09:07.341224,6,4,6,0,0,0.002215992200365801,0.3286666914662673,0.007226762033964285,0.33045178781750945,12.049479166666666,854.2174479166666,14.75,882.44921875,79910028.72910734,1506828434.0895925,0.0,0
1774287577,2026-03-23T23:09:37.398962,6,4,6,0,0,0.0021632471736290643,0.32947417969477333,0.0069291903837436376,0.3326666666666741,11.444010416666666,859.1223958333334,14.48046875,872.98046875,79942681.6577841,1506828434.0895925,0.0,0
1774287607,2026-03-23T23:10:07.449558,6,4,6,0,0,0.00199753669001356,0.33229384554047575,0.00592286997790432,0.33311111111111735,11.75,863.828125,14.44140625,879.50390625,79999526.9009818,1510000438.2364013,0.0,0
1774287637,2026-03-23T23:10:37.487436,6,4,6,0,0,0.002235640977748162,0.34474841016051944,0.007433802455885779,0.34556323473855177,12.490234375,876.1015625,15.70703125,888.97265625,80025086.24652143,1510000438.2364013,0.0,0
1774287667,2026-03-23T23:11:07.540887,6,4,6,0,0,0.0019656499182971396,0.34814815978530916,0.008299822412196452,0.34867441498700924,12.697916666666666,775.6744791666666,16.90234375,787.1015625,80083010.190951,1517261444.6407044,0.0,0
1774287697,2026-03-23T23:11:37.594696,6,4,6,0,0,0.0021899826436762772,0.34274330540678155,0.007236541789581592,0.3462299162203508,11.757161458333334,847.3359375,14.62890625,859.23828125,80109589.46077074,1517686445.8009024,0.0,0
1774287727,2026-03-23T23:12:07.656424,6,4,6,0,0,0.0017687956783939268,0.33896296296296324,0.005394029392516392,0.33999999999999064,11.294270833333334,819.0221354166666,14.23828125,870.4296875,80149099.7128704,1518080447.1661963,0.0,0
1774287757,2026-03-23T23:12:37.716950,6,4,6,0,0,0.0026126810831348605,0.3379359482159776,0.009750033810943345,0.3386666666666676,11.372395833333334,870.9921875,14.06640625,880.4609375,80190619.73855661,1518080447.1661963,0.0,0
1774287787,2026-03-23T23:13:07.776666,6,4,6,0,0,0.002522342895271161,0.3456986133679024,0.00898369601422298,0.34689659770217585,11.825520833333334,825.640625,14.71875,830.06640625,80212844.17401418,1518080447.1661963,0.0,0
1774287817,2026-03-23T23:13:37.836777,6,4,6,0,0,0.001655078564931677,0.3457062801203273,0.004968639656973113,0.34645984265968355,11.65625,805.7708333333334,15.09765625,828.53515625,80241620.6841505,1518657449.7534413,0.0,0
1774287847,2026-03-23T23:14:07.901290,6,4,6,0,0,0.002224882943893131,0.35451854497294627,0.008412136251659348,0.35711904708993614,12.138020833333334,863.2213541666666,15.01171875,883.90234375,80265707.16041844,1518657449.7534413,0.0,0
1774287877,2026-03-23T23:14:37.948459,6,4,6,0,0,0.0018028079233919929,0.34673559682212607,0.005332132587139155,0.3479922668385078,11.945963541666666,895.58203125,14.66796875,911.33984375,80293887.34949818,1518657449.7534413,0.0,0
1774287908,2026-03-23T23:15:07.999531,6,4,6,0,0,0.001972388687177962,0.3324469037583556,0.006762854468540823,0.33466666666666073,12.301432291666666,839.8033854166666,15.125,879.796875,80327436.81194805,1518657449.7534413,0.0,0
1774287938,2026-03-23T23:15:38.065576,6,4,6,0,0,0.001378773536584927,0.35214553256841463,0.004077077564585229,0.35310326437190126,11.970052083333334,861.7044270833334,15.31640625,871.19921875,80357498.94226044,1518657449.7534413,0.0,0
1774287968,2026-03-23T23:16:08.122971,6,4,6,0,0,0.0024633594099125436,0.3483729533729626,0.00915051060768031,0.3491111111111074,11.675130208333334,808.2447916666666,14.859375,829.15625,80391211.02671185,1519020450.7882504,0.0,0
1774287998,2026-03-23T23:16:38.180538,6,4,6,0,0,0.002049866793077589,0.3279283490250365,0.008181662115723158,0.3308888888888859,12.079427083333334,815.01171875,15.07421875,832.15625,80415686.40245402,1519020450.7882504,0.0,0
1774288028,2026-03-23T23:17:08.254766,6,4,6,0,0,0.0020535921775845676,0.33221974842215724,0.007004711763923915,0.3330963068308073,11.994791666666666,815.3020833333334,16.17578125,822.62890625,80443984.56001842,1519020450.7882504,0.0,0
1774288058,2026-03-23T23:17:38.309313,6,4,6,0,0,0.0020275605749220382,0.3245925844690652,0.007182718094968577,0.3253261038643638,11.719401041666666,945.9440104166666,14.81640625,960.9375,80470238.24536167,1519020450.7882504,0.0,0
1774288088,2026-03-23T23:18:08.361436,6,4,6,0,0,0.002261786146970358,0.31881952151124815,0.00851389010071448,0.3197777777777761,11.7109375,839.7565104166666,14.45703125,851.4296875,80492092.98899287,1519020450.7882504,0.0,0
1774288118,2026-03-23T23:18:38.425244,6,4,6,0,0,0.001865078245122282,0.3075578337954848,0.006289546020803382,0.30799999999999994,11.675130208333334,866.0885416666666,14.54296875,866.91015625,80515464.87998816,1519020450.7882504,0.0,0
1774288148,2026-03-23T23:19:08.464596,6,4,6,0,0,0.0021801276944473673,0.31614816173300453,0.008007757698084934,0.31645850926708413,11.940755208333334,863.2942708333334,14.3125,904.546875,80557910.53156547,1521639452.6041255,0.0,0
1774288178,2026-03-23T23:19:38.520445,6,4,6,0,0,0.0019020131195663713,0.3091065437180481,0.0072280329840100485,0.3093402075601636,11.981770833333334,809.8854166666666,14.60546875,820.2265625,80594380.78367257,1522116453.8663394,0.0,0
1774288208,2026-03-23T23:20:08.574770,6,4,6,0,0,0.0018317954642531932,0.3143750210930732,0.006390031106203661,0.31488888888889177,11.706380208333334,866.9036458333334,15.328125,871.32421875,80620748.27812727,1522491456.1813045,0.0,0
1774288238,2026-03-23T23:20:38.625265,6,4,6,0,0,0.0019596361142023666,0.3054141943895066,0.006628131668863816,0.3073401631147413,12.036458333333334,925.125,15.796875,952.67578125,80640588.01948836,1523061457.9913037,0.0,0
1774288268,2026-03-23T23:21:08.679897,6,4,6,0,0,0.0019478823536140846,0.3048170897624937,0.007373103621176548,0.3071179359541346,11.795572916666666,858.9166666666666,14.5546875,947.7109375,80663964.85857785,1523061457.9913037,0.0,0
1774288298,2026-03-23T23:21:38.729533,6,4,6,0,0,0.0019446091556879798,0.3064421597215472,0.006596959774563404,0.3084375902757694,11.674479166666666,882.75390625,14.375,939.69921875,80735391.13984704,1529475462.226055,0.0,0
1774288328,2026-03-23T23:22:08.778693,6,4,6,0,0,0.0015394730987465543,0.30251179643269327,0.00461063513281377,0.3026733927420399,11.549479166666666,811.6705729166666,14.60546875,873.53125,80788359.14202628,1532836463.340855,0.0,0
1774288358,2026-03-23T23:22:38.830629,6,4,6,0,0,0.001794563572774994,0.30511336630526564,0.006036880836609547,0.3055555555555586,12.014322916666666,909.5494791666666,14.94140625,912.12109375,80819942.82357769,1533228469.613618,0.0,0
1774288388,2026-03-23T23:23:08.881570,6,4,6,0,0,0.0018640995256982086,0.3064353881573414,0.006446755536130371,0.30777777777778215,11.962239583333334,888.3268229166666,15.72265625,926.5859375,80851171.94786644,1533228469.613618,0.0,0
1774288418,2026-03-23T23:23:38.930753,6,4,6,0,0,0.0021537528830592612,0.3094769056553712,0.007613835445598668,0.3100068890419795,11.705078125,796.1119791666666,14.62109375,807.80078125,80891263.14877024,1533228469.613618,0.0,0
1774288449,2026-03-23T23:24:08.986089,6,4,6,0,0,0.001925758208990607,0.3130370322018074,0.006785063599527111,0.31332637052510065,11.736328125,788.8020833333334,14.93359375,791.37109375,80914275.44774659,1533228469.613618,0.0,0
1774288479,2026-03-23T23:24:39.045590,6,4,6,0,0,0.0019143393515743856,0.30511110133515745,0.006128934548579993,0.306215417435164,12.115885416666666,906.5794270833334,14.40234375,907.55859375,80950312.46979773,1533228469.613618,0.0,0
1774288509,2026-03-23T23:25:09.100717,6,4,6,0,0,0.0021486655896836414,0.30526377129368454,0.00783917348688339,0.3066666666666649,11.453125,841.5520833333334,14.4375,851.48046875,80971984.83057144,1533228469.613618,0.0,0
1774288539,2026-03-23T23:25:39.148000,6,4,6,0,0,0.002161514398781317,0.31334029645103567,0.008278425637737851,0.31467365941465036,11.719401041666666,855.2447916666666,14.5546875,885.58203125,80996667.13567969,1533228469.613618,0.0,0
1774288569,2026-03-23T23:26:09.200459,6,4,6,0,0,0.001781751814020283,0.30525924783717956,0.006475743043055053,0.30621541743517067,11.822265625,869.4765625,14.3359375,876.46484375,81037654.73254545,1535436470.4408839,0.0,0
1774288599,2026-03-23T23:26:39.252448,6,4,6,0,0,0.0020531488152009366,0.30081481481481037,0.008088992819090379,0.30199999999999544,11.882161458333334,785.0247395833334,14.94140625,807.34765625,81046164.4192494,1535436470.4408839,0.0,0
1774288629,2026-03-23T23:27:09.300613,6,4,6,0,0,0.0015632682700021281,0.3085925531877445,0.004711837964110703,0.31043754583231264,12.099609375,825.5611979166666,14.8671875,830.08984375,81081590.41319004,1535898471.318374,0.0,0
1774288659,2026-03-23T23:27:39.342307,6,4,6,0,0,0.002220896708792476,0.3087338586912011,0.008926703288380022,0.3099862228345359,11.918619791666666,814.5442708333334,15.0703125,853.17578125,81107824.3088012,1535898471.318374,0.0,0
1774288689,2026-03-23T23:28:09.394064,6,4,6,0,0,0.0019211246896802007,0.31170832932090703,0.006727524737999759,0.31267361496922996,11.959635416666666,864.4153645833334,14.0625,865.05078125,81146905.63105102,1539007474.334975,0.0,0
1774288719,2026-03-23T23:28:39.447872,6,4,6,0,0,0.0014627536788383133,0.30955553261206054,0.005657347131627416,0.3106597631163901,11.964192708333334,844.4427083333334,14.84765625,871.578125,81183001.72073431,1539007474.334975,0.0,0
1774288749,2026-03-23T23:29:09.507667,6,4,6,0,0,0.0016117020714096764,0.3098495523144678,0.005324124263180084,0.3104375458323028,11.736979166666666,806.1028645833334,15.04296875,829.18359375,81214363.70819555,1539007474.334975,0.0,0
1774288779,2026-03-23T23:29:39.580005,6,4,6,0,0,0.002127924292322186,0.30526378137171617,0.0077791330622422085,0.305791368505269,11.700520833333334,838.8059895833334,15.15625,845.88671875,81246218.33601595,1539583476.4258,0.0,0
1774288809,2026-03-23T23:30:09.642057,6,4,6,0,0,0.0016217719333503234,0.31245136836283194,0.005536685300469229,0.3135555555555526,12.276692708333334,805.3763020833334,15.78125,816.94921875,81274738.10052097,1540596480.8101108,0.0,0
1774288839,2026-03-23T23:30:39.698095,6,4,6,0,0,0.0019479277158641426,0.3065858093046854,0.007835193009410402,0.3091111111111033,11.75390625,835.1640625,15.19140625,857.7734375,81295587.66594177,1540596480.8101108,0.0,0
1774288869,2026-03-23T23:31:09.760240,6,4,6,0,0,0.0023222882377573546,0.32230103921206704,0.009275086732307586,0.32310393102376106,11.724609375,872.6171875,15.13671875,894.9921875,81342132.01686615,1540596480.8101108,0.0,0
1774288899,2026-03-23T23:31:39.817110,6,4,6,0,0,0.0018837686655350087,0.32563446101270305,0.007234253082090507,0.3264516989266304,11.761067708333334,861.3307291666666,15.21875,896.59765625,81378981.69654286,1540596480.8101108,0.0,0
1774288929,2026-03-23T23:32:09.869634,6,4,6,0,0,0.0018324312399328796,0.32222699599085425,0.006784707578280249,0.32422942732061905,11.790364583333334,834.109375,14.99609375,846.1796875,81402451.88679409,1540596480.8101108,0.0,0
1774288959,2026-03-23T23:32:39.919433,6,4,6,0,0,0.0021219953106032213,0.30386084689010234,0.008155806229743077,0.3046666666666798,11.723958333333334,867.89453125,14.76953125,885.1875,81439439.82541661,1540929481.995719,0.0,0
1774288990,2026-03-23T23:33:09.977950,6,4,6,0,0,0.001916368213122262,0.31985660607730715,0.006718580668154218,0.3206737927509612,12.012369791666666,774.7291666666666,16.4921875,778.0703125,81459634.47108595,1540929481.995719,0.0,0
1774289020,2026-03-23T23:33:40.030784,6,4,6,0,0,0.0015250909569896184,0.3136249779845164,0.004801172785072808,0.31398604506467137,11.800130208333334,804.67578125,15.25390625,822.70703125,81492479.28222424,1540929481.995719,0.0,0
1774289050,2026-03-23T23:34:10.090370,6,4,6,0,0,0.002453050587160349,0.31237963827199045,0.009358326176466935,0.31334725987820905,11.985677083333334,845.6614583333334,14.98828125,877.03515625,81523196.07076593,1540929481.995719,0.0,0
1774289080,2026-03-23T23:34:40.150127,6,4,6,0,0,0.001782090759681486,0.32467148695443604,0.0063817476758704465,0.32511111111111407,12.028645833333334,828.8020833333334,15.22265625,846.0625,81557474.51849738,1543268482.748519,0.0,0
1774289110,2026-03-23T23:35:10.210247,6,4,6,0,0,0.001584027221151267,0.332007378051043,0.004724251662057888,0.3320147562113857,12.199869791666666,872.8528645833334,16.73046875,950.96875,81579462.42118174,1543268482.748519,0.0,0
1774289140,2026-03-23T23:35:40.270735,6,4,6,0,0,0.0019676346515731464,0.3291086683670486,0.0062196448460945025,0.3297704495455732,11.900390625,855.6640625,14.81640625,883.30859375,81614415.83696629,1543268482.748519,0.0,0
1774289170,2026-03-23T23:36:10.320626,6,4,6,0,0,0.0015523575626197243,0.28556402882805104,0.0047038440439703955,0.2880064001422209,11.983072916666666,855.3671875,16.94921875,865.6171875,81642496.97224998,1543268482.748519,0.0,0
1774289200,2026-03-23T23:36:40.381093,6,4,6,0,0,0.0016172678297958004,0.3097685914583267,0.00513344516642061,0.31222222222221707,11.826171875,832.49609375,15.578125,860.06640625,81674662.070978,1543268482.748519,0.0,0
1774289230,2026-03-23T23:37:10.431766,6,4,6,0,0,0.0016843731171833833,0.32621980252290533,0.005682678851368882,0.32711111111110736,11.831380208333334,839.9895833333334,15.1953125,859.8984375,81695969.92351264,1543268482.748519,0.0,0
1774370452,2026-03-24T22:10:52.323647,6,4,6,0,0,0.005528699183953477,0.3082291445910393,0.028582437152539254,0.31311806929040403,14.334635416666666,834.7669270833334,19.44140625,905.80859375,158923257.48394307,3228167479.771088,0.0,normal
1774370482,2026-03-24T22:11:22.406703,6,4,6,0,0,0.006032354304118036,0.33162471286646333,0.031046028484219734,0.33665918535144185,14.549479166666666,818.9466145833334,18.109375,848.03125,158954519.9598055,3228643480.802984,0.0,normal
1774370510,2026-03-24T22:11:49.958034,7,4,6,1,0,0.007951081436599177,0.33251609223500156,0.0430466760809661,0.33555555555557753,13.009486607142858,794.734375,18.08984375,810.3515625,158971781.50339153,3228643480.802984,0.0,pre_failure
1774370540,2026-03-24T22:12:20.039160,7,4,6,1,0,0.003525866928446056,0.3418570866524202,0.020109463174910976,0.35334903773501186,11.891183035714286,846.7486979166666,16.76953125,857.99609375,158997264.7781458,3228643480.802984,0.0,pre_failure
1774370570,2026-03-24T22:12:50.126207,7,4,6,1,0,0.0033789602293174724,0.2985141186162805,0.019472763793089636,0.30265994089018866,11.77734375,851.46484375,15.90234375,864.0625,159033634.8463082,3229039483.4822164,0.0,pre_failure
1774370600,2026-03-24T22:13:20.186290,7,4,6,1,0,0.0036446178037327754,0.3398567803564247,0.020289223276567174,0.3542222222222203,12.294642857142858,846.1171875,17.97265625,886.66796875,159050304.6344378,3229039483.4822164,0.0,pre_failure
1774370630,2026-03-24T22:13:50.252435,7,4,7,0,0,0.00489558669937762,0.41407466516106384,0.02924691322706647,0.4666770372674721,11.791852678571429,891.86328125,16.7265625,905.89453125,159094234.29415128,3231555484.812013,0.0,pre_failure
1774370660,2026-03-24T22:14:20.302965,7,4,7,0,0,0.07664576167165474,0.6344308848545862,0.5156557528009797,0.680666666666681,12.119977678571429,831.4401041666666,16.5,870.61328125,159120005.68853152,3231555484.812013,0.0,pre_failure
1774370690,2026-03-24T22:14:50.347854,7,4,7,0,0,0.11518758992104458,0.7184338111721816,0.7670755304487011,0.7193333333333422,12.362165178571429,820.6276041666666,17.59765625,846.796875,159147678.9836505,3231555484.812013,0.0,pre_failure
1774370720,2026-03-24T22:15:20.391897,7,4,7,0,0,0.10486442705071286,0.7174815755443228,0.7279498799991468,0.722238271961594,12.527901785714286,851.4778645833334,16.53125,887.5234375,159167871.8643104,3231555484.812013,0.0,pre_failure
1774370750,2026-03-24T22:15:50.437962,7,4,7,0,0,0.12607667852263627,0.7040636660749159,0.8658376166628132,0.7071111111111357,12.530133928571429,834.93359375,17.88671875,863.703125,159215853.86756444,3234000486.958823,0.0,pre_failure
1774370780,2026-03-24T22:16:20.486341,7,4,7,0,0,0.10628686760162241,0.7554074965456261,0.7230388228144591,0.7633502966732566,12.415736607142858,881.2552083333334,17.63671875,901.96484375,159267386.01039425,3237538488.622499,0.0,pre_failure
1774370810,2026-03-24T22:16:50.527379,7,4,7,0,0,0.15005923442177296,0.7604444444444363,1.0006990695070421,0.767333333333329,12.640066964285714,845.2734375,16.67578125,853.98046875,159299011.05921048,3237861490.995941,0.0,pre_failure
1774370840,2026-03-24T22:17:20.571797,7,4,7,0,0,0.09828528994600129,0.7261588792508161,0.6639871838791608,0.7297777777777771,12.409040178571429,822.9505208333334,17.75390625,840.23828125,159334155.17895034,3237861490.995941,0.0,pre_failure
1774370870,2026-03-24T22:17:50.611165,7,4,7,0,0,0.1027226883566111,0.7312539105488789,0.6923138695335878,0.7338103915729579,12.380580357142858,808.6653645833334,17.29296875,870.9296875,159370113.08977225,3237861490.995941,0.0,pre_failure
1774370900,2026-03-24T22:18:20.655788,7,4,7,0,0,0.11180947141700771,0.7385817552141739,0.76009004016773,0.7431111111111034,12.2578125,874.4427083333334,15.78515625,880.51171875,159408203.25729424,3242124500.495109,0.0,pre_failure
1774370930,2026-03-24T22:18:50.706878,7,4,7,0,0,0.1252445565087638,0.7117679710492035,0.8340740859420646,0.7371274917220367,12.746651785714286,841.0130208333334,18.3515625,886.27734375,159448606.98837912,3245021503.2021813,0.0,pre_failure
1774370960,2026-03-24T22:19:20.771114,7,4,7,0,0,0.03034057421065933,0.4897879690918121,0.18063800420916354,0.5220000000000065,12.376116071428571,832.4427083333334,15.95703125,854.1640625,159479149.33377057,3245021503.2021813,0.0,pre_failure
1774370990,2026-03-24T22:19:50.817587,7,4,7,0,0,0.004356030169149622,0.3785324454967204,0.024957368154605544,0.38355555555555093,12.232700892857142,849.48046875,17.58984375,877.2421875,159516397.83985987,3245572503.885582,0.0,pre_failure
1774371020,2026-03-24T22:20:20.884894,7,4,7,0,0,0.0040791233962164525,0.383997165495088,0.02297380885504341,0.3857777777777774,12.096540178571429,910.1809895833334,17.27734375,931.83984375,159538597.31982663,3245572503.885582,0.0,pre_failure
1774371051,2026-03-24T22:20:50.955883,7,4,7,0,0,0.004333798609342079,0.39785770890229305,0.02498426034162435,0.4024444444444491,12.226004464285714,790.9557291666666,18.62890625,801.6640625,159551424.42505515,3245572503.885582,0.0,pre_failure
1774371081,2026-03-24T22:21:21.016154,7,4,7,0,0,0.005399090583293338,0.40050961830480175,0.03201441485765099,0.4059909779782877,12.148995535714286,839.4908854166666,18.9609375,846.640625,159581256.27432242,3245572503.885582,0.0,pre_failure
1774371111,2026-03-24T22:21:51.072314,7,4,7,0,0,0.005803386557035077,0.3824445268740682,0.03460498363049121,0.3873333333333354,12.472098214285714,850.6145833333334,17.66796875,879.77734375,159604347.64354578,3245572503.885582,0.0,pre_failure
1774371141,2026-03-24T22:22:21.133473,7,4,7,0,0,0.004490646250449062,0.38792592592591874,0.025219965328171993,0.3953333333333198,12.417410714285714,879.0755208333334,17.3046875,908.32421875,159655100.96113768,3248394505.641702,0.0,pre_failure
1774371171,2026-03-24T22:22:51.197020,7,4,7,0,0,0.004718908804474614,0.40414814828158846,0.027290592331607758,0.405342340940907,12.069196428571429,819.76953125,16.765625,840.56640625,159686148.37222844,3248394505.641702,0.0,pre_failure
1774371201,2026-03-24T22:23:21.264273,7,4,7,0,0,0.004449309105634064,0.3937807095301794,0.025233817830339456,0.3962222222222275,12.333705357142858,842.2799479166666,18.26171875,890.21484375,159710229.9514837,3248394505.641702,0.0,pre_failure
1774371231,2026-03-24T22:23:51.325429,7,4,7,0,0,0.004784134342990871,0.40042967986409345,0.029102487764152786,0.4026666666666705,12.227120535714286,923.06640625,17.69140625,930.546875,159735673.97766468,3248732506.969383,0.0,pre_failure
1774371261,2026-03-24T22:24:21.373741,7,4,7,0,0,0.003273368175183519,0.39726220582678745,0.017265283007510762,0.3977866174803937,11.978236607142858,797.7434895833334,16.94921875,816.890625,159794849.01579365,3252268507.9102287,0.0,pre_failure
1774371291,2026-03-24T22:24:51.431370,7,4,7,0,0,0.0029893663098263684,0.4102130623390577,0.016751428849306638,0.41222222222223326,12.008928571428571,853.34765625,16.00390625,887.94140625,159830921.1188049,3252268507.9102287,0.0,pre_failure
1774371321,2026-03-24T22:25:21.480760,7,4,7,0,0,0.0053045670108312565,0.4209598222920076,0.031224508359657756,0.42399057798714923,11.681361607142858,835.8098958333334,15.87109375,859.62109375,159856645.7346988,3253125509.9514246,0.0,pre_failure
1774371351,2026-03-24T22:25:51.540132,7,4,7,0,0,0.0056427800674921065,0.4076976083659005,0.03349704286617734,0.411990844647901,11.9296875,882.8515625,15.9453125,898.734375,159897678.69501528,3253652513.205895,0.0,pre_failure
1774371381,2026-03-24T22:26:21.606929,7,4,7,0,0,0.00597513336303963,0.3928800930917236,0.03557808133346015,0.39400000000000984,11.983816964285714,808.0859375,16.24609375,820.8203125,159929598.39711228,3253652513.205895,0.0,pre_failure
1774371411,2026-03-24T22:26:51.685208,7,4,7,0,0,0.0028673891871259945,0.39361211804065205,0.014325384759101785,0.39443567920713185,11.630022321428571,815.9309895833334,15.8828125,863.69921875,159955503.304526,3253652513.205895,0.0,pre_failure
1774371441,2026-03-24T22:27:21.739186,7,4,7,0,0,0.003926541645848482,0.4042402455755908,0.022253614407462936,0.40517413819929105,12.024553571428571,828.7877604166666,15.99609375,846.66015625,159988717.07175976,3253652513.205895,0.0,pre_failure
1774371471,2026-03-24T22:27:51.810719,7,4,7,0,0,0.0053325010880915435,0.4073272917423542,0.03181162836844893,0.4091202026712013,12.26953125,828.6171875,17.15234375,842.95703125,160003788.87935054,3253652513.205895,0.0,pre_failure
1774371501,2026-03-24T22:28:21.872313,7,4,7,0,0,0.0035748865616310505,0.39615695163595066,0.019621394184095163,0.3995644347652054,11.613839285714286,859.7395833333334,16.0234375,883.04296875,160022821.40071756,3253652513.205895,0.0,pre_failure
1774371532,2026-03-24T22:28:51.943342,7,4,7,0,0,0.003783733922465197,0.397108186073232,0.020956486618008027,0.40044444444444843,11.833705357142858,839.48046875,17.19140625,872.67578125,160047780.5459153,3253652513.205895,0.0,pre_failure
1774371562,2026-03-24T22:29:22.008680,7,4,7,0,0,0.0056307169611767224,0.4130370602189028,0.033512129576540595,0.41645369897111373,12.057477678571429,828.9440104166666,17.0546875,933.015625,160076342.82335,3254215514.0600796,0.0,pre_failure
1774371592,2026-03-24T22:29:52.075345,7,4,7,0,0,0.00435287654093857,0.4113302670052069,0.024387282112857962,0.4126666666666519,11.92578125,831.9674479166666,15.91796875,861.98828125,160102958.84102502,3254215514.0600796,0.0,pre_failure
1774371622,2026-03-24T22:30:22.122860,7,4,7,0,0,0.004464399870572113,0.5243664183659582,0.025144604538768624,0.533765916312985,12.324776785714286,845.63671875,20.640625,852.28125,160133497.64045596,3254215514.0600796,0.0,pre_failure
1774371652,2026-03-24T22:30:52.184549,7,4,7,0,0,0.0037181755830963093,0.5239993549002631,0.02046127810142436,0.5530988200262095,11.592075892857142,869.3111979166666,15.91796875,893.96875,160180789.18478027,3254847517.6007,0.0,pre_failure
1774371682,2026-03-24T22:31:22.231005,7,4,7,0,0,0.0038568512465720134,0.4502188576879238,0.021509249637506365,0.45421212861934707,11.467633928571429,869.6822916666666,15.91796875,898.421875,160222117.03979868,3255202519.060637,0.0,pre_failure
1774371712,2026-03-24T22:31:52.273889,7,4,7,0,0,0.00232152672281898,0.4303639820349723,0.011181616537143878,0.4322126174974309,11.579799107142858,813.50390625,15.92578125,908.5078125,160260934.2966396,3258410520.5531635,0.0,pre_failure
1774371742,2026-03-24T22:32:22.325526,7,4,7,0,0,0.0034345950821343956,0.41111012292973215,0.017894226982151665,0.4175555555555294,11.75,811.6770833333334,16.0703125,823.29296875,160303771.34874594,3261827524.5106406,0.0,pre_failure
1774371772,2026-03-24T22:32:52.376636,7,4,7,0,0,0.0028563016425640006,0.4263767622819585,0.01460843354764009,0.4317873730527308,12.071986607142858,817.03515625,16.71484375,828.29296875,160325079.24721965,3262378526.8289847,0.0,pre_failure
1774371802,2026-03-24T22:33:22.425248,7,4,7,0,0,0.0024137409572685844,0.4422156725735295,0.012167320156116816,0.44376791626852746,11.685267857142858,842.7825520833334,15.93359375,873.91015625,160362087.970146,3262378526.8289847,0.0,pre_failure
1774371832,2026-03-24T22:33:52.467245,7,4,7,0,0,0.0038858667345153287,0.4301385895128275,0.021950288012604777,0.43932357058731797,11.808035714285714,875.8684895833334,15.8203125,887.66796875,160395890.52093905,3262378526.8289847,0.0,pre_failure
1774371862,2026-03-24T22:34:22.584778,7,4,7,0,0,0.008002657020013832,0.43977125296488057,0.0513600834645408,0.44133333333334557,11.814174107142858,794.48046875,16.9609375,837.1328125,160437796.26829693,3262703529.0524874,0.0,pre_failure
1774371892,2026-03-24T22:34:52.627824,7,4,7,0,0,0.005281732257567168,0.44058932188337674,0.03185504201788192,0.44154574342793285,11.716517857142858,806.671875,16.53515625,820.578125,160461143.43127716,3262703529.0524874,0.0,pre_failure
1774371922,2026-03-24T22:35:22.677090,7,4,7,0,0,0.005517752056302349,0.4372559464740366,0.03302204012815259,0.44312095824353637,11.59765625,842.1458333333334,15.875,876.82421875,160498372.78392696,3265255534.4009037,0.0,pre_failure
1774371952,2026-03-24T22:35:52.728792,7,4,7,0,0,0.0063252253874730435,0.4389694950849345,0.03831481553024584,0.44135294901994737,11.626674107142858,801.1653645833334,16.00390625,837.76953125,160536361.7575999,3265255534.4009037,0.0,pre_failure
1774371982,2026-03-24T22:36:22.777355,7,4,7,0,0,0.004877095759015914,0.41176864752226267,0.028884932111435307,0.4144444444444306,11.689732142857142,805.3346354166666,16.0,878.69921875,160561977.4414358,3267902537.4731145,0.0,pre_failure
1774372012,2026-03-24T22:36:52.827840,7,4,7,0,0,0.007198166181525971,0.4189660692048322,0.04509392867563343,0.41934265205894616,11.65625,815.4348958333334,16.29296875,836.8203125,160579029.70169312,3267902537.4731145,0.0,pre_failure
1774372042,2026-03-24T22:37:22.871426,7,4,7,0,0,0.005810293354032843,0.4271756845839946,0.034747053881060815,0.42911111111112,11.811383928571429,845.5403645833334,16.80859375,871.51171875,160611626.25471398,3267902537.4731145,0.0,pre_failure
1774372072,2026-03-24T22:37:52.925308,7,4,7,0,0,0.004438574770949369,0.43281809089369405,0.02553820325671518,0.4369083070358632,11.909040178571429,828.8971354166666,16.953125,868.3125,160651698.33410388,3268756544.0446067,0.0,pre_failure
1774372103,2026-03-24T22:38:22.992784,7,4,7,0,0,0.006281902924612228,0.43030588677539316,0.03819930822923143,0.4329081292501963,11.594308035714286,837.703125,16.21484375,862.9140625,160675505.5726261,3268756544.0446067,0.0,pre_failure
1774372133,2026-03-24T22:38:53.056392,7,4,7,0,0,0.004539451611115267,0.42081792270280505,0.025993515582123934,0.4219999999999844,11.678571428571429,831.4453125,15.9296875,854.31640625,160705999.13518634,3269255547.974933,0.0,pre_failure
1774372163,2026-03-24T22:39:23.124498,7,4,7,0,0,0.007406195093407264,0.4349726129890134,0.04634030163899458,0.43555555555554204,11.820870535714286,845.35546875,16.53515625,869.23046875,160734488.12259397,3269255547.974933,0.0,pre_failure
1774372193,2026-03-24T22:39:53.172979,7,4,7,0,0,0.008160931115098038,0.4378486008952985,0.05118138476426224,0.4395555555555568,12.157924107142858,848.0611979166666,17.72265625,879.50390625,160767584.7269294,3269255547.974933,0.0,pre_failure
1774372223,2026-03-24T22:40:23.242071,7,4,7,0,0,0.005000994102539763,0.42237037037036906,0.029018563181534448,0.42244444444445234,11.571428571428571,801.2421875,16.30859375,820.28125,160803877.1168576,3272083551.9763937,0.0,pre_failure
1774372253,2026-03-24T22:40:53.315877,7,4,7,0,0,0.00409456621583231,0.43059260618628875,0.02407998228004813,0.43200960021333945,11.515066964285714,860.6809895833334,16.03515625,878.66796875,160848233.97047675,3272541553.765873,0.0,pre_failure
1774372283,2026-03-24T22:41:23.386768,7,4,7,0,0,0.006898337123884408,0.44829631948963844,0.04213936582685945,0.4513433631858538,11.756138392857142,841.3763020833334,16.109375,857.73828125,160868330.65644863,3272541553.765873,0.0,pre_failure
1774372313,2026-03-24T22:41:53.438991,7,4,7,0,0,0.00677811527316624,0.4214104974650594,0.04096426067129173,0.4226666666666397,11.998325892857142,870.7486979166666,16.328125,918.20703125,160935873.072611,3277954558.339263,0.0,pre_failure
1774372343,2026-03-24T22:42:23.493348,7,4,7,0,0,0.005283822427785823,0.4003792993607028,0.031182457298215862,0.4018045647487759,12.01953125,826.44140625,17.55078125,846.58984375,160965636.070177,3277954558.339263,0.0,pre_failure
1774372373,2026-03-24T22:42:53.548467,7,4,7,0,0,0.005492497032460288,0.40778080006714357,0.03240611588964665,0.4080090668681259,11.713727678571429,836.1315104166666,17.0625,853.3125,160980615.07887426,3277954558.339263,0.0,pre_failure
1774372403,2026-03-24T22:43:23.621887,7,4,7,0,0,0.004667495653183053,0.4220740692752038,0.026554797763547196,0.4237683607030992,11.922433035714286,804.4583333333334,16.06640625,841.0625,161004696.81041256,3277954558.339263,0.0,pre_failure
1774372433,2026-03-24T22:43:53.678909,7,4,7,0,0,0.006122055191624763,0.4144505795602126,0.03716287035667037,0.4153425631680768,11.982700892857142,849.75,17.828125,883.1640625,161026401.34241942,3277954558.339263,0.0,pre_failure
1774372463,2026-03-24T22:44:23.735170,7,4,7,0,0,0.005680042433282125,0.41252772544377925,0.0342164092974272,0.41489810884686307,11.73046875,797.5455729166666,17.01953125,862.03515625,161064140.079732,3277954558.339263,0.0,pre_failure
1774372493,2026-03-24T22:44:53.803687,7,4,7,0,0,0.005627738905478371,0.416293161386534,0.03364699617130598,0.41797213519099363,12.176339285714286,822.2252604166666,18.59375,870.40234375,161100168.04318976,3278305559.922351,0.0,pre_failure
1774372523,2026-03-24T22:45:23.871366,7,4,7,0,0,0.004978338371548421,0.4159907557609867,0.029028343861800664,0.4173240594653446,12.0,857.17578125,17.49609375,892.2734375,161130838.05413058,3278767569.879086,0.0,pre_failure
1774372553,2026-03-24T22:45:53.937350,7,4,7,0,0,0.004343081874641279,0.40325922838249206,0.02521879011937,0.40464868228078577,11.81640625,820.3828125,16.24609375,844.1796875,161162791.97768167,3281568573.3900456,0.0,pre_failure
1774372584,2026-03-24T22:46:23.991922,7,4,7,0,0,0.006598554416696934,0.40881783545805944,0.039715265288371854,0.40933333333332034,12.080357142857142,842.69921875,18.0078125,879.546875,161186653.3221424,3281568573.3900456,0.0,pre_failure
1774372614,2026-03-24T22:46:54.062474,7,4,7,0,0,0.0036551078637833364,0.39201160229024573,0.0212142564186604,0.39289761994712336,11.989397321428571,839.0091145833334,16.8203125,885.50390625,161213656.5151835,3281568573.3900456,0.0,pre_failure
1774372644,2026-03-24T22:47:24.130382,7,4,7,0,0,0.004797680328346937,0.3696927479333089,0.029161356036465032,0.3711028643807825,12.087611607142858,847.71875,17.33203125,889.5625,161266414.36803782,3283835574.9667625,0.0,pre_failure
1774372674,2026-03-24T22:47:54.193058,7,4,7,0,0,0.007482255311592539,0.39243574846992735,0.046921720725469615,0.3937777777777771,12.233258928571429,850.6484375,18.51953125,857.875,161291804.7034515,3283835574.9667625,0.0,pre_failure
1774372704,2026-03-24T22:48:24.256667,7,4,7,0,0,0.0052663776945983,0.3951939672733539,0.031486251941241224,0.3955643458743511,12.232700892857142,842.609375,18.30859375,868.70703125,161356087.46232724,3286881580.5792937,0.0,pre_failure
1774372734,2026-03-24T22:48:54.322642,7,4,7,0,0,0.005578567008691078,0.4020710947163968,0.03315982333005026,0.4022222222222068,11.808035714285714,791.0494791666666,16.19921875,893.984375,161371492.48852202,3286881580.5792937,0.0,pre_failure
1774372764,2026-03-24T22:49:24.385968,7,4,7,0,0,0.006878916699151191,0.4288825286777551,0.042263563513724595,0.42931425269990264,11.930803571428571,861.1119791666666,17.0859375,885.59375,161401142.69200668,3286881580.5792937,0.0,pre_failure
1774372794,2026-03-24T22:49:54.453474,7,4,7,0,0,0.004159181622764141,0.4031170772074041,0.02383784613609972,0.4046576742739167,11.806919642857142,848.5807291666666,16.71484375,885.3828125,161418474.5393455,3286881580.5792937,0.0,pre_failure
1774372824,2026-03-24T22:50:24.525914,7,4,7,0,0,0.005683684928443625,0.40274670136701646,0.03391972992630313,0.4035555555555593,11.635044642857142,852.48828125,16.17578125,907.3046875,161447183.75672787,3286881580.5792937,0.0,pre_failure
1774372854,2026-03-24T22:50:54.591674,7,4,7,0,0,0.0035509063095167295,0.40895390197289777,0.020017149217597084,0.41043532365948493,11.856584821428571,835.0755208333334,16.88671875,879.65625,161477108.53958216,3286881580.5792937,0.0,pre_failure
1774372884,2026-03-24T22:51:24.652990,7,4,7,0,0,0.0037953692587732956,0.4002903903859444,0.020388298652566923,0.40133333333334287,11.789620535714286,818.0885416666666,16.80078125,828.3984375,161501047.7123194,3286881580.5792937,0.0,pre_failure
1774372914,2026-03-24T22:51:54.706599,7,4,7,0,0,0.004735549934388582,0.41771917867417335,0.02712435680835133,0.41782420268919046,11.896763392857142,838.7161458333334,17.12109375,857.01953125,161535340.0311728,3286881580.5792937,0.0,pre_failure
1774372944,2026-03-24T22:52:24.772487,7,4,7,0,0,0.005026900363283908,0.4077006520531908,0.02919270569046694,0.40976867180727683,11.946986607142858,822.5950520833334,17.51953125,901.87890625,161559775.41135028,3289090582.0620847,0.0,pre_failure
1774372974,2026-03-24T22:52:54.839196,7,4,7,0,0,0.005183775427483745,0.42035166229072757,0.030888656832176675,0.4215368205857619,11.95703125,850.16015625,16.8203125,889.81640625,161596231.23285714,3289999585.410444,0.0,pre_failure
1774373004,2026-03-24T22:53:24.906537,7,4,7,0,0,0.005561826546031575,0.43659581406334896,0.03353216813994812,0.4377777777777655,12.073660714285714,838.5768229166666,17.3671875,861.65234375,161635191.50593823,3289999585.410444,0.0,pre_failure
1774373035,2026-03-24T22:53:54.970839,7,4,7,0,0,0.006462720017931232,0.4329693965991336,0.03937954641215696,0.4340289352623331,12.429129464285714,836.0286458333334,18.7109375,860.296875,161661102.7888896,3289999585.410444,0.0,pre_failure
1774373065,2026-03-24T22:54:25.032835,7,4,7,0,0,0.003523672720685668,0.41785492352503767,0.018996151529009485,0.42044444444443585,12.197544642857142,823.4309895833334,16.609375,858.61328125,161692508.16497278,3290350587.063799,0.0,pre_failure
1774373095,2026-03-24T22:54:55.103681,7,4,7,0,0,0.005662735144450744,0.4263026439035213,0.033813136856233,0.42846348726611705,11.833705357142858,833.2278645833334,16.859375,860.26953125,161715442.9954631,3290350587.063799,0.0,pre_failure
1774373125,2026-03-24T22:55:25.171714,7,4,7,0,0,0.007274496229875858,0.4276909965922644,0.0464285928670618,0.43041575006112676,11.703125,817.69921875,16.18359375,871.046875,161765373.13035634,3293216589.5165396,0.0,pre_failure
1774373155,2026-03-24T22:55:55.241391,7,4,7,0,0,0.00872195707055649,0.41917587716374816,0.05674833180074469,0.42022222222223027,12.164620535714286,854.2721354166666,18.4453125,883.90234375,161795552.96381277,3293814591.9781566,0.0,pre_failure
1774373185,2026-03-24T22:56:25.309609,7,4,7,0,0,0.005312617925989264,0.42681481481481826,0.0311644501686488,0.429555555555562,11.926339285714286,843.2369791666666,17.69140625,862.2265625,161826709.62777352,3293814591.9781566,0.0,pre_failure
1774373215,2026-03-24T22:56:55.388233,7,4,7,0,0,0.00585987726260611,0.43970696961989697,0.036032633666001276,0.4408986866374798,12.228794642857142,841.8802083333334,16.9296875,875.60546875,161870439.0818844,3294310594.1093163,0.0,pre_failure
1774373245,2026-03-24T22:57:25.447009,7,4,7,0,0,0.00577814966167653,0.4271079720862207,0.03530343628592934,0.42888888888890225,11.860491071428571,842.8359375,16.70703125,860.88671875,161891614.34117395,3294310594.1093163,0.0,pre_failure
1774373275,2026-03-24T22:57:55.501439,7,4,7,0,0,0.006152734823240425,0.41970370370370785,0.037569972855333575,0.42088888888890075,11.875558035714286,838.2135416666666,16.30078125,907.52734375,161919936.15120065,3294310594.1093163,0.0,pre_failure
1774373305,2026-03-24T22:58:25.556704,7,4,7,0,0,0.006192085846224456,0.42370054685240494,0.038267301080460184,0.42575885516198386,12.292410714285714,839.6809895833334,17.37109375,863.15625,161943429.4755247,3294310594.1093163,0.0,pre_failure
1774373335,2026-03-24T22:58:55.614157,7,4,7,0,0,0.006186626385873702,0.42288262950320754,0.03735808473598227,0.4242316495922228,11.82421875,846.4973958333334,16.4140625,874.19140625,161969413.13891312,3294310594.1093163,0.0,pre_failure
1774373365,2026-03-24T22:59:25.657929,7,4,7,0,0,0.00591943803419224,0.43147187196157694,0.035490707840475505,0.4346473490067059,11.981584821428571,852.28125,17.015625,866.984375,162000573.30488896,3294709596.513903,0.0,pre_failure
1774373395,2026-03-24T22:59:55.726544,7,4,7,0,0,0.005772334013552816,0.4392462015492875,0.03404754785432277,0.4415261204808507,11.738839285714286,894.2942708333334,16.30078125,916.63671875,162028116.03198707,3294709596.513903,0.0,pre_failure
1774373425,2026-03-24T23:00:25.782307,7,4,7,0,0,0.00482044240210966,0.42681481481483413,0.02777232567494182,0.4282222222222489,12.092633928571429,863.8059895833334,16.7890625,893.76953125,162103712.46957216,3300982601.9582453,0.0,pre_failure
1774373455,2026-03-24T23:00:55.833054,7,4,7,0,0,0.005365133563242303,0.433851851851867,0.031921853679800015,0.4357777777777838,11.57421875,850.109375,16.3046875,881.2734375,162131681.80327058,3300982601.9582453,0.0,pre_failure
1774373485,2026-03-24T23:01:25.893877,7,4,7,0,0,0.006630124077568477,0.4507913124494305,0.04052768846704447,0.4537072011020392,11.809151785714286,817.7643229166666,16.26953125,851.0859375,162157593.00962222,3300982601.9582453,0.0,pre_failure
1774373516,2026-03-24T23:01:55.962009,7,4,7,0,0,0.006455430553435111,0.4648149396467451,0.04001219037407243,0.46692001689000384,11.83203125,842.3658854166666,17.6328125,872.7109375,162170651.8360279,3300982601.9582453,0.0,pre_failure
1774373546,2026-03-24T23:02:26.025488,7,4,7,0,0,0.004320498639580944,0.4358518518518838,0.024480084286857537,0.439555555555599,11.611049107142858,773.9518229166666,16.26953125,812.9140625,162198356.49559572,3301867606.734395,0.0,pre_failure
1774373576,2026-03-24T23:02:56.097419,7,4,7,0,0,0.006460318495069229,0.43815467833443333,0.03944928060270369,0.4415653681192966,12.005580357142858,814.9283854166666,16.50390625,831.7734375,162230458.49692476,3304180607.716669,0.0,pre_failure
1774373606,2026-03-24T23:03:26.158589,7,4,7,0,0,0.004586445536276674,0.4319099317875989,0.026832487281907586,0.4339807119683639,11.603236607142858,794.9830729166666,16.2734375,808.6171875,162272172.93368897,3304589612.883017,0.0,pre_failure
1774373636,2026-03-24T23:03:56.226038,7,4,7,0,0,0.005950917878677795,0.407555549105078,0.035568628418537224,0.409333333333333,12.092075892857142,842.5755208333334,19.04296875,909.51171875,162315798.3451641,3307305615.882169,0.0,pre_failure
1774373666,2026-03-24T23:04:26.300547,7,4,7,0,0,0.005882985284835279,0.39963254458863323,0.035814989733894576,0.400435545876747,12.297433035714286,818.2747395833334,17.5625,831.99609375,162348526.67461544,3307305615.882169,0.0,pre_failure
1774373696,2026-03-24T23:04:56.371946,7,4,7,0,0,0.00522753937542686,0.4049539491262154,0.03152994698976392,0.40600902242270553,12.178013392857142,819.8645833333334,18.41015625,831.12890625,162376235.9547488,3307305615.882169,0.0,pre_failure
1774373726,2026-03-24T23:05:26.441475,7,4,7,0,0,0.004067165459967581,0.4099319738936817,0.02287113721490066,0.412629988445467,12.053013392857142,846.1393229166666,17.203125,855.6484375,162418670.5198178,3309624622.2237477,0.0,pre_failure
1774373756,2026-03-24T23:05:56.483270,7,4,7,0,0,0.0055781252279101,0.4143550305110087,0.03291625895717011,0.41533333333333694,12.254464285714286,846.61328125,20.22265625,871.6875,162453977.7399909,3309624622.2237477,0.0,pre_failure
1774373786,2026-03-24T23:06:26.541078,7,4,7,0,0,0.00487412129893335,0.3939317647388203,0.028433673407110824,0.39467543723195725,12.486607142857142,851.77734375,18.2890625,865.53515625,162493289.8450076,3312513624.3894057,0.0,pre_failure
1774373816,2026-03-24T23:06:56.603535,7,4,7,0,0,0.012032687880084733,0.4881554735766266,0.06254381949799723,0.498666666666709,12.257254464285714,801.01171875,16.42578125,873.421875,162510929.90040106,3312513624.3894057,1.0,pre_failure
1774373846,2026-03-24T23:07:26.645802,7,4,7,0,0,0.11754998169976462,0.6915347574042766,0.7936855777251624,0.7019376055461505,12.545758928571429,835.08203125,17.71875,861.11328125,162529166.78249237,3312513624.3894057,1.0,pre_failure
1774373876,2026-03-24T23:07:56.700801,7,4,7,0,0,0.1370570083505276,0.7048200433788315,0.9254760602901451,0.7053646828748295,12.595424107142858,855.3098958333334,16.4296875,886.41796875,162558923.58765274,3312513624.3894057,1.0,pre_failure
1774373906,2026-03-24T23:08:26.750426,7,4,7,0,0,0.14676180887777998,0.6946666666666721,0.9996461839965498,0.6953333333333229,12.752232142857142,826.0104166666666,19.81640625,859.7578125,162589023.42008555,3312513624.3894057,1.0,pre_failure
1774373936,2026-03-24T23:08:56.799555,7,4,7,0,0,0.13320308608768242,0.7008355846931553,0.9034748796622134,0.701157854968108,12.532924107142858,833.8190104166666,16.58203125,841.7890625,162610225.91883275,3312880626.021741,1.0,pre_failure
1774373966,2026-03-24T23:09:26.839975,7,4,7,0,0,0.14740151405944538,0.7009837582270643,0.9997382531061931,0.701840163570103,12.318080357142858,830.5208333333334,16.84375,847.7265625,162654580.52163255,3312880626.021741,1.0,pre_failure
1774373996,2026-03-24T23:09:56.890740,7,4,7,0,0,0.09455811645342908,0.705343773303514,0.6426353008505543,0.7064444444444391,12.678013392857142,826.6888020833334,18.70703125,864.93359375,162702057.87797308,3313464627.769136,1.0,pre_failure
1774374026,2026-03-24T23:10:26.938052,7,4,7,0,0,0.14606981561822707,0.6955503911539161,0.9998975896045389,0.6959690680414194,12.368861607142858,839.8333333333334,16.48828125,851.9140625,162724088.90425345,3313871629.433034,1.0,pre_failure
1774374057,2026-03-24T23:10:56.988391,7,4,7,0,0,0.14564045495095515,0.7036192035238691,0.9997653277198673,0.7050954423235062,12.190290178571429,808.5442708333334,16.5,847.3515625,162742786.58509263,3313871629.433034,1.0,pre_failure
1774374087,2026-03-24T23:11:27.034469,7,4,7,0,0,0.14773790038126944,0.7286665574449006,0.9996747675191651,0.7310298855682716,12.260044642857142,832.4205729166666,16.45703125,872.96484375,162768053.42165893,3313871629.433034,1.0,pre_failure
1774374117,2026-03-24T23:11:57.084532,7,4,7,0,0,0.0998960724834094,0.6576750375100903,0.6689591191193651,0.6717927065045892,12.210379464285714,794.6549479166666,16.37109375,815.57421875,162799732.94862503,3314840637.089563,1.0,pre_failure
1774374147,2026-03-24T23:12:27.149408,7,4,7,0,0,0.015974273625960097,0.43844444444444397,0.07607698003588405,0.4502222222222245,12.106584821428571,831.4322916666666,16.36328125,882.94140625,162832330.171827,3314840637.089563,1.0,pre_failure
1774374177,2026-03-24T23:12:57.203943,7,4,7,0,0,0.004206130321203513,0.4317101336191193,0.02388453454326863,0.4340192897462508,11.965401785714286,855.046875,16.8828125,897.55078125,162861609.23566276,3314840637.089563,1.0,pre_failure
1774374207,2026-03-24T23:13:27.278234,7,4,7,0,0,0.007194833031675808,0.4416329037764756,0.044245168237862655,0.4422222222222255,11.909040178571429,859.1575520833334,16.6875,911.62890625,162896883.02843708,3316828638.7677293,1.0,pre_failure
1774374237,2026-03-24T23:13:57.341668,7,4,7,0,0,0.005757692845307288,0.4435654061258863,0.035166043230589916,0.4448987755283505,12.03515625,841.9544270833334,16.41015625,863.1796875,162924681.33363864,3317151640.3303022,1.0,pre_failure
1774374267,2026-03-24T23:14:27.404521,7,4,7,0,0,0.007410810471143702,0.42695346236177156,0.046100329303168965,0.4282222222222439,11.939732142857142,796.1953125,17.04296875,865.05078125,162958528.28138572,3317151640.3303022,1.0,pre_failure
1774374297,2026-03-24T23:14:57.491252,7,4,7,0,0,0.005870984715923617,0.44348148250229646,0.035566858852819815,0.445323437256951,11.931361607142858,860.4778645833334,16.87109375,893.16796875,162983017.89479962,3317151640.3303022,1.0,pre_failure
1774374327,2026-03-24T23:15:27.556036,7,4,7,0,0,0.008147532592198987,0.4308339384393073,0.0515837262060502,0.43267628169515815,13.370535714285714,845.28125,24.96875,876.1953125,163017987.39543697,3317151640.3303022,1.0,pre_failure
1774374357,2026-03-24T23:15:57.627909,7,4,7,0,0,0.006864901443072519,0.43032490617090724,0.04220160963050226,0.4326955130341827,12.233816964285714,803.4375,17.96875,836.41796875,163036657.59021196,3317151640.3303022,1.0,pre_failure
1774374387,2026-03-24T23:16:27.696287,7,4,7,0,0,0.005800559177665743,0.4094845287327335,0.034482896568629115,0.4104626872305549,11.728794642857142,829.7161458333334,17.16796875,865.0234375,163064425.52406374,3317151640.3303022,1.0,pre_failure
1774374417,2026-03-24T23:16:57.762835,7,4,7,0,0,0.004837154601688368,0.4214136791517249,0.028575463046341794,0.42334274094982144,11.629464285714286,857.7630208333334,16.45703125,863.99609375,163107644.83296978,3317151640.3303022,1.0,pre_failure
1774374447,2026-03-24T23:17:27.827880,7,4,7,0,0,0.006276736848754499,0.42607405116906616,0.03825298220386589,0.4275460545321255,11.724330357142858,852.9375,16.94140625,866.36328125,163133373.89825195,3317151640.3303022,1.0,pre_failure
1774374477,2026-03-24T23:17:57.884263,7,4,7,0,0,0.0034609389136902894,0.4055585613836619,0.01861948230181045,0.40688888888887564,11.821986607142858,846.34765625,16.66015625,862.57421875,163155117.2401348,3317151640.3303022,1.0,pre_failure
1774374508,2026-03-24T23:18:27.944364,7,4,7,0,0,0.0046377330493913745,0.41258035952823136,0.02810783195104023,0.4137777777777747,11.747209821428571,831.2903645833334,17.0,844.27734375,163190620.85601822,3317151640.3303022,1.0,pre_failure
1774374538,2026-03-24T23:18:58.010084,7,4,7,0,0,0.003785763832793046,0.42059262071502496,0.02083863345295369,0.42378719527102043,12.134486607142858,794.7421875,16.48046875,850.5390625,163230634.14474347,3317672641.875224,1.0,pre_failure
1774374568,2026-03-24T23:19:28.073235,7,4,7,0,0,0.0052885407890268426,0.42502436270321003,0.032164842765433174,0.4284254033154102,11.928013392857142,789.0091145833334,17.99609375,822.88671875,163259676.90989327,3318134643.569325,1.0,pre_failure
1774374598,2026-03-24T23:19:58.139094,7,4,7,0,0,0.006209190624183537,0.43866666666667303,0.03763778160173199,0.4433333333333316,11.646205357142858,809.3854166666666,16.55078125,831.515625,163281200.4260603,3318730645.000027,1.0,pre_failure
1774374628,2026-03-24T23:20:28.206821,7,4,7,0,0,0.005515746679357344,0.44274730893390174,0.03450285344769735,0.4433530379128117,11.708705357142858,838.6041666666666,16.48828125,879.9921875,163307199.1641901,3319217648.6172934,1.0,pre_failure
1774374658,2026-03-24T23:20:58.277652,7,4,7,0,0,0.006721543045809606,0.4248116807280709,0.041848854852656124,0.4297777777777714,12.147879464285714,857.5,16.49609375,907.265625,163333947.8501063,3319217648.6172934,1.0,pre_failure
1774374688,2026-03-24T23:21:28.341433,7,4,7,0,0,0.00508988228995146,0.42295343084083475,0.029745178354911028,0.42661926452617605,12.021205357142858,820.6888020833334,17.5703125,846.01953125,163384039.67289737,3324829654.8284802,1.0,pre_failure
1774374718,2026-03-24T23:21:58.410296,7,4,7,0,0,0.006899849006424958,0.42140121509005024,0.04185922025135528,0.43044444444445706,12.103794642857142,845.7356770833334,17.74609375,864.39453125,163413131.19446003,3324829654.8284802,1.0,pre_failure
1774374748,2026-03-24T23:22:28.472493,7,4,7,0,0,0.0029794444552698803,0.4057067095318199,0.016392580061307296,0.40644444444445493,12.119419642857142,838.4622395833334,17.21484375,861.38671875,163443913.79000452,3324829654.8284802,1.0,pre_failure
1774374778,2026-03-24T23:22:58.536218,7,4,7,0,0,0.006045407899337689,0.42171317772078515,0.03725471638180357,0.4248983310740247,11.965959821428571,824.9544270833334,16.734375,868.2109375,163472024.99594378,3325352658.028776,1.0,pre_failure
1774374808,2026-03-24T23:23:28.602077,7,4,7,0,0,0.005245231665228088,0.427796802536624,0.03113470098244208,0.4280570742765657,11.762834821428571,856.3255208333334,16.984375,877.72265625,163528739.4915248,3328419663.8340983,1.0,pre_failure
1774374838,2026-03-24T23:23:58.662073,7,4,7,0,0,0.006259011911630139,0.4240710719525904,0.03875341913123685,0.43378741749816996,11.631138392857142,814.1901041666666,16.421875,866.75,163556150.71573287,3328419663.8340983,1.0,pre_failure
1774374868,2026-03-24T23:24:28.743537,7,4,7,0,0,0.0050556335327345105,0.4003021862699986,0.029667645716975888,0.4077777777777606,12.181361607142858,868.1458333333334,19.53125,913.83984375,163580580.33180675,3328419663.8340983,1.0,pre_failure
1774374898,2026-03-24T23:24:58.808280,7,4,7,0,0,0.003507099965864783,0.3941423018837527,0.01998746287283773,0.3944181499011101,11.850446428571429,826.5377604166666,16.6015625,845.265625,163606711.11824298,3328419663.8340983,1.0,pre_failure
1774374928,2026-03-24T23:25:28.863655,7,4,7,0,0,0.004610633991256107,0.4063703703703868,0.026945086261644647,0.40844444444445116,11.939732142857142,838.18359375,16.66015625,869.97265625,163641660.6319806,3328806665.6049123,1.0,pre_failure
1774374958,2026-03-24T23:25:58.929466,7,4,7,0,0,0.005092401168590522,0.4114195595234031,0.030834339626054516,0.415111111111098,11.940848214285714,851.6015625,16.62890625,868.73828125,163660859.94520158,3328806665.6049123,1.0,pre_failure
1774374989,2026-03-24T23:26:28.984430,7,4,7,0,0,0.0032419695621791382,0.3984503874889397,0.017191273495239533,0.3998044314065327,12.421875,846.7252604166666,18.671875,902.828125,163697034.73230043,3328806665.6049123,1.0,pre_failure
1774375019,2026-03-24T23:26:59.064170,7,4,7,0,0,0.004520129407522235,0.4039999999999889,0.026300401213482535,0.40711111111110454,11.826450892857142,855.1549479166666,16.59375,877.73828125,163741219.26638612,3331104668.1367455,1.0,pre_failure
1774375049,2026-03-24T23:27:29.117676,7,4,7,0,0,0.006048903334528275,0.4138518518518432,0.03759116306483613,0.4151111111111011,12.022879464285714,795.1458333333334,16.65234375,805.37890625,163778501.84889796,3331543670.735361,1.0,pre_failure
1774375079,2026-03-24T23:27:59.183691,7,4,7,0,0,0.005122319968987308,0.4133364132371905,0.031207374332802934,0.4157870174892709,11.709821428571429,867.6536458333334,16.56640625,880.75,163836294.4209904,3334612672.990281,1.0,pre_failure
1774375109,2026-03-24T23:28:29.249234,7,4,7,0,0,0.0045101514705045915,0.4080709984053426,0.02571044474970558,0.4095282536719953,11.729910714285714,771.99609375,16.66015625,827.71484375,163853910.2757431,3335146678.2402573,1.0,pre_failure
1774375139,2026-03-24T23:28:59.321019,7,4,7,0,0,0.0040538632132667285,0.4202191345014487,0.022625965388026394,0.4208982421831248,12.000558035714286,859.4361979166666,16.56640625,904.7109375,163879065.8474683,3336037683.680139,1.0,pre_failure
1774375169,2026-03-24T23:29:29.376839,7,4,7,0,0,0.00638093588046947,0.43102433843664884,0.04060338784374901,0.4350917736989672,11.658482142857142,813.0182291666666,16.51171875,837.93359375,163914677.27233118,3336037683.680139,1.0,pre_failure
1774375199,2026-03-24T23:29:59.445829,7,4,7,0,0,0.007698501094929195,0.442525078335063,0.048262413559189726,0.44445432120712347,11.83984375,839.0794270833334,16.60546875,850.515625,163954161.21959922,3336037683.680139,1.0,pre_failure
1774375229,2026-03-24T23:30:29.506386,7,4,7,0,0,0.005787906754641038,0.42807731543772937,0.03566513104106395,0.43267628169514805,11.717075892857142,815.0455729166666,16.96875,865.70703125,163979414.50474718,3336037683.680139,1.0,pre_failure
1774375259,2026-03-24T23:30:59.572908,7,4,7,0,0,0.004991142673188819,0.43883429938637947,0.029579149426557746,0.44022222222222734,12.072544642857142,804.734375,17.70703125,832.95703125,164000138.6809169,3336037683.680139,1.0,pre_failure
1774375289,2026-03-24T23:31:29.640590,7,4,7,0,0,0.004035581152817117,0.430663481552293,0.023409655073028817,0.43244444444447866,12.154575892857142,807.2395833333334,16.80078125,844.89453125,164039892.32021332,3339400686.515842,1.0,pre_failure
1774375319,2026-03-24T23:31:59.706277,7,4,7,0,0,0.007652380455113774,0.42025018088892635,0.04815035576443777,0.4235555555555403,11.700334821428571,838.4986979166666,16.53125,865.19140625,164063097.19127166,3339400686.515842,1.0,pre_failure
1774375349,2026-03-24T23:32:29.778274,7,4,7,0,0,0.004763916352847064,0.42176214165506104,0.028011476146636266,0.4228888888888939,11.752232142857142,861.3984375,16.62890625,915.9609375,164085355.79962042,3339814690.731227,1.0,pre_failure
1774375379,2026-03-24T23:32:59.849733,7,4,7,0,0,0.0039527589247589515,0.4349597302559412,0.02248115569016563,0.4355458767583088,11.594866071428571,824.30078125,16.62890625,845.41796875,164126398.70487335,3339814690.731227,1.0,pre_failure
1774375409,2026-03-24T23:33:29.911497,7,4,7,0,0,0.005999931647562435,0.4438617188838022,0.03759556131504218,0.44489877552831886,11.901227678571429,865.19140625,16.640625,875.66796875,164157490.51279417,3339814690.731227,1.0,pre_failure
1774375440,2026-03-24T23:33:59.961211,7,4,7,0,0,0.004415395849637709,0.4307375361574553,0.02664494595960386,0.4315363761610447,11.6796875,815.98828125,16.734375,879.953125,164179587.37226397,3339814690.731227,1.0,pre_failure
1774375470,2026-03-24T23:34:30.019978,7,4,7,0,0,0.005472654161450518,0.4319904271175865,0.03325161237739914,0.4333237039177009,12.084263392857142,835.02734375,16.66015625,884.64453125,164205434.1218703,3339814690.731227,1.0,pre_failure
1774375500,2026-03-24T23:35:00.089959,7,4,7,0,0,0.004798952574307792,0.4138763186290108,0.029204139572548044,0.4162314718104694,12.134486607142858,869.6640625,17.72265625,896.08984375,164258628.29715747,3346576696.460156,1.0,pre_failure
1774375530,2026-03-24T23:35:30.163050,7,4,7,0,0,0.00498923236924764,0.4257352493180544,0.02895551540920279,0.4269458149975619,11.788504464285714,840.8997395833334,16.9453125,886.21484375,164296773.72648907,3346576696.460156,1.0,pre_failure
1774375560,2026-03-24T23:36:00.233289,7,4,7,0,0,0.006100161866462944,0.4339613121462437,0.036941793799687817,0.43536235749051083,12.076450892857142,822.53125,17.125,863.6171875,164327350.79295018,3347540708.449937,1.0,pre_failure
1774375590,2026-03-24T23:36:30.318502,7,4,7,0,0,0.004427484957018124,0.4205894700282303,0.02585879964879541,0.42154618786250325,11.786830357142858,861.0208333333334,17.12890625,899.953125,164375084.64805776,3348001709.643113,1.0,pre_failure
1774375620,2026-03-24T23:37:00.371263,7,4,7,0,0,0.0033346484438695053,0.4208023381410412,0.01820605826921479,0.423101708850908,11.776785714285714,841.0533854166666,16.73046875,868.71484375,164400808.58277595,3348001709.643113,1.0,pre_failure
1774375650,2026-03-24T23:37:30.429502,7,4,7,0,0,0.0045717542022405645,0.43693713194164246,0.02829472602024421,0.44199017799604173,11.723214285714286,845.5690104166666,16.64453125,910.05078125,164443877.02543953,3350529717.746368,1.0,pre_failure
1774375680,2026-03-24T23:38:00.488048,7,4,7,0,0,0.007241868029999941,0.4213082952297356,0.04491146602574238,0.42507332681538273,12.80078125,882.1145833333334,18.1171875,914.48046875,164467139.87886953,3350529717.746368,1.0,pre_failure
1774375710,2026-03-24T23:38:30.558458,7,4,7,0,0,0.0058660465505394,0.40207707379049606,0.03532581068034966,0.4026487711657242,12.335379464285714,836.3333333333334,18.51953125,882.1015625,164493417.34287822,3350883719.947256,1.0,pre_failure
1774375740,2026-03-24T23:39:00.608387,7,4,7,0,0,0.00645591197994618,0.4062161652803407,0.040890513107513723,0.40797280181321405,12.186383928571429,901.0182291666666,18.41015625,939.33203125,164534911.02128196,3353666721.555219,1.0,pre_failure
1774375770,2026-03-24T23:39:30.665296,7,4,7,0,0,0.005392380523980974,0.40096591499767587,0.03281915896568471,0.4017599217812659,12.12890625,818.8125,17.98046875,877.796875,164563787.0230643,3353666721.555219,1.0,pre_failure
1774375800,2026-03-24T23:40:00.729754,7,4,7,0,0,0.00731558209200665,0.43475676993564843,0.04711661104732978,0.4391111111111139,11.866629464285714,833.5013020833334,16.81640625,858.92578125,164591908.29333612,3353666721.555219,1.0,pre_failure
1774375830,2026-03-24T23:40:30.796427,7,4,7,0,0,0.004270359019759119,0.4284507672186981,0.02570324103109435,0.4317777777777816,11.90234375,842.61328125,17.68359375,901.25,164628970.8486047,3353666721.555219,1.0,pre_failure
1774375860,2026-03-24T23:41:00.853944,7,4,7,0,0,0.005780321188908748,0.4206604447209902,0.03480638013271592,0.42177777777780084,12.034040178571429,819.3893229166666,18.10546875,850.88671875,164645136.49462065,3353666721.555219,1.0,pre_failure
1774375890,2026-03-24T23:41:30.921909,7,4,7,0,0,0.0059561186736315965,0.41493223248620476,0.03716395564873269,0.4166759261316938,11.696428571428571,814.1692708333334,16.58984375,881.84375,164672850.9079653,3353666721.555219,1.0,pre_failure
1774375921,2026-03-24T23:42:00.983189,7,4,7,0,0,0.005248202137026251,0.41169150685078115,0.031689807434164836,0.41244444444446976,11.926339285714286,873.25,16.87890625,914.09375,164706604.271251,3354022723.786344,1.0,pre_failure
1774375951,2026-03-24T23:42:31.034400,7,4,7,0,0,0.003846261697593714,0.39836742887194027,0.02235676574972248,0.39933333333330046,12.146763392857142,819.7526041666666,18.61328125,862.90234375,164733460.18698487,3354022723.786344,1.0,pre_failure
1774375981,2026-03-24T23:43:01.100728,7,4,7,0,0,0.004655195298237453,0.400065182222289,0.027623499842714314,0.40043554587677366,12.192522321428571,826.0872395833334,18.71875,846.234375,164779433.91667187,3356213724.5398126,1.0,pre_failure
1774376011,2026-03-24T23:43:31.149522,7,4,7,0,0,0.003601049238362707,0.4058578552774546,0.020286423817763244,0.407111111111121,12.327566964285714,852.5729166666666,18.59765625,877.19921875,164813721.4648313,3356657735.321908,1.0,pre_failure
1774376041,2026-03-24T23:44:01.217294,7,4,7,0,0,0.004126858262129864,0.4085956247587338,0.02423526392410591,0.4093424298317871,11.763950892857142,809.5377604166666,16.69140625,868.29296875,164856366.80769408,3360148738.149988,1.0,pre_failure
1774376071,2026-03-24T23:44:31.270378,7,4,7,0,0,0.006930304757312999,0.4239353641499662,0.044283066474349014,0.4246666666666366,11.981584821428571,844.2864583333334,18.48046875,865.7578125,164882116.48703596,3360730741.670329,1.0,pre_failure
1774376101,2026-03-24T23:45:01.343114,7,4,7,0,0,0.007116650816571469,0.4452460596994812,0.04427955800961372,0.4462123063931922,12.003348214285714,850.0885416666666,18.78515625,918.73828125,164916787.101248,3360730741.670329,1.0,pre_failure
1774376131,2026-03-24T23:45:31.389593,7,4,7,0,0,0.003829008988853951,0.43318194603696003,0.022440637641110796,0.4353139860450717,11.987723214285714,851.2604166666666,16.921875,880.1328125,164951972.82511914,3361249743.6296,1.0,pre_failure
1774376161,2026-03-24T23:46:01.456526,7,4,7,0,0,0.0035692886962262866,0.4206573024042685,0.019794104608848995,0.4224350569987434,11.956473214285714,829.3333333333334,17.11328125,836.15234375,164987128.50044578,3363968745.937432,1.0,pre_failure
1774376191,2026-03-24T23:46:31.508565,7,4,7,0,0,0.006389340679023455,0.4182993959536708,0.04009727937967453,0.41933333333333833,12.108816964285714,844.7734375,16.9140625,863.2890625,165009357.51635146,3363968745.937432,1.0,pre_failure
1774376221,2026-03-24T23:47:01.570644,7,4,7,0,0,0.005251570286601095,0.43155557709620085,0.03140207135296863,0.435333333333351,11.797991071428571,835.0598958333334,16.86328125,868.26953125,165045326.56205463,3363968745.937432,1.0,pre_failure
1774376251,2026-03-24T23:47:31.625207,7,4,7,0,0,0.005017939294681538,0.4250953902090272,0.029877840360274466,0.42666666666665504,12.346540178571429,838.8528645833334,19.65234375,848.1953125,165077565.35009524,3363968745.937432,1.0,pre_failure
1774376281,2026-03-24T23:48:01.675135,7,4,7,0,0,0.004565356526868114,0.4122810132095043,0.026014861442722637,0.41488888888887154,11.874441964285714,856.9361979166666,17.01171875,895.37109375,165093691.3207682,3363968745.937432,1.0,pre_failure
1774376311,2026-03-24T23:48:31.731734,7,4,7,0,0,0.006026933315054591,0.4014903822226371,0.03748244718820965,0.40333333333332083,12.01953125,807.9973958333334,17.05859375,823.6875,165130032.52527642,3364929748.3181486,1.0,pre_failure
1774376341,2026-03-24T23:49:01.797193,7,4,7,0,0,0.004800658737429455,0.3996385155552008,0.028897350148257166,0.40134225205003116,11.759486607142858,794.9322916666666,16.82421875,823.44140625,165146722.12740067,3364929748.3181486,1.0,pre_failure
1774376371,2026-03-24T23:49:31.868400,7,4,7,0,0,0.003244592188785049,0.390384741461201,0.019202618623092922,0.39177777777778783,12.060267857142858,825.171875,18.2890625,849.0546875,165183779.31952986,3364929748.3181486,1.0,pre_failure
1774376401,2026-03-24T23:50:01.931684,7,4,7,0,0,0.003740645416858928,0.3906070545906457,0.020987611863142415,0.39088888888892864,12.022879464285714,862.5559895833334,17.31640625,903.0234375,165242811.83344254,3369804752.731564,1.0,pre_failure
1774376432,2026-03-24T23:50:31.976364,7,4,7,0,0,0.003717912894681744,0.40503403134250776,0.020832504960211967,0.40576876069422935,12.095424107142858,843.5130208333334,16.92578125,881.125,165272349.31969628,3369804752.731564,1.0,pre_failure
1774376462,2026-03-24T23:51:02.027717,7,4,7,0,0,0.0074977310378927615,0.4184351216091744,0.04814033701028493,0.41952758704974147,12.319754464285714,858.3802083333334,20.40234375,893.9296875,165304984.69928658,3370260753.8557153,1.0,pre_failure
1774376492,2026-03-24T23:51:32.078198,7,4,7,0,0,0.003987990297289983,0.40990166028097674,0.02391771480830271,0.4120000000000048,12.657924107142858,815.3736979166666,19.171875,832.0,165333468.47854546,3370673764.583605,1.0,pre_failure
1774376522,2026-03-24T23:52:02.134417,7,4,7,0,0,0.004409269389994204,0.41303703703702616,0.026731392354169034,0.4153333333333175,12.290178571428571,862.9557291666666,18.1484375,872.34765625,165374070.4061483,3373561770.068233,1.0,pre_failure
1774376552,2026-03-24T23:52:32.191524,7,4,7,0,0,0.005122064391013411,0.40586088593148617,0.03195915643115429,0.40712920574247924,12.637834821428571,837.91015625,20.421875,875.21875,165406289.36854297,3373561770.068233,1.0,pre_failure
1774376582,2026-03-24T23:53:02.244972,7,4,7,0,0,0.0036416786962322006,0.39474072276395433,0.019818282289533005,0.3966578520477472,12.176339285714286,839.7018229166666,17.61328125,845.9296875,165427733.55025765,3373561770.068233,1.0,pre_failure
1774376612,2026-03-24T23:53:32.314675,7,4,7,0,0,0.006621405944022217,0.41415122311361846,0.04253947130409039,0.4151203360075043,12.529017857142858,886.8216145833334,19.21875,937.75,165464786.6585944,3373864771.111126,1.0,pre_failure
1774376642,2026-03-24T23:54:02.391473,7,4,7,0,0,0.007869470307654341,0.4226666700976912,0.05029379928377531,0.42444444444443225,12.373883928571429,825.9908854166666,18.61328125,844.66796875,165486433.21986437,3374190771.577075,1.0,pre_failure
1774376672,2026-03-24T23:54:32.455768,7,4,7,0,0,0.007190977428014135,0.43355234739639054,0.04558706152455179,0.4337777777777875,12.433035714285714,872.109375,17.67578125,934.03125,165525608.88520882,3374742773.45378,1.0,pre_failure
1774376702,2026-03-24T23:55:02.523116,7,4,7,0,0,0.004255708741066935,0.4255492314162526,0.024904968659973704,0.4304348792248602,11.857142857142858,858.1145833333334,16.82421875,865.26171875,165541176.97495636,3374742773.45378,1.0,pre_failure
1774376732,2026-03-24T23:55:32.601116,7,4,7,0,0,0.004979943994234343,0.42349090405277223,0.030158876880262583,0.42424107738123407,11.98828125,856.37109375,17.25390625,868.7421875,165591401.76660323,3378049775.247156,1.0,pre_failure
1774376762,2026-03-24T23:56:02.666180,7,4,7,0,0,0.00746192952628977,0.44155891273751713,0.04800250648636791,0.4444740760495038,12.5,788.9453125,17.98046875,823.41796875,165610503.9073196,3378049775.247156,1.0,pre_failure
1774376792,2026-03-24T23:56:32.721176,7,4,7,0,0,0.004229654080584235,0.4330466637315271,0.025492536330136255,0.4346859860438475,12.170200892857142,832.0091145833334,16.85546875,865.72265625,165631713.87717277,3378049775.247156,1.0,pre_failure
1774376822,2026-03-24T23:57:02.793167,7,4,7,0,0,0.004471780675738027,0.43192272270492393,0.02677027038540151,0.43311111111112194,11.815848214285714,836.1770833333334,16.86328125,872.203125,165661992.28861943,3378049775.247156,1.0,pre_failure
1774376852,2026-03-24T23:57:32.864933,7,4,7,0,0,0.00952948875687588,0.42919792047359845,0.06246347690284032,0.42981598364298873,12.042410714285714,822.4973958333334,19.59375,874.6328125,165696976.00660783,3378049775.247156,1.0,pre_failure
1774376883,2026-03-24T23:58:02.946117,7,4,7,0,0,0.0025722072661335344,0.41792900775179703,0.013136952295384332,0.4199906668740653,12.119977678571429,847.1549479166666,18.67578125,869.7578125,165724210.04420784,3378049775.247156,1.0,pre_failure
1774376913,2026-03-24T23:58:33.014713,7,4,7,0,0,0.003979259413425108,0.4210370388217885,0.02290631209167607,0.4213426965043631,12.265066964285714,814.4973958333334,17.39453125,849.3984375,165776007.78794116,3380255778.1487565,1.0,pre_failure
1774376943,2026-03-24T23:59:03.072657,7,4,7,0,0,0.00637386722401419,0.42517258986021067,0.04105713556775485,0.42620327985422496,11.862723214285714,842.13671875,17.06640625,891.4140625,165794025.90385705,3380255778.1487565,1.0,pre_failure
1774376973,2026-03-24T23:59:33.152122,7,4,7,0,0,0.00549157647657647,0.42518206290060295,0.035113710112326765,0.42600946687708696,12.005022321428571,815.9466145833334,17.37109375,937.78515625,165827784.53830376,3380255778.1487565,1.0,pre_failure
1774377003,2026-03-25T00:00:03.213751,7,4,7,0,0,0.00728409554380636,0.42238597018025076,0.046933761350141975,0.4235743810835729,12.006696428571429,837.8216145833334,18.27734375,902.86328125,165875680.24085176,3382567779.4197435,1.0,pre_failure
1774377033,2026-03-25T00:00:33.284737,7,4,7,0,0,0.005194481181636098,0.42488571529686814,0.0318173238557084,0.42843492366836433,11.951450892857142,829.8346354166666,16.84765625,868.734375,165897046.57294902,3383552785.0186553,1.0,pre_failure
1774377063,2026-03-25T00:01:03.376910,7,4,7,0,0,0.006539420507384963,0.4252498275095185,0.04128801462273782,0.42621275082774557,11.816964285714286,828.7486979166666,16.91796875,874.1328125,165940643.1934223,3388056792.6446524,1.0,pre_failure
1774377093,2026-03-25T00:01:33.443853,7,4,7,0,0,0.0049112966112860946,0.4272687541204452,0.02948971872960502,0.4275650570012657,11.924665178571429,846.5846354166666,17.21875,855.9375,165986151.4032327,3388056792.6446524,1.0,pre_failure
1774377123,2026-03-25T00:02:03.505237,7,4,7,0,0,0.006240412613464336,0.42082416989365223,0.03918935612331302,0.4220093779861783,11.823102678571429,844.5963541666666,17.625,866.57421875,166021262.62029672,3388501802.7154655,1.0,pre_failure
1774377153,2026-03-25T00:02:33.572236,7,4,7,0,0,0.0033638029679735125,0.40244744204191185,0.017354127371836312,0.4046756594590779,12.15625,834.9830729166666,16.98046875,878.34375,166044535.38950393,3388501802.7154655,1.0,pre_failure
1774377183,2026-03-25T00:03:03.644100,7,4,7,0,0,0.0060465759546038285,0.4228920216080054,0.03719636779485812,0.42356496811039185,11.919084821428571,843.5143229166666,17.05078125,858.29296875,166071548.53244436,3390672807.8605347,1.0,pre_failure
1774377213,2026-03-25T00:03:33.703001,7,4,7,0,0,0.007583322448573883,0.41837038395200865,0.049005945569556716,0.4188981977377483,12.02734375,820.66796875,17.15234375,858.16796875,166106659.557158,3390672807.8605347,1.0,pre_failure
1774377243,2026-03-25T00:04:03.774527,7,4,7,0,0,0.006131764346499836,0.42350342999047513,0.04026185025223189,0.42446330948040983,12.095424107142858,853.8697916666666,17.6953125,896.4453125,166130991.5799591,3390672807.8605347,1.0,pre_failure
1774377273,2026-03-25T00:04:33.844567,7,4,7,0,0,0.0030239623043884028,0.39140161242306126,0.01683438209015662,0.39288015821866346,12.008928571428571,874.6328125,17.8125,888.40234375,166148690.8367842,3390672807.8605347,1.0,pre_failure
1774377303,2026-03-25T00:05:03.913683,7,4,7,0,0,0.004299271311769394,0.41325925925925855,0.025857714538356086,0.41422222222222255,11.968191964285714,837.86328125,16.96484375,851.69140625,166194983.83057207,3390672807.8605347,1.0,pre_failure
1774377334,2026-03-25T00:05:33.986198,7,4,7,0,0,0.004987298699027255,0.4211821056948481,0.029334883317190377,0.42333333333333717,11.782366071428571,856.1770833333334,17.015625,870.390625,166228840.33592436,3390672807.8605347,1.0,pre_failure
1774377364,2026-03-25T00:06:04.042188,7,4,7,0,0,0.009304108530585296,0.42201251070530876,0.05987850137060728,0.4240094224316,12.45703125,828.09375,21.69140625,875.8203125,166243990.95560038,3390672807.8605347,1.0,pre_failure
1774377394,2026-03-25T00:06:34.102089,7,4,7,0,0,0.0061613191122735275,0.41429937620013035,0.038079674054154675,0.41622222222223204,12.256696428571429,849.7486979166666,19.90625,888.99609375,166273317.62614223,3390672807.8605347,1.0,pre_failure
1774377424,2026-03-25T00:07:04.166951,7,4,7,0,0,0.005054472417569365,0.4350370503492237,0.029279867737981267,0.43667637058600606,11.763950892857142,857.5520833333334,16.98828125,903.75,166289419.16751638,3390672807.8605347,1.0,pre_failure
1774377454,2026-03-25T00:07:34.222408,7,4,7,0,0,0.009177276511775183,0.43890191018941616,0.05837714307876274,0.44047380936506103,12.238839285714286,859.2005208333334,17.45703125,867.24609375,166338241.4493477,3391087812.080308,1.0,pre_failure
1774377484,2026-03-25T00:08:04.287973,7,4,7,0,0,0.004705337347718882,0.42206782071507837,0.02743520989768463,0.4226572742827758,11.976004464285714,843.0338541666666,17.27734375,856.9921875,166374916.66836926,3391087812.080308,1.0,pre_failure
1774377514,2026-03-25T00:08:34.362121,7,4,7,0,0,0.005063235936355686,0.4132623128250586,0.03018327644937616,0.41422222222222244,12.276227678571429,871.9921875,18.0625,908.3203125,166399135.5918068,3391087812.080308,1.0,pre_failure
1774377544,2026-03-25T00:09:04.434944,7,4,7,0,0,0.007074443628819262,0.42481481481480343,0.04366506848929434,0.4259999999999735,12.233258928571429,844.1927083333334,18.578125,872.640625,166416423.48746866,3391087812.080308,1.0,pre_failure
1774377574,2026-03-25T00:09:34.495149,7,4,7,0,0,0.0017050300410093111,0.4038548478031968,0.0066737000000027065,0.40711111111107806,12.035714285714286,830.2669270833334,18.8828125,872.75390625,166445676.73661795,3391582815.1246057,1.0,pre_failure
1774377604,2026-03-25T00:10:04.545769,7,4,7,0,0,0.003031467425676957,0.38822509484192963,0.016288874999997916,0.3891197582168402,11.952566964285714,812.1822916666666,17.15234375,846.53125,166465748.93205327,3392713820.4813914,1.0,pre_failure
1774377634,2026-03-25T00:10:34.609597,7,4,7,0,0,0.006441022180048909,0.400963004247678,0.03974578674657116,0.40512011378031226,14.55078125,872.4166666666666,36.50390625,900.99609375,166501752.3871741,3393224826.596349,1.0,pre_failure
1774377664,2026-03-25T00:11:04.665104,7,4,7,0,0,0.007059245499424955,0.4037037219442549,0.044201839640583065,0.40689793106513733,11.934151785714286,881.078125,18.40234375,911.625,166532726.2181858,3393224826.596349,1.0,pre_failure
1774377694,2026-03-25T00:11:34.722905,7,4,7,0,0,0.006023477360702629,0.40436745027066207,0.03715576776929998,0.4231111111111335,12.205915178571429,887.5260416666666,19.47265625,932.7421875,166581739.5319578,3395834829.2100277,1.0,pre_failure
1774377724,2026-03-25T00:12:04.779295,7,4,7,0,0,0.005739452880047955,0.45081149637003115,0.034425292015879294,0.456888888888875,12.486607142857142,835.234375,18.09765625,866.34765625,166610649.66346937,3395834829.2100277,1.0,pre_failure
1774377754,2026-03-25T00:12:34.849711,7,4,7,0,0,0.00818482300945791,0.4378488711341961,0.05091901757865151,0.44512100268896754,14.849888392857142,847.1536458333334,33.95703125,878.046875,166645854.33887368,3398071832.552695,1.0,pre_failure
1774377784,2026-03-25T00:13:04.926267,7,4,7,0,0,0.004689009273664561,0.4161389172152456,0.027074472580905576,0.4204444444444448,12.421875,854.6354166666666,18.10546875,886.97265625,166685480.376604,3400211836.5745277,1.0,pre_failure
1774377815,2026-03-25T00:13:34.995550,7,4,7,0,0,0.0029917210537265962,0.417629537586822,0.0153890455069373,0.4262127508277407,11.896763392857142,821.9869791666666,17.28125,841.0703125,166718865.8759247,3400211836.5745277,1.0,pre_failure
1774377845,2026-03-25T00:14:05.067940,7,4,7,0,0,0.006692247875331062,0.4333300892460761,0.040967591443526366,0.4346473490067261,12.166294642857142,847.421875,18.1015625,854.546875,166744575.26338342,3400211836.5745277,1.0,pre_failure
1774377875,2026-03-25T00:14:35.131030,7,4,7,0,0,0.006217744490728145,0.4134074074074075,0.037847218823351514,0.42466666666665104,12.256696428571429,826.2825520833334,19.34375,847.4140625,166765647.53619802,3400211836.5745277,1.0,pre_failure
1774377905,2026-03-25T00:15:05.184114,7,4,7,0,0,0.0053755944357855995,0.4297100775078933,0.032546992695132254,0.43067623724972226,12.223214285714286,848.6705729166666,19.140625,902.8515625,166803210.41406918,3400211836.5745277,1.0,pre_failure
1774377935,2026-03-25T00:15:35.297260,7,4,7,0,0,0.006543290177789487,0.41444752462159795,0.03946936947193739,0.4153517934130304,12.680803571428571,864.2330729166666,18.421875,899.9140625,166837292.80361035,3400523840.987658,1.0,pre_failure
1774377965,2026-03-25T00:16:05.393315,7,4,7,0,0,0.004472059416235279,0.4149753063077212,0.025892420244041932,0.4160184897106443,12.24609375,832.5325520833334,18.21875,866.68359375,166866046.69832253,3400874842.992801,1.0,pre_failure
1774377995,2026-03-25T00:16:35.449006,7,4,7,0,0,0.0067701865094922835,0.41400305699455986,0.040965963173887,0.4146574520566139,12.241629464285714,817.6354166666666,18.90234375,843.18359375,166905809.75920987,3400874842.992801,1.0,pre_failure
1774378025,2026-03-25T00:17:05.503110,7,4,7,0,0,0.005152956124481507,0.41517602201286086,0.030472014569416665,0.4180092890953291,11.790736607142858,861.7682291666666,17.33984375,895.19921875,166929023.99677327,3401428844.5079584,1.0,pre_failure
1774378055,2026-03-25T00:17:35.560312,7,4,7,0,0,0.005785962826808833,0.3976355228956788,0.03483395872868969,0.39866666666667544,11.981026785714286,820.875,17.11328125,868.05859375,166952531.86277702,3401428844.5079584,1.0,pre_failure
1774378085,2026-03-25T00:18:05.625979,7,4,7,0,0,0.005518162192970055,0.40621627667533905,0.03300264099542366,0.41599999999999243,12.305803571428571,874.3072916666666,18.95703125,907.79296875,166974334.1851366,3401428844.5079584,1.0,pre_failure
1774378115,2026-03-25T00:18:35.691246,7,4,7,0,0,0.00446276487019753,0.412067993821573,0.026423491864067956,0.4135463656362911,11.803013392857142,821.1484375,17.20703125,881.83984375,167022798.6408544,3403400847.7065215,1.0,pre_failure
1774378145,2026-03-25T00:19:05.761577,7,4,7,0,0,0.004235263058286703,0.4021392549138664,0.024033626825615086,0.4071111111111109,12.244419642857142,848.8619791666666,19.109375,856.23828125,167078610.86573187,3409357851.6891465,1.0,pre_failure
1774378175,2026-03-25T00:19:35.826163,7,4,7,0,0,0.0037435407469333247,0.4066605527475455,0.02062893290082204,0.4086848304369087,11.983258928571429,848.7721354166666,17.7109375,889.48046875,167101466.75181717,3409954853.4221883,1.0,pre_failure
1774378205,2026-03-25T00:20:05.896197,7,4,7,0,0,0.006970175384477869,0.4197778124842036,0.04279107608753736,0.4231205137891724,11.864955357142858,851.2630208333334,17.10546875,882.14453125,167122936.0680748,3410543855.163191,1.0,pre_failure
1774378236,2026-03-25T00:20:35.970113,7,4,7,0,0,0.008522428462097338,0.41770987832651685,0.053662891279312855,0.41955555555558,11.776227678571429,886.4557291666666,17.2578125,893.6875,167150718.86786333,3410543855.163191,1.0,pre_failure
1774378266,2026-03-25T00:21:06.041216,7,4,7,0,0,0.007242979866445614,0.41957417711415607,0.04535043435981971,0.4231017088509281,12.0625,845.8489583333334,19.1171875,859.203125,167194143.62139133,3410543855.163191,1.0,pre_failure
1774378296,2026-03-25T00:21:36.102609,7,4,7,0,0,0.005857935195769266,0.41844745712944625,0.0353767922079509,0.4279999999999965,11.9921875,844.8138020833334,18.76953125,898.78515625,167222940.94917712,3410883858.503085,1.0,pre_failure
1774378326,2026-03-25T00:22:06.171536,7,4,7,0,0,0.003050012742384487,0.4336264132402115,0.01528925956593981,0.4344444444444471,11.807477678571429,820.8372395833334,17.30859375,866.546875,167263072.06806567,3410883858.503085,1.0,pre_failure
1774378356,2026-03-25T00:22:36.253991,7,4,7,0,0,0.005719400693080468,0.43414814814814967,0.0338759253228073,0.4373333333333278,11.892857142857142,828.33203125,17.90234375,848.04296875,167293110.06950292,3410883858.503085,1.0,pre_failure
1774378386,2026-03-25T00:23:06.327414,7,4,7,0,0,0.0050395348204628695,0.42578415708101097,0.029681091858529105,0.4291111111111225,11.977120535714286,852.0833333333334,18.984375,898.453125,167325760.85013208,3410883858.503085,1.0,pre_failure
1774378416,2026-03-25T00:23:36.385484,7,4,7,0,0,0.003742052241649907,0.42556172881317733,0.019714456452463038,0.4322126174973969,11.941964285714286,830.3776041666666,17.78515625,863.0234375,167352788.95882508,3410883858.503085,1.0,pre_failure
1774378446,2026-03-25T00:24:06.435627,7,4,7,0,0,0.005251360025571306,0.4304570610712509,0.03187670559362607,0.4366569631785778,12.275111607142858,828.7421875,20.03125,873.30078125,167381773.45745972,3411359861.399876,1.0,pre_failure
1774378476,2026-03-25T00:24:36.494101,7,4,7,0,0,0.005403819151586659,0.42281477215552044,0.0320672714203123,0.4253238816915119,11.867745535714286,848.53125,17.6484375,905.8125,167409600.11072186,3411359861.399876,1.0,pre_failure
1774378506,2026-03-25T00:25:06.564276,7,4,7,0,0,0.004905741844402302,0.42053419104181583,0.028485361610753754,0.4231581286809838,12.377232142857142,866.9153645833334,17.49609375,876.46875,167430367.7354312,3411359861.399876,1.0,pre_failure
1774378536,2026-03-25T00:25:36.635760,7,4,7,0,0,0.0051078258864580926,0.41800314410278105,0.029681588590419437,0.4244538767528122,11.850446428571429,835.26171875,17.39453125,872.84765625,167458008.17833522,3411359861.399876,1.0,pre_failure
1774378566,2026-03-25T00:26:06.697842,7,4,7,0,0,0.004562705421967637,0.42158049453548657,0.026318214261488677,0.4226666666666808,12.137276785714286,825.4309895833334,17.1875,846.7265625,167484555.49371263,3411898863.385356,1.0,pre_failure
1774378596,2026-03-25T00:26:36.748593,7,4,7,0,0,0.06167554853799368,0.5320125667311437,0.398104263273822,0.5975821147606645,12.46875,822.1966145833334,19.1328125,858.5625,167520622.0828763,3415179868.0299225,2.0,pre_failure
1774378626,2026-03-25T00:27:06.801049,7,4,7,0,0,0.1359021159389101,0.7494540900957042,0.9175688386946025,0.7746666666666712,12.1796875,816.5481770833334,16.99609375,841.45703125,167546673.38422304,3415179868.0299225,2.0,pre_failure
1774378656,2026-03-25T00:27:36.856332,7,4,7,0,0,0.13355523977241765,0.7632930244732311,0.9035507308757853,0.7704444444444372,12.236049107142858,839.6901041666666,17.203125,860.9375,167599886.5629481,3420561875.12262,2.0,pre_failure
1774378686,2026-03-25T00:28:06.903169,7,4,7,0,0,0.13223241526431326,0.7722849025639997,0.8925132100856302,0.779999999999994,12.333147321428571,824.1080729166666,17.1953125,845.43359375,167635310.56215,3420977877.523703,2.0,pre_failure
1774378716,2026-03-25T00:28:36.953321,7,4,7,0,0,0.14798910001048726,0.7717834980695205,1.0002305381745,0.7728888888888988,12.693080357142858,837.4244791666666,17.3515625,864.47265625,167661984.39026064,3421518878.935262,2.0,pre_failure
1774378747,2026-03-25T00:29:07.011430,7,4,7,0,0,0.14771718284022722,0.7664614919900173,0.9996897806745763,0.7689230632472459,12.569196428571429,843.9453125,17.22265625,880.921875,167698721.9629186,3421518878.935262,2.0,pre_failure
1774378777,2026-03-25T00:29:37.063566,7,4,7,0,0,0.12951330234110217,0.7678575872104659,0.8591542418837217,0.7724616102580212,12.568638392857142,869.7877604166666,18.55859375,886.48828125,167737292.911182,3421861880.2253284,2.0,pre_failure
1774378807,2026-03-25T00:30:07.116602,7,4,7,0,0,0.14774338112267316,0.7786097618310343,0.9993881397231289,0.7933333333333539,12.203125,802.0572916666666,17.08984375,827.6484375,167774991.3276948,3421861880.2253284,2.0,pre_failure
1774378837,2026-03-25T00:30:37.174946,7,4,7,0,0,0.1121293702104926,0.7967524171656971,0.7604700505479329,0.8021152735190804,12.302455357142858,865.30859375,17.22265625,873.2421875,167832946.42503372,3424642880.9493675,2.0,pre_failure
1774378867,2026-03-25T00:31:07.225465,7,4,7,0,0,0.14654855993500346,0.7956413470228365,0.9999160789941346,0.8028888888888819,12.190848214285714,838.046875,17.2265625,856.7890625,167849719.021663,3424642880.9493675,2.0,pre_failure
1774378897,2026-03-25T00:31:37.279744,7,4,7,0,0,0.09363186041105881,0.7099204988860308,0.613905672883402,0.7333333333333251,11.950334821428571,839.29296875,17.28515625,878.56640625,167885311.74480447,3424642880.9493675,2.0,pre_failure
1774378927,2026-03-25T00:32:07.355401,7,4,7,0,0,0.008658344507441641,0.49081503871053156,0.032596390735454936,0.5140114224760494,12.009486607142858,830.0520833333334,17.23828125,850.4609375,167907247.73913762,3424642880.9493675,2.0,pre_failure
1774378957,2026-03-25T00:32:37.412118,7,4,7,0,0,0.0067247497263289045,0.4558179786294062,0.041782763610459614,0.4619794675791996,12.376116071428571,849.5377604166666,18.34375,880.0390625,167927251.4226448,3424642880.9493675,2.0,pre_failure
1774378987,2026-03-25T00:33:07.470555,7,4,7,0,0,0.008308238151816517,0.46086133862364914,0.05319658907837264,0.4697360234645819,11.939174107142858,884.8489583333334,17.25390625,895.2734375,167962412.18547374,3424642880.9493675,2.0,pre_failure
1774379017,2026-03-25T00:33:37.529027,7,4,7,0,0,0.005757124461763578,0.4583569394654692,0.03497465872926377,0.4624444444444679,11.977120535714286,825.37890625,17.26171875,889.0078125,167988484.6038571,3424979882.701631,2.0,pre_failure
1774379047,2026-03-25T00:34:07.592627,7,4,7,0,0,0.010136043888010527,0.47199665388183315,0.06557258058749216,0.47623280517345606,12.115513392857142,837.01953125,17.32421875,851.05078125,168040479.00990093,3428007887.6948395,2.0,pre_failure
1774379077,2026-03-25T00:34:37.655310,7,4,7,0,0,0.00818491762787931,0.44429619767686995,0.050559745203790855,0.45021221750626045,12.118861607142858,861.0442708333334,18.171875,883.625,168065992.40248123,3428007887.6948395,2.0,pre_failure
1774379107,2026-03-25T00:35:07.714676,7,4,7,0,0,0.004872447352615507,0.41740431460943733,0.02835553613326798,0.4179907113175592,12.420758928571429,817.9049479166666,18.34765625,901.73828125,168106319.2852586,3431384889.5131745,2.0,pre_failure
1774379137,2026-03-25T00:35:37.779295,7,4,7,0,0,0.007514053733414599,0.44089540111245595,0.04661361316129611,0.4433333333333374,12.127790178571429,866.0052083333334,17.68359375,879.29296875,168131132.15170074,3433767901.051508,2.0,pre_failure
1774379167,2026-03-25T00:36:07.842934,7,4,7,0,0,0.009514167032071164,0.4582086713169757,0.06017892135859333,0.46023244960998017,12.010602678571429,847.2669270833334,18.390625,886.75,168167577.19515723,3434157904.862369,2.0,pre_failure
1774379197,2026-03-25T00:36:37.911479,7,4,7,0,0,0.006836031357599458,0.41779936549839575,0.041993983216272054,0.4204444444444643,12.260602678571429,850.8736979166666,18.2578125,861.67578125,168208776.55429208,3434157904.862369,2.0,pre_failure
1774379228,2026-03-25T00:37:07.979241,7,4,7,0,0,0.059940056623392586,0.580671032195781,0.3818670443495564,0.5908888888889174,12.58203125,872.1536458333334,17.76171875,889.5703125,168245661.33041802,3434743908.336781,3.0,pre_failure
1774379258,2026-03-25T00:37:38.038435,7,4,7,0,0,0.14157986799211864,0.7542501756042166,0.9584943936070381,0.7555891372949965,12.674665178571429,821.515625,19.9765625,878.4375,168275163.5019913,3434743908.336781,3.0,pre_failure
1774379288,2026-03-25T00:38:08.108503,7,4,7,0,0,0.14686924070307547,0.7482166750204035,0.9999730025151008,0.7488722472834078,12.630580357142858,810.7942708333334,18.05859375,883.24609375,168299930.40346044,3434743908.336781,3.0,pre_failure
1774379318,2026-03-25T00:38:38.164784,7,4,7,0,0,0.13706210927884366,0.7454295172779914,0.9227032993096387,0.7464942107251413,12.294642857142858,827.2213541666666,17.3671875,843.48828125,168341530.67865255,3437014910.4551387,3.0,pre_failure
1774379348,2026-03-25T00:39:08.221771,7,4,7,0,0,0.14827136318393144,0.7529518128412568,1.000387054931398,0.753555555555586,12.376674107142858,837.38671875,18.296875,859.53515625,168376385.61041546,3439376913.057433,3.0,pre_failure
1774379378,2026-03-25T00:39:38.280769,7,4,7,0,0,0.149014588128229,0.7583075233825491,0.999501458259523,0.7586498077820648,12.497209821428571,840.6901041666666,18.546875,908.03125,168401730.9637945,3439376913.057433,3.0,pre_failure
1774379408,2026-03-25T00:40:08.341030,7,4,7,0,0,0.14719244780826876,0.7481260012299762,0.9994457876091709,0.7486666666666472,12.526227678571429,826.6861979166666,17.37109375,832.828125,168427786.94715384,3439376913.057433,3.0,pre_failure
1774379438,2026-03-25T00:40:38.393677,7,4,7,0,0,0.12759701654656894,0.7533627345879945,0.8490726556008099,0.7541887027243469,12.405133928571429,835.7018229166666,17.7421875,869.0078125,168454848.00866735,3439756915.1776114,3.0,pre_failure
1774379468,2026-03-25T00:41:08.446847,7,4,7,0,0,0.14929316170533574,0.7702279282064101,0.9997115388375131,0.7710939756894318,12.431361607142858,796.2330729166666,17.28515625,813.34375,168479341.3002179,3439756915.1776114,3.0,pre_failure
1774379498,2026-03-25T00:41:38.508125,7,4,7,0,0,0.14976121483553365,0.7866841485366217,1.0000036152204785,0.7882397386608478,12.28125,773.4700520833334,17.4375,796.1640625,168516849.17752916,3439756915.1776114,3.0,pre_failure
1774379528,2026-03-25T00:42:08.565463,7,4,7,0,0,0.08046528788626961,0.6137687121114529,0.5231754079696475,0.6315555555555529,12.233258928571429,800.3958333333334,17.37109375,832.11328125,168543725.63203254,3439756915.1776114,3.0,pre_failure
1774379558,2026-03-25T00:42:38.616217,7,4,7,0,0,0.009027932680451526,0.4311851968500101,0.05794060610537162,0.43267628169511785,12.327566964285714,810.5052083333334,18.84375,827.75390625,168593994.0641308,3440144947.954012,3.0,pre_failure
1774379588,2026-03-25T00:43:08.679526,7,4,7,0,0,0.006910811212712418,0.41969127119623045,0.04265762500501073,0.4215461878624945,11.944196428571429,823.80078125,17.453125,883.11328125,168607860.20080212,3440598953.464375,3.0,pre_failure
1774379618,2026-03-25T00:43:38.740744,7,4,7,0,0,0.0062310414715383315,0.4217037219495164,0.03893974528820138,0.42289828662861195,12.691964285714286,837.7122395833334,20.33203125,842.93359375,168644295.1281974,3441182955.70044,3.0,pre_failure
1774379648,2026-03-25T00:44:08.810970,7,4,7,0,0,0.005464596694690983,0.4132684596001428,0.032524471162886835,0.41446286501620855,12.045758928571429,838.8606770833334,17.8671875,870.015625,168666656.27584893,3441182955.70044,3.0,pre_failure
1774379678,2026-03-25T00:44:38.875225,7,4,7,0,0,0.005214353803745238,0.41244138772226757,0.030695720896432403,0.41400000000000986,12.001116071428571,837.94921875,17.43359375,881.8515625,168688782.4105953,3441182955.70044,3.0,pre_failure
1774379708,2026-03-25T00:45:08.937237,7,4,7,0,0,0.005512924527675674,0.42466980418494343,0.0327928193967289,0.4255555555555531,12.619977678571429,873.6549479166666,17.98828125,927.23046875,168715555.73518962,3441182955.70044,3.0,pre_failure
1774379739,2026-03-25T00:45:38.997277,7,4,7,0,0,0.008037909307283033,0.42799683957641005,0.051029967468340307,0.42911111111110667,12.771763392857142,863.1236979166666,20.5390625,898.12890625,168748054.36864352,3441182955.70044,3.0,pre_failure
1774379769,2026-03-25T00:46:09.064881,7,4,7,0,0,0.00576422573285863,0.42147214877032974,0.03600208635870088,0.4231111111111374,12.079799107142858,821.7630208333334,17.86328125,840.07421875,168776199.98751974,3441182955.70044,3.0,pre_failure
1774379799,2026-03-25T00:46:39.129788,7,4,7,0,0,0.0072121237182195715,0.4133333333333289,0.0445704272463396,0.41533333333331734,12.220424107142858,826.80078125,18.4140625,837.23046875,168819756.91851196,3444569957.57769,3.0,pre_failure
1774379829,2026-03-25T00:47:09.206611,7,4,7,0,0,0.005070128144874124,0.41118208305156073,0.030523612588065317,0.413083572206314,11.801339285714286,840.9153645833334,17.85546875,891.06640625,168865735.70975107,3445158958.429603,3.0,pre_failure
1774379859,2026-03-25T00:47:39.274407,7,4,7,0,0,0.006133390039293722,0.4180709778465931,0.03749919550602035,0.41888888888889186,12.154575892857142,829.49609375,18.4375,885.58984375,168906797.8783074,3445158958.429603,3.0,pre_failure
1774379889,2026-03-25T00:48:09.341566,7,4,7,0,0,0.005746390868753295,0.42251850713497724,0.03443462866135508,0.42332392613496367,12.136160714285714,842.6875,18.1328125,877.07421875,168932688.36277562,3445158958.429603,3.0,pre_failure
1774379919,2026-03-25T00:48:39.400448,7,4,7,0,0,0.004986378706468052,0.40933633983468676,0.029264383533012674,0.4115464100797661,11.908482142857142,851.9596354166666,18.15625,884.6640625,168957794.4045848,3445839960.966528,3.0,pre_failure
1774379949,2026-03-25T00:49:09.464073,7,4,7,0,0,0.00608095936185237,0.41274686776201575,0.03757934787849344,0.4135739366193988,12.219866071428571,840.7096354166666,19.03125,879.98046875,169000508.5896192,3447655963.1509285,3.0,pre_failure
1774379979,2026-03-25T00:49:39.539287,7,4,7,0,0,0.00801593366716099,0.420138840126719,0.05020279481151938,0.4213333333333596,12.35546875,818.0208333333334,18.36328125,846.59765625,169013295.95322612,3448054964.7919245,3.0,pre_failure
1774380009,2026-03-25T00:50:09.605203,7,4,7,0,0,0.007136782570347635,0.41598767942286624,0.04428947496064682,0.41776849403346566,11.957589285714286,857.1861979166666,17.7421875,867.44921875,169060686.12985533,3451162967.2727566,3.0,pre_failure
1774380039,2026-03-25T00:50:39.668663,7,4,7,0,0,0.005113039467297008,0.40821306899759635,0.02993785053016354,0.409714044481965,11.77734375,869.5625,17.53125,897.671875,169098439.30401412,3451755968.4617496,3.0,pre_failure
1774380069,2026-03-25T00:51:09.730303,7,4,7,0,0,0.005212837983786699,0.4045866127448513,0.031053519430838814,0.40512011378029783,12.005580357142858,859.1901041666666,18.59375,892.6171875,169120113.94835442,3451755968.4617496,3.0,pre_failure
1774380099,2026-03-25T00:51:39.800605,7,4,7,0,0,0.004908926241031805,0.40739229810563643,0.028492456615723888,0.409768671807302,12.205357142857142,820.9088541666666,18.0703125,866.3984375,169144906.70880342,3451755968.4617496,3.0,pre_failure
1774380129,2026-03-25T00:52:09.869037,7,4,7,0,0,0.004953078893007408,0.4215618373162098,0.028912143011516518,0.4240188452819933,11.856026785714286,896.9986979166666,17.9296875,955.08984375,169175689.4289394,3451755968.4617496,3.0,pre_failure
1774380159,2026-03-25T00:52:39.933902,7,4,7,0,0,0.00731744977013627,0.4286540363972805,0.04590646042836858,0.43134291873152725,12.189732142857142,825.2955729166666,18.46484375,851.96875,169199246.90540707,3452097974.5812974,3.0,pre_failure
1774380190,2026-03-25T00:53:09.995491,7,4,7,0,0,0.004269056211298092,0.4179907731868831,0.023967660466552895,0.41979643539712536,11.948102678571429,822.2018229166666,18.0625,824.1796875,169222794.74541998,3452097974.5812974,3.0,pre_failure
1774380220,2026-03-25T00:53:40.062050,7,4,7,0,0,0.004872903886643574,0.42510798266184474,0.02928028526130736,0.4260094668770516,11.927455357142858,843.2447916666666,17.62890625,901.92578125,169253426.4561189,3452097974.5812974,3.0,pre_failure
1774380250,2026-03-25T00:54:10.127833,7,4,7,0,0,0.006788109471917965,0.431030647055591,0.04154513362732616,0.4319904002133514,12.145089285714286,820.1393229166666,18.4765625,868.51171875,169287768.29714975,3455619979.5106206,3.0,pre_failure
1774380280,2026-03-25T00:54:40.190121,7,4,7,0,0,0.007821975204314529,0.4168148231824067,0.04880089749295487,0.41733333333333017,12.140625,817.1171875,18.71484375,853.5859375,169323192.99226537,3455619979.5106206,3.0,pre_failure
1774380310,2026-03-25T00:55:10.253115,7,4,7,0,0,0.006581058451444477,0.422351651184191,0.040444024666920333,0.42333333333334494,12.242745535714286,835.7552083333334,19.125,898.35546875,169365049.63174072,3455998982.0489106,3.0,pre_failure
1774380340,2026-03-25T00:55:40.328451,7,4,7,0,0,0.003238979842877323,0.41962026536781466,0.017010970450435182,0.42264788231633554,11.973214285714286,825.8919270833334,17.51953125,879.26953125,169392690.29679462,3455998982.0489106,3.0,pre_failure
1774380370,2026-03-25T00:56:10.393945,7,4,7,0,0,0.005107848542337589,0.43286322331884064,0.030099381425094933,0.43333333333333074,12.0078125,863.4192708333334,17.51171875,876.75390625,169428776.9660065,3455998982.0489106,3.0,pre_failure
1774380400,2026-03-25T00:56:40.461778,7,4,7,0,0,0.0075948680358969515,0.43036399699107386,0.04751188850731299,0.43111111111108213,12.036272321428571,845.6705729166666,17.54296875,868.89453125,169452294.7787747,3455998982.0489106,3.0,pre_failure
1774380430,2026-03-25T00:57:10.518524,7,4,7,0,0,0.007227270738728871,0.41947837702370816,0.045137558554551205,0.4199999999999931,12.205357142857142,813.5716145833334,17.5546875,829.70703125,169474841.9069294,3456504983.9017406,3.0,pre_failure
1774380460,2026-03-25T00:57:40.589357,7,4,7,0,0,0.007981781351714873,0.42035786077770176,0.05025894034926637,0.42263849076726484,12.013950892857142,867.5169270833334,19.01171875,886.78125,169515428.4814221,3456951985.0650854,3.0,pre_failure
1774380490,2026-03-25T00:58:10.651472,7,4,7,0,0,0.004422996439394021,0.42991634768009696,0.025204890394698795,0.4317585885071884,12.040736607142858,829.5169270833334,17.58984375,843.8515625,169554201.3814913,3457277987.1133423,3.0,pre_failure
1774380520,2026-03-25T00:58:40.717330,7,4,7,0,0,0.007845015186807122,0.43734627890851097,0.04938941466229671,0.43822222222221974,12.12109375,845.9127604166666,17.53515625,873.69140625,169576253.72619846,3457277987.1133423,3.0,pre_failure
1774380550,2026-03-25T00:59:10.801932,7,4,7,0,0,0.0103795642170677,0.4151141781187599,0.06720603192880581,0.4166666666666559,12.254464285714286,847.8346354166666,18.46875,872.53125,169597796.09362352,3457834991.206789,3.0,pre_failure
1774380580,2026-03-25T00:59:40.866392,7,4,7,0,0,0.003431938700689712,0.40399996102467234,0.01881006332902776,0.4057777777777852,12.138950892857142,823.875,18.4140625,850.44140625,169614912.03016135,3457834991.206789,3.0,pre_failure
1774380610,2026-03-25T01:00:10.924390,7,4,7,0,0,0.0055672620714235675,0.4304380863047214,0.033021553573135735,0.4315651458920902,11.951450892857142,849.0481770833334,18.45703125,869.80859375,169637935.61145014,3457834991.206789,3.0,pre_failure
1774380641,2026-03-25T01:00:40.988479,7,4,7,0,0,0.00597285861896667,0.4248983561867185,0.036215122961449894,0.42602840189344793,11.998883928571429,831.9192708333334,19.0078125,887.0625,169680846.0098376,3457834991.206789,3.0,pre_failure
1774380671,2026-03-25T01:01:11.055188,7,4,7,0,0,0.005155000149333302,0.41496911124773317,0.03032707481280915,0.4157870174892695,12.251116071428571,805.5494791666666,17.94140625,826.296875,169713123.91751608,3457834991.206789,3.0,pre_failure
1774380701,2026-03-25T01:01:41.132749,7,4,7,0,0,0.002777911091438863,0.4062162058950169,0.014658251536773557,0.40644444444444544,12.247767857142858,830.1653645833334,18.93359375,864.1640625,169756171.40914306,3458241993.3611,3.0,pre_failure
1774380731,2026-03-25T01:02:11.204682,7,4,7,0,0,0.0045684757025428345,0.4194845845692826,0.026843447276893473,0.4204537878619484,11.861607142857142,824.6315104166666,17.60546875,849.47265625,169771483.40921998,3458241993.3611,3.0,pre_failure
1774380761,2026-03-25T01:02:41.274611,7,4,7,0,0,0.007288183094079778,0.41688886433502165,0.045078084198490326,0.4193240150218943,12.172433035714286,805.0611979166666,18.84765625,812.9140625,169800016.00266162,3458241993.3611,3.0,pre_failure
1774380791,2026-03-25T01:03:11.336745,7,4,7,0,0,0.005421327859391355,0.4089720595964147,0.03199233307270269,0.41001822303217184,12.182477678571429,792.7096354166666,19.0625,833.2265625,169832024.2416132,3458241993.3611,3.0,pre_failure
1774380821,2026-03-25T01:03:41.405919,7,4,7,0,0,0.007071072502838744,0.415475201239362,0.043201983397858315,0.4215649236649589,12.290736607142858,831.1770833333334,19.78125,859.49609375,169876120.95612383,3458241993.3611,3.0,pre_failure
1774380851,2026-03-25T01:04:11.487400,7,4,7,0,0,0.009637306181589493,0.4112562222897058,0.0611718418022161,0.41288888888889924,11.923549107142858,805.3385416666666,17.83203125,842.74609375,169889820.11639708,3458241993.3611,3.0,pre_failure
1774380881,2026-03-25T01:04:41.558932,7,4,7,0,0,0.005667556922512342,0.40622522996424626,0.034495659508770815,0.4068798471145009,12.56640625,829.59765625,19.1640625,862.453125,169932735.03469992,3463251999.1726747,3.0,pre_failure
1774380911,2026-03-25T01:05:11.624875,7,4,7,0,0,0.006152471691239647,0.394082764368352,0.03836188471884829,0.39710228661584873,12.348214285714286,844.08203125,20.04296875,853.89453125,169963350.7072748,3463684003.7853527,3.0,pre_failure
1774380941,2026-03-25T01:05:41.712867,7,4,7,0,0,0.00449581585937832,0.3894814814814861,0.026099200633772284,0.3926666666666754,12.061941964285714,868.0091145833334,17.59375,887.80078125,169990294.97244722,3463684003.7853527,3.0,pre_failure
1774380971,2026-03-25T01:06:11.771932,7,4,7,0,0,0.007616556406796435,0.42852483649478545,0.047507051293785005,0.43199999999997846,12.153459821428571,848.9153645833334,17.6484375,898.01953125,170025146.4962799,3464240005.4602995,3.0,pre_failure
1774381001,2026-03-25T01:06:41.835585,7,4,7,0,0,0.0064130256230604645,0.4033984447751243,0.03978107451123416,0.41087975822756295,12.826450892857142,833.3723958333334,19.390625,858.48046875,170056478.1473796,3464774006.4870653,3.0,pre_failure
1774381031,2026-03-25T01:07:11.902764,7,4,7,0,0,0.004902364340044961,0.4113271951981331,0.028686108491489847,0.41487966934070264,12.10546875,881.375,18.0390625,890.9375,170088241.50061437,3465269007.8796844,3.0,pre_failure
1774381062,2026-03-25T01:07:41.971563,7,4,7,0,0,0.00563731585126203,0.4225216461600667,0.035125046314453956,0.4233333333333405,12.099888392857142,859.7421875,17.65234375,885.73046875,170120107.88727584,3465269007.8796844,3.0,pre_failure
1774381092,2026-03-25T01:08:12.035579,7,4,7,0,0,0.005706809882972854,0.4234105040512571,0.034170902273997675,0.42510166440745745,11.842633928571429,832.4283854166666,17.44921875,867.203125,170158635.87401822,3468604011.5977187,3.0,pre_failure
1774381122,2026-03-25T01:08:42.119163,7,4,7,0,0,0.005686480016058567,0.4164413301103287,0.03384105591259249,0.42043510144216145,12.010602678571429,860.8111979166666,17.5625,895.59375,170177075.69124457,3469025014.5863476,3.0,pre_failure
1774381152,2026-03-25T01:09:12.176133,7,4,7,0,0,0.0049731237336220905,0.4169598933460869,0.02967793044863943,0.41933333333334283,12.05859375,828.3268229166666,17.60546875,851.4765625,170212657.64010295,3470848016.1435184,3.0,pre_failure
1774381182,2026-03-25T01:09:42.245698,7,4,7,0,0,0.00533311244096548,0.42140427990487633,0.031044548183614122,0.4233333333333196,12.114397321428571,836.6927083333334,19.359375,869.640625,170258190.54844394,3474250018.6757936,3.0,pre_failure
1774381212,2026-03-25T01:10:12.310355,7,4,7,0,0,0.0073091155678252145,0.4344379721602958,0.04586870712044833,0.4377680495989114,12.0078125,826.7747395833334,18.45703125,881.16796875,170290174.64942604,3474250018.6757936,3.0,pre_failure
1774381242,2026-03-25T01:10:42.377865,7,4,7,0,0,0.005981508658250392,0.42807726426842035,0.03596884966989588,0.43067623724971027,11.915736607142858,851.0,17.8125,888.16796875,170330526.39053228,3474250018.6757936,3.0,pre_failure
1774381272,2026-03-25T01:11:12.449050,7,4,7,0,0,0.006465951227226518,0.430528085809292,0.039495642679892154,0.43200960021330836,12.028459821428571,831.1875,18.90234375,862.49609375,170377407.5789207,3477831020.2297006,3.0,pre_failure
1774381302,2026-03-25T01:11:42.533397,7,4,7,0,0,0.004806002729924063,0.42652483978710637,0.02977882896413652,0.42777777777776516,11.967075892857142,861.7760416666666,17.84765625,869.3203125,170407812.7708492,3477831020.2297006,3.0,pre_failure
1774381332,2026-03-25T01:12:12.619834,7,4,7,0,0,0.007932318624496063,0.42199686591326335,0.05027914861231382,0.4231017088509029,12.137276785714286,849.5807291666666,17.70703125,887.12890625,170429561.36375362,3477831020.2297006,3.0,pre_failure
1774381362,2026-03-25T01:12:42.690490,7,4,7,0,0,0.006766429935551347,0.43289529618646083,0.04125741148489509,0.43443479033801546,12.075334821428571,817.8020833333334,17.71484375,826.36328125,170462603.75242203,3477831020.2297006,3.0,pre_failure
1774381392,2026-03-25T01:13:12.756198,7,4,7,0,0,0.004417654625257595,0.42753983944672164,0.0260608498655122,0.44043465700764595,12.064174107142858,843.6263020833334,17.953125,903.09765625,170495293.13413236,3478181020.7913356,3.0,pre_failure
1774381422,2026-03-25T01:13:42.824565,7,4,7,0,0,0.005929766833056994,0.4165926923176069,0.03661620540727777,0.4206573187262483,12.263392857142858,808.1145833333334,17.87109375,818.57421875,170528972.88897735,3478181020.7913356,3.0,pre_failure
1774381452,2026-03-25T01:14:12.885660,7,4,7,0,0,0.006328532637899196,0.4388309921668729,0.03890410894259373,0.44067645947688905,12.010602678571429,825.5625,17.8046875,867.2734375,170556491.41546717,3478181020.7913356,3.0,pre_failure
1774381483,2026-03-25T01:14:42.950112,7,4,7,0,0,0.006877295035532025,0.4396973387015116,0.044049910404409864,0.4453432298495421,11.799665178571429,840.24609375,18.06640625,876.00390625,170585710.70924893,3478697022.355593,3.0,pre_failure
1774381513,2026-03-25T01:15:13.024307,7,4,7,0,0,0.007285910708041418,0.4176296296296283,0.0449054178178358,0.42111111111110705,12.21484375,826.6575520833334,17.6484375,866.59765625,170621537.5630374,3479777025.1888585,3.0,pre_failure
1774381543,2026-03-25T01:15:43.092059,7,4,7,0,0,0.008086828508847942,0.423037019069362,0.05217092468870928,0.424435012555274,12.278459821428571,833.2447916666666,17.72265625,876.79296875,170658320.47246957,3480183027.710448,3.0,pre_failure
1774381573,2026-03-25T01:16:13.158386,7,4,7,0,0,0.006145084298807445,0.4099077065644657,0.03745018780841458,0.4104353236594818,12.439732142857142,772.4713541666666,19.67578125,819.03125,170680877.70133498,3480183027.710448,3.0,pre_failure
1774381603,2026-03-25T01:16:43.233325,7,4,7,0,0,0.005940654552266182,0.41644753422503883,0.03586898505120961,0.41733333333332884,12.002790178571429,834.4609375,18.1796875,907.32421875,170703660.5818294,3480183027.710448,3.0,pre_failure
1774381633,2026-03-25T01:17:13.307507,7,4,7,0,0,0.0053349658016620515,0.40679673673990563,0.0324285336350771,0.40732428168260415,12.309709821428571,834.3606770833334,20.12109375,846.19921875,170751477.7781537,3482702032.6866083,3.0,pre_failure
1774381663,2026-03-25T01:17:43.376872,7,4,7,0,0,0.0064071241939764895,0.41483020170532486,0.03941407549046657,0.4155555555555666,12.08984375,823.0104166666666,19.79296875,901.109375,170787456.66048315,3486237039.158596,3.0,pre_failure
1774381693,2026-03-25T01:18:13.466431,7,4,7,0,0,0.004192474829821963,0.3944823604136273,0.025171573646895318,0.39623102735615867,11.861049107142858,850.171875,17.85546875,890.01953125,170801538.1658104,3486237039.158596,3.0,pre_failure
1774381723,2026-03-25T01:18:43.543809,7,4,7,0,0,0.006858849477237217,0.42718202476157713,0.04219069521411207,0.4279999999999682,11.809151785714286,817.1419270833334,17.80859375,881.33984375,170836860.46017015,3486237039.158596,3.0,pre_failure
1774381753,2026-03-25T01:19:13.616153,7,4,7,0,0,0.005816541123870884,0.42791321772998403,0.035193410844198525,0.4286571409523745,12.379464285714286,828.1184895833334,19.88671875,883.09375,170867452.00650144,3486237039.158596,3.0,pre_failure
1774381783,2026-03-25T01:19:43.680115,7,4,7,0,0,0.005971057619151338,0.40783979490823474,0.03697461971182098,0.40911111111110715,11.916294642857142,825.8333333333334,17.78125,864.546875,170889876.63521594,3486237039.158596,3.0,pre_failure
1774381813,2026-03-25T01:20:13.747718,7,4,7,0,0,0.0050350580276631255,0.40400301267844474,0.02979378890969491,0.4046846526512278,11.974888392857142,825.65234375,17.85546875,882.8515625,170928007.54446426,3486237039.158596,3.0,pre_failure
1774381843,2026-03-25T01:20:43.811091,7,4,7,0,0,0.005463666018648295,0.4055585597375297,0.03261489975761317,0.4060000000000058,12.192522321428571,827.55859375,19.37890625,857.56640625,170961888.11398312,3486237039.158596,3.0,pre_failure
1774381873,2026-03-25T01:21:13.881552,7,4,7,0,0,0.005726279567605444,0.40794104449484747,0.03532994867840754,0.40846259833775245,12.555803571428571,824.8385416666666,21.42578125,852.953125,170992185.77854398,3486720040.504436,3.0,pre_failure
1774381904,2026-03-25T01:21:43.947064,7,4,7,0,0,0.007448791379549335,0.4314942923536385,0.04567316246528462,0.43247327599616514,12.005022321428571,803.4622395833334,18.66796875,822.81640625,171027929.64051235,3486720040.504436,3.0,pre_failure
1774381934,2026-03-25T01:22:14.016260,7,4,7,0,0,0.005239888837509541,0.43135568929987683,0.031589909456714825,0.4322414329525634,11.938616071428571,848.5729166666666,17.88671875,879.0,171073776.43219513,3489614047.815174,3.0,pre_failure
1774381964,2026-03-25T01:22:44.086655,7,4,7,0,0,0.006451738720189951,0.4288148629739051,0.04074726792999485,0.4317873730527442,11.819196428571429,823.1875,17.98828125,838.47265625,171119917.38699406,3492040050.930903,3.0,pre_failure
1774381994,2026-03-25T01:23:14.160289,7,4,7,0,0,0.005130831021186552,0.42894390880650884,0.030489025141247912,0.42954601008866183,11.859933035714286,828.5533854166666,17.80859375,890.13671875,171173494.67769337,3498062059.2229934,3.0,pre_failure
1774382024,2026-03-25T01:23:44.225308,7,4,7,0,0,0.00735535223285025,0.42349104152524397,0.045992943737258256,0.42781580584940876,12.094308035714286,808.578125,17.83203125,851.765625,171227611.12324435,3504161072.043265,3.0,pre_failure
1774382054,2026-03-25T01:24:14.287455,7,4,7,0,0,0.0062000607731050525,0.43413527836545707,0.03861138753650761,0.43731389716010755,12.055803571428571,836.4049479166666,17.81640625,850.2109375,171261894.18206176,3507410076.832799,3.0,pre_failure
1774382084,2026-03-25T01:24:44.351641,7,4,7,0,0,0.0054563820885324965,0.4351271777382286,0.032431968305476816,0.44245427676170085,12.240513392857142,830.87890625,17.8046875,847.01953125,171293216.35093272,3507989078.8202357,3.0,pre_failure
1774382114,2026-03-25T01:25:14.425729,7,4,7,0,0,0.007599708514506756,0.43948152035417004,0.04918668938337806,0.44135294901994737,11.900669642857142,798.33984375,17.8125,810.34765625,171324019.44841313,3507989078.8202357,3.0,pre_failure
1774382144,2026-03-25T01:25:44.491936,7,4,7,0,0,0.006456226254219263,0.43274396399970555,0.040157066129766175,0.43534300762236017,11.991629464285714,828.7825520833334,18.93359375,845.3671875,171351381.22592717,3507989078.8202357,3.0,pre_failure
1774382174,2026-03-25T01:26:14.562587,7,4,7,0,0,0.007246218141633195,0.42547834081051294,0.04531511609070448,0.4277777777777493,12.133928571428571,845.99609375,17.83203125,860.90234375,171387713.44883165,3511571085.380182,3.0,pre_failure
1774382204,2026-03-25T01:26:44.629223,7,4,7,0,0,0.006484799313496302,0.4211234816292923,0.03932885888850915,0.4246572298393379,12.366629464285714,794.0677083333334,18.16015625,832.4609375,171426893.6076341,3511571085.380182,3.0,pre_failure
1774382234,2026-03-25T01:27:14.691523,7,4,7,0,0,0.008164202121359668,0.43222540583206454,0.051820139432023515,0.4348888888888691,12.302455357142858,840.4921875,20.5078125,889.51171875,171456593.71630996,3511571085.380182,3.0,pre_failure
1774382264,2026-03-25T01:27:44.775420,7,4,7,0,0,0.009898610739064704,0.43343316378034913,0.06293862483914388,0.4351401204524584,13.169642857142858,816.91796875,21.50390625,891.1640625,171467616.92765436,3511571085.380182,3.0,pre_failure
1774382294,2026-03-25T01:28:14.847288,7,4,7,0,0,0.006149240333771582,0.4366763705860164,0.03783033297383992,0.4382319607102525,12.128348214285714,833.8372395833334,19.07421875,837.765625,171493464.02584592,3511571085.380182,3.0,pre_failure
1774382324,2026-03-25T01:28:44.917211,7,4,7,0,0,0.004859774661997983,0.4230830431798201,0.029783602639631583,0.4279904891002458,12.598214285714286,834.07421875,20.76171875,873.03125,171530786.02337417,3512033088.1324315,3.0,pre_failure
1774382355,2026-03-25T01:29:14.984151,7,4,7,0,0,0.004824661339008344,0.41006510032617544,0.029393223576427763,0.41578701748927394,12.42578125,794.46484375,21.0390625,808.15625,171568137.45776254,3512407089.591725,3.0,pre_failure
1774382385,2026-03-25T01:29:45.045463,7,4,7,0,0,0.007640865821315917,0.4191204497286844,0.04804593415761248,0.420463131694765,12.28125,854.17578125,19.05859375,907.61328125,171602508.74323514,3512407089.591725,3.0,pre_failure
1774382415,2026-03-25T01:30:15.112304,7,4,7,0,0,0.0052894786453453555,0.4244538228498313,0.032341240860803915,0.4268794026799154,12.309151785714286,843.42578125,20.484375,879.74609375,171632717.7249373,3512798099.881,3.0,pre_failure
1774382445,2026-03-25T01:30:45.176901,7,4,7,0,0,0.009033368204442921,0.43274073100634525,0.058675190388046666,0.4346666666666635,12.117745535714286,854.5,17.88671875,882.9921875,171646289.67417064,3512798099.881,3.0,pre_failure
1774382475,2026-03-25T01:31:15.240885,7,4,7,0,0,0.005436229605910367,0.42992274739575953,0.032108816037578786,0.431999999999998,12.462053571428571,856.9440104166666,17.921875,888.5390625,171672356.4138601,3512798099.881,3.0,pre_failure
1774382505,2026-03-25T01:31:45.294468,7,4,7,0,0,0.007500654638464428,0.4267376017158303,0.04770477323485206,0.4322222222222155,12.240513392857142,839.7734375,18.734375,873.51953125,171725923.566826,3512798099.881,3.0,pre_failure
1774382535,2026-03-25T01:32:15.362578,7,4,7,0,0,0.034106555930027885,0.5536211778752113,0.19544980119284505,0.5610737061973489,13.10546875,838.5377604166666,20.15625,884.4296875,171764744.71641225,3513271102.1985493,4.0,pre_failure
1774382565,2026-03-25T01:32:45.413024,7,4,7,0,0,0.12759105441051027,0.7540628792611243,0.8570144952892667,0.7593164596342326,12.376116071428571,815.22265625,19.1484375,847.015625,171781683.68076742,3513271102.1985493,4.0,pre_failure
1774382595,2026-03-25T01:33:15.486494,7,4,7,0,0,0.1517861963526466,0.7716011522625098,1.000307658228675,0.7768888888888946,12.444196428571429,826.9973958333334,18.0078125,846.6796875,171801431.42189848,3513271102.1985493,4.0,pre_failure
1774382625,2026-03-25T01:33:45.539952,7,4,7,0,0,0.11112109714701712,0.7647407442843812,0.745774524265399,0.7666666666666786,12.323660714285714,841.5442708333334,18.4609375,882.8828125,171833645.2912489,3513271102.1985493,4.0,pre_failure
1774382655,2026-03-25T01:34:15.594488,7,4,7,0,0,0.13252715272401594,0.7729458628683991,0.8884222654408531,0.7780000000000131,12.357142857142858,847.9205729166666,18.390625,891.9921875,171868711.78574914,3513842103.3012533,4.0,pre_failure
1774382685,2026-03-25T01:34:45.644163,7,4,7,0,0,0.13179063026294408,0.7635612495092664,0.8822271421773275,0.7686837485277569,12.789620535714286,837.0403645833334,19.42578125,862.9375,171893670.0665768,3514188105.236783,4.0,pre_failure
1774382715,2026-03-25T01:35:15.697441,7,4,7,0,0,0.1351939296117595,0.7440630819700161,0.9136425426871047,0.7475555555555607,12.827008928571429,849.3372395833334,18.8046875,860.71875,171912383.14151055,3514188105.236783,4.0,pre_failure
1774382745,2026-03-25T01:35:45.751233,7,4,7,0,0,0.1361685194547311,0.7420630871519555,0.9203513028500727,0.7437612497500093,12.940290178571429,806.67578125,18.38671875,828.453125,171935870.56952724,3514188105.236783,4.0,pre_failure
1774382775,2026-03-25T01:36:15.808020,7,4,7,0,0,0.14812073512425103,0.749075997006376,1.0006181174947553,0.7529725525058198,12.464285714285714,818.4036458333334,18.67578125,872.40234375,171973426.74851355,3514188105.236783,4.0,pre_failure
1774382805,2026-03-25T01:36:45.862325,7,4,7,0,0,0.13455321417750943,0.740877884348593,0.9202494723334108,0.7419505366308758,12.718191964285714,831.3893229166666,19.10546875,844.75,172009909.01141143,3514188105.236783,4.0,pre_failure
1774382835,2026-03-25T01:37:15.915851,7,4,7,0,0,0.07709746562289327,0.6165094752990262,0.5053689966462276,0.6328888888888634,12.782924107142858,809.04296875,20.55859375,861.3125,172045181.50388104,3514696108.623602,4.0,pre_failure
1774382866,2026-03-25T01:37:45.985611,7,4,7,0,0,0.006461684962137203,0.4101661752431241,0.04013714698037857,0.4193333333333328,12.974888392857142,833.8502604166666,19.14453125,842.7890625,172064861.09732798,3514696108.623602,4.0,pre_failure
1774382896,2026-03-25T01:38:16.056671,7,4,7,0,0,0.005197663433132958,0.3975525977271847,0.03150860177367324,0.3991022421724002,12.646205357142858,838.8815104166666,18.5859375,859.26953125,172093908.45101294,3514696108.623602,4.0,pre_failure
1774382926,2026-03-25T01:38:46.123220,7,4,7,0,0,0.0049833497832012475,0.4065004750092126,0.030211712523396425,0.4093242372391874,12.442522321428571,818.4791666666666,18.0703125,834.17578125,172114857.80812982,3514696108.623602,4.0,pre_failure
1774382956,2026-03-25T01:39:16.198720,7,4,7,0,0,0.00397385845791073,0.4090339985559062,0.02293543032513406,0.40954645452325633,12.428013392857142,810.6614583333334,17.98828125,839.33203125,172161169.88023943,3515241110.568808,4.0,pre_failure
1774382986,2026-03-25T01:39:46.273975,7,4,7,0,0,0.007247043071225999,0.424972413518681,0.04522630035786801,0.42556501255583606,12.002232142857142,805.96484375,17.98046875,860.359375,172180898.69351712,3515241110.568808,4.0,pre_failure
1774383016,2026-03-25T01:40:16.331138,7,4,7,0,0,0.007884422166983051,0.42963912176406716,0.05055353034843074,0.4322126174974146,12.219308035714286,800.6940104166666,18.90234375,860.08984375,172214971.49469864,3515593112.267037,4.0,pre_failure
1774383046,2026-03-25T01:40:46.389056,7,4,7,0,0,0.004432293701123659,0.44696626509396065,0.02660517037011173,0.4519999999999963,12.185267857142858,864.0807291666666,17.91015625,876.6015625,172239990.84068424,3515593112.267037,4.0,pre_failure
1774383076,2026-03-25T01:41:16.444038,7,4,7,0,0,0.005162870241308965,0.42968785361296696,0.03064690337923827,0.4339999999999943,12.1640625,798.88671875,18.36328125,853.46484375,172278847.54414603,3517962115.545813,4.0,pre_failure
1774383106,2026-03-25T01:41:46.494968,7,4,7,0,0,0.005527936108885758,0.4342898965807331,0.03249515908073872,0.43755555555555037,12.141183035714286,827.8893229166666,18.16015625,886.46875,172306773.1473112,3517962115.545813,4.0,pre_failure
1774383136,2026-03-25T01:42:16.550716,7,4,7,0,0,0.013768846072515639,0.5034778272417056,0.05443199254712751,0.5097777777777902,12.948660714285714,808.1875,17.79296875,817.34375,172335153.9493135,3517962115.545813,5.0,pre_failure
1774383166,2026-03-25T01:42:46.608358,7,4,7,0,0,0.11735055671419999,0.7113969801607809,0.7794735909871526,0.7187625016668772,12.626674107142858,843.2421875,19.1171875,868.33203125,172354611.74205446,3517962115.545813,5.0,pre_failure
1774383196,2026-03-25T01:43:16.669557,7,4,7,0,0,0.10065167677351886,0.7342963327519325,0.6736355029205934,0.7364608102402463,12.74609375,811.1341145833334,20.3359375,829.8515625,172373721.39297011,3518471118.067408,5.0,pre_failure
1774383226,2026-03-25T01:43:46.718956,7,4,7,0,0,0.12897751470228994,0.739476048101804,0.8666814492305619,0.7424609435765104,12.35546875,819.1927083333334,18.04296875,831.26953125,172411076.51972833,3518471118.067408,5.0,pre_failure
1774383256,2026-03-25T01:44:16.771146,7,4,7,0,0,0.12036772838038702,0.7357178909419854,0.8021404510041926,0.7377613830804054,12.64453125,836.4270833333334,18.96484375,860.33984375,172447730.49475613,3518881119.745574,5.0,pre_failure
1774383286,2026-03-25T01:44:46.827489,7,4,7,0,0,0.11648833781519947,0.7325491434863498,0.7924328109940287,0.7340000000000159,12.938616071428571,809.7005208333334,20.40234375,891.48828125,172485555.9256511,3518881119.745574,5.0,pre_failure
1774383316,2026-03-25T01:45:16.893230,7,4,7,0,0,0.13598375191492165,0.7304552334013152,0.9137722244492634,0.7326666666666822,12.561941964285714,828.0325520833334,18.64453125,838.21875,172510695.1463928,3518881119.745574,5.0,pre_failure
1774383346,2026-03-25T01:45:46.948073,7,4,7,0,0,0.1267095622947308,0.7275609734385773,0.8699655491079543,0.7286666666666399,12.910714285714286,845.4296875,18.26171875,859.11328125,172543638.2514467,3518881119.745574,5.0,pre_failure
1774383377,2026-03-25T01:46:17.002400,7,4,7,0,0,0.12948079139011567,0.745709233044682,0.8629539067057129,0.7466666666666791,12.67578125,869.8255208333334,19.609375,910.37890625,172590821.98129743,3519309121.898965,5.0,pre_failure
1774383407,2026-03-25T01:46:47.054397,7,4,7,0,0,0.1357634125428542,0.7490836150946389,0.9105950213475964,0.7538447862032285,12.599888392857142,806.7473958333334,19.6484375,831.05859375,172622505.58144015,3519309121.898965,5.0,pre_failure
1774383437,2026-03-25T01:47:17.112486,7,4,7,0,0,0.09480608009478149,0.6935654167646265,0.6285991557925015,0.7128730472656052,12.703683035714286,870.8359375,19.7265625,886.65625,172674714.35973826,3525342123.9217353,5.0,pre_failure
1774383467,2026-03-25T01:47:47.187775,7,4,7,0,0,0.017063176431600307,0.4929626908308631,0.0820495949720415,0.5097664496344405,12.200334821428571,856.4440104166666,18.06640625,864.69140625,172702576.5371461,3525733126.49255,5.0,pre_failure
1774383497,2026-03-25T01:48:17.259852,7,4,7,0,0,0.00884103300490322,0.435413879979231,0.0558866684138901,0.44178759527991085,12.631138392857142,832.7083333333334,20.078125,863.25390625,172716879.2911859,3525733126.49255,5.0,pre_failure
1774383527,2026-03-25T01:48:47.330230,7,4,7,0,0,0.002554851044289266,0.5036220447815484,0.01333424065733627,0.5119772454557681,13.053013392857142,858.7083333333334,19.26171875,887.09765625,172756691.33322722,3528359129.163838,6.0,pre_failure
1774383557,2026-03-25T01:49:17.381241,7,4,7,0,0,0.09869749448612485,0.7217938176403975,0.6588556267793633,0.7313495855463554,12.7890625,842.62890625,18.36328125,877.65234375,172778953.41840097,3528667130.043098,6.0,pre_failure
1774383587,2026-03-25T01:49:47.441731,7,4,7,0,0,0.116175359557093,0.7572703209354491,0.7594156912756489,0.7608381663444671,12.908482142857142,814.3971354166666,21.06640625,847.74609375,172804833.73022446,3528667130.043098,6.0,pre_failure
1774383617,2026-03-25T01:50:17.493868,7,4,7,0,0,0.1304083512905623,0.7549923378794434,0.8741282369775882,0.7566498522255066,12.7734375,868.44140625,20.3125,883.828125,172842135.27191284,3529262131.6633945,6.0,pre_failure
1774383647,2026-03-25T01:50:47.540242,7,4,7,0,0,0.13383246648959518,0.7606038366406672,0.9050275020695364,0.7631111111111128,12.810267857142858,843.2682291666666,18.09765625,879.49609375,172869015.0546228,3529262131.6633945,6.0,pre_failure
1774383677,2026-03-25T01:51:17.584115,7,4,7,0,0,0.14804372056015305,0.7338573221730871,0.9996820558503547,0.73734971888263,12.770647321428571,848.98828125,18.8984375,901.31640625,172917041.5007453,3532690133.1220236,6.0,pre_failure
1774383707,2026-03-25T01:51:47.630963,7,4,7,0,0,0.11679252514292865,0.7405239921352323,0.7865036476145442,0.7413168596253338,12.288504464285714,819.9401041666666,18.5234375,832.5,172950264.14495128,3532690133.1220236,6.0,pre_failure
1774383737,2026-03-25T01:52:17.682505,7,4,7,0,0,0.14646660796246572,0.7381536457823458,1.0002907164160009,0.7391603884703254,12.473214285714286,858.3229166666666,19.1015625,877.21875,172975236.7903452,3533232134.5538244,6.0,pre_failure
1774383767,2026-03-25T01:52:47.738643,7,4,7,0,0,0.10804272560750977,0.7578001929389675,0.7097312047521663,0.7602222222222212,12.311941964285714,829.5520833333334,18.1171875,881.16796875,173009886.40455446,3533232134.5538244,6.0,pre_failure
1774383797,2026-03-25T01:53:17.792445,7,4,7,0,0,0.11104798855307475,0.7586836386792565,0.7362056242763614,0.7648378996956003,12.51171875,849.0052083333334,19.2421875,886.35546875,173042776.52345952,3533232134.5538244,6.0,pre_failure
1774383827,2026-03-25T01:53:47.847411,7,4,7,0,0,0.11613448478677309,0.6963323328050434,0.774675859620725,0.7106982532556678,12.095982142857142,870.9830729166666,18.14453125,904.78125,173092035.677522,3533232134.5538244,6.0,pre_failure
1774383858,2026-03-25T01:54:17.906481,7,4,7,0,0,0.007878992243289397,0.4931147924949161,0.049420122863669216,0.5035667459276941,12.643973214285714,851.515625,18.921875,872.5546875,173122353.5003825,3533724137.7847753,6.0,pre_failure
1774383888,2026-03-25T01:54:48.020674,7,4,7,0,0,0.005859720265661609,0.45091290233794323,0.036752162876205446,0.45171754877127207,12.808035714285714,801.84765625,19.95703125,812.640625,173146700.6083151,3535636142.4662204,6.0,pre_failure
1774383918,2026-03-25T01:55:18.087022,7,4,7,0,0,0.008107781482235763,0.44051849232534057,0.051873046664294514,0.4451111111111224,12.26171875,837.7786458333334,19.046875,851.546875,173177184.78147498,3537991149.1636014,6.0,pre_failure
1774383948,2026-03-25T01:55:48.161734,7,4,7,0,0,0.0076874462127949905,0.43556513674276437,0.047290650269707774,0.43706254860570753,12.436941964285714,799.7239583333334,20.41015625,837.49609375,173207507.323501,3537991149.1636014,6.0,pre_failure
1774383978,2026-03-25T01:56:18.236569,7,4,7,0,0,0.006279483044025514,0.42498191458119633,0.038688379178842124,0.4278158058494081,12.828683035714286,856.1028645833334,21.5078125,869.08203125,173233501.04351333,3537991149.1636014,6.0,pre_failure
1774384008,2026-03-25T01:56:48.304355,7,4,7,0,0,0.004022616267911451,0.42171622827378125,0.023438378978534156,0.4227042403769214,12.435825892857142,820.5299479166666,19.7265625,838.4609375,173270539.02968836,3540837158.0310802,6.0,pre_failure
1774384038,2026-03-25T01:57:18.371652,7,4,7,0,0,0.004480586477008923,0.42466981735396886,0.0261357883850074,0.42534278539523507,12.1796875,823.44921875,18.96875,862.0078125,173305641.34043404,3540837158.0310802,6.0,pre_failure
1774384068,2026-03-25T01:57:48.434473,7,4,7,0,0,0.005685011412009295,0.43475042991823354,0.035561681169652457,0.4371013977466931,12.301339285714286,806.3046875,18.62109375,824.8828125,173333194.36155754,3540837158.0310802,6.0,pre_failure
1774384098,2026-03-25T01:58:18.495084,7,4,7,0,0,0.007995262698103835,0.4433628087836556,0.04996627777850754,0.4493533045913159,12.17578125,775.0885416666666,18.62890625,820.828125,173360179.05674174,3541327160.4217105,6.0,pre_failure
1774384128,2026-03-25T01:58:48.578872,7,4,7,0,0,0.003396080943507116,0.4459129601246889,0.01941845865620062,0.4500100002222126,11.908482142857142,852.8411458333334,18.00390625,906.51171875,173384149.18355295,3541877162.6512384,6.0,pre_failure
1774384158,2026-03-25T01:59:18.644568,7,4,7,0,0,0.0039121793286781194,0.4419225962497247,0.02294721695236272,0.4444246922359196,13.180245535714286,861.5768229166666,26.95703125,894.87890625,173408158.61623108,3541877162.6512384,6.0,pre_failure
1774384188,2026-03-25T01:59:48.717742,7,4,7,0,0,0.0042441793306333166,0.4354750455535429,0.02526885292122374,0.43644444444445046,11.952008928571429,826.15234375,18.1953125,872.2890625,173448766.58341447,3541877162.6512384,6.0,pre_failure
1774384218,2026-03-25T02:00:18.786935,7,4,7,0,0,0.014983745928154449,0.5022298230647558,0.06507381017403734,0.5120341356090676,12.870535714285714,881.7005208333334,18.2734375,890.953125,173475481.7067366,3542360164.316326,7.0,pre_failure
1774384248,2026-03-25T02:00:48.842203,7,4,7,0,0,0.12369300590546332,0.7079310966458865,0.8123403133640075,0.7157936843040975,12.516741071428571,866.5989583333334,18.21484375,886.63671875,173493371.28463972,3542360164.316326,7.0,pre_failure
1774384278,2026-03-25T02:01:18.895569,7,4,7,0,0,0.10475415215890013,0.7446611792118955,0.6954790867165672,0.7482222222222042,12.907924107142858,853.92578125,20.20703125,902.8671875,173532084.4594567,3542360164.316326,7.0,pre_failure
1774384308,2026-03-25T02:01:48.943194,7,4,7,0,0,0.11604389179915492,0.7356296035341733,0.7898887326263073,0.736872513944113,12.624441964285714,844.0807291666666,19.15234375,883.75390625,173572709.2968724,3545398169.1072903,7.0,pre_failure
1774384339,2026-03-25T02:02:18.995378,7,4,7,0,0,0.11209707170372879,0.7395392010902928,0.7574658041169162,0.744000000000008,12.86328125,864.8125,18.28515625,883.875,173595716.88840133,3545398169.1072903,7.0,pre_failure
1774384369,2026-03-25T02:02:49.044983,7,4,7,0,0,0.13054814483416455,0.7541314134613226,0.8827616359742683,0.7548888888888925,12.479910714285714,866.4231770833334,18.23046875,890.7578125,173631557.47527844,3545398169.1072903,7.0,pre_failure
1774384399,2026-03-25T02:03:19.111480,7,4,7,0,0,0.12595664411732727,0.7478519233707573,0.8492272034953571,0.7506833485188529,12.435825892857142,863.515625,18.23828125,892.9140625,173686084.6626815,3548299174.7422132,7.0,pre_failure
1774384429,2026-03-25T02:03:49.167963,7,4,7,0,0,0.1495797060709823,0.747270301479953,0.9999043683402611,0.7524611658036755,12.517299107142858,815.9895833333334,19.765625,822.44921875,173703013.2292411,3548299174.7422132,7.0,pre_failure
1774384459,2026-03-25T02:04:19.233788,7,4,7,0,0,0.14772745874083154,0.7499425734559457,1.0004233617264917,0.7511111111111449,12.706473214285714,830.5950520833334,18.69140625,876.23828125,173730785.5906672,3548299174.7422132,7.0,pre_failure
1774384489,2026-03-25T02:04:49.282555,7,4,7,0,0,0.10849974500504779,0.7280902522431726,0.7274751075365538,0.7282060398657987,12.85546875,858.4778645833334,19.76953125,883.8203125,173774576.70954213,3551137185.9661036,7.0,pre_failure
1774384519,2026-03-25T02:05:19.335208,7,4,7,0,0,0.10347159309265422,0.7194021482650144,0.692639033422418,0.7333333333333492,12.5078125,859.4036458333334,18.42578125,905.9609375,173791153.2094188,3551137185.9661036,7.0,pre_failure
1774384549,2026-03-25T02:05:49.404952,7,4,7,0,0,0.006650038304777116,0.5072482318462619,0.040640792254036,0.52177777777778,12.667410714285714,838.60546875,19.36328125,860.57421875,173821593.02815935,3551137185.9661036,7.0,pre_failure
1774384579,2026-03-25T02:06:19.470985,7,4,7,0,0,0.006646145151764984,0.43443477981837747,0.040437958157082066,0.4355652347829466,12.447544642857142,850.19140625,19.015625,905.03515625,173874552.76015133,3554638188.0830693,7.0,pre_failure
1774384609,2026-03-25T02:06:49.520008,7,4,7,0,0,0.00695262356563526,0.43518523392251013,0.042392668580631704,0.4368985977466317,12.48046875,824.1302083333334,19.00390625,841.953125,173908962.9385733,3555612195.33063,7.0,pre_failure
1774384639,2026-03-25T02:07:19.573783,7,4,7,0,0,0.005739835026430521,0.4262993860768883,0.03408034336685037,0.43155555555556024,12.592633928571429,844.2122395833334,18.29296875,857.9140625,173945966.24036756,3555612195.33063,7.0,pre_failure
1774384669,2026-03-25T02:07:49.634603,7,4,7,0,0,0.005448638938382683,0.41319435835949875,0.03181633469175556,0.41513878703023155,12.305803571428571,838.8802083333334,19.75,859.0078125,173982200.08118603,3555612195.33063,7.0,pre_failure
1774384699,2026-03-25T02:08:19.702216,7,4,7,0,0,0.0037706177266147336,0.42043189849999046,0.019897210226274997,0.42398115639305584,12.371651785714286,833.75390625,20.265625,843.76171875,174029463.20054832,3559614198.8825035,7.0,pre_failure
1774384729,2026-03-25T02:08:49.765003,7,4,7,0,0,0.003669299843307044,0.4313109474864817,0.019764850720576092,0.43194240767896214,12.597098214285714,841.0325520833334,19.5859375,885.4609375,174050731.33660606,3560032199.4399667,7.0,pre_failure
1774384759,2026-03-25T02:09:19.834068,7,4,7,0,0,0.003257266663112915,0.44316551077567806,0.017232588331119708,0.4442123508366279,12.631696428571429,877.0872395833334,20.19140625,921.4375,174101612.6888545,3562625201.2030206,7.0,pre_failure
1774384789,2026-03-25T02:09:49.906256,7,4,7,0,0,0.009762737118380604,0.4457579076446768,0.06200105572442348,0.4470912403892986,12.767857142857142,855.2825520833334,21.55078125,910.16796875,174132895.6176869,3562625201.2030206,7.0,pre_failure
1774384820,2026-03-25T02:10:19.974027,7,4,7,0,0,0.00537838951219678,0.43607408738708303,0.03177428848667181,0.439120869352673,12.380022321428571,856.6536458333334,19.87890625,901.5234375,174158947.9577535,3565458203.684514,7.0,pre_failure
1774384850,2026-03-25T02:10:50.045195,7,4,7,0,0,0.005160888764193184,0.42391003979751996,0.03057908337070461,0.42704468193837475,12.292410714285714,801.5924479166666,18.3828125,825.65625,174178583.57249388,3565458203.684514,7.0,pre_failure
1774384880,2026-03-25T02:11:20.110840,7,4,7,0,0,0.005440338359000104,0.41726237043950754,0.03199895915308902,0.4200093335407417,12.751116071428571,828.0247395833334,20.4375,861.28515625,174209959.37311596,3565935205.2312617,7.0,pre_failure
1774384910,2026-03-25T02:11:50.175723,7,4,7,0,0,0.004100725651930437,0.42121017629121005,0.022716031268532305,0.4226948463230733,11.949776785714286,821.71875,18.34375,855.09375,174243291.16990846,3565935205.2312617,7.0,pre_failure
1774384940,2026-03-25T02:12:20.248393,7,4,7,0,0,0.006876697236672936,0.42490466757765966,0.042186666507638255,0.4280190230676588,12.265066964285714,897.74609375,20.12890625,932.55859375,174269260.15807885,3565935205.2312617,7.0,pre_failure
1774384970,2026-03-25T02:12:50.318201,7,4,7,0,0,0.006904201476948406,0.43438001358705713,0.042340198562464466,0.4395555555555712,12.289620535714286,833.3776041666666,18.59765625,882.90625,174298033.26481935,3565935205.2312617,7.0,pre_failure
1774385000,2026-03-25T02:13:20.374518,7,4,7,0,0,0.00602244460628252,0.43437031783836433,0.03670479821759649,0.4375458323148456,12.467075892857142,848.7591145833334,19.1015625,866.7890625,174328139.64235824,3565935205.2312617,7.0,pre_failure
1774385030,2026-03-25T02:13:50.427838,7,4,7,0,0,0.005485356296306252,0.4324444444444486,0.03213568390343905,0.43711111111111073,12.517857142857142,845.0846354166666,21.05859375,864.9453125,174353304.69156608,3565935205.2312617,7.0,pre_failure
1774385060,2026-03-25T02:14:20.497458,7,4,7,0,0,0.006409440605283456,0.4400675589925109,0.03883554531336661,0.4406666666666524,12.460379464285714,816.73046875,18.38671875,838.59375,174384597.46628064,3566405206.1703987,7.0,pre_failure
1774385090,2026-03-25T02:14:50.578253,7,4,7,0,0,0.008504132256481521,0.43217048750821146,0.0532712203384763,0.4348985533011982,12.472098214285714,858.4713541666666,21.27734375,870.37109375,174413924.69396088,3566405206.1703987,7.0,pre_failure
1774385120,2026-03-25T02:15:20.641129,7,4,7,0,0,0.0064848857863227735,0.4482253797871978,0.03939828896068297,0.4542222222222321,12.272879464285714,829.73828125,18.56640625,861.4609375,174458781.81060892,3566928207.9678926,7.0,pre_failure
1774385150,2026-03-25T02:15:50.705588,7,4,7,0,0,0.0042476581967052455,0.42926885961453776,0.02460222722243327,0.43378741749816174,12.415736607142858,846.0091145833334,20.8984375,866.046875,174493912.75765163,3566928207.9678926,7.0,pre_failure
1774385180,2026-03-25T02:16:20.776171,7,4,7,0,0,0.007126376729619741,0.4403474550278785,0.04293278750863467,0.4446469045820171,12.218191964285714,800.6549479166666,20.03125,833.765625,174509019.29401118,3566928207.9678926,7.0,pre_failure
1774385210,2026-03-25T02:16:50.843260,7,4,7,0,0,0.005934433466799604,0.4293429116434139,0.03614964984864305,0.435961247889073,12.362165178571429,865.5130208333334,18.5703125,900.7265625,174529522.72712502,3566928207.9678926,7.0,pre_failure
1774385240,2026-03-25T02:17:20.913643,7,4,7,0,0,0.0038652315322161425,0.4145062903903308,0.02096007034690906,0.41622222222223015,12.396205357142858,864.7578125,19.70703125,896.421875,174556021.37320176,3567959211.381252,7.0,pre_failure
1774385271,2026-03-25T02:17:50.976597,7,4,7,0,0,0.008106687595980577,0.4229723742894423,0.05016455181501621,0.4251300057780308,12.080915178571429,890.3580729166666,18.796875,896.6796875,174594833.32740486,3567959211.381252,7.0,pre_failure
1774385301,2026-03-25T02:18:21.030961,7,4,7,0,0,0.00494122503746734,0.4124444528116701,0.02945806006393356,0.4160092446498754,13.176897321428571,885.1953125,19.76953125,904.63671875,174635787.4924044,3571204213.155677,7.0,pre_failure
1774385331,2026-03-25T02:18:51.107611,7,4,7,0,0,0.006769938561151512,0.41661110576083016,0.04131593964217116,0.41689815329232555,12.131696428571429,835.8723958333334,18.703125,857.63671875,174682423.05028102,3574581217.6058693,7.0,pre_failure
1774385361,2026-03-25T02:19:21.189707,7,4,7,0,0,0.004588224463022208,0.41141046097320505,0.026152609256711944,0.41223138291963396,12.030691964285714,815.1627604166666,18.7265625,905.171875,174698210.91468027,3574581217.6058693,7.0,pre_failure
1774385391,2026-03-25T02:19:51.245783,7,4,7,0,0,0.006485672311114357,0.42244442318432757,0.03985407476473831,0.4237683607031087,12.278459821428571,838.8893229166666,20.70703125,856.4765625,174745131.38884664,3577265225.4509983,7.0,pre_failure
1774385421,2026-03-25T02:20:21.303985,7,4,7,0,0,0.004641303136203021,0.4261355035852134,0.027485570052235064,0.4291111111111351,11.987165178571429,856.48046875,18.515625,859.5625,174766787.02714878,3577265225.4509983,7.0,pre_failure
1774385451,2026-03-25T02:20:51.362196,7,4,7,0,0,0.006206591829345175,0.436818072500353,0.03710187924459232,0.4397875508344384,12.126116071428571,819.08984375,18.84375,832.6875,174796378.65093413,3577265225.4509983,7.0,pre_failure
1774385481,2026-03-25T02:21:21.423457,7,4,7,0,0,0.004784932526394508,0.4366601352697198,0.027528826995749822,0.4408692946980413,11.9765625,796.2903645833334,18.56640625,864.5078125,174823014.4144519,3577265225.4509983,7.0,pre_failure
1774385511,2026-03-25T02:21:51.485362,7,4,7,0,0,0.006571232517897515,0.4393878827831196,0.04027652888612121,0.43997066862209044,12.068638392857142,842.2981770833334,18.48828125,897.5390625,174855802.4510822,3577265225.4509983,7.0,pre_failure
1774385541,2026-03-25T02:22:21.544585,7,4,7,0,0,0.008714861834050394,0.44785894959498745,0.05495428368451892,0.45249472163574334,12.11328125,830.6861979166666,18.734375,846.50390625,174906487.7285249,3577568226.389823,7.0,pre_failure
1774385571,2026-03-25T02:22:51.617164,7,4,7,0,0,0.005438108519466788,0.4248739103777846,0.031778790020265416,0.4328600315534366,12.34765625,868.9973958333334,19.2578125,891.125,174962373.4587549,3581086228.2264338,7.0,pre_failure
1774385601,2026-03-25T02:23:21.676482,7,4,7,0,0,0.00415754053964727,0.40548447084830697,0.02260477975778391,0.4068888888888547,12.318638392857142,866.9713541666666,19.80078125,915.80078125,174991817.7771551,3581086228.2264338,7.0,pre_failure
1774385631,2026-03-25T02:23:51.738307,7,4,7,0,0,0.004648392147640063,0.41037033923004296,0.02624704377100531,0.41332414835227893,12.223772321428571,809.1197916666666,18.54296875,824.98828125,175025649.22058147,3581581229.261314,7.0,pre_failure
1774385661,2026-03-25T02:24:21.815112,7,4,7,0,0,0.004958115955459775,0.41890162570165634,0.02882329532948484,0.4251678001511343,12.036830357142858,878.94921875,18.49609375,914.0,175046819.4128421,3581581229.261314,7.0,pre_failure
1774385691,2026-03-25T02:24:51.879316,7,4,7,0,0,0.005929035630401633,0.4260519770998523,0.035504821056343255,0.4271111111111092,12.540736607142858,841.1158854166666,20.55078125,871.44140625,175071582.42374688,3583914239.189624,7.0,pre_failure
1774385722,2026-03-25T02:25:21.949196,7,4,7,0,0,0.005677122333746119,0.41822224211285397,0.03436176631451771,0.41912042489834594,12.573660714285714,838.2955729166666,19.4921875,876.6015625,175101125.00345019,3586532244.73143,7.0,pre_failure
1774385752,2026-03-25T02:25:52.021891,7,4,7,0,0,0.004710272960195918,0.42251534177244443,0.026928720775863273,0.42443501255527594,12.247209821428571,811.7591145833334,20.0390625,873.91015625,175140496.4479773,3586893249.696073,7.0,pre_failure
1774385782,2026-03-25T02:26:22.087385,7,4,7,0,0,0.0039659648344222195,0.4166759377917702,0.021418407940041143,0.41823151625593236,12.026785714285714,861.8203125,18.78125,895.23828125,175175220.41253576,3587423252.1635942,7.0,pre_failure
1774385812,2026-03-25T02:26:52.141087,7,4,7,0,0,0.006277421137109405,0.42762327092318697,0.03696510548275176,0.4297682273727314,12.459263392857142,831.1666666666666,19.67578125,845.44921875,175195826.7709914,3587423252.1635942,7.0,pre_failure
1774385842,2026-03-25T02:27:22.199745,7,4,7,0,0,0.0044734830756103135,0.42429002167803836,0.02602711722040715,0.42533333333330264,12.48046875,881.69140625,19.671875,897.27734375,175234939.87306628,3587423252.1635942,7.0,pre_failure
1774385872,2026-03-25T02:27:52.253963,7,4,7,0,0,0.004728077100946512,0.4292719806710541,0.026287625317450734,0.4300095557679185,12.278459821428571,879.6184895833334,18.51171875,920.91015625,175259761.80842113,3587423252.1635942,7.0,pre_failure
1774385902,2026-03-25T02:28:22.302075,7,4,7,0,0,0.006274013000467874,0.4231048364928437,0.03668644529482955,0.4235367317007913,11.940848214285714,829.2838541666666,18.82421875,871.2890625,175305534.81885287,3587423252.1635942,7.0,pre_failure
1774385932,2026-03-25T02:28:52.368046,7,4,7,0,0,0.0043969471933932155,0.4370338371081693,0.02493623909297083,0.44066666666670923,12.114955357142858,801.4973958333334,19.10546875,825.03515625,175339632.23134324,3587816253.5448904,7.0,pre_failure
1774385962,2026-03-25T02:29:22.429969,7,4,7,0,0,0.004848115582480764,0.43971346790057586,0.028088474168779753,0.4446567854047813,12.170200892857142,811.59375,19.00390625,842.5546875,175356489.6796909,3588169259.7748632,7.0,pre_failure
1774385992,2026-03-25T02:29:52.490220,7,4,7,0,0,0.008183753395092115,0.4649600273152744,0.05153509491582944,0.4751322280990044,11.9921875,858.390625,18.79296875,875.25,175390333.13880756,3588169259.7748632,7.0,pre_failure
1774386022,2026-03-25T02:30:22.561355,7,4,7,0,0,0.0060628423645267245,0.5172553120218709,0.03674058220713759,0.5328770471767286,11.916852678571429,858.1809895833334,18.58203125,870.32421875,175419615.02768463,3588169259.7748632,7.0,pre_failure
1774386052,2026-03-25T02:30:52.670227,7,4,7,0,0,0.006492673406915235,0.5809891912199504,0.039227536623442416,0.5866904073002501,12.828125,805.1927083333334,21.6015625,840.5078125,175466552.59973556,3588481261.826427,7.0,pre_failure
1774386082,2026-03-25T02:31:22.745790,7,4,7,0,0,0.005789303783349497,0.2549529704552892,0.03498973799431927,0.26969637381683137,12.541852678571429,901.76953125,20.96484375,915.8125,175485060.37109283,3588871264.198954,7.0,pre_failure
1774386112,2026-03-25T02:31:52.926988,7,4,7,0,0,0.008560494799962398,0.39230213688510746,0.05325300044959551,0.3942397439886288,13.058035714285714,940.19921875,21.60546875,950.94140625,175515749.63818502,3588871264.198954,7.0,pre_failure
1774386143,2026-03-25T02:32:22.992341,7,4,7,0,0,0.05228165509483578,0.4977337469048144,0.32215434267601284,0.5069790184921796,13.298549107142858,890.6705729166666,22.44921875,904.32421875,175535844.94251364,3588871264.198954,8.0,pre_failure
1774386173,2026-03-25T02:32:53.045108,7,4,7,0,0,0.11393917532049114,0.7077934973442971,0.7504100476013627,0.7093333333333679,13.060825892857142,921.5286458333334,20.06640625,954.29296875,175558959.35846922,3588871264.198954,8.0,pre_failure
1774386203,2026-03-25T02:33:23.120751,7,4,7,0,0,0.14935875954363514,0.7092860179588666,0.999692881430744,0.7099211198755856,19.524553571428573,915.2434895833334,67.66796875,930.6640625,175600348.62366694,3588871264.198954,8.0,pre_failure
1774386233,2026-03-25T02:33:53.173698,7,4,7,0,0,0.1512978575587867,0.7208728998313697,0.9990218061028526,0.7226666666666692,12.991071428571429,862.1067708333334,19.47265625,938.171875,175620644.646642,3588871264.198954,8.0,pre_failure
1774386263,2026-03-25T02:34:23.230586,7,4,7,0,0,0.1483773002281397,0.7088993921139012,1.0006864184777449,0.7095397880047047,13.022321428571429,802.0716145833334,19.73046875,895.18359375,175645719.9555832,3589370267.259588,8.0,pre_failure
1774386293,2026-03-25T02:34:53.289849,7,4,7,0,0,0.14968676880425744,0.7185663916785863,1.0004232017430685,0.7197777777777579,12.948102678571429,785.2630208333334,19.98046875,833.37109375,175669927.7875732,3589734268.326377,8.0,pre_failure
1774386323,2026-03-25T02:35:23.350291,7,4,7,0,0,0.14825566625771355,0.7088573474154067,0.9993903455685473,0.7097777777777695,12.743861607142858,758.984375,19.48828125,811.0234375,175707772.7234159,3589734268.326377,8.0,pre_failure
1774386353,2026-03-25T02:35:53.405193,7,4,7,0,0,0.1458991381217386,0.7086666666666661,0.9993634228236008,0.7093333333333338,12.764508928571429,791.6263020833334,18.76953125,800.42578125,175729612.71419743,3589734268.326377,8.0,pre_failure
1774386383,2026-03-25T02:36:23.454547,7,4,7,0,0,0.14981687067766325,0.713423304763518,1.0008707656841977,0.7153810254016884,12.876674107142858,860.953125,20.13671875,904.16015625,175766987.22393253,3589734268.326377,8.0,pre_failure
1774386413,2026-03-25T02:36:53.506890,7,4,7,0,0,0.14121008084475728,0.7162962962962985,0.9311220443569668,0.7171111111110885,13.099888392857142,876.8138020833334,22.2109375,936.91015625,175791140.9633928,3589734268.326377,8.0,pre_failure
1774386443,2026-03-25T02:37:23.557288,7,4,7,0,0,0.10723953525820468,0.6093064974601224,0.7095414617214,0.6195555555555561,12.177455357142858,792.984375,18.70703125,835.3515625,175818800.79093748,3590219269.040427,8.0,pre_failure
1774386473,2026-03-25T02:37:53.613407,7,4,7,0,0,0.015655123512115225,0.4225059616305505,0.05830314057959934,0.4237777777777852,12.218191964285714,797.55078125,19.2890625,852.49609375,175858764.69357452,3590219269.040427,8.0,pre_failure
1774386503,2026-03-25T02:38:23.664000,7,4,7,0,0,0.006886341201477242,0.3974814814814631,0.04141102906318099,0.3982222222222086,13.013950892857142,829.5494791666666,22.0546875,914.95703125,175887659.7616063,3590219269.040427,8.0,pre_failure
1774386533,2026-03-25T02:38:53.725357,7,4,7,0,0,0.00628944211622141,0.4050280154162587,0.03769608647483348,0.4071111111111033,12.569754464285714,861.21484375,20.0390625,890.625,175917084.87759554,3590677274.7488003,8.0,pre_failure
1774386563,2026-03-25T02:39:23.791869,7,4,7,0,0,0.007784724163357489,0.42096296296295493,0.04915533694481902,0.42266666666663133,12.337053571428571,867.6653645833334,19.60546875,902.671875,175951146.94564745,3591182276.921851,8.0,pre_failure
1774386593,2026-03-25T02:39:53.871742,7,4,7,0,0,0.009254840555996253,0.42398104944032766,0.058942001361919724,0.4263875927654115,12.444754464285714,879.4088541666666,19.9921875,931.38671875,175991361.69966295,3591182276.921851,8.0,pre_failure
1774386624,2026-03-25T02:40:23.941890,7,4,7,0,0,0.009210288459790794,0.40467572899922555,0.057979921973892456,0.40933333333335764,12.350446428571429,853.1002604166666,20.1640625,878.18359375,176027732.7645974,3593337278.484145,8.0,pre_failure
1774386654,2026-03-25T02:40:54.027279,7,4,7,0,0,0.00690702347801547,0.40736057586601737,0.04250755776671322,0.4089161499655193,12.501674107142858,862.5703125,20.15625,902.2578125,176089059.54464728,3599313284.620922,8.0,pre_failure
1774386684,2026-03-25T02:41:24.084069,7,4,7,0,0,0.006423652983302288,0.40014814814815614,0.0386730380278318,0.4017777777777868,12.621651785714286,850.3229166666666,18.91796875,905.38671875,176110199.9174269,3599701285.097034,8.0,pre_failure
1774386714,2026-03-25T02:41:54.146676,7,4,7,0,0,0.004724033485175766,0.41406483518382153,0.027985516791163713,0.41711111111108673,12.209821428571429,809.6497395833334,18.69140625,867.84765625,176130119.7356853,3599701285.097034,8.0,pre_failure
1774386744,2026-03-25T02:42:24.212739,7,4,7,0,0,0.006612344913415695,0.39794060522371016,0.03993005902784555,0.4002222222222258,12.523995535714286,796.56640625,19.51171875,820.8359375,176152558.90813205,3599701285.097034,8.0,pre_failure
1774386774,2026-03-25T02:42:54.280883,7,4,7,0,0,0.00618900195290575,0.4027586251964163,0.0371737230713785,0.4060000000000084,12.256696428571429,886.625,19.08203125,894.4453125,176178066.76346025,3599701285.097034,8.0,pre_failure
1774386804,2026-03-25T02:43:24.344610,7,4,7,0,0,0.07336386442905907,0.6039545450805214,0.46387299144846045,0.6136414130193278,12.986607142857142,871.9817708333334,19.44140625,899.16796875,176220201.37892535,3600250286.4818835,9.0,pre_failure
1774386834,2026-03-25T02:43:54.397348,7,4,7,0,0,0.14533240569774605,0.7183068975905146,0.9940637776939631,0.7228888888888931,13.078683035714286,768.9427083333334,19.6015625,793.0,176260217.9686383,3600250286.4818835,9.0,pre_failure
1774386864,2026-03-25T02:44:24.452316,7,4,7,0,0,0.147289511054991,0.7188994854969107,0.9995338337520625,0.7226345495755783,12.662946428571429,811.6744791666666,19.9609375,883.87890625,176286528.81425378,3600661288.5028706,9.0,pre_failure
1774386894,2026-03-25T02:44:54.510771,7,4,7,0,0,0.14917125343435425,0.7327298901941675,1.0008392618095714,0.7359999999999925,12.897321428571429,806.3658854166666,21.3515625,876.33203125,176315486.83030012,3604109291.403598,9.0,pre_failure
1774386924,2026-03-25T02:45:24.563768,7,4,7,0,0,0.13173680118695374,0.7338931302986723,0.8894906351533447,0.7379016131182373,12.444196428571429,867.58203125,18.69140625,929.94921875,176343832.0712198,3604109291.403598,9.0,pre_failure
1774386954,2026-03-25T02:45:54.616100,7,4,7,0,0,0.1512269344610508,0.7391111111110953,0.999527477698002,0.7408888888888707,12.655691964285714,867.1822916666666,20.26171875,913.56640625,176362044.91071284,3604529295.83415,9.0,pre_failure
1774386984,2026-03-25T02:46:24.670881,7,4,7,0,0,0.13048427351217745,0.7216136109444292,0.8884287457745059,0.7237777777777401,12.70703125,806.7330729166666,18.7578125,823.98046875,176406635.11744177,3604529295.83415,9.0,pre_failure
1774387014,2026-03-25T02:46:54.726629,7,4,7,0,0,0.15041967992997135,0.7236081467655491,0.9994043192713443,0.7250466625188905,12.602120535714286,809.7877604166666,19.04296875,831.33203125,176434764.39446318,3604529295.83415,9.0,pre_failure
1774387044,2026-03-25T02:47:24.777837,7,4,7,0,0,0.13603694238756334,0.7164444444444532,0.9218097911842453,0.7168888888889001,12.523995535714286,775.2786458333334,19.00390625,794.9765625,176459889.30211416,3604999298.059671,9.0,pre_failure
1774387074,2026-03-25T02:47:54.827905,7,4,7,0,0,0.12864242789201463,0.73131703812338,0.8620109632848264,0.7332844477034764,12.672991071428571,843.1419270833334,20.8828125,898.50390625,176513504.03226045,3608088303.2673106,9.0,pre_failure
1774387104,2026-03-25T02:48:24.885573,7,4,7,0,0,0.07859467542411046,0.5421481481481714,0.5044207963084618,0.558222222222243,12.614955357142858,875.0143229166666,20.8515625,895.25390625,176541031.73279968,3608088303.2673106,9.0,pre_failure
1774387135,2026-03-25T02:48:54.957111,7,4,7,0,0,0.0029295311561540636,0.40119416356152826,0.014305031941722597,0.4048888888889052,12.228794642857142,892.7408854166666,18.74609375,929.36328125,176566662.37640902,3608088303.2673106,9.0,pre_failure
1774387165,2026-03-25T02:49:25.028468,7,4,7,0,0,0.005490312071860045,0.4254656149316756,0.03195522103585217,0.4293333333333211,12.337611607142858,770.2734375,19.54296875,796.6875,176594778.29946455,3608589304.662026,9.0,pre_failure
1774387195,2026-03-25T02:49:55.086779,7,4,7,0,0,0.006393856589083937,0.42369741591731985,0.03849201350030793,0.43000000000002375,12.491071428571429,792.7291666666666,19.15234375,841.1796875,176619173.76568204,3608589304.662026,9.0,pre_failure
1774387225,2026-03-25T02:50:25.159813,7,4,7,0,0,0.00872339340959213,0.4216170941183707,0.05515485977592258,0.42822222222220213,12.280691964285714,840.2630208333334,19.05859375,944.49609375,176680628.06005043,3613572316.117905,9.0,pre_failure
1774387255,2026-03-25T02:50:55.221980,7,4,7,0,0,0.007555319067170003,0.41808640384016427,0.04670557905767461,0.4237966131827846,12.802455357142858,828.51171875,21.71875,849.3125,176713116.56230158,3613572316.117905,9.0,pre_failure
1774387285,2026-03-25T02:51:25.275732,7,4,7,0,0,0.008771150430106038,0.43028685495041025,0.05584380880256541,0.4342222222222232,12.880022321428571,843.4778645833334,21.02734375,877.5078125,176762649.4524142,3617747326.310664,9.0,pre_failure
1774387315,2026-03-25T02:51:55.348548,7,4,7,0,0,0.007691156536093004,0.42482742498920784,0.047534126195631084,0.42559338607876024,12.830915178571429,830.05859375,21.70703125,894.375,176793354.06433395,3617747326.310664,9.0,pre_failure
1774387345,2026-03-25T02:52:25.409711,7,4,7,0,0,0.009990222519645505,0.43308542349672663,0.06345229440027174,0.4334784927123926,12.760602678571429,812.8802083333334,20.9921875,860.65234375,176823141.76125306,3617747326.310664,9.0,pre_failure
1774387375,2026-03-25T02:52:55.470953,7,4,7,0,0,0.007458753794689549,0.44009370021866046,0.04601470554034613,0.44246410951599674,12.131696428571429,823.2096354166666,18.93359375,838.64453125,176866601.45302057,3618321328.3162355,9.0,pre_failure
1774387405,2026-03-25T02:53:25.537064,7,4,7,0,0,0.005378026856855801,0.42628357777115444,0.033126613802298296,0.43136209080601956,12.451450892857142,824.96875,20.05078125,838.625,176875948.28005698,3618321328.3162355,9.0,pre_failure
1774387435,2026-03-25T02:53:55.623327,7,4,7,0,0,0.00801967907774896,0.44636709748282216,0.049615907246272406,0.446888888888869,12.193080357142858,821.8854166666666,18.80859375,952.34375,176916883.21650556,3621746334.6185603,9.0,pre_failure
1774387465,2026-03-25T02:54:25.690817,7,4,7,0,0,0.0068407821846921575,0.41541667716120906,0.04196446096246041,0.41713892037246253,12.670758928571429,919.2890625,21.09765625,936.1875,176947744.796873,3621746334.6185603,9.0,pre_failure
1774387495,2026-03-25T02:54:55.751607,7,4,7,0,0,0.007730873990629957,0.42954282911476255,0.04795158947254015,0.42999999999998845,12.641741071428571,857.4934895833334,19.60546875,896.30859375,176965331.68843666,3621746334.6185603,9.0,pre_failure
1774387525,2026-03-25T02:55:25.817100,7,4,7,0,0,0.007024348306319635,0.4205957721453352,0.04319430215830091,0.42316753344894464,12.364397321428571,784.6015625,19.296875,800.12109375,177014727.03753418,3626681337.1464376,9.0,pre_failure
1774387555,2026-03-25T02:55:55.878941,7,4,7,0,0,0.006944284524638049,0.42404578343590194,0.042757338132977066,0.4243595725299509,12.037388392857142,855.1861979166666,19.05078125,894.73046875,177045994.63045081,3626681337.1464376,9.0,pre_failure
1774387586,2026-03-25T02:56:25.951549,7,4,7,0,0,0.00820779445743636,0.4191235237370879,0.051690270756485884,0.420222222222258,12.053013392857142,810.10546875,18.88671875,837.765625,177078753.2705479,3626681337.1464376,9.0,pre_failure
1774387616,2026-03-25T02:56:56.020923,7,4,7,0,0,0.008778148031140092,0.4313492116407969,0.055748714066891226,0.43577777777777227,12.291294642857142,875.6979166666666,20.640625,901.34765625,177111236.92052335,3627005338.4275618,9.0,pre_failure
1774387646,2026-03-25T02:57:26.082670,7,4,7,0,0,0.004927094155686418,0.41631483306328154,0.028525844945127034,0.417768494033463,12.398995535714286,814.4765625,18.86328125,949.1015625,177139259.8498645,3627005338.4275618,9.0,pre_failure
1774387676,2026-03-25T02:57:56.148676,7,4,7,0,0,0.0063472749592154674,0.4173394624145539,0.038149895293478966,0.4179721351909778,12.095424107142858,792.71875,19.4140625,863.10546875,177162875.94965774,3627005338.4275618,9.0,pre_failure
1774387706,2026-03-25T02:58:26.224371,7,4,7,0,0,0.007140910401311573,0.4120740740740619,0.04432798968770238,0.41355555555554385,12.577008928571429,817.9544270833334,22.19921875,862.5546875,177195810.77405447,3627005338.4275618,9.0,pre_failure
1774387736,2026-03-25T02:58:56.295818,7,4,7,0,0,0.007046859736756982,0.4191111111111204,0.0429590787886441,0.41977777777780645,12.184709821428571,851.9127604166666,19.39453125,894.59375,177245088.6535459,3628015346.184579,9.0,pre_failure
1774387766,2026-03-25T02:59:26.367218,7,4,7,0,0,0.006697451854691288,0.42604414404878005,0.04192839614400004,0.42693632625845557,12.147879464285714,869.3359375,18.85546875,927.03515625,177282170.32105255,3631871350.9892426,9.0,pre_failure
1774387796,2026-03-25T02:59:56.446319,7,4,7,0,0,0.008785652768175842,0.43265059437840575,0.054828430722479574,0.43395178313518706,12.392857142857142,813.05859375,20.3046875,865.703125,177297987.61175084,3631871350.9892426,9.0,pre_failure
1774387826,2026-03-25T03:00:26.506451,7,4,7,0,0,0.008805500709997024,0.4360000000000003,0.055708029376666315,0.43688888888885846,12.319754464285714,860.69140625,20.5703125,874.44921875,177315977.002006,3631871350.9892426,9.0,pre_failure
1774387856,2026-03-25T03:00:56.562759,7,4,7,0,0,0.010778266027451825,0.4382669392047326,0.07033079076876778,0.44035637316978704,12.439732142857142,828.1171875,21.28125,888.2109375,177354230.7160773,3631871350.9892426,9.0,pre_failure
1774387886,2026-03-25T03:01:26.625768,7,4,7,0,0,0.007266631088890353,0.4413106284665052,0.045057849227663496,0.4431406538213785,12.545200892857142,795.3541666666666,19.36328125,822.41015625,177389896.32080325,3631871350.9892426,9.0,pre_failure
1774387916,2026-03-25T03:01:56.687018,7,4,7,0,0,0.005037685520544612,0.45282477103411345,0.030314364734093026,0.45622222222222986,12.599888392857142,852.3125,20.1953125,905.23046875,177421568.02305976,3631871350.9892426,9.0,pre_failure
1774387946,2026-03-25T03:02:26.767062,7,4,7,0,0,0.006255688086755411,0.44525595727502837,0.037678133667273225,0.44576787182506045,12.454799107142858,826.6783854166666,20.6015625,883.640625,177468317.54564294,3634504361.0752025,9.0,pre_failure
1774387976,2026-03-25T03:02:56.884367,7,4,7,0,0,0.0061973469274182414,0.4404607343202806,0.03840345072193621,0.4417777777777934,12.385602678571429,824.6979166666666,20.296875,875.9140625,177495537.92203802,3634504361.0752025,9.0,pre_failure
1774388006,2026-03-25T03:03:26.947307,7,4,7,0,0,0.006919399674027243,0.423648476586987,0.04224462788372864,0.42600000000000104,12.775669642857142,841.1588541666666,20.9453125,855.828125,177517727.6016323,3635077363.2314544,9.0,pre_failure
1774388037,2026-03-25T03:03:57.011284,7,4,7,0,0,0.009002144242411757,0.4242962962962835,0.057447903010989315,0.4259999999999692,12.640066964285714,838.8046875,21.3359375,849.421875,177555966.1657334,3635490364.8399305,9.0,pre_failure
1774388067,2026-03-25T03:04:27.075886,7,4,7,0,0,0.008797957510130416,0.4363027657196268,0.05586023575461807,0.4371111111111215,12.261160714285714,845.8151041666666,19.6484375,870.3046875,177582087.95562083,3635490364.8399305,9.0,pre_failure
1774388097,2026-03-25T03:04:57.151079,7,4,7,0,0,0.008207677614135498,0.4362060420877882,0.05196627067324653,0.43819300935491945,12.478794642857142,788.00390625,18.85546875,812.62109375,177621308.1842971,3639011368.6351466,9.0,pre_failure
1774388127,2026-03-25T03:05:27.242090,7,4,7,0,0,0.007439495845529762,0.4373204093792483,0.04609005528116322,0.4379999999999881,12.758928571428571,825.2291666666666,19.53515625,865.17578125,177647875.7139202,3639011368.6351466,9.0,pre_failure
1774388157,2026-03-25T03:05:57.300052,7,4,7,0,0,0.007433269290557721,0.44427338811596195,0.046708010312520545,0.44844444444444326,12.34375,844.20703125,20.375,891.8828125,177683953.3743594,3639424370.2553725,9.0,pre_failure
1774388187,2026-03-25T03:06:27.366393,7,4,7,0,0,0.008023017777178284,0.4332592592592391,0.05000097869986325,0.4346666666666579,12.712053571428571,843.26171875,19.98046875,893.6796875,177711359.18744653,3639424370.2553725,9.0,pre_failure
1774388217,2026-03-25T03:06:57.431241,7,4,7,0,0,0.007587450008732511,0.4408082516556992,0.04755236085977356,0.4428888888888864,12.200334821428571,834.4921875,19.01171875,844.6171875,177732608.30328774,3639424370.2553725,9.0,pre_failure
1774388247,2026-03-25T03:07:27.491072,7,4,7,0,0,0.005814034473983107,0.41504931259472005,0.035336428126003044,0.4173333333333244,12.958147321428571,798.8151041666666,20.375,807.05078125,177764488.95742843,3639424370.2553725,9.0,pre_failure
1774388277,2026-03-25T03:07:57.548524,7,4,7,0,0,0.004938007294831656,0.42213877099551905,0.02915428905233864,0.4222222222222353,12.341517857142858,841.2669270833334,18.953125,855.6484375,177808752.21559858,3639954372.3424826,9.0,pre_failure
1774388307,2026-03-25T03:08:27.615501,7,4,7,0,0,0.0069075649227741745,0.4136976035632813,0.04366660675316174,0.414666666666652,25.664620535714285,808.1692708333334,113.1015625,885.8359375,177835147.72923368,3639954372.3424826,9.0,pre_failure
1774388337,2026-03-25T03:08:57.679712,7,4,7,0,0,0.004868151494353422,0.40829629629630076,0.02838581423412274,0.40933333333333305,12.291294642857142,869.5625,19.22265625,905.00390625,177864709.9840218,3640548374.2685747,9.0,pre_failure
1774388367,2026-03-25T03:09:27.751054,7,4,7,0,0,0.004638012530746942,0.4242159344358375,0.026246447138197876,0.4244444444444436,12.590401785714286,845.5442708333334,19.7890625,889.8828125,177895870.12464774,3641224381.1888237,9.0,pre_failure
1774388397,2026-03-25T03:09:57.821158,7,4,7,0,0,0.006984204474860151,0.4440131960092294,0.04338415939314153,0.4448888888889042,12.412946428571429,856.14453125,20.6484375,878.76953125,177917618.84101957,3641224381.1888237,9.0,pre_failure
1774388427,2026-03-25T03:10:27.882519,7,4,7,0,0,0.006933658275329929,0.44112419540174475,0.04245700179966357,0.44159480842742094,11.98828125,825.7421875,18.97265625,846.66015625,177947710.38308266,3641224381.1888237,9.0,pre_failure
1774388457,2026-03-25T03:10:57.941528,7,4,7,0,0,0.004520021771680521,0.42488258464232614,0.02553383381979613,0.4255366428158736,12.375,811.2942708333334,20.01171875,846.046875,177985640.36920923,3641224381.1888237,9.0,pre_failure
1774388488,2026-03-25T03:11:27.998892,7,4,7,0,0,0.007360305826275251,0.4288634641278147,0.045310121163235406,0.43086016487789564,12.448102678571429,890.55078125,20.16015625,898.5078125,178019575.3541267,3641562382.8180747,9.0,pre_failure
1774388518,2026-03-25T03:11:58.070934,7,4,7,0,0,0.0036151892740600216,0.431127241485718,0.019830350748132927,0.4336422840123623,12.434151785714286,918.0455729166666,18.98046875,936.98828125,178049480.85650906,3641562382.8180747,9.0,pre_failure
1774388548,2026-03-25T03:12:28.130550,7,4,7,0,0,0.007378779673543255,0.435336563034739,0.046538000239819834,0.43600968910418225,12.225446428571429,831.5611979166666,19.00390625,846.4375,178071082.35738152,3641562382.8180747,9.0,pre_failure
1774388578,2026-03-25T03:12:58.198020,7,4,7,0,0,0.005915648161829465,0.4196296296296248,0.03616308207310412,0.42066666666666486,12.073102678571429,816.171875,19.1875,854.46875,178110630.16967106,3644762385.39521,9.0,pre_failure
1774388608,2026-03-25T03:13:28.270975,7,4,7,0,0,0.007449019992053036,0.4208242154666357,0.046475433025029586,0.42161177045827575,12.267857142857142,815.0677083333334,20.55859375,872.06640625,178134388.38803837,3644762385.39521,9.0,pre_failure
1774388638,2026-03-25T03:13:58.345624,7,4,7,0,0,0.006735492181218391,0.41066666666666324,0.04168042565350081,0.4111111111111047,12.378348214285714,792.62890625,20.33984375,821.3359375,178166435.76103267,3644762385.39521,9.0,pre_failure
1774388668,2026-03-25T03:14:28.422459,7,4,7,0,0,0.009720908227629914,0.4204226700538125,0.062283535503247806,0.4217777777778147,12.341517857142858,829.8216145833334,20.046875,892.25390625,178192620.33666864,3644762385.39521,9.0,pre_failure
1774388698,2026-03-25T03:14:58.486265,7,4,7,0,0,0.0083387729075573,0.4516329827905708,0.05215109058339559,0.4526767261494764,12.287946428571429,822.4401041666666,19.1015625,906.2265625,178221765.7952467,3645544388.2495317,9.0,pre_failure
1774388728,2026-03-25T03:15:28.557251,7,4,7,0,0,0.007760091118380093,0.43623833100799325,0.0500298448072246,0.43800000000000966,12.169084821428571,801.5455729166666,19.078125,820.8203125,178256190.538525,3645917390.178266,9.0,pre_failure
1774388758,2026-03-25T03:15:58.624723,7,4,7,0,0,0.006335793263783831,0.4352140205818894,0.0381002219204626,0.4368888888888826,12.421875,820.10546875,19.74609375,863.63671875,178287110.74617934,3645917390.178266,9.0,pre_failure
1774388788,2026-03-25T03:16:28.696036,7,4,7,0,0,0.005557113501133763,0.436708270590075,0.03251654272824158,0.4383470339924279,12.685825892857142,809.8841145833334,20.2109375,823.65234375,178319776.4865197,3645917390.178266,9.0,pre_failure
1774388818,2026-03-25T03:16:58.759029,7,4,7,0,0,0.00836014322859693,0.4531009932671029,0.053275154352629805,0.45533333333329823,12.159040178571429,802.7486979166666,20.07421875,822.609375,178337289.90770632,3646368391.548478,9.0,pre_failure
1774388848,2026-03-25T03:17:28.844828,7,4,7,0,0,0.008056838358728056,0.4475555766406637,0.050433672448735783,0.450030002000127,12.558035714285714,848.6341145833334,21.3203125,913.37109375,178374318.64815485,3646368391.548478,9.0,pre_failure
1774388878,2026-03-25T03:17:58.916331,7,4,7,0,0,0.005639525716335361,0.4404444444444491,0.03404559701815602,0.4428888888889003,12.599330357142858,822.6783854166666,20.05078125,860.0859375,178417008.85186672,3649544396.3529544,9.0,pre_failure
1774388909,2026-03-25T03:18:28.980491,7,4,7,0,0,0.007147379588599351,0.42315690576202125,0.04416635631453837,0.42482280534141215,12.085379464285714,808.14453125,19.45703125,840.921875,178465600.2468693,3655167399.6549454,9.0,pre_failure
1774388939,2026-03-25T03:18:59.056038,7,4,7,0,0,0.004836052316964625,0.4161697218773756,0.028293656570729294,0.41692594897323626,12.049107142857142,873.6119791666666,19.22265625,926.60546875,178498608.41495287,3658418406.5541654,9.0,pre_failure
1774388969,2026-03-25T03:19:29.125016,7,4,7,0,0,0.007494399828382855,0.43347183274200934,0.04796607175176547,0.43533333333333973,12.329241071428571,826.5690104166666,19.08984375,863.78515625,178537950.22275662,3658418406.5541654,9.0,pre_failure
1774388999,2026-03-25T03:19:59.187672,7,4,7,0,0,0.006380642240177062,0.42867619816627833,0.03935842244783715,0.429111111111113,12.151227678571429,824.2942708333334,20.171875,891.17578125,178556542.3554574,3658911408.265223,9.0,pre_failure
1774389029,2026-03-25T03:20:29.271180,7,4,7,0,0,0.007357555907680791,0.43755555555554765,0.046406583901333204,0.439999999999968,12.786830357142858,832.71484375,20.83203125,846.55078125,178600654.46367055,3660865412.274252,9.0,pre_failure
1774389059,2026-03-25T03:20:59.340635,7,4,7,0,0,0.0027657921137970573,0.43069845964043646,0.014320053558030657,0.43355555555557107,12.05859375,778.9752604166666,19.12109375,814.6875,178639433.58205262,3660865412.274252,9.0,pre_failure
1774389089,2026-03-25T03:21:29.414722,7,4,7,0,0,0.007534810618975763,0.4376134744694548,0.048140759034327366,0.4406568742917061,12.361049107142858,813.9700520833334,20.58984375,884.68359375,178683609.09356993,3663635419.631798,9.0,pre_failure
1774389119,2026-03-25T03:21:59.482031,7,4,7,0,0,0.004786798406748015,0.42692832854793084,0.028576023452600526,0.43066666666665077,12.333147321428571,841.4986979166666,19.5390625,875.4765625,178717269.66941193,3663635419.631798,9.0,pre_failure
1774389149,2026-03-25T03:22:29.539689,7,4,7,0,0,0.04249621360474231,0.5733204156760073,0.22834245106940704,0.5812945803613401,13.325334821428571,856.7486979166666,21.22265625,897.23828125,178742728.3885197,3663635419.631798,10.0,pre_failure
1774389179,2026-03-25T03:22:59.595829,7,4,7,0,0,0.129603040921588,0.7374183083034119,0.8679729151878103,0.7406666666666744,12.606026785714286,771.4348958333334,19.015625,843.2890625,178764191.24719754,3663635419.631798,10.0,pre_failure
1774389209,2026-03-25T03:23:29.654807,7,4,7,0,0,0.12298574975022358,0.7212592592592728,0.8297508823921631,0.7235555555555654,12.783482142857142,835.0625,19.12890625,852.515625,178791575.41042385,3664020421.4088087,10.0,pre_failure
1774389239,2026-03-25T03:23:59.718690,7,4,7,0,0,0.1248116573364025,0.740375853619791,0.8360012403545245,0.7404444444444593,12.845982142857142,826.59375,21.2734375,859.625,178824734.54437715,3664562424.200245,10.0,pre_failure
1774389269,2026-03-25T03:24:29.784527,7,4,7,0,0,0.12810945054748527,0.7519999972902155,0.8493931996745501,0.7521720774170692,12.864955357142858,826.4973958333334,20.65625,923.65625,178854732.01527974,3666931429.338483,10.0,pre_failure
1774389299,2026-03-25T03:24:59.841761,7,4,7,0,0,0.13446083624236696,0.7565242286327996,0.9019933467430128,0.7591785936527596,12.921875,767.0559895833334,19.1796875,791.4140625,178894259.50067696,3667528432.2520685,10.0,pre_failure
1774389329,2026-03-25T03:25:29.900127,7,4,7,0,0,0.1182976733163292,0.7695555555555648,0.7842150909671028,0.7720000000000082,13.102120535714286,837.6575520833334,19.18359375,869.87890625,178921865.1010851,3667528432.2520685,10.0,pre_failure
1774389360,2026-03-25T03:25:59.956801,7,4,7,0,0,0.14797266843040086,0.752798030748568,1.0003785586463894,0.7575555555555733,12.666852678571429,820.3111979166666,19.15234375,854.48828125,178951642.23850715,3667899434.5071697,10.0,pre_failure
1774389390,2026-03-25T03:26:30.021069,7,4,7,0,0,0.150038387993581,0.7494056439233143,0.9998985792352637,0.7510224039829149,12.435825892857142,807.6171875,19.17578125,834.1484375,178980247.48554033,3667899434.5071697,10.0,pre_failure
1774389420,2026-03-25T03:27:00.092185,7,4,7,0,0,0.14926176872137162,0.7397941294851654,1.0008016349152666,0.7471111111111111,13.819196428571429,842.43359375,26.61328125,886.94140625,179021931.07298747,3667899434.5071697,10.0,pre_failure
1774389450,2026-03-25T03:27:30.144140,7,4,7,0,0,0.07858661223074766,0.6033986242586937,0.5014026784850574,0.6271111111111256,12.419642857142858,864.4973958333334,20.109375,915.88671875,179058086.3477046,3667899434.5071697,10.0,pre_failure
1774389480,2026-03-25T03:28:00.210285,7,4,7,0,0,0.0037831625217210076,0.4250370985232983,0.02095828234235079,0.42955555555559366,12.756138392857142,812.22265625,20.2734375,841.1015625,179080354.45698103,3667899434.5071697,10.0,pre_failure
1774389510,2026-03-25T03:28:30.281599,7,4,7,0,0,0.004209503550648934,0.42231510248830056,0.024395278752243822,0.424250505589237,12.23828125,819.046875,19.23828125,854.1796875,179099608.0907217,3667899434.5071697,10.0,pre_failure
1774389540,2026-03-25T03:29:00.349588,7,4,7,0,0,0.005629499157045612,0.4292497092786426,0.03360985735546083,0.42974912783589875,12.366071428571429,836.83984375,19.28515625,888.4375,179135812.56586263,3667899434.5071697,10.0,pre_failure
1774389570,2026-03-25T03:29:30.417515,7,4,7,0,0,0.007498706935229738,0.42800631251719545,0.04695711450706212,0.42933333333333296,12.439732142857142,858.5651041666666,20.9140625,879.8515625,179152977.4934246,3667899434.5071697,10.0,pre_failure
1774389600,2026-03-25T03:30:00.475220,7,4,7,0,0,0.004769652587379594,0.4351755413836547,0.027140095246414555,0.43688888888887606,12.668526785714286,873.2942708333334,19.35546875,890.41015625,179182358.1162614,3667899434.5071697,10.0,pre_failure
1774389630,2026-03-25T03:30:30.535174,7,4,7,0,0,0.007990937910499776,0.4205185185185205,0.05099048494199923,0.4224444444444304,12.357142857142858,836.9166666666666,19.22265625,913.38671875,179226871.37367484,3671156446.077141,10.0,pre_failure
1774389660,2026-03-25T03:31:00.592104,7,4,7,0,0,0.004046055935193037,0.4146666666666779,0.022988809758028382,0.41933333333333017,12.222098214285714,818.3125,19.21484375,870.28515625,179267963.10074493,3672066450.5799146,10.0,pre_failure
1774389690,2026-03-25T03:31:30.662408,7,4,7,0,0,0.006172339567874169,0.4335328364558819,0.037329228543758766,0.43815406492319886,12.357142857142858,830.0924479166666,19.92578125,883.01953125,179317549.7357864,3675105455.852911,10.0,pre_failure
1774389720,2026-03-25T03:32:00.740876,7,4,7,0,0,0.00680673407402473,0.4436526059386294,0.04255806656409623,0.44466666666668214,12.625,896.6315104166666,21.3984375,947.5859375,179339655.7824599,3675105455.852911,10.0,pre_failure
1774389750,2026-03-25T03:32:30.815806,7,4,7,0,0,0.008207982172915698,0.4334651313822486,0.05220151203206179,0.4374875019441363,12.272879464285714,848.4856770833334,19.6171875,896.14453125,179358796.5975543,3675105455.852911,10.0,pre_failure
1774389780,2026-03-25T03:33:00.881163,7,4,7,0,0,0.006060525283050264,0.4341385092845638,0.0369338275993774,0.4348888888888969,12.127232142857142,835.5638020833334,19.24609375,881.01953125,179395515.56412128,3677355457.5478177,10.0,pre_failure
1774389810,2026-03-25T03:33:30.945227,7,4,7,0,0,0.009833658683563049,0.43466021757058065,0.0625850184809029,0.43531398604507104,12.409598214285714,871.1940104166666,21.02734375,912.87890625,179428852.31515545,3677355457.5478177,10.0,pre_failure
1774389841,2026-03-25T03:34:01.012705,7,4,7,0,0,0.005929873029917469,0.42214814814814267,0.0361783386812705,0.42599999999998,12.309151785714286,831.44140625,19.32421875,863.3671875,179465350.89726484,3677816459.937874,10.0,pre_failure
1774389871,2026-03-25T03:34:31.082273,7,4,7,0,0,0.006120182355793773,0.42829928321434746,0.03747594483481327,0.4317585885071517,12.157366071428571,848.2955729166666,19.27734375,915.1640625,179497991.6593814,3677816459.937874,10.0,pre_failure
1774389901,2026-03-25T03:35:01.154445,7,4,7,0,0,0.007334307308347121,0.43125925925927305,0.04622774494323312,0.43244444444445845,12.162388392857142,825.6471354166666,20.08203125,862.9609375,179522372.9311699,3677816459.937874,10.0,pre_failure
1774389931,2026-03-25T03:35:31.220083,7,4,7,0,0,0.006165080117156507,0.4203730958140317,0.03732830846212448,0.42599999999999333,12.138392857142858,825.69140625,19.5546875,852.34375,179555425.3353833,3677816459.937874,10.0,pre_failure
1774389961,2026-03-25T03:36:01.278996,7,4,7,0,0,0.006423957308637496,0.4281481481481423,0.038885444697769875,0.4333333333333433,12.298549107142858,829.8658854166666,19.31640625,886.47265625,179581909.39672008,3678125460.997034,10.0,pre_failure
1774389991,2026-03-25T03:36:31.343643,7,4,7,0,0,0.005910002320991791,0.44106322111586355,0.036775174997937914,0.4418563300142468,12.351004464285714,856.953125,19.34375,912.34375,179614290.51575193,3678125460.997034,10.0,pre_failure
1774390021,2026-03-25T03:37:01.412062,7,4,7,0,0,0.010448553319652294,0.4399967474930276,0.0687044027854794,0.44114052047911445,12.481584821428571,845.7473958333334,20.5703125,875.7421875,179637592.72340125,3678494467.1202407,10.0,pre_failure
1774390051,2026-03-25T03:37:31.481390,7,4,7,0,0,0.006402830081534339,0.43257659437017487,0.038875933524132524,0.4342222222222106,12.343191964285714,821.484375,20.0078125,844.5078125,179661900.201592,3678494467.1202407,10.0,pre_failure
1774390081,2026-03-25T03:38:01.544868,7,4,7,0,0,0.00811978015220069,0.43437037037038534,0.05135797004302312,0.43644444444443464,12.510044642857142,809.2994791666666,19.9140625,820.609375,179695844.90133235,3678925472.959049,10.0,pre_failure
1774390111,2026-03-25T03:38:31.610214,7,4,7,0,0,0.006629911685839484,0.4195399992525756,0.04159639489080474,0.4204257588551326,13.055803571428571,823.6393229166666,21.76171875,849.76171875,179728093.3597183,3680943477.666645,10.0,pre_failure
1774390141,2026-03-25T03:39:01.669065,7,4,7,0,0,0.004054979193857068,0.4143703703703592,0.02331553525891321,0.4159999999999797,12.23828125,814.0651041666666,19.3359375,846.671875,179760106.74611396,3681422479.412952,10.0,pre_failure
1774390171,2026-03-25T03:39:31.734901,7,4,7,0,0,0.008025755201400208,0.4186173673673645,0.05164288754280451,0.4206666666666788,12.512276785714286,822.9361979166666,19.38671875,840.54296875,179777507.09176987,3681422479.412952,10.0,pre_failure
1774390201,2026-03-25T03:40:01.790116,7,4,7,0,0,0.0038947944436955977,0.4174135936905717,0.022653793712182915,0.41822222222219035,12.681919642857142,831.5403645833334,19.69140625,854.74609375,179820824.31961942,3681422479.412952,10.0,pre_failure
1774390231,2026-03-25T03:40:31.858932,7,4,7,0,0,0.0048971582744017856,0.4077869212081016,0.029212410104080343,0.4091747605183064,12.57421875,835.5559895833334,21.2421875,885.76953125,179849307.7181189,3681422479.412952,10.0,pre_failure
1774390261,2026-03-25T03:41:01.927580,7,4,7,0,0,0.006151517712453022,0.41703703703702555,0.03640192253614524,0.41866666666664526,12.157366071428571,847.34375,19.92578125,895.625,179876556.14397097,3681422479.412952,10.0,pre_failure
1774390292,2026-03-25T03:41:31.989432,7,4,7,0,0,0.004853440586634662,0.4107316203611026,0.02783861029085479,0.41222222222219596,12.649553571428571,840.4674479166666,22.546875,899.94921875,179926093.54311576,3683752495.1134763,10.0,pre_failure
1774390322,2026-03-25T03:42:02.066748,7,4,7,0,0,0.006206336323515918,0.4226603826150363,0.03651121199111759,0.42328630152205193,12.287946428571429,841.56640625,20.59765625,884.17578125,179948543.40814942,3683752495.1134763,10.0,pre_failure
1774390352,2026-03-25T03:42:32.127894,7,4,7,0,0,0.00619143677203609,0.43079565244757273,0.037235289896413795,0.4322030131994383,12.361049107142858,803.6171875,19.80859375,856.13671875,179977551.7940108,3683752495.1134763,10.0,pre_failure
1774390382,2026-03-25T03:43:02.208577,7,4,7,0,0,0.006910763643965165,0.438901900745097,0.04268560459838258,0.44044444444446884,13.138950892857142,820.3268229166666,21.34375,847.421875,180010550.2615516,3683752495.1134763,10.0,pre_failure
1774390412,2026-03-25T03:43:32.278201,7,4,7,0,0,0.006095852902524866,0.4111202524612658,0.038133293306022345,0.4113607573838146,12.069754464285714,835.1809895833334,19.703125,923.0234375,180038759.28463587,3684345498.4015074,10.0,pre_failure
1774390442,2026-03-25T03:44:02.347241,7,4,7,0,0,0.0077757022701092655,0.4223672297231077,0.049865669703846635,0.42285130210648464,12.303571428571429,851.1106770833334,20.17578125,884.65234375,180064806.4407606,3684705500.519874,10.0,pre_failure
1774390472,2026-03-25T03:44:32.409479,7,4,7,0,0,0.005303737970967999,0.4024504035570487,0.03196169275310933,0.4026666666666547,13.377790178571429,812.2682291666666,21.37890625,848.55859375,180089697.01891205,3684705500.519874,10.0,pre_failure
1774390502,2026-03-25T03:45:02.478501,7,4,7,0,0,0.00346275108848377,0.42159845960156583,0.01867896428166592,0.4224444444444417,12.807477678571429,840.0533854166666,19.43359375,875.46484375,180126543.93196023,3687003508.090259,10.0,pre_failure
1774390532,2026-03-25T03:45:32.541883,7,4,7,0,0,0.005744086763050581,0.42571947251683195,0.035008767408775204,0.4273618241216034,12.266183035714286,855.3463541666666,20.08203125,906.609375,180178875.7234936,3691342517.295992,10.0,pre_failure
1774390562,2026-03-25T03:46:02.621738,7,4,7,0,0,0.006601624324081515,0.42007407407407255,0.041562458111697974,0.4206666666666446,12.760602678571429,829.3645833333334,21.9609375,899.15234375,180219290.89337984,3694112519.231907,10.0,pre_failure
1774390592,2026-03-25T03:46:32.693546,7,4,7,0,0,0.003714214343870983,0.4158579788731179,0.021499824772907447,0.41733333333333894,12.803013392857142,802.16796875,20.25,852.66015625,180248764.97791457,3694112519.231907,10.0,pre_failure
1774390622,2026-03-25T03:47:02.758081,7,4,7,0,0,0.006118170688543305,0.4245926277495748,0.03802562793069117,0.42511111111112737,12.334821428571429,822.3190104166666,19.4296875,887.3359375,180291895.79603526,3697507520.546351,10.0,pre_failure
1774390652,2026-03-25T03:47:32.818605,7,4,7,0,0,0.0052934174692562215,0.4161419887511341,0.03274069555221526,0.4171111111111233,12.699776785714286,827.75,21.52734375,869.8515625,180332737.23874536,3700626525.849934,10.0,pre_failure
1774390682,2026-03-25T03:48:02.902415,7,4,7,0,0,0.005623062771762008,0.412444444444436,0.03431199707167022,0.4144444444444268,12.484375,816.9869791666666,20.95703125,822.2890625,180377216.13459042,3700626525.849934,10.0,pre_failure
1774390713,2026-03-25T03:48:32.968484,7,4,7,0,0,0.005245298479131711,0.40246238157620096,0.03092904648414519,0.40403591430350694,12.570870535714286,859.6653645833334,20.65625,860.71875,180407180.1130622,3700626525.849934,10.0,pre_failure
1774390743,2026-03-25T03:49:03.030935,7,4,7,0,0,0.004749835901244269,0.4139999999999828,0.028730967970707882,0.4155555555555408,12.514508928571429,842.7903645833334,19.40625,875.47265625,180432634.42260125,3700626525.849934,10.0,pre_failure
1774390773,2026-03-25T03:49:33.100250,7,4,7,0,0,0.006414816230758722,0.4264444444444527,0.04077974060785394,0.4273333333333551,12.546875,831.07421875,21.359375,868.515625,180474451.17648438,3703974529.089962,10.0,pre_failure
1774390803,2026-03-25T03:50:03.173527,7,4,7,0,0,0.0059347599760411875,0.42636721488494245,0.03694518560943275,0.42777777777779796,12.577566964285714,853.0924479166666,20.58203125,877.2109375,180501425.38266847,3703974529.089962,10.0,pre_failure
1774390833,2026-03-25T03:50:33.243262,7,4,7,0,0,0.0058785351721628255,0.4117930329794719,0.03581974357676905,0.4140184008178292,12.572544642857142,831.4973958333334,20.265625,859.6953125,180530791.18824634,3705912530.601892,10.0,pre_failure
1774390863,2026-03-25T03:51:03.307302,7,4,7,0,0,0.0031241233815728574,0.4219508896010252,0.017140557551640317,0.42355555555552216,12.161830357142858,836.9296875,19.59765625,885.796875,180572211.59146488,3707895534.201377,10.0,pre_failure
1774390893,2026-03-25T03:51:33.397357,7,4,7,0,0,0.003969651144466004,0.42638616636414917,0.023681007390283036,0.4273333333333336,12.361607142857142,838.3020833333334,19.6796875,889.6640625,180599671.50794736,3708730543.437962,10.0,pre_failure
1774390923,2026-03-25T03:52:03.480941,7,4,7,0,0,0.005026326844718308,0.4562391953015224,0.030642708335648177,0.4597777777777523,12.482700892857142,881.8736979166666,19.42578125,915.4140625,180631593.22160196,3708730543.437962,10.0,pre_failure
1774390953,2026-03-25T03:52:33.564041,7,4,7,0,0,0.006789922507720679,0.45812506845809564,0.042439225104545016,0.46029382348363984,12.608258928571429,820.7317708333334,20.1328125,869.68359375,180658769.1771581,3708730543.437962,10.0,pre_failure
1774390983,2026-03-25T03:53:03.624554,7,4,7,0,0,0.010116606049606644,0.46185185185186184,0.06559661425616217,0.46400000000000613,12.284040178571429,841.8489583333334,20.07421875,865.8046875,180678136.0679602,3708730543.437962,10.0,pre_failure
1774391013,2026-03-25T03:53:33.682124,7,4,7,0,0,0.006209965680762513,0.4421382722633137,0.039543019489995265,0.4444148167899869,12.649553571428571,848.0885416666666,22.26953125,885.2578125,180718727.70463708,3709306545.268735,10.0,pre_failure
1774391043,2026-03-25T03:54:03.746576,7,4,7,0,0,0.004393305696556567,0.4408148148148229,0.026195315928918817,0.4433333333333601,12.306361607142858,844.92578125,19.75,926.76953125,180749677.31722918,3709306545.268735,10.0,pre_failure
1774391073,2026-03-25T03:54:33.811515,7,4,7,0,0,0.006343886016490777,0.44526594056336694,0.03906229027184432,0.44692861587700444,12.470424107142858,835.6328125,19.4921875,881.3515625,180796293.6372266,3709306545.268735,10.0,pre_failure
1774391103,2026-03-25T03:55:03.886498,7,4,7,0,0,0.007668497593571797,0.44394582354871615,0.048505088564478646,0.4489188168099841,12.602678571428571,853.3098958333334,20.54296875,922.0546875,180831861.12575847,3709879548.237118,10.0,pre_failure
1774391134,2026-03-25T03:55:33.949189,7,4,7,0,0,0.003923469678187854,0.4270984373405371,0.021114415998362227,0.42773975646608564,12.291852678571429,824.01171875,19.73046875,865.18359375,180854104.81714356,3710469552.040444,10.0,pre_failure
1774391164,2026-03-25T03:56:04.006558,7,4,7,0,0,0.005832448132701948,0.43362962962965385,0.03425425613756913,0.4357777777778089,12.099888392857142,876.6002604166666,19.7734375,897.66015625,180903388.02294272,3710469552.040444,10.0,pre_failure
1774391194,2026-03-25T03:56:34.059001,7,4,7,0,0,0.009708040357074796,0.4422222222222328,0.06153024966404927,0.4446666666666835,12.200892857142858,857.8984375,19.5390625,871.5234375,180913915.96090594,3710772553.315071,10.0,pre_failure
1774391224,2026-03-25T03:57:04.119378,7,4,7,0,0,0.005454083028557728,0.434148148148156,0.03206294167657335,0.43755555555555226,12.47265625,823.7473958333334,21.40625,830.9453125,180945620.12157056,3710772553.315071,10.0,pre_failure
1774391254,2026-03-25T03:57:34.184645,7,4,7,0,0,0.005268259450271082,0.42370685109873873,0.030623943835424692,0.424898331074012,12.1953125,806.6848958333334,19.6484375,825.95703125,180963368.66338992,3710772553.315071,10.0,pre_failure
1774391284,2026-03-25T03:58:04.250591,7,4,7,0,0,0.007332706956481673,0.431494322129026,0.04450865027095066,0.4333718552759973,12.546316964285714,793.5572916666666,19.8359375,823.16015625,180985896.59510592,3711180559.6607027,10.0,pre_failure
1774391314,2026-03-25T03:58:34.317546,7,4,7,0,0,0.00523314579600004,0.41851539760020634,0.03084250303475901,0.4213333333333321,12.846540178571429,805.0286458333334,21.2734375,814.140625,181009203.73685908,3711180559.6607027,10.0,pre_failure
1774391344,2026-03-25T03:59:04.384541,7,4,7,0,0,0.0062703645267761805,0.41800000000001847,0.03731434256610887,0.4233333333333575,12.739397321428571,862.6510416666666,21.31640625,888.7734375,181038991.50014764,3711180559.6607027,10.0,pre_failure
1774391374,2026-03-25T03:59:34.456164,7,4,7,0,0,0.007469401605414493,0.4422092126790118,0.04561060172113461,0.44666666666663485,12.809709821428571,856.0572916666666,21.2890625,881.84765625,181075088.4136785,3711180559.6607027,10.0,pre_failure
1774391404,2026-03-25T04:00:04.503659,7,4,7,0,0,0.005288825601791272,0.44562962962963315,0.030795043822385085,0.4513333333333422,12.489397321428571,844.5442708333334,19.66796875,928.5546875,181093743.79550543,3711180559.6607027,10.0,pre_failure
1774391434,2026-03-25T04:00:34.562290,7,4,7,0,0,0.008750556072751605,0.4445218569854864,0.05486028574373658,0.44781758378523934,12.651785714285714,832.9140625,20.85546875,870.73828125,181121835.28531167,3711180559.6607027,10.0,pre_failure
1774391464,2026-03-25T04:01:04.621478,7,4,7,0,0,0.006443960534805032,0.4355749415064835,0.03961759154449514,0.43607752489331136,12.779575892857142,858.328125,20.390625,904.953125,181162010.33645386,3713726566.3659086,10.0,pre_failure
1774391494,2026-03-25T04:01:34.678830,7,4,7,0,0,0.005163243632917104,0.4416037313530817,0.029948681343408827,0.4497777777777546,12.27734375,809.2408854166666,20.5234375,838.28125,181187008.98097146,3714609569.883124,10.0,pre_failure
1774391524,2026-03-25T04:02:04.738925,7,4,7,0,0,0.009011196614139507,0.4425185185185227,0.05694250909654092,0.44311111111112617,12.290178571428571,836.3424479166666,20.09765625,870.40625,181235620.23217088,3717182572.872758,10.0,pre_failure
1774391554,2026-03-25T04:02:34.810014,7,4,7,0,0,0.006419825917910086,0.4420000000000108,0.03879289639968357,0.44355555555555765,12.650111607142858,838.23828125,20.70703125,886.9375,181274079.4766694,3717620574.54302,10.0,pre_failure
1774391584,2026-03-25T04:03:04.882833,7,4,7,0,0,0.006394690502592727,0.4462222222222049,0.03926919923747616,0.4466666666666558,12.315848214285714,879.0403645833334,19.9765625,921.796875,181311661.15174556,3717620574.54302,10.0,pre_failure
1774391615,2026-03-25T04:03:34.973264,7,4,7,0,0,0.009304264343527425,0.45238386292773447,0.0592099129013976,0.4553738110054444,12.804129464285714,862.14453125,21.15625,883.10546875,181341051.9993866,3717620574.54302,10.0,pre_failure
1774391645,2026-03-25T04:04:05.044923,7,4,7,0,0,0.003915808072737341,0.4493565730380263,0.021550703216773007,0.4517777777777736,12.755580357142858,824.5638020833334,21.0625,849.296875,181378447.40619186,3717959577.9749894,10.0,pre_failure
1774391675,2026-03-25T04:04:35.103409,7,4,7,0,0,0.010445743069292966,0.4494240923888496,0.06735842544314116,0.4504944993888331,13.079799107142858,843.2682291666666,22.81640625,861.78125,181409755.05441612,3717959577.9749894,10.0,pre_failure
1774391705,2026-03-25T04:05:05.161954,7,4,7,0,0,0.0039646298276913156,0.4418518518518737,0.022043548891380927,0.44555555555559545,12.364397321428571,860.375,19.83203125,867.7890625,181430298.09590852,3717959577.9749894,10.0,pre_failure
1774391735,2026-03-25T04:05:35.231672,7,4,7,0,0,0.004297212896287248,0.4477777777777877,0.023954084718498123,0.4508888888889146,12.505022321428571,810.2369791666666,19.57421875,838.13671875,181455532.39035976,3718493580.5247974,10.0,pre_failure
1774391765,2026-03-25T04:06:05.301465,7,4,7,0,0,0.0039718671279659196,0.4297713620271298,0.0216312148027792,0.4317489945114381,12.609933035714286,848.234375,20.015625,867.7734375,181484260.9428684,3720563587.3803644,10.0,pre_failure
1774391795,2026-03-25T04:06:35.370452,7,4,7,0,0,0.0058640032243712165,0.41785185185185664,0.03476756892198559,0.41999999999998056,12.412946428571429,835.375,20.3984375,851.6953125,181517160.8207738,3723080588.4348955,10.0,pre_failure
1774391825,2026-03-25T04:07:05.440174,7,4,7,0,0,0.005153466399874256,0.4322867315018595,0.029709119623524276,0.4360000000000216,12.574776785714286,833.2083333333334,20.01171875,877.30859375,181543330.58613956,3723080588.4348955,10.0,pre_failure
1774391855,2026-03-25T04:07:35.505380,7,4,7,0,0,0.006287995377191484,0.4430370370370294,0.03764713046051205,0.44799999999997453,12.358816964285714,798.40234375,19.734375,832.4296875,181565309.60453618,3723080588.4348955,10.0,pre_failure
1774391885,2026-03-25T04:08:05.567919,7,4,7,0,0,0.006096244558985281,0.4366569833616041,0.036557367235378765,0.4386666666666555,12.141183035714286,832.1015625,19.80859375,893.5703125,181600431.35119244,3723080588.4348955,10.0,pre_failure
1774391915,2026-03-25T04:08:35.630499,7,4,7,0,0,0.004424300193336977,0.43962964080329076,0.024743110940936536,0.44333333333333935,12.381696428571429,867.3463541666666,19.625,880.6328125,181627891.43405446,3723437589.7173805,10.0,pre_failure
1774391945,2026-03-25T04:09:05.699632,7,4,7,0,0,0.005529725023415134,0.4528281804471408,0.03322418397624086,0.4537777777778121,12.077008928571429,829.1953125,19.62890625,853.3359375,181663283.250588,3723437589.7173805,10.0,pre_failure
1774391975,2026-03-25T04:09:35.764987,7,4,7,0,0,0.008355290641812613,0.44518509147483837,0.05249411979846541,0.4472935739045248,12.713727678571429,830.36328125,21.90625,853.51171875,181700385.52701488,3723437589.7173805,10.0,pre_failure
1774392005,2026-03-25T04:10:05.833920,7,4,7,0,0,0.003457973351775414,0.4365346684611043,0.01800232139038752,0.4388888888889172,12.392299107142858,844.0026041666666,21.84765625,867.234375,181739110.37182418,3723936592.2213197,10.0,pre_failure
1774392035,2026-03-25T04:10:35.905045,7,4,7,0,0,0.0064358530911215435,0.4446185922764774,0.03918883395742147,0.453777777777785,12.276227678571429,806.5403645833334,20.32421875,853.3203125,181792359.4810791,3726760598.1281147,10.0,pre_failure
1774392066,2026-03-25T04:11:05.967291,7,4,7,0,0,0.006100847299603485,0.44611162096231205,0.03647107334976946,0.44838465982310455,12.795758928571429,818.9361979166666,22.28125,830.80859375,181822530.2108616,3726760598.1281147,10.0,pre_failure
1774392096,2026-03-25T04:11:36.039649,7,4,7,0,0,0.0060337321983182845,0.43294685775652547,0.036199719056663436,0.4364444444444036,12.573660714285714,849.53515625,21.828125,916.98046875,181852014.45398888,3727231600.617593,10.0,pre_failure
1774392126,2026-03-25T04:12:06.113715,7,4,7,0,0,0.0074405391748354555,0.4363059364451449,0.04562939733238275,0.4408888888888991,12.555245535714286,863.0143229166666,20.69140625,920.76171875,181879542.37551638,3727231600.617593,10.0,pre_failure
1774392156,2026-03-25T04:12:36.188741,7,4,7,0,0,0.0071032645160467945,0.44237362640980227,0.04392415858870919,0.44511111111112184,12.626674107142858,839.2708333333334,21.1328125,868.54296875,181899046.03546068,3727231600.617593,10.0,pre_failure
1774392186,2026-03-25T04:13:06.265442,7,4,7,0,0,0.007090815517418962,0.4369114289498182,0.043731643763825934,0.4415555555555298,12.678013392857142,809.2005208333334,21.296875,813.8203125,181911686.54858962,3727231600.617593,10.0,pre_failure
1774392216,2026-03-25T04:13:36.321188,7,4,7,0,0,0.0059211975939982685,0.43510473443981507,0.03525992693113128,0.44200000000002226,12.322544642857142,794.4739583333334,19.87109375,822.96875,181935591.7976269,3727231600.617593,10.0,pre_failure
1774392246,2026-03-25T04:14:06.384430,7,4,7,0,0,0.006562941407883336,0.4370015039675955,0.03939374562695692,0.43888888888888944,12.575334821428571,827.4049479166666,21.23828125,832.62890625,181955742.59122595,3727231600.617593,10.0,pre_failure
1774392276,2026-03-25T04:14:36.456281,7,4,7,0,0,0.005441603031807197,0.41854004614709484,0.03142196962453862,0.42355555555559976,12.272321428571429,807.7135416666666,20.59765625,821.609375,182000334.1066624,3727231600.617593,10.0,pre_failure
1774392306,2026-03-25T04:15:06.521901,7,4,7,0,0,0.00687512873209129,0.4250558333518638,0.04333616697522263,0.4293333333333465,12.209821428571429,779.52734375,20.66796875,827.96484375,182048313.2800012,3729827606.0947986,10.0,pre_failure
1774392336,2026-03-25T04:15:36.578338,7,4,7,0,0,0.005355805326005863,0.42133333333332923,0.03174431248684188,0.42200000000000576,12.314732142857142,802.1783854166666,20.90625,813.19140625,182074081.22047895,3729827606.0947986,10.0,pre_failure
1774392366,2026-03-25T04:16:06.638006,7,4,7,0,0,0.006087563531336148,0.4316940761296719,0.036852814083136246,0.43622222222221774,12.296875,806.5286458333334,20.43359375,833.2265625,182094329.52528644,3729827606.0947986,10.0,pre_failure
1774392396,2026-03-25T04:16:36.698073,7,4,7,0,0,0.005284904264692213,0.4313102166123753,0.030579197788229734,0.4344444444444338,12.180803571428571,811.5065104166666,19.7109375,831.49609375,182118519.2707251,3729827606.0947986,10.0,pre_failure
1774392426,2026-03-25T04:17:06.751237,7,4,7,0,0,0.00719459761300001,0.4274814814814614,0.04482640677691317,0.4333333333333244,12.505580357142858,848.6302083333334,20.390625,915.53515625,182154169.78342456,3729827606.0947986,10.0,pre_failure
1774392456,2026-03-25T04:17:36.799482,7,4,7,0,0,0.006067738630150039,0.43653139209081243,0.03643268330728869,0.43822222222223484,12.093191964285714,815.453125,19.80078125,846.8125,182196251.78496647,3730284612.2742014,10.0,pre_failure
1774392486,2026-03-25T04:18:06.863406,7,4,7,0,0,0.005839806111536385,0.43227071173920006,0.03426457679244376,0.4333333333333112,12.206473214285714,793.1328125,20.15234375,813.94140625,182227995.19946322,3730844614.5756745,10.0,pre_failure
1774392517,2026-03-25T04:18:36.972201,7,4,7,0,0,0.008230309555722412,0.4385925925926157,0.051113066357840145,0.44511111111114776,12.181919642857142,829.6953125,19.73046875,886.02734375,182252400.68610108,3730844614.5756745,10.0,pre_failure
1774392547,2026-03-25T04:19:07.023249,7,4,7,0,0,0.006538801829088255,0.4347407407407528,0.03857167320349113,0.4411111111111154,12.498325892857142,841.24609375,20.01171875,891.37109375,182289408.87697944,3731343617.0896807,10.0,pre_failure
1774392577,2026-03-25T04:19:37.085551,7,4,7,0,0,0.0068190784158035,0.42911111111110856,0.04032481042353704,0.4355555555555642,12.344308035714286,845.6354166666666,21.578125,874.4140625,182316735.748407,3731343617.0896807,10.0,pre_failure
1774392607,2026-03-25T04:20:07.136113,7,4,7,0,0,0.004790557166911808,0.4216296296296216,0.026919427233550737,0.42466666666666547,12.321428571428571,787.1276041666666,19.78515625,806.26953125,182399182.4143237,3736949623.009702,10.0,pre_failure
1774392637,2026-03-25T04:20:37.192405,7,4,7,0,0,0.005911085927324339,0.4197777777777708,0.03529804865684784,0.43266666666662484,12.44921875,831.7096354166666,20.75390625,855.625,182450519.49852407,3741081630.656564,10.0,pre_failure
1774392667,2026-03-25T04:21:07.247746,7,4,7,0,0,0.04748410624755857,0.5145571808893712,0.29453961775978,0.5875555555555574,12.653459821428571,819.0013020833334,19.78125,871.390625,182466973.3477481,3741081630.656564,11.0,pre_failure
1774392697,2026-03-25T04:21:37.295758,7,4,7,0,0,0.14018467999530687,0.755558483474206,0.9364780495573732,0.7824444444444665,12.764508928571429,845.5807291666666,19.76953125,901.375,182484354.3780446,3741081630.656564,11.0,pre_failure
1774392727,2026-03-25T04:22:07.344461,7,4,7,0,0,0.1557186786082379,0.7809282021656297,1.0000499989754306,0.7839999999999911,12.852678571428571,858.12890625,20.04296875,885.09765625,182512013.87970626,3743055633.894359,11.0,pre_failure
1774392757,2026-03-25T04:22:37.408454,7,4,7,0,0,0.14707530361638177,0.7479148054325192,0.9998443945222655,0.7506333051864369,13.102120535714286,825.8958333333334,21.94921875,888.5546875,182530167.9885272,3743055633.894359,11.0,pre_failure
1774392787,2026-03-25T04:23:07.462642,7,4,7,0,0,0.1358460949013334,0.7449408887842263,0.9173222358049782,0.7460000000000068,13.011160714285714,863.09375,22.328125,912.23046875,182548130.5801728,3743055633.894359,11.0,pre_failure
1774392817,2026-03-25T04:23:37.515118,7,4,7,0,0,0.14545564537074232,0.7230476632830504,1.000296563456375,0.7255233100751165,12.688616071428571,842.390625,20.37890625,880.5703125,182585534.35379407,3743582636.6311007,11.0,pre_failure
1774392847,2026-03-25T04:24:07.568703,7,4,7,0,0,0.12284172037929642,0.7402906847117868,0.8254154308227936,0.7431111111111046,12.958705357142858,851.0768229166666,21.4140625,873.83984375,182641149.22038877,3743961637.708658,11.0,pre_failure
1774392877,2026-03-25T04:24:37.627869,7,4,7,0,0,0.13395137473745838,0.7456981713163724,0.9066463650657036,0.7468722917268634,12.75390625,833.9947916666666,20.328125,888.4296875,182684068.1452587,3743961637.708658,11.0,pre_failure
1774392907,2026-03-25T04:25:07.685444,7,4,7,0,0,0.14692762356546163,0.7328672085115371,0.9997835793453238,0.7344444444444648,12.806919642857142,833.7643229166666,20.13671875,858.2421875,182719344.62464154,3746319640.9919424,11.0,pre_failure
1774392937,2026-03-25T04:25:37.735829,7,4,7,0,0,0.13691224246457123,0.737440182147744,0.9123769182391483,0.7375555555555755,13.147879464285714,850.5768229166666,22.12109375,864.5625,182755292.8121893,3746636646.8771725,11.0,pre_failure
1774392967,2026-03-25T04:26:07.785734,7,4,7,0,0,0.0855914598372216,0.6071022818739003,0.538907387711533,0.6255555555555751,13.399553571428571,857.2057291666666,22.39453125,885.15625,182781041.29973924,3747597655.713919,11.0,pre_failure
1774392997,2026-03-25T04:26:37.837421,7,4,7,0,0,0.007717400278984805,0.4461003766924926,0.04800186284738282,0.44777777777780375,12.738839285714286,822.2838541666666,21.6015625,836.65234375,182825358.69257703,3753838664.417285,11.0,pre_failure
1774393027,2026-03-25T04:27:07.890385,7,4,7,0,0,0.008242111053007376,0.4387472336427611,0.051334727589264266,0.44066666666665616,12.838727678571429,834.1666666666666,19.85546875,882.671875,182844832.71699685,3753838664.417285,11.0,pre_failure
1774393057,2026-03-25T04:27:37.946226,7,4,7,0,0,0.009024939387940854,0.4267439748947702,0.05777175372856895,0.4277777777777942,12.896763392857142,811.6119791666666,21.78125,842.83984375,182889076.31732985,3756373666.437937,11.0,pre_failure
1774393088,2026-03-25T04:28:08.002694,7,4,7,0,0,0.006725142828799562,0.4274878192117322,0.041010967000269495,0.4302222222222237,13.0,839.2708333333334,19.90234375,857.33984375,182932780.54450822,3756373666.437937,11.0,pre_failure
1774393118,2026-03-25T04:28:38.072702,7,4,7,0,0,0.007215097056574047,0.4111111111111158,0.044631156619663076,0.41266666666665186,13.078683035714286,839.01953125,22.1640625,884.2421875,182959459.97242102,3756373666.437937,11.0,pre_failure
1774393148,2026-03-25T04:29:08.140647,7,4,7,0,0,0.00723183614643592,0.42244444444443197,0.04419135956168556,0.4237777777777358,13.047991071428571,847.1705729166666,19.89453125,854.23046875,182986811.41474068,3756373666.437937,11.0,pre_failure
1774393178,2026-03-25T04:29:38.209853,7,4,7,0,0,0.007074289050244565,0.4308276155259752,0.04436060431634697,0.432028801920126,12.428013392857142,857.97265625,20.63671875,888.0234375,183015138.26320186,3756373666.437937,11.0,pre_failure
1774393208,2026-03-25T04:30:08.280692,7,4,7,0,0,0.004661927412452051,0.49130424472214657,0.02725217658885218,0.4920000000000041,12.746651785714286,861.42578125,21.15234375,872.1484375,183039000.04432416,3756373666.437937,11.0,pre_failure
1774393238,2026-03-25T04:30:38.356823,7,4,7,0,0,0.015852883617063655,0.771994276670374,0.10661079985907038,0.7726494966778026,12.537946428571429,817.75,19.93359375,870.9296875,183082142.63116178,3756373666.437937,11.0,pre_failure
1774393268,2026-03-25T04:31:08.428186,7,4,7,0,0,0.05324017737810316,0.7850701775608812,0.2899425137278675,0.7920000000000376,13.928571428571429,928.08984375,21.47265625,932.46484375,183103855.61263,3756373666.437937,12.0,pre_failure
1774393298,2026-03-25T04:31:38.481717,7,4,7,0,0,0.13137020937256919,0.7097987635133615,0.8795989756999864,0.7117777777777923,13.507254464285714,826.921875,23.60546875,927.3359375,183136274.05259946,3756849669.492073,12.0,pre_failure
1774393328,2026-03-25T04:32:08.536124,7,4,7,0,0,0.14851805114261463,0.6992162609335538,1.0002419842348393,0.7000000000000024,13.547991071428571,819.2682291666666,22.296875,853.41796875,183161275.71028447,3756849669.492073,12.0,pre_failure
1774393358,2026-03-25T04:32:38.599057,7,4,7,0,0,0.1472694063701442,0.7002222222222191,1.0003203008625756,0.7013333333333195,13.406808035714286,849.30078125,24.5546875,895.34765625,183194429.38481995,3756849669.492073,12.0,pre_failure
1774393388,2026-03-25T04:33:08.663456,7,4,7,0,0,0.1292239641237709,0.731391131949242,0.8554941076034214,0.7323956180698882,13.598772321428571,857.3359375,20.54296875,893.046875,183230333.44322574,3757781672.626996,12.0,pre_failure
1774393418,2026-03-25T04:33:38.714670,7,4,7,0,0,0.15007016066376194,0.7551279270469882,0.9997360637570158,0.7567171144742906,12.786272321428571,874.9075520833334,20.56640625,912.40625,183253414.16121903,3757781672.626996,12.0,pre_failure
1774393448,2026-03-25T04:34:08.768338,7,4,7,0,0,0.15004314574433358,0.7486722173919903,0.9998486624153353,0.7506666666666515,12.989397321428571,822.2825520833334,21.11328125,888.36328125,183312602.69835198,3762872689.908047,12.0,pre_failure
1774393478,2026-03-25T04:34:38.828627,7,4,7,0,0,0.15072886847720007,0.729794020835971,0.9998470829866242,0.7309376180634427,13.328125,803.98828125,21.89453125,835.0,183327707.46646255,3763387691.0123115,12.0,pre_failure
1774393508,2026-03-25T04:35:08.878163,7,4,7,0,0,0.1478916031838213,0.7251111111111107,1.0002842075037668,0.7255555555555714,13.642857142857142,877.77734375,21.98046875,883.51953125,183352082.12250564,3763387691.0123115,12.0,pre_failure
1774393538,2026-03-25T04:35:38.935969,7,4,7,0,0,0.14874555719470717,0.7314598274392077,1.0001966267996079,0.7322222222222322,12.666852678571429,833.4361979166666,20.51171875,865.12890625,183376182.11068293,3763387691.0123115,12.0,pre_failure
1774393569,2026-03-25T04:36:08.994376,7,4,7,0,0,0.09615107498445966,0.6267965580014153,0.6196137794823712,0.6439999999999777,22.907924107142858,826.6171875,92.91015625,918.8984375,183397228.8686539,3763387691.0123115,12.0,pre_failure
1774393599,2026-03-25T04:36:39.063432,7,4,7,0,0,0.019167798963528625,0.44037361739650377,0.07280217160392011,0.4468888888888804,12.795758928571429,834.7708333333334,21.625,843.7890625,183431585.3923822,3763387691.0123115,12.0,pre_failure
1774393629,2026-03-25T04:37:09.134067,7,4,7,0,0,0.008657348309479403,0.43881160200489155,0.05393225372030669,0.4435555555556157,12.685825892857142,839.6328125,20.6640625,891.390625,183472226.45246315,3766385692.2739344,12.0,pre_failure
1774393659,2026-03-25T04:37:39.225584,7,4,7,0,0,0.009562539299409662,0.4386471433438584,0.061450681521858466,0.43933333333331087,13.065848214285714,832.0598958333334,22.92578125,837.17578125,183491004.73316094,3766385692.2739344,12.0,pre_failure
1774393689,2026-03-25T04:38:09.290571,7,4,7,0,0,0.008834769044800215,0.43400000000000827,0.05561316116723107,0.43555555555554604,13.037946428571429,830.9518229166666,21.86328125,924.69140625,183527655.7147151,3766691693.2012854,12.0,pre_failure
1774393719,2026-03-25T04:38:39.348109,7,4,7,0,0,0.00995086643608321,0.43385185185184144,0.06387613387018508,0.4353333333333271,12.694754464285714,803.8854166666666,20.765625,856.5078125,183579654.63568178,3769265695.9579415,12.0,pre_failure
1774393749,2026-03-25T04:39:09.409216,7,4,7,0,0,0.066809342453101,0.6215649057653473,0.41620068851326825,0.6311391617405125,13.358816964285714,890.6796875,21.23046875,907.828125,183601308.97231686,3769265695.9579415,13.0,pre_failure
1774393779,2026-03-25T04:39:39.464683,7,4,7,0,0,0.14623814347858044,0.7650087027367397,0.9845920724712869,0.7662222222222259,12.869977678571429,829.6770833333334,19.98046875,868.9375,183631380.3440448,3769265695.9579415,13.0,pre_failure
1774393809,2026-03-25T04:40:09.518432,7,4,7,0,0,0.14200207044727237,0.7557945542048542,0.9360502639139212,0.7566666666666827,13.068080357142858,862.203125,21.63671875,875.2578125,183713902.43369743,3775791704.992139,13.0,pre_failure
1774393839,2026-03-25T04:40:39.569668,7,4,7,0,0,0.15024750286976674,0.7496648606948557,0.9999768213719462,0.7512832477834704,13.015066964285714,820.5065104166666,20.03125,875.203125,183741144.7133572,3776171706.9894776,13.0,pre_failure
1774393869,2026-03-25T04:41:09.628300,7,4,7,0,0,0.1078934195404724,0.7492924883811642,0.7069755261494804,0.751555555555566,12.79296875,861.2513020833334,20.23046875,879.5234375,183774936.02353626,3776746708.5570035,13.0,pre_failure
1774393899,2026-03-25T04:41:39.676139,7,4,7,0,0,0.15230164609159427,0.7468667542309068,0.999783729055078,0.7470447071371389,12.76171875,804.6979166666666,20.23046875,828.2890625,183811433.68160826,3776746708.5570035,13.0,pre_failure
1774393929,2026-03-25T04:42:09.726835,7,4,7,0,0,0.13740999215976749,0.7397200702269074,0.9032042643187086,0.7424444444444507,13.300223214285714,833.6666666666666,21.80078125,881.078125,183832832.77130684,3776746708.5570035,13.0,pre_failure
1774393959,2026-03-25T04:42:39.791581,7,4,7,0,0,0.1525353710167506,0.7600563252739405,0.998993697068046,0.7613333333333437,13.057477678571429,779.00390625,20.86328125,807.92578125,183849707.7040684,3776746708.5570035,13.0,pre_failure
1774393989,2026-03-25T04:43:09.865980,7,4,7,0,0,0.13707126899152344,0.7564780094136244,0.8970412826583851,0.7573333333333481,13.412388392857142,885.58984375,21.57421875,948.11328125,183889082.68989253,3776746708.5570035,13.0,pre_failure
1774394019,2026-03-25T04:43:39.919797,7,4,7,0,0,0.14905108545150306,0.7385925925925952,1.0001034299964981,0.739333333333319,13.015066964285714,790.2174479166666,20.96484375,820.1484375,183917962.28541344,3776746708.5570035,13.0,pre_failure
1774394050,2026-03-25T04:44:09.975221,7,4,7,0,0,0.09101772895537436,0.5761607267645071,0.5835314923354575,0.5913333333333557,12.91796875,836.4479166666666,20.01171875,877.95703125,183937563.6160884,3776746708.5570035,13.0,pre_failure
1774394080,2026-03-25T04:44:40.043137,7,4,7,0,0,0.006250043201814132,0.4182315216076055,0.03754098102072953,0.4184723426005915,12.696428571428571,834.6640625,20.01953125,865.33203125,183967414.87683856,3776746708.5570035,13.0,pre_failure
1774394110,2026-03-25T04:45:10.109204,7,4,7,0,0,0.005968662314740112,0.42199999999998894,0.03626307876954399,0.4246666666666713,12.883928571428571,822.62890625,20.05859375,875.375,183988197.76534602,3776746708.5570035,13.0,pre_failure
1774394140,2026-03-25T04:45:40.177638,7,4,7,0,0,0.0069959555397616354,0.42858308211554624,0.04243976155458136,0.4300000000000143,12.577008928571429,841.29296875,20.05859375,858.3671875,184010524.68001643,3776746708.5570035,13.0,pre_failure
1774394170,2026-03-25T04:46:10.246705,7,4,7,0,0,0.008768820721190769,0.4351948994130319,0.05567020549977394,0.43714025379465804,24.478794642857142,856.6966145833334,102.6171875,938.64453125,184044410.55940014,3777240710.3340564,13.0,pre_failure
1774394200,2026-03-25T04:46:40.308698,7,4,7,0,0,0.008263373191788109,0.4407407407407576,0.051924618905784314,0.44111111111112233,12.340959821428571,862.69921875,20.0546875,877.03125,184067855.3412579,3777240710.3340564,13.0,pre_failure
1774394230,2026-03-25T04:47:10.383788,7,4,7,0,0,0.007370637358155204,0.4379096950542862,0.04663133560572695,0.43862767753979537,12.452008928571429,875.9166666666666,20.0546875,898.0859375,184112579.5798498,3777611712.087086,13.0,pre_failure
1774394260,2026-03-25T04:47:40.459009,7,4,7,0,0,0.0044567748137183325,0.4367246026161563,0.02499014656482109,0.4388888888888705,12.481584821428571,782.8997395833334,20.05859375,817.1171875,184141470.63669348,3778151714.3528204,13.0,pre_failure
1774394290,2026-03-25T04:48:10.523312,7,4,7,0,0,0.008401488638400562,0.46068032384771096,0.053411555322319976,0.46266666666664746,12.672433035714286,855.0416666666666,20.12890625,864.5234375,184185450.30356362,3778151714.3528204,13.0,pre_failure
1774394320,2026-03-25T04:48:40.595449,7,4,7,0,0,0.010676295931209636,0.44814814814814335,0.06841536252114058,0.44911111111111107,12.405133928571429,816.6328125,20.78515625,825.57421875,184220958.7299011,3778151714.3528204,13.0,pre_failure
1774394350,2026-03-25T04:49:10.657240,7,4,7,0,0,0.007514851671679394,0.4444032501049677,0.046723006241909115,0.4462222222222123,12.256696428571429,852.7291666666666,21.03515625,877.01171875,184241869.287561,3778694715.4377265,13.0,pre_failure
1774394380,2026-03-25T04:49:40.749757,7,4,7,0,0,0.006082947164692881,0.4552626239430958,0.03761637403895887,0.4557777777777908,12.385044642857142,808.4153645833334,20.796875,815.73828125,184276431.7841972,3781321720.6801543,13.0,pre_failure
1774394410,2026-03-25T04:50:10.807822,7,4,7,0,0,0.009585211113902991,0.4562356884397977,0.062116281773100065,0.45955555555555305,12.448102678571429,810.1354166666666,20.30078125,904.14453125,184299131.489543,3781321720.6801543,13.0,pre_failure
1774394440,2026-03-25T04:50:40.886688,7,4,7,0,0,0.0067538925730039725,0.43120138451597806,0.04121871659896396,0.4373819313257157,12.407366071428571,836.9296875,20.109375,910.734375,184330164.5418733,3781874724.7768183,13.0,pre_failure
1774394471,2026-03-25T04:51:10.947118,7,4,7,0,0,0.007975231002968078,0.45837037037035855,0.04951835239779602,0.46044444444443877,12.171316964285714,851.4322916666666,20.09765625,873.75390625,184361447.68054998,3781874724.7768183,13.0,pre_failure
1774394501,2026-03-25T04:51:41.016346,7,4,7,0,0,0.007670675774999938,0.44865665251945963,0.047342077238140795,0.450636624225046,12.733816964285714,834.8138020833334,21.5390625,871.765625,184395226.0095533,3781874724.7768183,13.0,pre_failure
1774394531,2026-03-25T04:52:11.073874,7,4,7,0,0,0.008146216078922207,0.43896296296297715,0.05106027935036553,0.4397777777777984,12.474330357142858,840.2395833333334,21.16015625,897.55859375,184423783.30104813,3781874724.7768183,13.0,pre_failure
1774394561,2026-03-25T04:52:41.147945,7,4,7,0,0,0.006835556799959368,0.425002243250558,0.04229534553491315,0.4277397564660548,12.573660714285714,827.3125,21.20703125,864.0546875,184450909.41337734,3784145725.4687495,13.0,pre_failure
1774394591,2026-03-25T04:53:11.219134,7,4,7,0,0,0.008673516088079784,0.4358616180595658,0.05454354604442879,0.43828065964350416,12.705915178571429,824.40234375,21.37890625,886.41015625,184482731.97173762,3784145725.4687495,13.0,pre_failure
1774394621,2026-03-25T04:53:41.294762,7,4,7,0,0,0.008045672517636429,0.43430593150654795,0.05075911770574086,0.43600000000000433,12.536830357142858,894.3619791666666,20.46484375,933.1640625,184519475.70298538,3784145725.4687495,13.0,pre_failure
1774394651,2026-03-25T04:54:11.370063,7,4,7,0,0,0.008796782731907654,0.41199999999999626,0.05547048624345437,0.42088888888888,12.821986607142858,870.5247395833334,21.63671875,893.80078125,184540571.93670273,3784145725.4687495,13.0,pre_failure
1774394681,2026-03-25T04:54:41.439177,7,4,7,0,0,0.005852882632884618,0.40345761082803766,0.03448288480556766,0.4044444444444334,12.830357142857142,856.8489583333334,22.89453125,904.01171875,184570016.34546414,3784562727.0930867,13.0,pre_failure
1774394711,2026-03-25T04:55:11.501575,7,4,7,0,0,0.006605293089581269,0.4211977476341378,0.04053537012099664,0.42244444444439866,12.601004464285714,837.3580729166666,22.18359375,886.42578125,184622612.92696634,3789730734.9635987,13.0,pre_failure
1774394741,2026-03-25T04:55:41.560075,7,4,7,0,0,0.006849238257203569,0.42671231001710413,0.04205374237516403,0.42824125516690204,12.513950892857142,848.7734375,21.625,900.69140625,184651949.464407,3790292737.7043176,13.0,pre_failure
1774394771,2026-03-25T04:56:11.621672,7,4,7,0,0,0.004743281383856734,0.4241481889053551,0.027661981140776407,0.42800000000000155,12.334263392857142,856.3893229166666,20.96875,879.1796875,184670443.01480818,3790833741.9329815,13.0,pre_failure
1774394801,2026-03-25T04:56:41.688947,7,4,7,0,0,0.005645568284756579,0.36668569349470254,0.03391121027865711,0.37022222222221207,12.318080357142858,834.0026041666666,20.19921875,867.6015625,184702695.7313219,3790833741.9329815,13.0,pre_failure
1774394832,2026-03-25T04:57:11.756695,7,4,7,0,0,0.004933483421239894,0.35970370370370575,0.030466072343251487,0.36133333333334633,12.427455357142858,846.4856770833334,20.23046875,862.44140625,184745134.8844083,3790833741.9329815,13.0,pre_failure
1774394862,2026-03-25T04:57:42.045464,7,4,7,0,0,0.008137633089468759,0.5969451867653005,0.04416775497916085,0.6017777777777886,12.232142857142858,898.28125,19.9140625,942.4609375,184785960.31490898,3790833741.9329815,13.0,pre_failure
1774394892,2026-03-25T04:58:12.117555,7,4,7,0,0,0.009968656135035397,0.5367407407407407,0.06415813048803289,0.5375555555555542,12.247767857142858,865.2200520833334,20.25,882.56640625,184817914.41237992,3790833741.9329815,13.0,pre_failure
1774394922,2026-03-25T04:58:42.178181,7,4,7,0,0,0.008003000421263772,0.5231111111111136,0.05145051881681097,0.5266666666666664,12.372209821428571,831.2083333333334,20.39453125,862.54296875,184850260.59288213,3790833741.9329815,13.0,pre_failure
1774394952,2026-03-25T04:59:12.373697,7,4,7,0,0,0.007209357498107008,0.525037037037051,0.04625519749706237,0.5340000000000327,12.306919642857142,838.98046875,20.19921875,861.3203125,184875113.40647048,3791365743.3229856,13.0,pre_failure
1774394982,2026-03-25T04:59:42.438260,7,4,7,0,0,0.0049457007506180225,0.6363380419883118,0.029242771620404312,0.6465162795866193,12.284598214285714,855.64453125,20.49609375,899.18359375,184897694.71401894,3793344748.9398,13.0,pre_failure
1774395012,2026-03-25T05:00:12.514305,7,4,7,0,0,0.0058624667836789796,0.6413094923609388,0.03660783900203646,0.6437062548605652,12.426339285714286,818.5065104166666,20.19140625,850.90625,184923478.68808115,3793344748.9398,13.0,pre_failure
1774395042,2026-03-25T05:00:42.593240,7,4,7,0,0,0.03148674895750707,0.5368028452424062,0.18971313713592095,0.5435555555555397,13.162388392857142,876.390625,20.5,952.3046875,184948775.82202685,3793344748.9398,14.0,pre_failure
1774395072,2026-03-25T05:01:12.664378,7,4,7,0,0,0.10308960879584132,0.767652360868293,0.6755051714775971,0.7702222222222254,12.75,806.3411458333334,20.21875,913.03125,184981126.32490286,3793660751.115143,14.0,pre_failure
1774395102,2026-03-25T05:01:42.720423,7,4,7,0,0,0.14007629895622364,0.7768148148148074,0.9337328494921799,0.7773333333333217,12.534598214285714,817.26953125,20.23828125,863.6796875,185007050.0419034,3793660751.115143,14.0,pre_failure
1774395132,2026-03-25T05:02:12.785434,7,4,7,0,0,0.1403369106508505,0.7594814814814942,0.9322073859745024,0.7633333333333383,12.612165178571429,860.5234375,20.23046875,894.11328125,185043204.21186996,3794095753.774433,14.0,pre_failure
1774395162,2026-03-25T05:02:42.845592,7,4,7,0,0,0.1361933511841522,0.7456627007057647,0.9095259821144708,0.7468888888889063,12.564732142857142,809.1966145833334,20.36328125,820.63671875,185059755.29146147,3794095753.774433,14.0,pre_failure
1774395192,2026-03-25T05:03:12.912406,7,4,7,0,0,0.136286357172497,0.7380904257814909,0.9192686770921047,0.739999999999992,13.055245535714286,843.484375,20.27734375,875.015625,185105031.6983867,3796651756.130401,14.0,pre_failure
1774395223,2026-03-25T05:03:42.969267,7,4,7,0,0,0.13675168767958099,0.732831072688805,0.9206468504927616,0.7348888888889031,13.071986607142858,892.1549479166666,20.4453125,936.6328125,185155371.72488752,3800095758.445655,14.0,pre_failure
1774395253,2026-03-25T05:04:13.030304,7,4,7,0,0,0.13443972060997578,0.7283811527425944,0.8935388651117626,0.7297777777777904,13.333705357142858,840.2734375,23.08984375,872.55078125,185183368.70948514,3800615761.6626472,14.0,pre_failure
1774395283,2026-03-25T05:04:43.083011,7,4,7,0,0,0.1494142687357631,0.7370479609793384,0.9998722321315341,0.7373661051602339,13.569754464285714,847.7890625,22.17578125,889.98046875,185212003.133973,3801174766.449187,14.0,pre_failure
1774395313,2026-03-25T05:05:13.148310,7,4,7,0,0,0.14765723055899907,0.7345600238827638,0.9997329116228824,0.7359999999999725,13.544642857142858,858.8020833333334,22.14453125,893.89453125,185220019.93814242,3801174766.449187,14.0,pre_failure
1774395343,2026-03-25T05:05:43.218866,7,4,7,0,0,0.0915945298232888,0.6377317222389901,0.6142718059586351,0.6515555555555742,12.98046875,853.2799479166666,22.0,875.890625,185261087.64834785,3801174766.449187,14.0,pre_failure
1774395373,2026-03-25T05:06:13.295092,7,4,7,0,0,0.015477737132616305,0.4466471235933941,0.06144285226156859,0.45755555555557514,12.788504464285714,829.7096354166666,23.41015625,846.75,185315395.89044106,3803804767.946836,14.0,pre_failure
1774395403,2026-03-25T05:06:43.364818,7,4,7,0,0,0.008482517381576182,0.45133333333333425,0.05447063476985177,0.45311111111112834,12.393415178571429,823.51953125,20.265625,846.0625,185357306.87654763,3803804767.946836,14.0,pre_failure
1774395433,2026-03-25T05:07:13.432304,7,4,7,0,0,0.010718470188369158,0.45215481840345684,0.06951449642831505,0.4555555555555353,13.362723214285714,832.93359375,22.94921875,878.00390625,185376864.0780366,3803804767.946836,14.0,pre_failure
1774395463,2026-03-25T05:07:43.501543,7,4,7,0,0,0.006865438296773676,0.4398583838294045,0.04273371373866048,0.4409084848215655,12.606026785714286,851.8854166666666,21.01171875,899.28125,185400921.2116979,3803804767.946836,14.0,pre_failure
1774395493,2026-03-25T05:08:13.557265,7,4,7,0,0,0.006643123996728336,0.44022222222223234,0.04042935340285356,0.441333333333326,12.388392857142858,848.6666666666666,20.28125,880.53515625,185437052.0221211,3804741771.729203,14.0,pre_failure
1774395523,2026-03-25T05:08:43.643015,7,4,7,0,0,0.005938914942890046,0.4299354821185689,0.03631825298093013,0.43133333333332696,13.223214285714286,879.8268229166666,24.4296875,906.96875,185478261.18164337,3807640775.552979,14.0,pre_failure
1774395553,2026-03-25T05:09:13.712097,7,4,7,0,0,0.00887143806161021,0.437629629629629,0.05573477975619631,0.4404444444444751,12.837611607142858,829.0169270833334,22.45703125,837.9140625,185501764.42019856,3807640775.552979,14.0,pre_failure
1774395583,2026-03-25T05:09:43.800928,7,4,7,0,0,0.0055695547693282435,0.4391111111110883,0.0336708760831833,0.4413333333332963,12.856584821428571,897.9440104166666,21.66015625,946.30078125,185539807.20720345,3810472777.8398676,14.0,pre_failure
1774395613,2026-03-25T05:10:13.864980,7,4,7,0,0,0.006042854807129712,0.43696296296296944,0.03668371415252068,0.4375555555555535,12.530691964285714,860.0325520833334,20.31640625,901.81640625,185574707.4530409,3810472777.8398676,14.0,pre_failure
1774395644,2026-03-25T05:10:43.950731,7,4,7,0,0,0.009987710995981698,0.4400577787196923,0.06353046651457889,0.4408594982556177,12.628348214285714,817.3580729166666,21.16015625,853.171875,185598519.77245733,3810982779.7322516,14.0,pre_failure
1774395674,2026-03-25T05:11:14.017434,7,4,7,0,0,0.009789765982991399,0.44418102788273545,0.06300941451257386,0.445333333333325,12.962053571428571,862.2421875,21.046875,898.0703125,185636591.68473226,3810982779.7322516,14.0,pre_failure
1774395704,2026-03-25T05:11:44.089241,7,4,7,0,0,0.00711556657886214,0.44919842092960893,0.04507074252081054,0.45377777777778694,12.597098214285714,873.7578125,21.24609375,889.6328125,185669786.24267462,3810982779.7322516,14.0,pre_failure
1774395734,2026-03-25T05:12:14.157050,7,4,7,0,0,0.005555589509727701,0.4580101488247325,0.03284773634061328,0.4597777777778004,12.265625,822.015625,20.32421875,832.3046875,185683780.50060588,3810982779.7322516,14.0,pre_failure
1774395764,2026-03-25T05:12:44.235111,7,4,7,0,0,0.009504584842039551,0.4684444444444545,0.06098720550160344,0.47222222222224486,12.415736607142858,830.26171875,20.3515625,890.28125,185724947.30866694,3812919783.7914414,14.0,pre_failure
1774395794,2026-03-25T05:13:14.309578,7,4,7,0,0,0.007406303647944056,0.4417166958050611,0.04723384640105402,0.44733333333334147,12.427455357142858,852.4765625,20.3515625,863.54296875,185749798.90979752,3813433784.2261534,14.0,pre_failure
1774395824,2026-03-25T05:13:44.381569,7,4,7,0,0,0.008268320757085001,0.4334201690355918,0.05196325216923628,0.4371111111111026,12.674107142857142,828.1041666666666,21.8984375,866.88671875,185768430.01385307,3813433784.2261534,14.0,pre_failure
1774395854,2026-03-25T05:14:14.451414,7,4,7,0,0,0.007476845883315893,0.4471210179444052,0.046747477924575925,0.44844444444443754,12.62109375,855.7122395833334,21.140625,883.69140625,185806796.87738347,3813433784.2261534,14.0,pre_failure
1774395884,2026-03-25T05:14:44.509903,7,4,7,0,0,0.009115722386098394,0.4641083368320383,0.05922731507313288,0.46599999999998415,12.5625,868.2018229166666,20.375,917.015625,185835472.24251762,3813740794.9858565,14.0,pre_failure
1774395914,2026-03-25T05:15:14.567235,7,4,7,0,0,0.009450182997307219,0.4533132273721538,0.05929831301840005,0.4546666666666503,12.38671875,853.0143229166666,20.38671875,895.75,185871579.20849597,3813740794.9858565,14.0,pre_failure
1774395944,2026-03-25T05:15:44.634124,7,4,7,0,0,0.005379881549060717,0.4383703703703728,0.031859430469195954,0.44133333333332847,12.239955357142858,763.0716145833334,20.44140625,805.046875,185905739.72923556,3816494806.0143557,14.0,pre_failure
1774395974,2026-03-25T05:16:14.711727,7,4,7,0,0,0.01052678173976805,0.4588316973490805,0.06839105180972016,0.46399999999997965,12.849330357142858,837.4817708333334,22.19140625,856.796875,185933154.8903936,3816494806.0143557,14.0,pre_failure
1774396004,2026-03-25T05:16:44.775509,7,4,7,0,0,0.00795193464775204,0.4495555555555441,0.050317447586977995,0.45333333333332265,12.405133928571429,810.1744791666666,20.66796875,819.73828125,185977143.8374551,3816494806.0143557,14.0,pre_failure
1774396034,2026-03-25T05:17:14.832997,7,4,7,0,0,0.05967245956607537,0.6017823327880882,0.3599698436963246,0.6085391060831904,13.416294642857142,875.43359375,22.4921875,898.01171875,186017964.99095213,3816494806.0143557,15.0,pre_failure
1774396064,2026-03-25T05:17:44.880108,7,4,7,0,0,0.11435284824624034,0.7354291113942697,0.7632798533801162,0.7386666666666682,13.035714285714286,856.5638020833334,21.09375,904.5,186035442.27079242,3817047808.1627793,15.0,pre_failure
1774396094,2026-03-25T05:18:14.929856,7,4,7,0,0,0.11622113892228732,0.7404499276938911,0.7833473300531357,0.7408888888889132,13.090959821428571,847.9166666666666,20.4609375,882.45703125,186082748.65669736,3819319810.8602314,15.0,pre_failure
1774396125,2026-03-25T05:18:44.981765,7,4,7,0,0,0.14823187419273273,0.7421646134433821,0.9994898018238987,0.7431111111111142,13.041294642857142,819.7760416666666,20.51953125,886.3515625,186109157.4485044,3819646811.9603786,15.0,pre_failure
1774396155,2026-03-25T05:19:15.032488,7,4,7,0,0,0.13151380721017003,0.7276296296296447,0.8839375435033844,0.7304444444444602,12.97265625,835.02734375,22.34375,889.4609375,186141286.75404993,3820173813.8715596,15.0,pre_failure
1774396185,2026-03-25T05:19:45.084315,7,4,7,0,0,0.124048945441031,0.7265764751485644,0.8491009932595684,0.7275555555555252,12.823102678571429,849.0013020833334,20.2265625,861.29296875,186167102.3292738,3820173813.8715596,15.0,pre_failure
1774396215,2026-03-25T05:20:15.132867,7,4,7,0,0,0.14934666378844583,0.7399532540652215,0.9996168393553679,0.7426666666666107,12.693080357142858,812.3776041666666,20.53125,853.17578125,186201020.99791148,3820493816.5940604,15.0,pre_failure
1774396245,2026-03-25T05:20:45.180669,7,4,7,0,0,0.10930971588751717,0.7285656490842742,0.7450017900493672,0.7295555555555855,12.888392857142858,805.14453125,20.78515625,858.734375,186219723.86833376,3820493816.5940604,15.0,pre_failure
1774396275,2026-03-25T05:21:15.234709,7,4,7,0,0,0.12870083365317284,0.7334074074073953,0.8601112802360443,0.7348888888889131,12.856584821428571,813.2408854166666,20.39453125,826.01171875,186257661.92988417,3820493816.5940604,15.0,pre_failure
1774396305,2026-03-25T05:21:45.289553,7,4,7,0,0,0.1336783324555122,0.7248148148147852,0.8938949790621543,0.727999999999989,12.946986607142858,845.2395833333334,20.47265625,849.0625,186303840.37982568,3823888824.3599243,15.0,pre_failure
1774396335,2026-03-25T05:22:15.342345,7,4,7,0,0,0.038021968480135004,0.5769587704635125,0.24643953892996,0.5944444444444268,12.853794642857142,832.96875,20.484375,842.17578125,186346054.0183711,3827224826.4471755,15.0,pre_failure
1774396365,2026-03-25T05:22:45.407307,7,4,7,0,0,0.005925422672226619,0.4150584908630759,0.03714231496544154,0.4171111111111277,12.796875,835.8072916666666,21.5546875,854.25,186367836.62081122,3827224826.4471755,15.0,pre_failure
1774396395,2026-03-25T05:23:15.489349,7,4,7,0,0,0.00846828702424893,0.4359259259259252,0.053026232147866184,0.43733333333331076,12.678013392857142,844.85546875,20.76171875,871.3203125,186398099.65738964,3827224826.4471755,15.0,pre_failure
1774396425,2026-03-25T05:23:45.582308,7,4,7,0,0,0.005544675258008194,0.41976537394206037,0.03435982229299871,0.42200000000001714,12.676339285714286,833.40625,21.57421875,879.9921875,186432377.39968878,3827224826.4471755,15.0,pre_failure
1774396455,2026-03-25T05:24:15.631935,7,4,7,0,0,0.004774023560021563,0.43302420525582686,0.02980054220270753,0.4331111111110935,12.688616071428571,862.9765625,21.78125,894.22265625,186451831.88291138,3827224826.4471755,15.0,pre_failure
1774396485,2026-03-25T05:24:45.694446,7,4,7,0,0,0.008012891116784701,0.4418681252649514,0.05121353377990753,0.4477777777777779,12.522879464285714,881.3841145833334,20.4765625,927.90625,186488433.319772,3828183834.221062,15.0,pre_failure
1774396515,2026-03-25T05:25:15.761124,7,4,7,0,0,0.007358872385588275,0.43977777777778787,0.04608085790176831,0.4415555555555657,12.734375,849.5247395833334,21.59375,882.4765625,186517476.09738427,3828183834.221062,15.0,pre_failure
1774396545,2026-03-25T05:25:45.832369,7,4,7,0,0,0.0073079125989045715,0.4296909766973171,0.04602841196328314,0.42999999999999533,12.584821428571429,838.68359375,21.63671875,844.5859375,186551592.0702977,3828183834.221062,15.0,pre_failure
1774396575,2026-03-25T05:26:15.897849,7,4,7,0,0,0.010874717643386267,0.4459160204134429,0.06967299199388838,0.4462222222222218,13.133928571428571,900.1419270833334,21.84765625,903.13671875,186569227.63452643,3828183834.221062,15.0,pre_failure
1774396606,2026-03-25T05:26:45.960508,7,4,7,0,0,0.006108239865753168,0.4455555555555661,0.037897297149646514,0.44711111111111557,12.297433035714286,834.1354166666666,20.55859375,881.52734375,186597083.97674498,3828183834.221062,15.0,pre_failure
1774396636,2026-03-25T05:27:16.027936,7,4,7,0,0,0.005855991505345462,0.44268321171487257,0.035809944921364106,0.4467163018112776,12.51953125,875.2838541666666,21.16015625,896.1015625,186630170.76986876,3828708837.923455,15.0,pre_failure
1774396666,2026-03-25T05:27:46.103087,7,4,7,0,0,0.007553076095659478,0.4366698930758205,0.04616416867672405,0.4373333333333353,12.561383928571429,838.89453125,20.78515625,928.578125,186666306.40453786,3830659840.5780454,15.0,pre_failure
1774396696,2026-03-25T05:28:16.172623,7,4,7,0,0,0.004554655563654356,0.4349533339752575,0.026998222277143817,0.4384444444444241,12.423549107142858,850.9674479166666,20.546875,878.7265625,186700246.03751516,3833882842.2797213,15.0,pre_failure
1774396726,2026-03-25T05:28:46.233010,7,4,7,0,0,0.005547724719049404,0.41911111111111454,0.03295682959596108,0.4222222222222165,14.224330357142858,822.5377604166666,31.44921875,856.26171875,186732082.48037195,3833882842.2797213,15.0,pre_failure
1774396756,2026-03-25T05:29:16.294070,7,4,7,0,0,0.008073180240215434,0.43748148148146393,0.05146197002434169,0.4415555555555252,12.635602678571429,814.3216145833334,21.77734375,821.6171875,186758816.39816523,3835015847.762959,15.0,pre_failure
1774396786,2026-03-25T05:29:46.352436,7,4,7,0,0,0.009702861161295078,0.4342962962962808,0.06265568624201244,0.435999999999983,12.963727678571429,826.6119791666666,23.3671875,885.8515625,186794486.51343468,3835015847.762959,15.0,pre_failure
1774396816,2026-03-25T05:30:16.404438,7,4,7,0,0,0.008961464298061111,0.4337005243809859,0.05718898364019546,0.4368888888888749,12.558035714285714,845.0091145833334,21.65234375,873.34765625,186820475.18891954,3835015847.762959,15.0,pre_failure
1774396846,2026-03-25T05:30:46.462596,7,4,7,0,0,0.0060780597829062045,0.4289503221112866,0.03807349166803173,0.4317777777777931,12.599888392857142,817.6197916666666,22.3984375,832.140625,186859282.54026538,3837464852.088186,15.0,pre_failure
1774396876,2026-03-25T05:31:16.531623,7,4,7,0,0,0.0065992763663071325,0.4330274574287489,0.04200122766685928,0.438222222222231,12.450892857142858,816.4153645833334,20.55078125,832.609375,186903565.46055746,3837464852.088186,15.0,pre_failure
1774396906,2026-03-25T05:31:46.605373,7,4,7,0,0,0.005041463142488517,0.43777777777777616,0.029016682392537692,0.4395555555555346,12.499441964285714,843.4231770833334,20.57421875,870.63671875,186927593.41690904,3837464852.088186,15.0,pre_failure
1774396936,2026-03-25T05:32:16.670640,7,4,7,0,0,0.009997819264870613,0.44325925925925963,0.06420464090314175,0.4451111111111199,12.565290178571429,845.4635416666666,22.91015625,893.51171875,186957179.9006933,3837921863.754515,15.0,pre_failure
1774396966,2026-03-25T05:32:46.738456,7,4,7,0,0,0.005778449148964497,0.43429636600319266,0.03570229329398164,0.4360193786390786,12.6328125,825.26171875,21.66015625,866.71484375,186999599.88253906,3838237864.992634,15.0,pre_failure
1774396996,2026-03-25T05:33:16.799953,7,4,7,0,0,0.006144051599369236,0.4455013063470461,0.037620813444926904,0.44755555555558535,12.299107142857142,819.2096354166666,20.71484375,850.28515625,187025475.81524882,3838237864.992634,15.0,pre_failure
1774397026,2026-03-25T05:33:46.866497,7,4,7,0,0,0.007097922576921394,0.45140740740738416,0.04386979951977506,0.45311111111110886,12.836495535714286,781.66796875,20.57421875,824.69140625,187064670.59294707,3838785867.582764,15.0,pre_failure
1774397056,2026-03-25T05:34:16.931355,7,4,7,0,0,0.005951209433093391,0.4401877107690229,0.03562857168523568,0.4464940548949802,12.150111607142858,759.5260416666666,20.58984375,806.203125,187127722.6484523,3845682873.5981317,15.0,pre_failure
1774397087,2026-03-25T05:34:46.996288,7,4,7,0,0,0.010010978087482459,0.4508855111861715,0.06387995574959462,0.45999999999998,12.482700892857142,848.75390625,20.9921875,860.40234375,187159794.55809647,3846019874.8607407,15.0,pre_failure
1774397117,2026-03-25T05:35:17.051092,7,4,7,0,0,0.009164683510072649,0.46733333333332283,0.059678977474114735,0.47066666666665286,12.650669642857142,809.890625,21.640625,835.32421875,187188975.04763103,3848921880.4661307,15.0,pre_failure
1774397147,2026-03-25T05:35:47.123870,7,4,7,0,0,0.004509407567843069,0.45962976521584764,0.025808263292189475,0.46535401573405294,12.454241071428571,847.2877604166666,20.61328125,899.5234375,187208273.18022296,3848921880.4661307,15.0,pre_failure
1774397177,2026-03-25T05:36:17.193928,7,4,7,0,0,0.007295400234625312,0.45942783735732284,0.04663208836001058,0.4611213582524006,12.751116071428571,792.6627604166666,21.6015625,812.70703125,187238934.1561079,3851381886.5896983,15.0,pre_failure
1774397207,2026-03-25T05:36:47.265132,7,4,7,0,0,0.005763790050110589,0.4525319188866415,0.03584341718899576,0.45400000000004875,12.19140625,822.7356770833334,20.92578125,862.39453125,187254687.66303828,3851381886.5896983,15.0,pre_failure
1774397237,2026-03-25T05:37:17.327444,7,4,7,0,0,0.004490523652252852,0.44252833151841103,0.025929508451255957,0.4433333333333368,12.6328125,824.328125,21.06640625,848.4921875,187287995.49056387,3851381886.5896983,15.0,pre_failure
1774397267,2026-03-25T05:37:47.384245,7,4,7,0,0,0.006382868525914871,0.43281161982408983,0.03965423734721435,0.4357777777777471,12.601004464285714,842.8958333333334,21.15625,871.78125,187324572.61660984,3851381886.5896983,15.0,pre_failure
1774397297,2026-03-25T05:38:17.451249,7,4,7,0,0,0.006891791110558034,0.4477136895546162,0.0437119445661755,0.44936329088606913,12.473772321428571,807.1979166666666,20.63671875,828.8515625,187368204.30938274,3853472887.7049556,15.0,pre_failure
1774397327,2026-03-25T05:38:47.504724,7,4,7,0,0,0.008020563159584472,0.4444444444444452,0.050921120539308404,0.4508888888889146,12.295758928571429,800.078125,20.62890625,838.10546875,187404811.02988422,3853851909.3240314,15.0,pre_failure
1774397357,2026-03-25T05:39:17.573301,7,4,7,0,0,0.006738987141298664,0.4331111111111112,0.04237597861161144,0.4391111111111058,12.488839285714286,798.98046875,22.37890625,836.36328125,187436118.61944905,3854236911.9825954,15.0,pre_failure
1774397387,2026-03-25T05:39:47.642518,7,4,7,0,0,0.00611238892958961,0.42430892423471506,0.0380150434093028,0.4264160167100022,12.318638392857142,846.1041666666666,20.66796875,857.2109375,187462161.3680214,3854236911.9825954,15.0,pre_failure
1774397417,2026-03-25T05:40:17.706387,7,4,7,0,0,0.008095462015838401,0.42955555555556413,0.05252002897517008,0.43577777777777477,12.35546875,828.46484375,21.08984375,880.30859375,187492547.48880178,3854562920.4796553,15.0,pre_failure
1774397447,2026-03-25T05:40:47.776876,7,4,7,0,0,0.006698645920727982,0.4294137747685837,0.04217595495438817,0.42979687986131787,12.575334821428571,857.4544270833334,22.93359375,880.79296875,187532741.88506564,3854562920.4796553,15.0,pre_failure
1774397477,2026-03-25T05:41:17.847871,7,4,7,0,0,0.005722732038989908,0.4212777802472332,0.03482726849685437,0.4297777777777778,12.359933035714286,839.3997395833334,20.88671875,855.71484375,187554647.00000516,3854562920.4796553,15.0,pre_failure
1774397507,2026-03-25T05:41:47.928772,7,4,7,0,0,0.006133152267620584,0.4131759956743618,0.037802501800583685,0.4148888888888842,12.536830357142858,839.00390625,20.7890625,854.01171875,187585032.79828185,3854562920.4796553,15.0,pre_failure
1774397538,2026-03-25T05:42:17.983583,7,4,7,0,0,0.005268226989103803,0.42866666666666076,0.03143279647356541,0.4368888888888604,12.369419642857142,793.5455729166666,20.66796875,834.6796875,187612286.41147724,3854562920.4796553,15.0,pre_failure
1774397568,2026-03-25T05:42:48.049307,7,4,7,0,0,0.0077384135528567035,0.444962962962963,0.049671056732155064,0.45133333333335285,12.313616071428571,829.28125,20.68359375,874.51953125,187633299.94918334,3854562920.4796553,15.0,pre_failure
1774397598,2026-03-25T05:43:18.114628,7,4,7,0,0,0.008639673974988023,0.43799364308091104,0.05399878339714873,0.44311111111114243,12.329799107142858,841.3424479166666,21.15625,882.1796875,187674568.03187203,3855052921.215468,15.0,pre_failure
1774397628,2026-03-25T05:43:48.185975,7,4,7,0,0,0.007457578169137794,0.4217037037036897,0.04748698400985764,0.4222222222221949,12.297991071428571,822.5091145833334,20.88671875,876.1953125,187715370.4064314,3855647923.260066,15.0,pre_failure
1774397658,2026-03-25T05:44:18.252517,7,4,7,0,0,0.0038486542185674436,0.42460827334724444,0.022262284251945333,0.42622222222222544,12.653459821428571,854.875,20.69921875,927.40234375,187730716.7211417,3855647923.260066,15.0,pre_failure
1774397688,2026-03-25T05:44:48.317437,7,4,7,0,0,0.007726419655650328,0.42554301346052525,0.048457277940991084,0.42777777777775816,12.627790178571429,813.1315104166666,20.71484375,864.5546875,187770274.20786858,3855647923.260066,15.0,pre_failure
1774397718,2026-03-25T05:45:18.397869,7,4,7,0,0,0.005494428493920407,0.4357134278087663,0.03315606005008938,0.4375847278707273,12.7890625,869.0638020833334,20.72265625,894.6796875,187781047.11240155,3856060925.577512,15.0,pre_failure
1774397748,2026-03-25T05:45:48.458967,7,4,7,0,0,0.009056394783715489,0.43133333333336205,0.05722960990623774,0.4344444444444705,12.361607142857142,799.1028645833334,20.8828125,836.71484375,187804717.4918841,3856060925.577512,15.0,pre_failure
1774397778,2026-03-25T05:46:18.524842,7,4,7,0,0,0.005244803425501394,0.4223859358858689,0.033478449184893906,0.42422222222222605,13.196986607142858,813.9830729166666,26.35546875,848.9453125,187823372.50907075,3856060925.577512,15.0,pre_failure
1774397808,2026-03-25T05:46:48.580195,7,4,7,0,0,0.004557239801657697,0.4373236500282543,0.02896915435023983,0.43911111111110707,12.449776785714286,854.62890625,21.83984375,873.73828125,187861846.4861377,3856060925.577512,15.0,pre_failure
1774397838,2026-03-25T05:47:18.639185,7,4,7,0,0,0.008424491822360757,0.4628991809330546,0.05357660996274776,0.4640000000000315,12.428571428571429,838.1875,21.859375,873.33984375,187883350.14537144,3856060925.577512,15.0,pre_failure
1774397868,2026-03-25T05:47:48.707877,7,4,7,0,0,0.009091153129405621,0.47303703703702676,0.05877269635757745,0.47444444444441086,12.282924107142858,832.3033854166666,20.7421875,861.86328125,187929545.5611109,3858933929.3167033,15.0,pre_failure
1774397898,2026-03-25T05:48:18.765486,7,4,7,0,0,0.0039632359234336905,0.46036013895368844,0.022217807991061222,0.46066666666667905,12.447544642857142,834.5078125,20.72265625,872.54296875,187959995.5051188,3858933929.3167033,15.0,pre_failure
1774397928,2026-03-25T05:48:48.825634,7,4,7,0,0,0.010668349261907243,0.45065669202299125,0.06979998075044822,0.45422222222220626,12.78515625,813.2578125,20.953125,854.55859375,187997215.20458597,3859527934.389932,16.0,pre_failure
1774397958,2026-03-25T05:49:18.872062,7,4,7,0,0,0.07283522715525324,0.6625776750685749,0.4445602729699219,0.6712885807612917,12.970424107142858,841.3190104166666,20.75,850.265625,188020654.38752425,3859527934.389932,16.0,pre_failure
1774397988,2026-03-25T05:49:48.923939,7,4,7,0,0,0.11656815966426412,0.7738972871326931,0.7716509992948413,0.7748888888888906,12.847098214285714,818.1080729166666,20.97265625,858.85546875,188055725.2434586,3860436947.4257064,16.0,pre_failure
1774398019,2026-03-25T05:50:18.972876,7,4,7,0,0,0.12577314757321836,0.7551111677612229,0.8631421169654034,0.7560000000000114,12.674107142857142,829.1419270833334,20.859375,844.234375,188088707.7710895,3860436947.4257064,16.0,pre_failure
1774398049,2026-03-25T05:50:49.025471,7,4,7,0,0,0.12810145966296932,0.7614814814815061,0.8521955163103938,0.7622222222222343,12.632254464285714,828.7799479166666,20.77734375,862.96484375,188121043.43758553,3860757950.3367653,16.0,pre_failure
1774398079,2026-03-25T05:51:19.078662,7,4,7,0,0,0.13453581710954543,0.7695213329480866,0.8935209142606512,0.7706666666666555,13.037946428571429,819.1536458333334,22.59375,911.03515625,188148065.4702427,3860757950.3367653,16.0,pre_failure
1774398109,2026-03-25T05:51:49.123179,7,4,7,0,0,0.10951235429660007,0.7725524311715934,0.7175150752182213,0.7754866234112616,14.015066964285714,895.3177083333334,25.23046875,934.05859375,188177048.3134694,3860757950.3367653,16.0,pre_failure
1774398139,2026-03-25T05:52:19.173655,7,4,7,0,0,0.13503102091149152,0.7610257848622406,0.9079225118247267,0.7622222222222066,12.943638392857142,830.5690104166666,22.00390625,839.44140625,188201011.08988306,3861297952.5051985,16.0,pre_failure
1774398169,2026-03-25T05:52:49.229242,7,4,7,0,0,0.13263372268415485,0.7408724356647869,0.9061396346045856,0.7417777777777694,12.685267857142858,831.8450520833334,20.8828125,839.23046875,188235268.13923007,3861297952.5051985,16.0,pre_failure
1774398199,2026-03-25T05:53:19.280839,7,4,7,0,0,0.12889871101611547,0.7397310565371645,0.8668266488333503,0.7406666666666681,12.779017857142858,834.875,21.59375,859.00390625,188259020.04643393,3861297952.5051985,16.0,pre_failure
1774398229,2026-03-25T05:53:49.329893,7,4,7,0,0,0.09926079103610262,0.7457777777777742,0.6596710354554309,0.7464444444444635,12.878348214285714,839.9505208333334,22.7890625,851.90234375,188305012.28146383,3861297952.5051985,16.0,pre_failure
1774398259,2026-03-25T05:54:19.387624,7,4,7,0,0,0.035948458059842585,0.5558974160168374,0.1939250473946122,0.5755811369393983,12.916852678571429,845.4296875,22.0703125,901.5625,188346981.63663167,3861297952.5051985,16.0,pre_failure
1774398289,2026-03-25T05:54:49.476190,7,4,7,0,0,0.007995696502200177,0.4389629629629727,0.04991173348133248,0.4408888888889034,12.454799107142858,833.03515625,20.80078125,858.37109375,188385308.59739387,3864737963.4329224,16.0,pre_failure
1774398319,2026-03-25T05:55:19.528260,7,4,7,0,0,0.006505836628027486,0.4329533191614303,0.0405218178123307,0.43711111111109496,12.708705357142858,844.8763020833334,20.97265625,860.2890625,188409361.21124196,3864737963.4329224,16.0,pre_failure
1774398349,2026-03-25T05:55:49.597414,7,4,7,0,0,0.006096731681837132,0.4417037037036956,0.036419971395365576,0.4440000000000029,12.633370535714286,851.58984375,20.890625,885.5546875,188426732.63511437,3864737963.4329224,16.0,pre_failure
1774398379,2026-03-25T05:56:19.663170,7,4,7,0,0,0.009281410389798192,0.45147150683783144,0.0590724338896946,0.45355555555559396,12.484933035714286,864.83984375,20.85546875,901.44140625,188459442.1175907,3865081965.4132304,16.0,pre_failure
1774398409,2026-03-25T05:56:49.729520,7,4,7,0,0,0.00703171050557067,0.4485925925926052,0.043491336349635604,0.4493333333333586,12.891741071428571,846.34375,20.6875,874.046875,188485691.24717522,3865081965.4132304,16.0,pre_failure
1774398439,2026-03-25T05:57:19.800103,7,4,7,0,0,0.005717242619036393,0.450602548811889,0.03402292562970326,0.45711111111109887,13.194754464285714,821.328125,21.75,842.32421875,188510827.85727677,3865081965.4132304,16.0,pre_failure
1774398469,2026-03-25T05:57:49.869012,7,4,7,0,0,0.008901057290425242,0.454370370370376,0.056051786176355395,0.45911111111111597,12.949776785714286,858.46875,22.19921875,888.27734375,188536999.07135862,3865081965.4132304,16.0,pre_failure
1774398499,2026-03-25T05:58:19.942644,7,4,7,0,0,0.006432757501896714,0.4345185185185214,0.038543298988728436,0.43733333333333096,12.5078125,839.3020833333334,20.86328125,890.10546875,188557119.8302122,3865081965.4132304,16.0,pre_failure
1774398530,2026-03-25T05:58:50.004277,7,4,7,0,0,0.00440126200957155,0.4385281092813446,0.024328267123593098,0.44955555555554827,12.392857142857142,880.66796875,20.7265625,915.8515625,188604226.76720026,3868375967.5830975,16.0,pre_failure
1774398560,2026-03-25T05:59:20.067518,7,4,7,0,0,0.007130943820292646,0.45563637231614984,0.043635480732288554,0.4588888888888939,12.86328125,860.3216145833334,20.859375,875.859375,188640161.8059299,3868948969.6608324,16.0,pre_failure
1774398590,2026-03-25T05:59:50.135686,7,4,7,0,0,0.00818052846130229,0.4515555555555591,0.05106739655637728,0.45377777777778255,12.845982142857142,851.6627604166666,21.55078125,868.08203125,188666385.6545782,3869390971.49556,16.0,pre_failure
1774398620,2026-03-25T06:00:20.204541,7,4,7,0,0,0.00710996951739169,0.4425185185185078,0.04374781182193964,0.4444444444444236,12.510044642857142,788.9361979166666,21.16015625,801.0078125,188723448.28533328,3872382975.0337696,16.0,pre_failure
1774398650,2026-03-25T06:00:50.284674,7,4,7,0,0,0.007719410036080675,0.459111111111111,0.04816956603894025,0.47000000000000886,12.284040178571429,868.08984375,20.88671875,898.40625,188751446.86477163,3872382975.0337696,16.0,pre_failure
1774398680,2026-03-25T06:01:20.349260,7,4,7,0,0,0.0102421533766741,0.4582222222222148,0.06558146413780346,0.46577777777778984,12.420200892857142,823.3502604166666,20.89453125,840.99609375,188819705.41359228,3878750979.4936266,16.0,pre_failure
1774398710,2026-03-25T06:01:50.418654,7,4,7,0,0,0.004502582400861264,0.4263703703703694,0.025783021245330884,0.42933333333331475,12.583705357142858,818.8359375,20.91015625,826.29296875,188843478.20498332,3879080982.263994,16.0,pre_failure
1774398740,2026-03-25T06:02:20.485837,7,4,7,0,0,0.004436617296456124,0.4268211327910866,0.025154784411162673,0.4279999999999946,12.78125,840.296875,20.92578125,854.2890625,188859594.1414566,3879080982.263994,16.0,pre_failure
1774398770,2026-03-25T06:02:50.549956,7,4,7,0,0,0.008229763874285569,0.4405185185185324,0.05189201402344425,0.44177777777781235,12.270089285714286,876.3411458333334,21.0625,903.59375,188900685.65947026,3879080982.263994,16.0,pre_failure
1774398800,2026-03-25T06:03:20.620919,7,4,7,0,0,0.006731504472399923,0.4481181689587837,0.04098604119525463,0.45022222222222186,13.128348214285714,780.8489583333334,21.89453125,801.359375,188938532.3799319,3879080982.263994,16.0,pre_failure
1774398830,2026-03-25T06:03:50.684938,7,4,7,0,0,0.00651485425142481,0.4286826108250799,0.03885714979338549,0.43049227691969894,12.931361607142858,830.828125,21.29296875,866.171875,188964878.8633687,3879614985.582304,16.0,pre_failure
1774398860,2026-03-25T06:04:20.754671,7,4,7,0,0,0.005511144947152997,0.4390467018788783,0.03203715162413149,0.4462222222222313,12.775669642857142,833.9401041666666,21.15234375,881.9921875,188990622.41545385,3879614985.582304,16.0,pre_failure
1774398890,2026-03-25T06:04:50.822373,7,4,7,0,0,0.006992679390151256,0.4524444444444516,0.043101646019418544,0.4544444444444554,12.728236607142858,811.2513020833334,22.25,897.0546875,189027720.27931118,3882209996.5048203,16.0,pre_failure
1774398920,2026-03-25T06:05:20.895280,7,4,7,0,0,0.0077582903765276365,0.45280133123966826,0.04846925414041348,0.4550706603857529,12.57421875,806.3385416666666,20.94140625,827.90625,189042189.95653284,3882209996.5048203,16.0,pre_failure
1774398951,2026-03-25T06:05:50.963274,7,4,7,0,0,0.028341771311165876,0.5838518518518496,0.14195294213928553,0.6317777777777748,13.685825892857142,843.98046875,23.63671875,942.296875,189075640.16025203,3882543998.7884884,17.0,pre_failure
1774398981,2026-03-25T06:06:21.021127,7,4,7,0,0,0.0955279877567986,0.7413719388660968,0.6528586166666708,0.7451607884970065,13.175223214285714,859.5052083333334,23.47265625,888.5625,189100794.4634384,3882543998.7884884,17.0,pre_failure
1774399011,2026-03-25T06:06:51.072984,7,4,7,0,0,0.10466164394710865,0.7456296296296258,0.6946040819536967,0.7551111111111095,13.157366071428571,812.8203125,21.8359375,820.640625,189115438.49905172,3883434003.6351995,17.0,pre_failure
1774399041,2026-03-25T06:07:21.128926,7,4,7,0,0,0.1355843963788274,0.7463203359328171,0.9013493764907459,0.7520000000000101,13.364955357142858,879.0950520833334,22.984375,894.47265625,189143131.7818582,3883434003.6351995,17.0,pre_failure
1774399071,2026-03-25T06:07:51.179242,7,4,7,0,0,0.0969174927757392,0.7278518518518634,0.6619527495795483,0.7291111111111183,12.986049107142858,821.421875,22.4765625,861.8515625,189171241.33348617,3883434003.6351995,17.0,pre_failure
1774399101,2026-03-25T06:08:21.231242,7,4,7,0,0,0.14930946104897175,0.740746477867843,0.9999720918967666,0.7438934945435527,13.158482142857142,829.6302083333334,23.81640625,885.02734375,189215267.8019969,3883434003.6351995,17.0,pre_failure
1774399131,2026-03-25T06:08:51.289270,7,4,7,0,0,0.1487404264805743,0.7428888888888945,1.000663597870755,0.7437777777777941,13.033482142857142,810.0625,21.07421875,840.1328125,189272863.18420577,3887351013.3885136,17.0,pre_failure
1774399161,2026-03-25T06:09:21.335015,7,4,7,0,0,0.14753155032855964,0.7362745500811532,1.0000256249969355,0.7386666666666668,13.1015625,839.2942708333334,22.35546875,901.26953125,189315370.30115402,3887351013.3885136,17.0,pre_failure
1774399191,2026-03-25T06:09:51.405721,7,4,7,0,0,0.14772747569275999,0.7389712715607255,1.0003164770517559,0.7416953671814063,12.874441964285714,798.015625,22.27734375,847.33984375,189351421.319296,3887351013.3885136,17.0,pre_failure
1774399221,2026-03-25T06:10:21.463362,7,4,7,0,0,0.14677919251120355,0.7327570282463151,1.0002525462530847,0.7353333333333333,13.504464285714286,851.34765625,22.84765625,866.8671875,189387065.6959145,3887351013.3885136,17.0,pre_failure
1774399251,2026-03-25T06:10:51.514531,7,4,7,0,0,0.045616235413211734,0.6113047248021094,0.2880925606282839,0.6436919521841419,12.765066964285714,761.2513020833334,22.08203125,809.84375,189409764.2042626,3887351013.3885136,17.0,pre_failure
1774399281,2026-03-25T06:11:21.573431,7,4,7,0,0,0.0028934707960159107,0.4396425312793571,0.014785935557149604,0.44198035642862493,12.805803571428571,836.2473958333334,20.9296875,875.89453125,189452860.47200656,3891449022.872244,17.0,pre_failure
1774399311,2026-03-25T06:11:51.639949,7,4,7,0,0,0.007878511145137863,0.4522962962962853,0.04880145108558229,0.4568888888889129,12.766183035714286,852.9947916666666,21.16015625,870.0234375,189473360.23525628,3891449022.872244,17.0,pre_failure
1774399341,2026-03-25T06:12:21.710624,7,4,7,0,0,0.006258511107196042,0.4412592592592577,0.037799229635822405,0.44377777777779415,12.981584821428571,838.9921875,22.8359375,925.44921875,189496462.96201336,3891449022.872244,17.0,pre_failure
1774399371,2026-03-25T06:12:51.789600,7,4,7,0,0,0.008427393262774247,0.4490503386309233,0.05259660716062155,0.45133333333330233,12.680245535714286,853.4830729166666,21.57421875,878.5,189508703.26629838,3891449022.872244,17.0,pre_failure
1774399401,2026-03-25T06:13:21.860379,7,4,7,0,0,0.005159786556827372,0.45185185185187665,0.030610168104341143,0.45688888888893253,12.748325892857142,831.546875,21.02734375,835.16015625,189548536.66140246,3891853023.6327863,17.0,pre_failure
1774399431,2026-03-25T06:13:51.922255,7,4,7,0,0,0.007236761409852826,0.4454814814814887,0.044593326793501906,0.4517777777777881,12.568080357142858,835.5546875,21.609375,877.55859375,189578368.49526963,3895027027.4987473,17.0,pre_failure
1774399462,2026-03-25T06:14:21.985081,7,4,7,0,0,0.007423973816621429,0.4327601825096983,0.045764699196561634,0.4380194675318765,12.694196428571429,875.3307291666666,22.19921875,914.953125,189602700.09127846,3895542027.8979173,17.0,pre_failure
1774399492,2026-03-25T06:14:52.045782,7,4,7,0,0,0.007460725836495237,0.4328791710182323,0.04610226646417545,0.4373041797213225,13.071986607142858,786.6940104166666,21.03515625,831.56640625,189627345.73862454,3895542027.8979173,17.0,pre_failure
1774399522,2026-03-25T06:15:22.112620,7,4,7,0,0,0.0048900255130724995,0.43059259259259924,0.027599237452190402,0.4348888888889051,12.502232142857142,812.81640625,21.4296875,837.97265625,189691660.09366083,3896050032.344833,17.0,pre_failure
1774399552,2026-03-25T06:15:52.175592,7,4,7,0,0,0.006657450160841076,0.4328726355507945,0.0407502606847355,0.43933333333334684,12.932477678571429,817.6106770833334,23.55078125,819.33203125,189723810.8459416,3899532035.224492,17.0,pre_failure
1774399582,2026-03-25T06:16:22.228136,7,4,7,0,0,0.005671877282667482,0.4278390487632624,0.03329859386769318,0.43245405453456054,12.736049107142858,799.7252604166666,23.22265625,809.453125,189773662.0550609,3902462038.889284,17.0,pre_failure
1774399612,2026-03-25T06:16:52.279632,7,4,7,0,0,0.005678317876588055,0.41830868532428395,0.033300135671004906,0.41935197119868917,12.733258928571429,836.2447916666666,23.484375,874.12109375,189815145.74188748,3902462038.889284,17.0,pre_failure
1774399642,2026-03-25T06:17:22.341940,7,4,7,0,0,0.00736369530208229,0.4230370370370264,0.046433310847883706,0.4257777777777575,12.704241071428571,857.40234375,23.62890625,881.65625,189849506.5409659,3902462038.889284,17.0,pre_failure
1774399672,2026-03-25T06:17:52.404122,7,4,7,0,0,0.004317704160293067,0.43259259259257904,0.023625731262876135,0.44222222222220964,12.377790178571429,876.8932291666666,21.64453125,931.58984375,189865558.71574643,3902462038.889284,17.0,pre_failure
1774399702,2026-03-25T06:18:22.465451,7,4,7,0,0,0.006307416119992837,0.44451851851851065,0.037360372446350154,0.4460000000000219,12.441964285714286,839.0364583333334,21.07421875,880.02734375,189894488.6620124,3902462038.889284,17.0,pre_failure
1774399732,2026-03-25T06:18:52.524049,7,4,7,0,0,0.007711781780005349,0.431764952580333,0.04798851593029338,0.4339999999999873,12.580357142857142,842.0182291666666,22.484375,938.29296875,189938242.1695632,3905867041.209714,17.0,pre_failure
1774399762,2026-03-25T06:19:22.579836,7,4,7,0,0,0.04748490781607279,0.5540306716254044,0.28514400897978,0.5935951285641192,13.125,872.6380208333334,21.87109375,933.44921875,189974891.73528132,3906365043.851025,18.0,pre_failure
1774399792,2026-03-25T06:19:52.629696,7,4,7,0,0,0.13447437421202654,0.7422179451087547,0.9090130930356848,0.7451111111111396,12.940290178571429,857.9322916666666,21.10546875,878.1796875,190006604.88158205,3906365043.851025,18.0,pre_failure
1774399822,2026-03-25T06:20:22.679366,7,4,7,0,0,0.14819786689796707,0.7463703703703687,1.000024455881018,0.749333333333325,12.898995535714286,848.7486979166666,21.08984375,862.15625,190049494.39548993,3906767045.589161,18.0,pre_failure
1774399852,2026-03-25T06:20:52.738482,7,4,7,0,0,0.149704626248381,0.7474018090130687,0.9997821885582554,0.7510610403751273,12.670200892857142,820.765625,20.92578125,858.90625,190084844.82570678,3906767045.589161,18.0,pre_failure
1774399884,2026-03-25T06:21:22.796110,7,4,7,0,0,0.1361871601798704,0.6706498265501991,0.9043085431884008,0.7504444444444485,12.821428571428571,799.4609375,21.42578125,815.34765625,190094978.41817206,3906767045.589161,18.0,pre_failure
1774399914,2026-03-25T06:21:54.875339,7,4,7,0,0,0.1511683963669548,0.8450922706569174,0.9996898675626867,0.8486289498244509,12.861049107142858,851.6901041666666,22.1953125,872.09765625,190137591.8621042,3907263047.993485,18.0,pre_failure
1774399944,2026-03-25T06:22:24.927557,7,4,7,0,0,0.14920658339713117,0.7205185185185171,0.9996044022141787,0.7226666666666435,13.202008928571429,793.8528645833334,22.7265625,815.22265625,190177132.90959784,3910011051.764585,18.0,pre_failure
1774399975,2026-03-25T06:22:54.974695,7,4,7,0,0,0.14935533990680208,0.7301281437027232,1.0002326091220586,0.7313333333333409,13.291852678571429,878.7721354166666,22.5859375,891.3046875,190211718.36035228,3913288057.983465,18.0,pre_failure
1774400005,2026-03-25T06:23:25.027401,7,4,7,0,0,0.13072850392028787,0.7278303163175717,0.8682412094691712,0.7311111111111094,12.899553571428571,849.3489583333334,21.73046875,872.140625,190230494.55992553,3913288057.983465,18.0,pre_failure
1774400035,2026-03-25T06:23:55.085375,7,4,7,0,0,0.12453361876363245,0.7401481915569404,0.8312908532567501,0.7416214774646692,12.893415178571429,812.1119791666666,21.70703125,861.94921875,190267550.58696947,3914395065.1029687,18.0,pre_failure
1774400065,2026-03-25T06:24:25.140733,7,4,7,0,0,0.05479868448676705,0.5912592592592597,0.3342634670517014,0.6062222222222311,13.130022321428571,819.2044270833334,21.203125,869.375,190297783.99304307,3914395065.1029687,18.0,pre_failure
1774400095,2026-03-25T06:24:55.226492,7,4,7,0,0,0.011242002488995763,0.4120740740740775,0.03983656130585846,0.41488888888888853,13.08984375,828.2057291666666,23.69140625,878.91796875,190322184.42082718,3914395065.1029687,18.0,pre_failure
1774400125,2026-03-25T06:25:25.280437,7,4,7,0,0,0.004703815161577735,0.42131739271769697,0.028289790648857047,0.4303966225974764,12.661272321428571,796.23046875,21.13671875,825.08203125,190366727.0455468,3914395065.1029687,18.0,pre_failure
1774400155,2026-03-25T06:25:55.335159,7,4,7,0,0,0.008659199789996248,0.4299259259259265,0.05491868061215119,0.4335555555555477,12.9609375,848.6380208333334,23.18359375,876.0625,190382465.71626186,3914395065.1029687,18.0,pre_failure
1774400185,2026-03-25T06:26:25.393165,7,4,7,0,0,0.005168324404295891,0.4033838922463151,0.029919343960194165,0.40799999999999714,13.056361607142858,852.4075520833334,21.54296875,895.2890625,190427257.7568899,3917491072.3253107,18.0,pre_failure
1774400215,2026-03-25T06:26:55.453924,7,4,7,0,0,0.006747603505528312,0.4262222222222422,0.042026393828217115,0.4280000000000293,12.772879464285714,834.5208333333334,21.6171875,885.6015625,190464702.55290318,3917491072.3253107,18.0,pre_failure
1774400245,2026-03-25T06:27:25.507175,7,4,7,0,0,0.007556820350084967,0.426370370370362,0.047369815972436315,0.4286666666666714,12.520089285714286,819.265625,21.26953125,828.71484375,190494985.02270013,3917491072.3253107,18.0,pre_failure
1774400275,2026-03-25T06:27:55.562599,7,4,7,0,0,0.00667821729010615,0.41376856851516447,0.04140682840405073,0.4157777777777507,12.910714285714286,843.1588541666666,20.99609375,861.296875,190525978.46064395,3917491072.3253107,18.0,pre_failure
1774400305,2026-03-25T06:28:25.624317,7,4,7,0,0,0.009768802867266509,0.41533333333334754,0.06282151069742758,0.4164444444444408,13.053571428571429,829.046875,22.6328125,852.7421875,190559819.67797273,3918449076.8813596,18.0,pre_failure
1774400335,2026-03-25T06:28:55.689294,7,4,7,0,0,0.0095095740585072,0.4369758694600148,0.06108770939206267,0.4395555555555638,12.426339285714286,816.8020833333334,21.26171875,837.453125,190588730.14490908,3918449076.8813596,18.0,pre_failure
1774400365,2026-03-25T06:29:25.763621,7,4,7,0,0,0.010579787846276355,0.44721822933758465,0.06840193707331085,0.4506666666666458,12.549107142857142,818.546875,22.1796875,833.33984375,190638547.49220785,3921765079.709579,18.0,pre_failure
1774400395,2026-03-25T06:29:55.816558,7,4,7,0,0,0.00970624677399183,0.44971704480728225,0.061499806140648774,0.450262245532938,12.766183035714286,826.3424479166666,23.83203125,896.3125,190661987.3305658,3922346083.3119707,18.0,pre_failure
1774400425,2026-03-25T06:30:25.876435,7,4,7,0,0,0.005749946438612181,0.526230146854277,0.034144543612183824,0.5349126627850396,13.198102678571429,841.36328125,21.87109375,878.0859375,190693309.84461817,3922721085.5786247,19.0,pre_failure
1774400456,2026-03-25T06:30:55.938075,7,4,7,0,0,0.09893283243479091,0.7499775295693785,0.6483919885704625,0.7583770331526103,12.859375,765.7135416666666,21.23828125,798.40234375,190713170.60077408,3922721085.5786247,19.0,pre_failure
1774400486,2026-03-25T06:31:26.013530,7,4,7,0,0,0.13788831522857878,0.787374174434908,0.9269992520004544,0.787847808694085,12.731584821428571,859.0,21.265625,899.265625,190736992.37497213,3922721085.5786247,19.0,pre_failure
1774400516,2026-03-25T06:31:56.066301,7,4,7,0,0,0.1337238537619013,0.7762962962962875,0.8951539275362603,0.7771111111110943,12.737165178571429,797.5859375,21.21875,837.1953125,190768147.2121766,3922721085.5786247,19.0,pre_failure
1774400546,2026-03-25T06:32:26.116525,7,4,7,0,0,0.13865677761021108,0.7822222222222273,0.9026471614454904,0.7828888888888804,13.117745535714286,847.63671875,24.0234375,880.77734375,190787841.12222877,3922721085.5786247,19.0,pre_failure
1774400576,2026-03-25T06:32:56.173511,7,4,7,0,0,0.13434656261648512,0.7651399191584051,0.9045439281038414,0.7657777777777892,12.791294642857142,833.6393229166666,22.10546875,873.9296875,190811456.16794017,3923248086.478159,19.0,pre_failure
1774400606,2026-03-25T06:33:26.233115,7,4,7,0,0,0.14851052612605922,0.7543074626598718,1.0004767895508784,0.7550607737261921,13.071986607142858,800.6731770833334,21.26953125,820.10546875,190850517.18655246,3923248086.478159,19.0,pre_failure
1774400636,2026-03-25T06:33:56.292114,7,4,7,0,0,0.1480524290565956,0.753413005885722,0.9988793159688953,0.7557945732127321,12.950334821428571,817.6861979166666,22.24609375,838.515625,190891583.46474233,3925219092.240812,19.0,pre_failure
1774400666,2026-03-25T06:34:26.356232,7,4,7,0,0,0.14797302211859387,0.7658688900247596,1.0000436411298543,0.7673333333333181,12.833705357142858,816.1341145833334,21.265625,875.30859375,190923159.8044968,3925219092.240812,19.0,pre_failure
1774400696,2026-03-25T06:34:56.411867,7,4,7,0,0,0.1485094456131995,0.7603244806413124,1.0005224810606492,0.7620508033868911,13.330357142857142,835.421875,23.9765625,876.28125,190942255.11947706,3925219092.240812,19.0,pre_failure
1774400726,2026-03-25T06:35:26.471669,7,4,7,0,0,0.11374328119427327,0.690814856348307,0.7581270396313928,0.7040000000000259,12.854352678571429,864.2942708333334,21.63671875,889.765625,190975860.46267638,3925219092.240812,19.0,pre_failure
1774400756,2026-03-25T06:35:56.539539,7,4,7,0,0,0.023556563426786532,0.4582222222222221,0.14367175139487245,0.4697777777777844,13.078683035714286,845.7903645833334,21.86328125,882.3203125,190995123.67014807,3925219092.240812,19.0,pre_failure
1774400786,2026-03-25T06:36:26.597170,7,4,7,0,0,0.0067668353814672195,0.42539157377575393,0.040992948744666205,0.4275080546605915,12.915178571428571,814.0833333333334,21.30859375,838.3046875,191041632.00484237,3925699096.6863346,19.0,pre_failure
1774400816,2026-03-25T06:36:56.660262,7,4,7,0,0,0.007913567022402214,0.4403027690119832,0.0496859899837268,0.4428888888889515,12.626116071428571,812.6145833333334,21.65234375,887.57421875,191076194.1175382,3925699096.6863346,19.0,pre_failure
1774400846,2026-03-25T06:37:26.725377,7,4,7,0,0,0.00485756771215412,0.42526559744442777,0.02844301983401608,0.42604733859316274,12.882254464285714,815.73046875,21.71484375,849.1015625,191123800.785098,3928348102.588503,19.0,pre_failure
1774400876,2026-03-25T06:37:56.823258,7,4,7,0,0,0.007414530169991689,0.44222222222219987,0.045175721225826776,0.4442222222222022,13.072544642857142,839.03125,23.78515625,901.2890625,191156034.5833954,3928907104.3779488,19.0,pre_failure
1774400907,2026-03-25T06:38:26.953320,7,4,7,0,0,0.005319077001203864,0.42814810991409247,0.03322870804705015,0.4301935426527415,12.584263392857142,880.71875,21.29296875,915.3671875,191183415.69552946,3928907104.3779488,19.0,pre_failure
1774400937,2026-03-25T06:38:57.069908,7,4,7,0,0,0.007162886748069861,0.4394335119289676,0.0454732088548262,0.44202946863126774,12.571428571428571,845.2643229166666,21.234375,864.375,191217718.71191752,3932077116.5424557,19.0,pre_failure
1774400967,2026-03-25T06:39:27.126578,7,4,7,0,0,0.0075306252455370195,0.4395686332612452,0.046048308386430745,0.44137256645038303,12.737165178571429,880.0768229166666,21.34765625,911.10546875,191259609.42829663,3934446119.589254,19.0,pre_failure
1774400997,2026-03-25T06:39:57.190556,7,4,7,0,0,0.008601598987911227,0.4310210470441686,0.05511512972959427,0.4317298077991355,13.046875,846.1627604166666,22.609375,879.13671875,191293755.4933534,3934875121.709826,19.0,pre_failure
1774401027,2026-03-25T06:40:27.260407,7,4,7,0,0,0.00495995398340274,0.40274373998434637,0.028503870799137764,0.4048978866196951,12.551339285714286,826.5638020833334,22.6015625,866.19921875,191311513.5310064,3934875121.709826,19.0,pre_failure
1774401057,2026-03-25T06:40:57.341091,7,4,7,0,0,0.008643308634436133,0.4311109889319904,0.05518635898852842,0.433971068595417,12.702008928571429,866.7994791666666,22.57421875,897.734375,191335673.79887423,3934875121.709826,19.0,pre_failure
1774401087,2026-03-25T06:41:27.410773,7,4,7,0,0,0.008580059525900002,0.43626099296607673,0.05352664044084727,0.43693743749304204,12.597098214285714,862.2942708333334,23.07421875,894.36328125,191358333.88684383,3934875121.709826,19.0,pre_failure
1774401117,2026-03-25T06:41:57.492090,7,4,7,0,0,0.009147290426068877,0.4371981443618129,0.059028351391904696,0.4386666666666675,13.03515625,839.24609375,23.08984375,897.65234375,191388420.76345354,3934875121.709826,19.0,pre_failure
1774401147,2026-03-25T06:42:27.566869,7,4,7,0,0,0.008041244340846064,0.4341707063175816,0.05008704837722821,0.4358165170237363,12.602120535714286,795.1458333333334,21.96484375,803.13671875,191418321.68587708,3935224125.147387,19.0,pre_failure
1774401177,2026-03-25T06:42:57.633604,7,4,7,0,0,0.00858295132620271,0.4268243117442301,0.05377099086481532,0.4273618241216042,12.850446428571429,828.0052083333334,22.765625,841.953125,191443928.1534453,3935224125.147387,19.0,pre_failure
1774401207,2026-03-25T06:43:27.706174,7,4,7,0,0,0.008570349760790593,0.43414814814813707,0.05324633648157484,0.43733333333332025,13.297433035714286,836.0052083333334,22.5390625,873.375,191467250.0310152,3935224125.147387,19.0,pre_failure
1774401237,2026-03-25T06:43:57.776450,7,4,7,0,0,0.00961465276061298,0.43666666666667814,0.062254608617443814,0.437555555555594,12.698102678571429,811.44140625,23.12109375,829.5390625,191500361.99349633,3935224125.147387,19.0,pre_failure
1774401267,2026-03-25T06:44:27.844581,7,4,7,0,0,0.009226957385332605,0.4325764791566376,0.05865874830476839,0.43533333333334767,12.90625,792.4466145833334,24.20703125,824.703125,191557630.2952835,3935224125.147387,19.0,pre_failure
1774401297,2026-03-25T06:44:57.913499,7,4,7,0,0,0.00952104866255511,0.4309309670867962,0.06182625979920307,0.4319712019198461,12.940290178571429,833.6223958333334,22.8359375,853.171875,191591687.97957152,3935224125.147387,19.0,pre_failure
1774401328,2026-03-25T06:45:27.978325,7,4,7,0,0,0.009911838970420906,0.43465047916487776,0.06272695046123478,0.43706254860571636,13.078683035714286,887.3203125,24.36328125,917.578125,191614289.45627952,3935224125.147387,19.0,pre_failure
1774401358,2026-03-25T06:45:58.052165,7,4,7,0,0,0.00496246065340984,0.43918518518517013,0.029274311122612064,0.4404444444444379,12.561383928571429,842.77734375,21.65625,877.9765625,191645572.44198158,3935725134.892424,19.0,pre_failure
1774401388,2026-03-25T06:46:28.122622,7,4,7,0,0,0.008215610175451759,0.43831585445961385,0.05117380888252255,0.44005867448995767,12.817522321428571,810.4010416666666,23.5625,827.0234375,191677178.5609543,3936709144.162058,19.0,pre_failure
1774401418,2026-03-25T06:46:58.195288,7,4,7,0,0,0.0068330843196800954,0.4382962962962947,0.04230921686861878,0.44155555555555687,12.541294642857142,842.4427083333334,21.8828125,855.78125,191697246.40119407,3936709144.162058,19.0,pre_failure
1774401448,2026-03-25T06:47:28.277581,7,4,7,0,0,0.005534389169905165,0.43890522815294125,0.03285701845285936,0.44116012890325185,12.876674107142858,850.2057291666666,24.5234375,915.54296875,191736583.85339442,3940295149.493095,19.0,pre_failure
1774401478,2026-03-25T06:47:58.349884,7,4,7,0,0,0.006996171339376943,0.4455456747328081,0.04418806179911325,0.4462222222222383,12.609933035714286,836.2877604166666,23.0,886.24609375,191766974.84479004,3940295149.493095,19.0,pre_failure
1774401508,2026-03-25T06:48:28.417641,7,4,7,0,0,0.00982884334319407,0.4297164060673648,0.06255877680454155,0.4308888888888803,12.377790178571429,826.9817708333334,21.546875,858.3671875,191790967.94550765,3940653151.136621,19.0,pre_failure
1774401538,2026-03-25T06:48:58.483662,7,4,7,0,0,0.007019524645627018,0.43796185792633824,0.045598681692997405,0.441392185624739,12.465959821428571,859.9791666666666,22.09765625,892.51953125,191809564.63126907,3941176153.211771,19.0,pre_failure
1774401568,2026-03-25T06:49:28.545833,7,4,7,0,0,0.005908110298242706,0.4488888888888707,0.03512383061113698,0.45066666666665023,12.409040178571429,860.7057291666666,21.41796875,883.2578125,191843695.81849518,3941176153.211771,19.0,pre_failure
1774401598,2026-03-25T06:49:58.610460,7,4,7,0,0,0.007115079614666223,0.4465793196983378,0.04383998292504655,0.44796018131721754,12.438616071428571,849.59375,21.5625,883.62890625,191865057.49228668,3941176153.211771,19.0,pre_failure
1774401628,2026-03-25T06:50:28.680832,7,4,7,0,0,0.0070905187657698265,0.4413333333333413,0.04479003564730059,0.442666666666689,12.521205357142858,848.74609375,22.75,869.9609375,191899218.03194055,3941176153.211771,19.0,pre_failure
1774401658,2026-03-25T06:50:58.746888,7,4,7,0,0,0.010123280870573247,0.46778808947212386,0.06413272599901483,0.4702013243855607,12.375,880.4036458333334,21.4296875,929.54296875,191956893.71706516,3944305157.2632294,19.0,pre_failure
1774401688,2026-03-25T06:51:28.812525,7,4,7,0,0,0.007271937549464071,0.43714037622337903,0.04649587009177448,0.4389766842257245,12.316964285714286,828.8763020833334,21.25,834.95703125,191982995.11189517,3944305157.2632294,19.0,pre_failure
1774401718,2026-03-25T06:51:58.871616,7,4,7,0,0,0.007306703633420439,0.442582682142166,0.04528678472117316,0.4459702686487454,12.8046875,850.8138020833334,22.82421875,868.625,192012170.21598396,3944305157.2632294,19.0,pre_failure
1774401748,2026-03-25T06:52:28.934580,7,4,7,0,0,0.007393028487433781,0.43482450434967157,0.046291644930328155,0.4360290686045858,12.908482142857142,831.9036458333334,23.06640625,848.7265625,192047414.00775146,3944305157.2632294,19.0,pre_failure
1774401779,2026-03-25T06:52:58.994180,7,4,7,0,0,0.008915481228917159,0.43414814814813585,0.05742054097952473,0.43599999999998057,12.820870535714286,833.4127604166666,22.4140625,845.71484375,192084917.55107236,3944674158.6823554,19.0,pre_failure
1774401809,2026-03-25T06:53:29.066148,7,4,7,0,0,0.0054907419424065525,0.42504022345701,0.033730310486469336,0.42715857317478007,12.675223214285714,831.3958333333334,22.0,901.4140625,192108083.04715046,3944674158.6823554,19.0,pre_failure
1774401839,2026-03-25T06:53:59.133071,7,4,7,0,0,0.007888523962200236,0.4408758003403897,0.049674805337473274,0.4417385121322668,12.529017857142858,845.52734375,21.66015625,855.5546875,192131042.3981777,3944982160.314483,19.0,pre_failure
1774401869,2026-03-25T06:54:29.196114,7,4,7,0,0,0.00888074189656257,0.4443637599645784,0.05651652996089534,0.44620239100485093,12.4453125,896.4856770833334,21.49609375,927.25390625,192172605.08739606,3946889162.369153,19.0,pre_failure
1774401899,2026-03-25T06:54:59.267844,7,4,7,0,0,0.008188934103452446,0.45607407407406514,0.05095895745591492,0.45644444444443355,12.606584821428571,827.4088541666666,21.59375,841.69140625,192188584.37532634,3947429164.1029,19.0,pre_failure
1774401929,2026-03-25T06:55:29.338417,7,4,7,0,0,0.008743590317458055,0.44673415008714606,0.05513449310427479,0.4477777777777469,12.786830357142858,838.0130208333334,22.11328125,864.703125,192220401.5881996,3947974165.074167,19.0,pre_failure
1774401959,2026-03-25T06:55:59.425376,7,4,7,0,0,0.008541065923327552,0.45875093401288336,0.05527868177558086,0.4599999999999846,12.753348214285714,826.2018229166666,22.4453125,868.859375,192244293.1020813,3947974165.074167,19.0,pre_failure
1774401989,2026-03-25T06:56:29.485241,7,4,7,0,0,0.007765227306363105,0.43860559786385506,0.04959216644177348,0.4397777777777845,13.016183035714286,846.71484375,23.78125,861.8984375,192270385.44592062,3947974165.074167,19.0,pre_failure
1774402019,2026-03-25T06:56:59.553072,7,4,7,0,0,0.005901931864923923,0.4357101500807531,0.03683954872008751,0.4375555555555694,12.468191964285714,819.6510416666666,21.99609375,843.56640625,192316673.54676762,3952848168.2725887,19.0,pre_failure
1774402049,2026-03-25T06:57:29.626836,7,4,7,0,0,0.006369827522001676,0.4309143817191593,0.03837820416221949,0.4319616034130521,12.453683035714286,829.7890625,22.21875,835.4453125,192362980.79050776,3955315170.757202,19.0,pre_failure
1774402079,2026-03-25T06:57:59.692171,7,4,7,0,0,0.007097279008704862,0.4255555555555549,0.044050747416953986,0.4273333333333393,13.274553571428571,822.9166666666666,21.53515625,856.09375,192393140.97751975,3955879171.297761,19.0,pre_failure
1774402109,2026-03-25T06:58:29.757034,7,4,7,0,0,0.005525256897172022,0.42437037037039194,0.033316634058833824,0.4266666666667068,12.510602678571429,802.2473958333334,22.21875,833.14453125,192442625.0525146,3956212174.8632083,19.0,pre_failure
1774402139,2026-03-25T06:58:59.820177,7,4,7,0,0,0.00630665264433755,0.43587124209152955,0.03981569597307735,0.43888888888884214,12.7734375,848.3190104166666,23.66015625,879.9765625,192476015.58340326,3956212174.8632083,19.0,pre_failure
1774402169,2026-03-25T06:59:29.889406,7,4,7,0,0,0.0068725689012671155,0.435397733978241,0.04325846720591949,0.435555555555537,13.196428571428571,856.7890625,23.38671875,900.07421875,192506937.04931307,3956212174.8632083,19.0,pre_failure
1774402200,2026-03-25T06:59:59.962307,7,4,7,0,0,0.006187644490673842,0.44555555555553505,0.03853084635020551,0.4484444444444091,12.463169642857142,797.4609375,21.55859375,835.05078125,192535666.6804408,3956212174.8632083,19.0,pre_failure
1774402230,2026-03-25T07:00:30.026500,7,4,7,0,0,0.00543040605826259,0.41875001543314233,0.032996692411036616,0.4222222222222556,12.815290178571429,837.3424479166666,21.859375,872.73828125,192559988.69842672,3956212174.8632083,19.0,pre_failure
1774402260,2026-03-25T07:01:00.105205,7,4,7,0,0,0.007140144380649945,0.4363092291331269,0.044883851403462696,0.4368888888888742,12.270089285714286,802.6653645833334,21.55859375,828.28125,192586438.5097583,3956571176.792097,19.0,pre_failure
1774402290,2026-03-25T07:01:30.178570,7,4,7,0,0,0.0076382431496392275,0.4237067951444854,0.048921973391379533,0.4306666666666444,12.501674107142858,821.5026041666666,21.9296875,831.078125,192614917.57218152,3956571176.792097,19.0,pre_failure
1774402320,2026-03-25T07:02:00.251935,7,4,7,0,0,0.008889696034771796,0.439172116961588,0.056889555561597305,0.44086929469801167,12.7890625,817.7786458333334,23.6953125,857.73046875,192635597.69470194,3956571176.792097,19.0,pre_failure
1774402350,2026-03-25T07:02:30.328455,7,4,7,0,0,0.004062677030262973,0.42322149036859286,0.024102867793695786,0.42507332681539367,12.537388392857142,827.94921875,21.58203125,858.5390625,192675596.1104067,3960018182.6674194,19.0,pre_failure
1774402380,2026-03-25T07:03:00.396377,7,4,7,0,0,0.009237925116991615,0.42289205768356997,0.058317224503660156,0.427787284161857,12.431919642857142,838.234375,21.84765625,915.73046875,192708246.72981575,3960451187.0315313,19.0,pre_failure
1774402410,2026-03-25T07:03:30.463275,7,4,7,0,0,0.00837791553538567,0.4255460697681775,0.05337339779043947,0.4268604315267799,12.420200892857142,839.203125,21.7578125,867.26953125,192727607.7581965,3961018189.6440287,19.0,pre_failure
1774402440,2026-03-25T07:04:00.530870,7,4,7,0,0,0.009597811836901426,0.436740740740718,0.06131951417373767,0.43777777777777754,12.69921875,850.4934895833334,22.47265625,877.44140625,192757180.23415402,3961018189.6440287,19.0,pre_failure
1774402470,2026-03-25T07:04:30.592629,7,4,7,0,0,0.0073532851097169215,0.4362222222222315,0.045994767970054765,0.43866666666667187,12.449776785714286,805.6901041666666,22.13671875,841.21484375,192793448.2289677,3963691193.3581667,19.0,pre_failure
1774402500,2026-03-25T07:05:00.655175,7,4,7,0,0,0.008832444813078735,0.44665351886417337,0.05578658884092033,0.44888888888890877,12.382254464285714,833.55078125,21.734375,877.2578125,192834721.3895352,3963691193.3581667,19.0,pre_failure
1774402530,2026-03-25T07:05:30.725385,7,4,7,0,0,0.008256275332522068,0.43370370370370076,0.05237605861700735,0.4417777777777637,12.76953125,813.26171875,23.83203125,825.015625,192874862.007259,3963691193.3581667,19.0,pre_failure
1774402560,2026-03-25T07:06:00.788064,7,4,7,0,0,0.006654729875899486,0.4293848150370102,0.040012267593773757,0.43571000066656834,12.466517857142858,814.97265625,21.65234375,826.1015625,192902943.83095163,3963691193.3581667,19.0,pre_failure
1774402590,2026-03-25T07:06:30.858454,7,4,7,0,0,0.006080924279866119,0.42895638442944045,0.03684059156537881,0.4317585885071593,12.690290178571429,822.9401041666666,21.71875,833.5859375,192951535.49039453,3967626199.00337,19.0,pre_failure
1774402620,2026-03-25T07:07:00.926849,7,4,7,0,0,0.007310429707554773,0.42333333333332673,0.04621986932877081,0.4264444444444329,12.595424107142858,841.9401041666666,21.62890625,906.93359375,192973710.5261431,3967626199.00337,19.0,pre_failure
1774402651,2026-03-25T07:07:30.992809,7,4,7,0,0,0.00804459402694449,0.42157119515338104,0.050732699849383195,0.42226914101568924,12.631138392857142,831.1536458333334,22.28515625,853.1796875,193020071.6346712,3971152199.424659,19.0,pre_failure
1774402681,2026-03-25T07:08:01.070646,7,4,7,0,0,0.007088696156076766,0.414879684564219,0.044459388062660636,0.4166666666666697,12.760044642857142,844.0364583333334,22.125,848.30859375,193085295.82941592,3974212205.354708,19.0,pre_failure
1774402711,2026-03-25T07:08:31.143747,7,4,7,0,0,0.008867321565215917,0.4314719166870438,0.056063209064073374,0.4337777777777993,13.061941964285714,836.0833333333334,23.34375,898.3359375,193108412.11702895,3974212205.354708,19.0,pre_failure
1774402741,2026-03-25T07:09:01.217503,7,4,7,0,0,0.009987633767209465,0.44644444444444137,0.06505431236134399,0.45044444444443266,12.692522321428571,846.0377604166666,22.7109375,882.359375,193127518.74023607,3974212205.354708,19.0,pre_failure
1774402771,2026-03-25T07:09:31.283330,7,4,7,0,0,0.007970805404748852,0.43400963521024305,0.050907466608224525,0.43600000000001077,12.893415178571429,860.7044270833334,22.90234375,883.0703125,193178355.920024,3977928219.07448,19.0,pre_failure
1774402801,2026-03-25T07:10:01.332418,7,4,7,0,0,0.007726444020217168,0.4317681784177405,0.04808536022211948,0.4333333333333743,13.157366071428571,851.6627604166666,22.8671875,860.0,193206271.59720474,3977928219.07448,19.0,pre_failure
1774402831,2026-03-25T07:10:31.394331,7,4,7,0,0,0.010727331589273128,0.4442799100413641,0.06981767573663575,0.44535312680559014,12.87890625,849.015625,23.98828125,871.1640625,193231956.41215533,3978277221.4004865,19.0,pre_failure
1774402861,2026-03-25T07:11:01.457950,7,4,7,0,0,0.006446580806213657,0.41977154924801785,0.039282726419245136,0.4204257588551636,13.028459821428571,848.7018229166666,24.671875,878.109375,193270126.08814162,3981853223.3819203,19.0,pre_failure
1774402891,2026-03-25T07:11:31.528382,7,4,7,0,0,0.006377951044457241,0.4186666666666612,0.04008462271787608,0.4193333333332973,13.244419642857142,841.75390625,24.5234375,878.2890625,193301487.26110792,3981853223.3819203,19.0,pre_failure
1774402921,2026-03-25T07:12:01.586932,7,4,7,0,0,0.01056349017526443,0.4398583739524253,0.06907008922645415,0.4408888888889155,12.492745535714286,847.42578125,22.7578125,871.2578125,193332108.2225324,3984922225.3236623,19.0,pre_failure
1774402951,2026-03-25T07:12:31.642563,7,4,7,0,0,0.005198353138399994,0.40879675182148373,0.03089723498873042,0.4135555555555539,12.765625,837.484375,22.6953125,865.72265625,193365028.02076593,3984922225.3236623,19.0,pre_failure
1774402981,2026-03-25T07:13:01.699564,7,4,7,0,0,0.007756498398280182,0.417481481481496,0.048894439537401746,0.42000000000004667,12.731584821428571,873.07421875,22.84375,925.8671875,193401099.69676873,3987251226.547156,19.0,pre_failure
1774403011,2026-03-25T07:13:31.756476,7,4,7,0,0,0.007666163643186924,0.42762962962962614,0.04777299654717744,0.4282222222222275,12.717075892857142,855.7369791666666,22.26171875,877.234375,193433793.9497664,3987675229.3443513,19.0,pre_failure
1774403041,2026-03-25T07:14:01.820195,7,4,7,0,0,0.005145080187010478,0.44001303819598675,0.03163845862983685,0.4417777777778067,13.088169642857142,809.9427083333334,21.734375,825.296875,193449875.7614182,3987675229.3443513,19.0,pre_failure
1774403071,2026-03-25T07:14:31.886428,7,4,7,0,0,0.009784279880896325,0.44043469200817975,0.06216190862879396,0.4433333333333058,13.118861607142858,889.1041666666666,24.33984375,913.0859375,193475227.27468786,3987675229.3443513,19.0,pre_failure
1774403101,2026-03-25T07:15:01.949011,7,4,7,0,0,0.008035626070312099,0.5552759916107889,0.051502482492260894,0.5647168637212159,13.114397321428571,814.0963541666666,21.71484375,832.6953125,193530613.2089584,3987675229.3443513,20.0,pre_failure
1774403132,2026-03-25T07:15:32.007214,7,4,7,0,0,0.1134382048689611,0.7471684653122125,0.7751881020100524,0.7568888888889123,13.146763392857142,788.41796875,22.359375,811.7109375,193572140.24210078,3989819235.512379,20.0,pre_failure
1774403162,2026-03-25T07:16:02.065838,7,4,7,0,0,0.15432654853117014,0.7665015122448693,0.9994760149030448,0.7684444444444396,13.805803571428571,824.2395833333334,24.64453125,855.82421875,193597736.17054498,3989819235.512379,20.0,pre_failure
1774403192,2026-03-25T07:16:32.123501,7,4,7,0,0,0.14817551074577986,0.7342962962962852,0.9999487166466983,0.7355555555555332,13.292410714285714,814.4583333333334,23.46484375,861.16796875,193631920.01560646,3989819235.512379,20.0,pre_failure
1774403222,2026-03-25T07:17:02.189110,7,4,7,0,0,0.12922487846571587,0.7466170173372608,0.8621079389700326,0.749555555555554,13.412388392857142,829.9322916666666,25.49609375,874.9375,193652236.1889998,3990345237.04773,20.0,pre_failure
1774403252,2026-03-25T07:17:32.271053,7,4,7,0,0,0.11221729143624933,0.7305871809977792,0.7349447079218414,0.7310623736195524,13.57421875,871.6953125,23.5234375,914.49609375,193691272.6952938,3990345237.04773,20.0,pre_failure
1774403282,2026-03-25T07:18:02.323329,7,4,7,0,0,0.11361440893655902,0.7374814814814631,0.7576924548037173,0.7393333333333322,13.464285714285714,844.3255208333334,23.76953125,892.75390625,193719186.57107863,3990345237.04773,20.0,pre_failure
1774403312,2026-03-25T07:18:32.389262,7,4,7,0,0,0.12995508214120047,0.7431111111110901,0.861057709005033,0.744888888888886,13.24609375,835.44921875,21.97265625,850.13671875,193738232.81910494,3990873240.49685,20.0,pre_failure
1774403342,2026-03-25T07:19:02.450495,7,4,7,0,0,0.1491476523057154,0.7439259259259164,0.9993043042938318,0.7448888888888903,13.8125,857.8229166666666,22.65625,876.41796875,193765657.2597996,3990873240.49685,20.0,pre_failure
1774403372,2026-03-25T07:19:32.511802,7,4,7,0,0,0.12811948243716492,0.7425925925925918,0.8434036711841175,0.7435555555555515,13.198102678571429,818.8138020833334,22.984375,881.265625,193798477.89808503,3991423263.938903,20.0,pre_failure
1774403402,2026-03-25T07:20:02.565558,7,4,7,0,0,0.09592546087549664,0.6649921125285805,0.6289201148956163,0.6795555555555627,13.007254464285714,851.046875,22.63671875,875.07421875,193823985.6153256,3991814265.8091288,20.0,pre_failure
1774403432,2026-03-25T07:20:32.616873,7,4,7,0,0,0.010081555857090767,0.4608248747447409,0.06544534331356237,0.4744444444444006,13.127232142857142,879.6861979166666,23.19140625,918.33203125,193853586.61912337,3991814265.8091288,20.0,pre_failure
1774403462,2026-03-25T07:21:02.680742,7,4,7,0,0,0.007393956441560872,0.4448049537438202,0.046337251284351205,0.4462222222222073,12.541852678571429,845.0533854166666,21.55078125,878.734375,193881266.49595523,3991814265.8091288,20.0,pre_failure
1774403492,2026-03-25T07:21:32.735530,7,4,7,0,0,0.0066950392879717045,0.4315844624770763,0.04225107698610012,0.43561363737389425,12.641741071428571,819.125,21.8515625,908.546875,193908343.25972244,3992382268.016791,20.0,pre_failure
1774403522,2026-03-25T07:22:02.805603,7,4,7,0,0,0.007440099270348077,0.44192592592591134,0.04782258550229811,0.442666666666662,13.2734375,798.70703125,23.3671875,836.328125,193945155.5093827,3995061270.232877,20.0,pre_failure
1774403552,2026-03-25T07:22:32.877713,7,4,7,0,0,0.0061594223968586236,0.429385160662262,0.038612774818064174,0.4311111111111069,12.805803571428571,804.5494791666666,22.453125,819.49609375,193983555.9240673,3995061270.232877,20.0,pre_failure
1774403582,2026-03-25T07:23:02.946757,7,4,7,0,0,0.006242087810392832,0.44346508001168766,0.0395103680650563,0.4439999999999865,12.720982142857142,845.3294270833334,21.94140625,860.54296875,194022221.37360477,3997187276.794879,20.0,pre_failure
1774403613,2026-03-25T07:23:33.009162,7,4,7,0,0,0.009659714439270843,0.45404386402484637,0.06325021588187493,0.45975734411804675,12.899553571428571,814.28515625,23.703125,879.109375,194051288.7876219,3997187276.794879,20.0,pre_failure
1774403643,2026-03-25T07:24:03.072574,7,4,7,0,0,0.010270130118902186,0.5162848432225089,0.06585723239255988,0.5180000000000164,13.493303571428571,816.40234375,23.8046875,848.62890625,194102740.8245577,3997187276.794879,20.0,pre_failure
1774403673,2026-03-25T07:24:33.136531,7,4,7,0,0,0.006523873899163043,0.4051360669175012,0.040393018694355895,0.40774153408585717,12.999441964285714,852.5546875,23.22265625,879.8203125,194126503.86041313,3997187276.794879,20.0,pre_failure
1774403703,2026-03-25T07:25:03.209362,7,4,7,0,0,0.007546077807270781,0.4197683734841335,0.04686237453767152,0.42083277785181017,13.302455357142858,823.7630208333334,24.3671875,868.46875,194156129.65613127,3998013278.7459006,20.0,pre_failure
1774403733,2026-03-25T07:25:33.279100,7,4,7,0,0,0.009997514826137999,0.4177037148161287,0.06498069476072219,0.4188888888888692,13.280133928571429,877.83203125,23.77734375,897.984375,194198588.75166,4001131282.9455996,20.0,pre_failure
1774403763,2026-03-25T07:26:03.341898,7,4,7,0,0,0.008208053668870957,0.4179783753802789,0.05297427775007543,0.41888888888887293,13.126674107142858,858.2669270833334,24.5234375,866.3671875,194227410.8362162,4001131282.9455996,20.0,pre_failure
1774403793,2026-03-25T07:26:33.394412,7,4,7,0,0,0.0038998108020882306,0.4067255654721413,0.02164115499279633,0.4097322519719941,12.975446428571429,818.1263020833334,22.48828125,832.984375,194236585.76342097,4001131282.9455996,20.0,pre_failure
1774403823,2026-03-25T07:27:03.486380,7,4,7,0,0,0.012777602899077747,0.4814220128209032,0.05785236444396959,0.49293270512936127,14.05859375,832.7174479166666,22.859375,861.69140625,194272657.7529803,4001464285.2054515,21.0,pre_failure
1774403853,2026-03-25T07:27:33.545108,7,4,7,0,0,0.1265604752768094,0.6912163597121326,0.8357666731653044,0.7014268569142363,13.868861607142858,821.55859375,25.51171875,855.69140625,194297296.76560903,4002016286.4095592,21.0,pre_failure
1774403883,2026-03-25T07:28:03.596606,7,4,7,0,0,0.11944577597384767,0.7257037037036909,0.7966037337459156,0.7259999999999927,13.37109375,802.1796875,25.046875,829.94140625,194322980.03724056,4002016286.4095592,21.0,pre_failure
1774403913,2026-03-25T07:28:33.655113,7,4,7,0,0,0.1312866257407361,0.7328888888888875,0.8923396172284636,0.7340000000000044,12.976004464285714,820.7877604166666,23.17578125,914.390625,194360266.57913423,4002016286.4095592,21.0,pre_failure
1774403943,2026-03-25T07:29:03.713203,7,4,7,0,0,0.13615532233626906,0.7449984661014517,0.9095063265555237,0.7466666666666949,13.001116071428571,861.9114583333334,22.4765625,871.6484375,194394043.08856368,4004065289.9208884,21.0,pre_failure
1774403973,2026-03-25T07:29:33.774566,7,4,7,0,0,0.11580477352402896,0.7200533122587053,0.771585775034443,0.72155555555559,13.192522321428571,812.0651041666666,22.671875,855.2890625,194427123.34038022,4004065289.9208884,21.0,pre_failure
1774404003,2026-03-25T07:30:03.832497,7,4,7,0,0,0.12830044452173198,0.7266289935145842,0.8553696252891299,0.7280000000000012,13.3046875,824.0846354166666,23.390625,861.05078125,194454948.92638373,4004375292.431278,21.0,pre_failure
1774404033,2026-03-25T07:30:33.889372,7,4,7,0,0,0.1150213687518722,0.7516981285189519,0.7587747886701364,0.7528888888888673,12.911272321428571,846.3658854166666,22.06640625,892.14453125,194484142.50207004,4004375292.431278,21.0,pre_failure
1774404064,2026-03-25T07:31:03.959578,7,4,7,0,0,0.11940122227357697,0.7582738719521231,0.7860500406138484,0.7608888888889065,12.787946428571429,819.6145833333334,22.171875,858.4609375,194519856.0323443,4004720294.476428,21.0,pre_failure
1774404094,2026-03-25T07:31:34.012225,7,4,7,0,0,0.1106151488787191,0.7473333333333188,0.7417920392115147,0.7493333333333148,13.061941964285714,818.94921875,21.91015625,857.84375,194557054.8925895,4004720294.476428,21.0,pre_failure
1774404124,2026-03-25T07:32:04.065015,7,4,7,0,0,0.10106955791382903,0.6973435658868999,0.6602797288378282,0.7160000000000144,13.051339285714286,832.7005208333334,23.4921875,859.43359375,194582631.6057006,4004720294.476428,21.0,pre_failure
1774404154,2026-03-25T07:32:34.126309,7,4,7,0,0,0.007406596642167386,0.4883457433593329,0.04616135854058505,0.5044444444444266,13.224888392857142,809.796875,22.34375,854.796875,194635361.36877605,4007236297.193017,21.0,pre_failure
1774404184,2026-03-25T07:33:04.183067,7,4,7,0,0,0.008176273748934659,0.45048499510397866,0.05066997866265094,0.45288888888891393,12.653459821428571,861.6666666666666,22.37890625,915.11328125,194664081.54049674,4007236297.193017,21.0,pre_failure
1774404214,2026-03-25T07:33:34.245675,7,4,7,0,0,0.004865289208826123,0.44347163028636843,0.027723295859590394,0.4439999999999776,12.857700892857142,812.4075520833334,23.6171875,866.3828125,194687090.20818704,4007236297.193017,21.0,pre_failure
1774404244,2026-03-25T07:34:04.307196,7,4,7,0,0,0.0039345053167558885,0.4185925925925858,0.021243686710420602,0.4213333333333442,13.476004464285714,836.1497395833334,23.18359375,879.58984375,194700103.45922557,4007236297.193017,21.0,pre_failure
1774404274,2026-03-25T07:34:34.356174,7,4,7,0,0,0.007368762629777406,0.43088248258924566,0.0457623436120177,0.4324252255455282,13.037388392857142,864.2903645833334,23.42578125,885.1953125,194732503.9941239,4007809298.8465247,21.0,pre_failure
1774404304,2026-03-25T07:35:04.415808,7,4,7,0,0,0.009286350652309323,0.44097619311265474,0.058576959674691904,0.44329392942850143,12.8828125,808.3841145833334,22.1015625,853.34375,194753576.40845358,4007809298.8465247,21.0,pre_failure
1774404334,2026-03-25T07:35:34.468506,7,4,7,0,0,0.005252080794935559,0.42431510248830245,0.03107078556281552,0.4266666666666612,13.189174107142858,878.18359375,22.16015625,919.7109375,194784383.7238544,4007809298.8465247,21.0,pre_failure
1774404364,2026-03-25T07:36:04.521419,7,4,7,0,0,0.0075659469468083735,0.43117565495632015,0.046921192414367,0.4375555555555315,13.431361607142858,882.03515625,22.19140625,900.8984375,194810362.50466692,4007809298.8465247,21.0,pre_failure
1774404394,2026-03-25T07:36:34.568739,7,4,7,0,0,0.00821507327201131,0.43629629629632966,0.05130425219893381,0.44511111111117474,12.949776785714286,817.0013020833334,24.29296875,865.4140625,194856626.34006652,4010753303.1025863,21.0,pre_failure
1774404424,2026-03-25T07:37:04.631365,7,4,7,0,0,0.007041376361085094,0.44296296296299126,0.04342281951095027,0.4437777777778088,12.813058035714286,771.20703125,23.28515625,780.17578125,194911757.75903428,4013693306.2913504,21.0,pre_failure
1774404454,2026-03-25T07:37:34.683760,7,4,7,0,0,0.009018367109265332,0.45164995826604354,0.05697982475087438,0.45739431924257545,12.782366071428571,815.0885416666666,21.98046875,825.86328125,194941104.76847988,4013693306.2913504,21.0,pre_failure
1774404484,2026-03-25T07:38:04.756684,7,4,7,0,0,0.008111831945156899,0.45008750078194976,0.050870217095967465,0.45533333333331333,12.815290178571429,857.7591145833334,24.0859375,895.9453125,194982578.80295968,4016170312.252652,21.0,pre_failure
1774404514,2026-03-25T07:38:34.859622,7,4,7,0,0,0.00556710864134278,0.42355555555553864,0.03269696706817496,0.4246666666666403,13.107142857142858,881.90234375,22.359375,925.34375,195018709.6153421,4016623318.5520544,21.0,pre_failure
1774404544,2026-03-25T07:39:04.919650,7,4,7,0,0,0.005002624003984671,0.43148168523555686,0.02903880747818524,0.4382514389847877,12.572544642857142,861.6888020833334,22.7109375,868.48046875,195046497.2309054,4016623318.5520544,21.0,pre_failure
1774404575,2026-03-25T07:39:34.979758,7,4,7,0,0,0.008254833847725334,0.43391636370573633,0.05176180870727757,0.4358068315665896,13.109375,836.8723958333334,25.73046875,905.23046875,195068750.86030793,4016925321.6298685,21.0,pre_failure
1774404605,2026-03-25T07:40:05.043773,7,4,7,0,0,0.0036205325685729718,0.42437667959287106,0.019159937499756,0.4266477045464454,12.685267857142858,846.10546875,23.47265625,913.51171875,195107249.92167416,4016925321.6298685,21.0,pre_failure
1774404635,2026-03-25T07:40:35.104089,7,4,7,0,0,0.00649334084480491,0.4233333333333546,0.03942962978001183,0.4242222222222507,12.952008928571429,850.3372395833334,22.00390625,874.6015625,195122405.23828873,4016925321.6298685,21.0,pre_failure
1774404665,2026-03-25T07:41:05.175767,7,4,7,0,0,0.007810953790657418,0.4422962962962851,0.04868566007831323,0.4502222222221727,12.696428571428571,877.0065104166666,23.65234375,885.5390625,195149409.14663005,4016925321.6298685,21.0,pre_failure
1774404695,2026-03-25T07:41:35.246925,7,4,7,0,0,0.0073165057271386775,0.43467308999741516,0.0450438525389589,0.43577777777779453,12.915178571428571,859.8229166666666,22.9296875,917.8359375,195170986.29025263,4016925321.6298685,21.0,pre_failure
1774404725,2026-03-25T07:42:05.334086,7,4,7,0,0,0.006762245783359753,0.43251209575872285,0.04141786160070063,0.43353628727613475,12.715959821428571,827.98046875,23.08984375,873.91796875,195203985.05114275,4016925321.6298685,21.0,pre_failure
1774404755,2026-03-25T07:42:35.406539,7,4,7,0,0,0.007127517832326009,0.43311456731635367,0.04357189771693317,0.4360581410854656,12.755580357142858,859.8893229166666,23.01953125,891.40625,195242454.27419806,4016925321.6298685,21.0,pre_failure
1774404785,2026-03-25T07:43:05.472802,7,4,7,0,0,0.006139306101401,0.44209044626357324,0.037015145038207076,0.4453333333333362,12.775669642857142,875.8333333333334,22.67578125,924.88671875,195272237.13967636,4019704329.6779532,21.0,pre_failure
1774404815,2026-03-25T07:43:35.523735,7,4,7,0,0,0.0066869163494136016,0.4372592592592725,0.040445938447417465,0.43955555555556636,12.616629464285714,874.9739583333334,22.109375,912.53515625,195318907.28746593,4021530331.6719832,21.0,pre_failure
1774404845,2026-03-25T07:44:05.586019,7,4,7,0,0,0.0059470079319974565,0.42512375421025905,0.03533510444207551,0.4280000000000073,13.016741071428571,825.1419270833334,22.05078125,886.33203125,195338243.9515846,4022251336.4196014,21.0,pre_failure
1774404875,2026-03-25T07:44:35.647645,7,4,7,0,0,0.009259699151421455,0.42928154749997705,0.058427790138903146,0.4298446424999046,20.756138392857142,821.6236979166666,78.87109375,876.9140625,195369830.6486675,4022251336.4196014,21.0,pre_failure
1774404905,2026-03-25T07:45:05.723098,7,4,7,0,0,0.010484664823870274,0.435649306327282,0.06633838323332052,0.44272569675961143,12.846540178571429,884.3684895833334,22.234375,921.140625,195384986.0106826,4022251336.4196014,21.0,pre_failure
1774404935,2026-03-25T07:45:35.792098,7,4,7,0,0,0.00875096137365545,0.42187704810072757,0.05459910215626274,0.4251866998577587,12.6640625,851.6809895833334,23.1796875,907.5546875,195416029.13200533,4022251336.4196014,21.0,pre_failure
1774404965,2026-03-25T07:46:05.858518,7,4,7,0,0,0.0047033609005659675,0.3952592592592517,0.027273560331466773,0.40599999999999703,12.851004464285714,803.8893229166666,24.64453125,823.83984375,195448541.81874204,4022251336.4196014,21.0,pre_failure
1774404995,2026-03-25T07:46:35.925584,7,4,7,0,0,0.005813640109041588,0.39458133536332357,0.035425879495952384,0.4097777777777637,12.856584821428571,813.3450520833334,23.6875,844.66015625,195479731.12981853,4022251336.4196014,21.0,pre_failure
1774405026,2026-03-25T07:47:05.991684,7,4,7,0,0,0.007256920621383309,0.4265153005233922,0.04534827007385507,0.42796195893698324,12.66015625,822.73828125,22.66015625,836.33984375,195532945.32662275,4022251336.4196014,21.0,pre_failure
1774405056,2026-03-25T07:47:36.058775,7,4,7,0,0,0.005490112259315264,0.4110370370370514,0.03262142591349007,0.4128888888889163,13.28125,884.6901041666666,25.7421875,912.97265625,195572262.16402245,4025718344.3573284,21.0,pre_failure
1774405086,2026-03-25T07:48:06.122567,7,4,7,0,0,0.007551895424891981,0.4108888888888692,0.04685327644177546,0.4111111111110895,12.719866071428571,816.1653645833334,22.5625,840.05078125,195600941.81945837,4025718344.3573284,21.0,pre_failure
1774405116,2026-03-25T07:48:36.184750,7,4,7,0,0,0.0041128407950115214,0.4104383245518367,0.023085092687655677,0.4130927514332817,12.588169642857142,835.45703125,22.60546875,898.14453125,195626410.55343696,4025718344.3573284,21.0,pre_failure
1774405146,2026-03-25T07:49:06.241277,7,4,7,0,0,0.007128804081377936,0.4272750387903427,0.04386356070753821,0.43333333333334845,13.142299107142858,814.3020833333334,23.67578125,830.29296875,195657443.90227595,4025718344.3573284,21.0,pre_failure
1774405176,2026-03-25T07:49:36.291682,7,4,7,0,0,0.0073149449924732575,0.4293333333333154,0.044416221360814766,0.43333333333330926,12.822544642857142,886.20703125,23.57421875,902.98046875,195679353.89169976,4026121346.8714113,21.0,pre_failure
1774405206,2026-03-25T07:50:06.357513,7,4,7,0,0,0.005851237102098661,0.42185185185186563,0.034630938627291954,0.4251111111110971,12.508370535714286,849.62109375,22.37109375,912.0859375,195697906.1066923,4026121346.8714113,21.0,pre_failure
1774405236,2026-03-25T07:50:36.417472,7,4,7,0,0,0.0073373174560421315,0.4269315460761947,0.04480478578578049,0.4328888888889095,13.243861607142858,779.8984375,25.38671875,789.78515625,195735575.85278565,4028601351.250201,21.0,pre_failure
1774405266,2026-03-25T07:51:06.475695,7,4,7,0,0,0.0073580279396054955,0.4320317813090465,0.04510549146003291,0.4380000000000259,13.300223214285714,811.28125,24.57421875,843.15234375,195769564.44793004,4028601351.250201,21.0,pre_failure
1774405296,2026-03-25T07:51:36.542241,7,4,7,0,0,0.004489583400319711,0.44009015816573827,0.025767518428942884,0.45422222222220954,12.593191964285714,815.8385416666666,22.9375,850.87109375,195793847.91215283,4028601351.250201,21.0,pre_failure
1774405326,2026-03-25T07:52:06.601096,7,4,7,0,0,0.006700992175537848,0.4642323957399545,0.040750405196590254,0.47622222222220206,12.837053571428571,812.265625,23.48828125,852.828125,195828362.38072413,4029129357.9016976,21.0,pre_failure
1774405356,2026-03-25T07:52:36.675349,7,4,7,0,0,0.008898243127491535,0.4611111111111043,0.0562369239378518,0.4637777777777853,12.950334821428571,821.4856770833334,22.95703125,855.02734375,195875072.55244902,4032148362.602289,21.0,pre_failure
1774405386,2026-03-25T07:53:06.727927,7,4,7,0,0,0.008748223213654321,0.5214930702163793,0.05620400880788169,0.5269005977911083,12.7265625,879.2122395833334,22.75,912.375,195907184.53566512,4033237369.250038,21.0,pre_failure
1774405416,2026-03-25T07:53:36.805451,7,4,7,0,0,0.00726358337235138,0.4645853407226265,0.04437434855210051,0.4890785058773961,12.767299107142858,871.4713541666666,23.05078125,903.0,195952398.7891315,4035072373.7346153,21.0,pre_failure
1774405446,2026-03-25T07:54:06.897006,7,4,7,0,0,0.007812226460466175,0.42169439568224343,0.04921616957234978,0.42777777777775106,13.022879464285714,853.0794270833334,23.1484375,890.23828125,195984289.5062971,4035072373.7346153,21.0,pre_failure
1774405477,2026-03-25T07:54:36.959269,7,4,7,0,0,0.008930289211903144,0.4323894148849611,0.05632530370514367,0.4408888888888945,13.008370535714286,809.1744791666666,23.4375,863.97265625,196025297.75273043,4037895382.2821035,21.0,pre_failure
1774405507,2026-03-25T07:55:07.023340,7,4,7,0,0,0.006082699362765474,0.4442157434978453,0.037542902527816044,0.44866666666668553,13.099888392857142,813.2513020833334,22.17578125,895.1875,196066026.4758674,4037895382.2821035,21.0,pre_failure
1774405537,2026-03-25T07:55:37.080215,7,4,7,0,0,0.009727668627549304,0.4199936968645236,0.061693996842826046,0.42307350457739673,12.612723214285714,791.24609375,22.3828125,848.94921875,196085529.76305556,4037895382.2821035,21.0,pre_failure
1774405567,2026-03-25T07:56:07.135971,7,4,7,0,0,0.004763406076589216,0.4294814814815017,0.026862133345594116,0.4380000000000134,12.719308035714286,865.0729166666666,22.19140625,914.8046875,196151216.1078176,4043092394.9359083,21.0,pre_failure
1774405597,2026-03-25T07:56:37.194710,7,4,7,0,0,0.009800967349798063,0.4423703124233538,0.06244570783827382,0.444192609381568,12.602120535714286,814.8190104166666,22.2421875,919.3671875,196174935.53298682,4043092394.9359083,21.0,pre_failure
1774405627,2026-03-25T07:57:07.247348,7,4,7,0,0,0.007507913276821456,0.4365763804021758,0.046785290029873194,0.4377291412065297,12.845982142857142,853.40234375,23.765625,935.93359375,196192434.6384711,4043092394.9359083,21.0,pre_failure
1774405657,2026-03-25T07:57:37.303744,7,4,7,0,0,0.005741489056752514,0.4397777777777723,0.035139689128249475,0.44555555555554566,12.654017857142858,827.3841145833334,23.69921875,847.7265625,196219315.90070495,4043092394.9359083,21.0,pre_failure
1774405687,2026-03-25T07:58:07.370153,7,4,7,0,0,0.009360878531166083,0.4479390826509599,0.05922058236820696,0.4515555555555275,13.156808035714286,826.4296875,26.28125,871.0234375,196265133.65913773,4043465398.8371587,21.0,pre_failure
1774405717,2026-03-25T07:58:37.428947,7,4,7,0,0,0.005914435789060845,0.4291237065120424,0.035485818001493585,0.4324444444444515,12.673549107142858,878.453125,24.01171875,921.3046875,196283651.31699514,4043465398.8371587,21.0,pre_failure
1774405747,2026-03-25T07:59:07.483344,7,4,7,0,0,0.05677080601517017,0.5593985189135566,0.35361010153745265,0.5999733345184558,13.036272321428571,823.2408854166666,23.1640625,826.8671875,196295928.198573,4044054409.4203334,22.0,pre_failure
1774405777,2026-03-25T07:59:37.538074,7,4,7,0,0,0.13031018048726517,0.7237246200818419,0.8776077876161598,0.738666666666629,13.260044642857142,857.49609375,23.84375,879.7109375,196337278.3403435,4046735414.9477715,22.0,pre_failure
1774405807,2026-03-25T08:00:07.587064,7,4,7,0,0,0.1504118789366748,0.7519259259259036,0.9998481823805031,0.759555555555538,13.153459821428571,795.8059895833334,23.1796875,878.13671875,196376113.9298947,4046735414.9477715,22.0,pre_failure
1774405837,2026-03-25T08:00:37.636447,7,4,7,0,0,0.1505425087703727,0.7590771897080353,0.9998570775588453,0.7651111111110784,13.135044642857142,824.0208333333334,22.61328125,832.609375,196410655.51924613,4046735414.9477715,22.0,pre_failure
1774405867,2026-03-25T08:01:07.685527,7,4,7,0,0,0.14877945075257137,0.7408560515718468,0.9994514986923384,0.7448888888888809,13.71875,827.2447916666666,23.51171875,848.015625,196437304.56085598,4046735414.9477715,22.0,pre_failure
1774405897,2026-03-25T08:01:37.742036,7,4,7,0,0,0.148864957921799,0.7416296296296185,1.000932849902516,0.7431111111111071,13.010602678571429,845.65234375,22.26171875,883.82421875,196491120.50186908,4050058417.5364804,22.0,pre_failure
1774405927,2026-03-25T08:02:07.805561,7,4,7,0,0,0.15104570686296712,0.7484776538106237,1.0000851835591802,0.7502222222222271,12.936383928571429,896.0325520833334,22.51171875,919.828125,196513867.49963552,4051205423.6253543,22.0,pre_failure
1774405957,2026-03-25T08:02:37.865202,7,4,7,0,0,0.14903467387205546,0.7483461711345658,1.0004180836534633,0.7489221743188472,13.119419642857142,832.9778645833334,22.30859375,854.39453125,196544506.88949263,4051205423.6253543,22.0,pre_failure
1774405987,2026-03-25T08:03:07.917141,7,4,7,0,0,0.1494026916549802,0.7550649660662014,0.9999200773331944,0.7568888888889104,13.0390625,821.90625,22.27734375,871.93359375,196582528.51395592,4051205423.6253543,22.0,pre_failure
1774406018,2026-03-25T08:03:37.988053,7,4,7,0,0,0.1499160901032433,0.7565017295143497,1.0001214019616986,0.758666666666684,12.856584821428571,850.7786458333334,22.27734375,866.3828125,196616511.23118344,4051545424.4790483,22.0,pre_failure
1774406048,2026-03-25T08:04:08.042925,7,4,7,0,0,0.09770483657044818,0.5908846629725881,0.6229974774224988,0.6079999999999851,13.276227678571429,830.9036458333334,22.69921875,861.11328125,196639480.40543833,4052054427.868718,22.0,pre_failure
1774406078,2026-03-25T08:04:38.108785,7,4,7,0,0,0.004871031061690665,0.40021038459134006,0.028875983449796562,0.40111111111111003,12.912388392857142,830.3385416666666,22.31640625,863.50390625,196680449.2794102,4052054427.868718,22.0,pre_failure
1774406108,2026-03-25T08:05:08.176399,7,4,7,0,0,0.005630193812696067,0.411102000607364,0.03375138741779303,0.4124444444444369,13.266741071428571,844.8385416666666,23.58984375,853.75390625,196706893.55311936,4052418430.256259,22.0,pre_failure
1774406138,2026-03-25T08:05:38.243648,7,4,7,0,0,0.00597898714194632,0.4203703703703581,0.03663598224958325,0.42111111111110455,12.811941964285714,850.4609375,22.375,870.65625,196729411.38903862,4052418430.256259,22.0,pre_failure
1774406168,2026-03-25T08:06:08.313301,7,4,7,0,0,0.009286401356011055,0.43037037037037806,0.059215767388855436,0.4353333333333479,13.118303571428571,822.8385416666666,23.0859375,833.71484375,196752434.88701504,4052418430.256259,22.0,pre_failure
1774406198,2026-03-25T08:06:38.379673,7,4,7,0,0,0.004728241028061699,0.412666666666658,0.02749525848257589,0.41666666666666924,12.961495535714286,849.7434895833334,22.9609375,905.6953125,196777041.92007768,4052418430.256259,22.0,pre_failure
1774406228,2026-03-25T08:07:08.453182,7,4,7,0,0,0.004726519570356615,0.4316392697784684,0.027961490063878228,0.43380669822431434,12.994419642857142,836.8802083333334,22.9609375,850.96875,196816697.86290425,4052418430.256259,22.0,pre_failure
1774406258,2026-03-25T08:07:38.524113,7,4,7,0,0,0.01026310653492937,0.4478385721696023,0.06566228373643772,0.4502222222222586,13.115513392857142,779.2330729166666,22.67578125,789.23046875,196850501.08542496,4055807432.923788,22.0,pre_failure
1774406288,2026-03-25T08:08:08.588595,7,4,7,0,0,0.008826406818053295,0.44312094880398206,0.055830799809140054,0.44422222222224256,12.987723214285714,853.7760416666666,22.74609375,873.26953125,196868867.60273862,4055807432.923788,22.0,pre_failure
1774406318,2026-03-25T08:08:38.653470,7,4,7,0,0,0.009346981077836334,0.4336135466081201,0.058902112525526094,0.4346473490066881,12.677455357142858,835.8359375,23.30859375,845.33203125,196898763.6245391,4055807432.923788,22.0,pre_failure
1774406348,2026-03-25T08:09:08.722225,7,4,7,0,0,0.007891535655515015,0.4191111864253332,0.049757006612604765,0.42025023890483915,13.25,863.6705729166666,23.61328125,894.75390625,196935654.0533196,4055807432.923788,22.0,pre_failure
1774406378,2026-03-25T08:09:38.791947,7,4,7,0,0,0.008011912566099096,0.4350467884171106,0.05006480545515946,0.43672489665289044,12.779575892857142,838.3372395833334,23.12890625,864.89453125,196968569.4521295,4056123434.915675,22.0,pre_failure
1774406408,2026-03-25T08:10:08.857772,7,4,7,0,0,0.007260459066193808,0.4265280253251605,0.04564555891572507,0.42800000000004274,12.625,809.2942708333334,23.17578125,831.23046875,196992818.07199395,4056123434.915675,22.0,pre_failure
1774406438,2026-03-25T08:10:38.925126,7,4,7,0,0,0.007956546777529857,0.42058639701908596,0.049236591362304336,0.4218152724686756,12.897879464285714,824.66015625,24.3359375,866.11328125,197025400.19089556,4056546436.0704803,22.0,pre_failure
1774406469,2026-03-25T08:11:09.008618,7,4,7,0,0,0.0072850000366627985,0.43407086097675246,0.04529950336480606,0.43555555555556225,12.698102678571429,871.23828125,22.56640625,890.65234375,197079962.98922476,4059957443.1857276,22.0,pre_failure
1774406499,2026-03-25T08:11:39.070888,7,4,7,0,0,0.010828581352291321,0.44606091968778405,0.06950858800697887,0.44755555555555526,13.260602678571429,871.5533854166666,25.41796875,889.24609375,197108467.17731962,4060524444.2490926,22.0,pre_failure
1774406529,2026-03-25T08:12:09.135544,7,4,7,0,0,0.00993703582254156,0.4400382631324635,0.06309572744952938,0.44262732201579846,12.707589285714286,830.5299479166666,22.59375,900.13671875,197147343.28121984,4060524444.2490926,22.0,pre_failure
1774406559,2026-03-25T08:12:39.206765,7,4,7,0,0,0.010103670501876515,0.4468081912409028,0.06416377459083297,0.4471111111111654,12.961495535714286,791.0572916666666,24.16015625,806.078125,197170302.84166256,4060524444.2490926,22.0,pre_failure
1774406589,2026-03-25T08:13:09.286241,7,4,7,0,0,0.006828924845928648,0.4386023584303613,0.04225210429494537,0.4391501466796833,13.407366071428571,789.6979166666666,25.09375,813.3125,197196595.6211284,4060524444.2490926,22.0,pre_failure
1774406619,2026-03-25T08:13:39.354290,7,4,7,0,0,0.010290716661053302,0.4361481146589747,0.06711155788592872,0.43775832185233915,12.916294642857142,850.5729166666666,24.96484375,902.1953125,197220819.31346047,4060524444.2490926,22.0,pre_failure
1774406649,2026-03-25T08:14:09.426027,7,4,7,0,0,0.008788402034245246,0.4220740740740855,0.055363469179879304,0.42600000000000654,12.708705357142858,835.0442708333334,22.46484375,898.6953125,197247415.59110838,4060524444.2490926,22.0,pre_failure
1774406679,2026-03-25T08:14:39.479687,7,4,7,0,0,0.007026503246436257,0.42353990241810613,0.04373276513983103,0.4266666666666562,12.979352678571429,860.7591145833334,22.65625,939.42578125,197282095.37504834,4060524444.2490926,22.0,pre_failure
1774406709,2026-03-25T08:15:09.542794,7,4,7,0,0,0.00809971090157962,0.4278518518518458,0.05078013698834073,0.42911111111109723,12.588169642857142,804.19921875,23.08984375,841.5390625,197301305.01888227,4060524444.2490926,22.0,pre_failure
1774406739,2026-03-25T08:15:39.591796,7,4,7,0,0,0.0063058502098321855,0.44391274520455876,0.037970944951557783,0.44555555555558096,12.541852678571429,840.0611979166666,22.40625,876.27734375,197325750.252472,4060524444.2490926,22.0,pre_failure
1774406769,2026-03-25T08:16:09.651353,7,4,7,0,0,0.007972472086975017,0.4442090875872739,0.04966614898300577,0.4462222222222244,12.712053571428571,877.5013020833334,22.50390625,890.765625,197360656.31574526,4060524444.2490926,22.0,pre_failure
1774406799,2026-03-25T08:16:39.721998,7,4,7,0,0,0.009209363963194028,0.4397777494479129,0.05879720447177542,0.44200000000001727,13.333705357142858,832.4700520833334,24.3515625,840.828125,197389424.94334105,4060524444.2490926,22.0,pre_failure
1774406829,2026-03-25T08:17:09.796138,7,4,7,0,0,0.009584871512965693,0.4345893646807673,0.061273483469539994,0.4382222222222038,12.640066964285714,837.7864583333334,23.25,865.953125,197410595.3718425,4060900446.0119715,22.0,pre_failure
1774406859,2026-03-25T08:17:39.862173,7,4,7,0,0,0.00828709454863952,0.43696296296296677,0.05168646043669764,0.43933333333334307,12.720982142857142,806.9908854166666,23.453125,843.765625,197435143.48475602,4060900446.0119715,22.0,pre_failure
1774406889,2026-03-25T08:18:09.931721,7,4,7,0,0,0.010442944431588,0.4421219733775739,0.0672170593458297,0.4424444444444563,13.303013392857142,838.0807291666666,23.9375,900.84765625,197472862.48720726,4060900446.0119715,22.0,pre_failure
1774406920,2026-03-25T08:18:40.000419,7,4,7,0,0,0.008634577179217994,0.429313810010511,0.05397459317250403,0.4392747633648665,12.739955357142858,841.3515625,22.91015625,901.0390625,197504958.9631765,4061883451.2518167,22.0,pre_failure
1774406950,2026-03-25T08:19:10.069210,7,4,7,0,0,0.007015056872038395,0.42576518959633225,0.0427805459942207,0.42755555555557967,12.541294642857142,854.5872395833334,22.5078125,914.9375,197531461.92299664,4061883451.2518167,22.0,pre_failure
1774406980,2026-03-25T08:19:40.140318,7,4,7,0,0,0.009568017522326309,0.42591337724711903,0.06097220810513686,0.43022222222221107,12.711495535714286,858.01171875,22.43359375,878.51953125,197566906.43873003,4065119454.856164,22.0,pre_failure
1774407010,2026-03-25T08:20:10.215538,7,4,7,0,0,0.007057621654554013,0.42607407407408104,0.04330944614663039,0.4317777777777881,12.661830357142858,862.2565104166666,22.4453125,879.71484375,197607767.98030934,4065119454.856164,22.0,pre_failure
1774407040,2026-03-25T08:20:40.295393,7,4,7,0,0,0.008325612462736815,0.41779017723387096,0.0517447892814189,0.41848164281271044,13.040178571428571,832.2044270833334,24.3671875,855.91796875,197655800.68445107,4066221460.7092266,22.0,pre_failure
1774407070,2026-03-25T08:21:10.368735,7,4,7,0,0,0.006906086165266035,0.42982030803160876,0.041996412859338576,0.43777777777775473,12.617745535714286,846.31640625,22.48046875,874.09375,197691127.75827453,4068904464.045089,22.0,pre_failure
1774407100,2026-03-25T08:21:40.440080,7,4,7,0,0,0.007889393512011587,0.4328052006409277,0.049525077295482334,0.43333333333331564,23.862723214285715,874.80859375,101.1171875,905.12109375,197720488.93598872,4068904464.045089,22.0,pre_failure
1774407130,2026-03-25T08:22:10.499257,7,4,7,0,0,0.009449985303874187,0.44776112718477595,0.06034022409563239,0.44996000355529525,12.619419642857142,854.41796875,22.7421875,867.265625,197738992.4824468,4068904464.045089,22.0,pre_failure
1774407160,2026-03-25T08:22:40.563611,7,4,7,0,0,0.011228235535489352,0.4515320530386469,0.07260544424899339,0.4535555555555509,12.856584821428571,843.4622395833334,23.82421875,867.11328125,197798486.87045074,4073969470.0598087,22.0,pre_failure
1774407190,2026-03-25T08:23:10.634526,7,4,7,0,0,0.00872132289420622,0.46080465746726634,0.05452115798865007,0.4671111111110841,12.477678571428571,856.08984375,22.5,894.73046875,197817006.3286569,4073969470.0598087,22.0,pre_failure
1774407220,2026-03-25T08:23:40.703572,7,4,7,0,0,0.0076978946949654405,0.4441416277971979,0.048596158137164364,0.445575358904872,12.613839285714286,821.36328125,22.49609375,861.19140625,197837024.8416303,4074294472.106874,22.0,pre_failure
1774407250,2026-03-25T08:24:10.767688,7,4,7,0,0,0.009626762463947778,0.43399359699238593,0.06123761497723366,0.4426666666666556,12.608258928571429,842.0950520833334,22.50390625,902.58984375,197886063.1411575,4077376476.84401,22.0,pre_failure
1774407280,2026-03-25T08:24:40.827243,7,4,7,0,0,0.009781535220437888,0.40926835122342325,0.062301296095017125,0.4184444444444655,12.729910714285714,848.6106770833334,22.5546875,868.19140625,197915194.19114304,4077376476.84401,22.0,pre_failure
1774407310,2026-03-25T08:25:10.895684,7,4,7,0,0,0.008392649886136212,0.4059286461244532,0.05417014465607048,0.4113333333333393,13.016183035714286,817.5208333333334,25.5546875,881.37890625,197939957.9509703,4077376476.84401,22.0,pre_failure
1774407341,2026-03-25T08:25:40.962126,7,4,7,0,0,0.005881255229327952,0.40030509688298366,0.036130884386767745,0.4028888888888811,13.045758928571429,862.0104166666666,24.02734375,919.6875,197973324.09903955,4077376476.84401,22.0,pre_failure
1774407371,2026-03-25T08:26:11.024708,7,4,7,0,0,0.007100774001494432,0.42162962962962713,0.04469690037374395,0.4242222222222367,12.735491071428571,819.4270833333334,23.3203125,835.2578125,198006671.0494914,4077376476.84401,22.0,pre_failure
1774407401,2026-03-25T08:26:41.093896,7,4,7,0,0,0.007967723102788066,0.43880501793706655,0.04988395488916812,0.4408594982556511,13.127790178571429,808.7981770833334,24.78515625,854.53125,198045395.85523993,4078416488.698913,22.0,pre_failure
1774407431,2026-03-25T08:27:11.157090,7,4,7,0,0,0.005468380890565898,0.4447374560931742,0.03352421367084357,0.44711111111111096,13.002790178571429,857.3776041666666,23.73046875,910.03125,198079238.45782465,4078814491.0153437,22.0,pre_failure
1774407461,2026-03-25T08:27:41.217335,7,4,7,0,0,0.0072477769452782585,0.44185185185186854,0.044900474102209056,0.4428888888888967,13.037946428571429,775.1705729166666,24.25,806.14453125,198108149.67474404,4078814491.0153437,22.0,pre_failure
1774407491,2026-03-25T08:28:11.304712,7,4,7,0,0,0.006696449336791833,0.45524913647730886,0.0406822192349511,0.45552518720972396,12.756696428571429,859.8294270833334,23.68359375,879.54296875,198145776.70698488,4078814491.0153437,22.0,pre_failure
1774407521,2026-03-25T08:28:41.376959,7,4,7,0,0,0.005871827287587889,0.4442123265856293,0.03485576107385069,0.44530364642356723,12.723214285714286,836.6640625,22.8671875,851.3046875,198163702.7861722,4078814491.0153437,22.0,pre_failure
1774407551,2026-03-25T08:29:11.449975,7,4,7,0,0,0.008430451535606677,0.4488181822762455,0.05389813498329053,0.4506666666666534,12.586495535714286,861.0533854166666,23.11328125,901.3671875,198187005.700575,4079642495.097113,22.0,pre_failure
1774407581,2026-03-25T08:29:41.510999,7,4,7,0,0,0.007383914798065664,0.43910790139409445,0.04608172034196019,0.43980709825095965,12.73828125,837.37109375,22.58203125,847.6953125,198211940.86562324,4079642495.097113,22.0,pre_failure
1774407611,2026-03-25T08:30:11.576562,7,4,7,0,0,0.006416286321434172,0.45228960358963255,0.03964291752270288,0.4540000000000153,13.217633928571429,829.5546875,24.19921875,852.3671875,198271008.19227782,4082879497.549951,22.0,pre_failure
1774407641,2026-03-25T08:30:41.626465,7,4,7,0,0,0.007404521142729603,0.4741411163619048,0.04566911806448994,0.4748888888888498,12.66015625,822.8216145833334,22.6484375,847.0546875,198308115.18630567,4084715499.3288817,22.0,pre_failure
1774407671,2026-03-25T08:31:11.682122,7,4,7,0,0,0.005434795522681668,0.4438518518518629,0.03190675116770991,0.4453333333333123,12.529017857142858,881.8932291666666,22.58203125,907.15234375,198337716.6280039,4084715499.3288817,22.0,pre_failure
1774407703,2026-03-25T08:31:41.745807,7,4,7,0,0,0.004783112145109464,0.4548046475913789,0.027357887224623765,0.45752505388529474,12.563058035714286,883.9856770833334,22.59375,919.87890625,198356166.56512463,4084715499.3288817,22.0,pre_failure
1774407733,2026-03-25T08:32:13.818221,7,4,7,0,0,0.009763574635980446,0.5226003317238349,0.060974735106195325,0.5235555555555379,13.072544642857142,808.0026041666666,23.41796875,809.96875,198392029.32597464,4086879506.671361,22.0,pre_failure
1774407763,2026-03-25T08:32:43.883400,7,4,7,0,0,0.006538694768693258,0.37554722524672246,0.040802502273545135,0.37622222222224255,13.321986607142858,871.67578125,25.49609375,943.3046875,198420714.0141053,4086879506.671361,22.0,pre_failure
1774407794,2026-03-25T08:33:13.936107,7,4,7,0,0,0.005249631393981785,0.346888888888895,0.031706412369832744,0.3484444444444711,13.847098214285714,833.2356770833334,24.734375,876.76953125,198444295.0232155,4086879506.671361,22.0,pre_failure
1774407824,2026-03-25T08:33:44.007219,7,4,7,0,0,0.007665779722585493,0.38474074074075293,0.048839730551722194,0.38866666666670097,12.924665178571429,861.7122395833334,23.94921875,878.953125,198487969.73172313,4089656509.503973,22.0,pre_failure
1774407854,2026-03-25T08:34:14.072238,7,4,7,0,0,0.007782551389770293,0.41274991172250286,0.04860276721164947,0.41333333333331473,12.896205357142858,842.1236979166666,23.95703125,878.2734375,198521600.03929797,4089656509.503973,22.0,pre_failure
1774407884,2026-03-25T08:34:44.138603,7,4,7,0,0,0.006765074722590171,0.4179876488344961,0.041733161226618645,0.41977777777777375,13.320870535714286,860.0572916666666,22.94921875,879.921875,198564475.9580484,4090119511.9296513,22.0,pre_failure
1774407914,2026-03-25T08:35:14.188645,7,4,7,0,0,0.00666408323183197,0.4214074074074014,0.040242346762445515,0.42288888888886805,13.20703125,865.7252604166666,23.890625,882.59375,198598190.14570683,4090480515.4759135,22.0,pre_failure
1774407944,2026-03-25T08:35:44.257993,7,4,7,0,0,0.006362615235907369,0.4306666666666746,0.03888446850968078,0.4322222222222346,13.381696428571429,834.0,23.375,837.8125,198628610.3833287,4090480515.4759135,22.0,pre_failure
1774407974,2026-03-25T08:36:14.323021,7,4,7,0,0,0.0056755575544608985,0.4230370370370257,0.034414489097371694,0.4244444444444286,12.821986607142858,853.3528645833334,22.87890625,865.08984375,198654182.20544446,4090480515.4759135,22.0,pre_failure
1774408004,2026-03-25T08:36:44.389800,7,4,7,0,0,0.00584282316448634,0.42228061902586894,0.035909823187689455,0.423286301522047,12.655691964285714,836.1927083333334,22.63671875,851.9765625,198687607.66428438,4091657520.8812976,22.0,pre_failure
1774408034,2026-03-25T08:37:14.434517,7,4,7,0,0,0.008203698611622848,0.42392592592594236,0.051581838767077025,0.4242222222222367,13.058035714285714,816.4244791666666,25.34375,854.91015625,198709140.26305974,4092150523.3621235,22.0,pre_failure
1774408064,2026-03-25T08:37:44.495052,7,4,7,0,0,0.008486455960403115,0.43399999999998157,0.0550100441455363,0.4353333333333187,13.440290178571429,840.6901041666666,24.296875,890.30859375,198726021.1166607,4092150523.3621235,22.0,pre_failure
1774408094,2026-03-25T08:38:14.555804,7,4,7,0,0,0.010252772848269729,0.45941764018835807,0.06604633523765199,0.46047514278729873,12.948102678571429,879.2122395833334,24.24609375,898.3359375,198777250.49558723,4092150523.3621235,22.0,pre_failure
1774408124,2026-03-25T08:38:44.614090,7,4,7,0,0,0.005734138932507839,0.44340740740740997,0.03488179571662736,0.44866666666668037,12.880580357142858,815.8307291666666,22.67578125,837.40625,198815714.79287103,4095468525.4696794,22.0,pre_failure
1774408154,2026-03-25T08:39:14.676438,7,4,7,0,0,0.006890351002866656,0.43362962962962853,0.04277067968588881,0.4357777777777743,12.917410714285714,861.26953125,24.58984375,879.75,198835355.61382645,4095468525.4696794,22.0,pre_failure
1774408184,2026-03-25T08:39:44.744772,7,4,7,0,0,0.008801399766187596,0.4363833032071659,0.057506445023695514,0.43866666666662,13.02734375,846.0911458333334,23.90234375,881.6796875,198872378.82742134,4095468525.4696794,22.0,pre_failure
1774408214,2026-03-25T08:40:14.829815,7,4,7,0,0,0.006711724667601034,0.4409629629629622,0.0411324422428047,0.4417777777777384,12.797991071428571,852.8111979166666,22.76171875,871.8359375,198891201.2430533,4095783527.3665013,22.0,pre_failure
1774408244,2026-03-25T08:40:44.892539,7,4,7,0,0,0.007441266352941651,0.42220967354343086,0.045199114319324364,0.4235179095191565,12.876116071428571,842.01171875,23.3515625,873.9921875,198921542.84177133,4095783527.3665013,22.0,pre_failure
1774408275,2026-03-25T08:41:14.970544,7,4,7,0,0,0.0070170522395685145,0.42489833643229147,0.04318136592966946,0.42513945374134027,12.876674107142858,847.8736979166666,23.75390625,886.45703125,198939869.24452642,4095783527.3665013,22.0,pre_failure
1774408305,2026-03-25T08:41:45.025282,7,4,7,0,0,0.014412211438517447,0.5045994617068442,0.05780710164878515,0.5133105195324896,13.485491071428571,863.3567708333334,25.44921875,872.35546875,198966950.25738856,4095783527.3665013,23.0,pre_failure
1774408335,2026-03-25T08:42:15.069349,7,4,7,0,0,0.10082923504791709,0.7093016964332601,0.6612909753821653,0.717555555555523,13.308035714285714,851.4622395833334,23.9765625,876.59765625,198990643.21068686,4095783527.3665013,23.0,pre_failure
1774408365,2026-03-25T08:42:45.114022,7,4,7,0,0,0.13746294599759967,0.7275447609735767,0.9151015819034729,0.7286342829207278,13.185267857142858,816.07421875,24.1640625,848.55859375,199011517.50785673,4095783527.3665013,23.0,pre_failure
1774408395,2026-03-25T08:43:15.162347,7,4,7,0,0,0.13420409776985892,0.7228888888888925,0.9084746285824308,0.723777777777775,13.404575892857142,810.671875,24.453125,839.41015625,199056318.5894713,4095783527.3665013,23.0,pre_failure
1774408425,2026-03-25T08:43:45.217702,7,4,7,0,0,0.12741682548172611,0.7406831517163013,0.8525137989551717,0.7418272329266598,13.049665178571429,858.4609375,23.21484375,942.4375,199093717.78821224,4095783527.3665013,23.0,pre_failure
1774408455,2026-03-25T08:44:15.271074,7,4,7,0,0,0.13552455654202208,0.7448778572804314,0.8858879585353425,0.745111111111127,13.439732142857142,813.875,24.1484375,841.15625,199133999.1003843,4096790531.456489,23.0,pre_failure
1774408485,2026-03-25T08:44:45.319707,7,4,7,0,0,0.10615652523870574,0.7377449999588319,0.6918872545483719,0.7382222222222126,13.46875,841.1536458333334,23.03125,892.52734375,199162187.44384298,4096790531.456489,23.0,pre_failure
1774408515,2026-03-25T08:45:15.362796,7,4,7,0,0,0.13565266454622676,0.7444609690028701,0.8925982954695948,0.7451111111110903,13.66015625,847.0716145833334,26.05859375,872.60546875,199193719.67725545,4096790531.456489,23.0,pre_failure
1774408545,2026-03-25T08:45:45.418380,7,4,7,0,0,0.14882382972444974,0.7302692787221211,1.0008367066568677,0.7308888888888971,14.025111607142858,853.6692708333334,26.0,885.71875,199224417.6768251,4097287533.428846,23.0,pre_failure
1774408575,2026-03-25T08:46:15.459418,7,4,7,0,0,0.1130419229080526,0.7345925925925708,0.7695474284570265,0.7355555555555446,13.084821428571429,858.0364583333334,22.74609375,912.703125,199251983.61828145,4097287533.428846,23.0,pre_failure
1774408605,2026-03-25T08:46:45.511731,7,4,7,0,0,0.10238550413928371,0.6583849194884601,0.6727164182260011,0.6695555555555568,13.478794642857142,804.4856770833334,26.03125,825.765625,199291319.77855802,4100914535.900162,23.0,pre_failure
1774408635,2026-03-25T08:47:15.629013,7,4,7,0,0,0.007275753318779559,0.47354172962402763,0.034748794814830355,0.4844444444444346,13.201450892857142,800.5338541666666,24.203125,839.2890625,199330020.10932562,4100914535.900162,23.0,pre_failure
1774408665,2026-03-25T08:47:45.697884,7,4,7,0,0,0.00859279643946013,0.45140740740743013,0.055030954927794196,0.45222222222226566,13.112723214285714,837.37890625,23.921875,846.34765625,199361112.39090878,4100914535.900162,23.0,pre_failure
1774408695,2026-03-25T08:48:15.763725,7,4,7,0,0,0.004968259487899338,0.4496737469993045,0.02953655082426886,0.4519698686754099,13.151227678571429,820.21875,24.265625,837.02734375,199375915.5892095,4100914535.900162,23.0,pre_failure
1774408725,2026-03-25T08:48:45.828606,7,4,7,0,0,0.0063387033248891705,0.443835573825136,0.03928785133679339,0.44666666666667715,13.040736607142858,841.6119791666666,23.8359375,884.80859375,199407228.91635737,4101434537.4616833,23.0,pre_failure
1774408755,2026-03-25T08:49:15.894917,7,4,7,0,0,0.005720316757947268,0.4262222222222261,0.0342533836288668,0.4275555555555342,13.007254464285714,851.5533854166666,24.07421875,877.53125,199449041.45709518,4104940540.680069,23.0,pre_failure
1774408786,2026-03-25T08:49:45.966930,7,4,7,0,0,0.005128068404524964,0.4229629629629534,0.030283466189686335,0.425111111111097,12.956473214285714,817.8684895833334,23.25390625,833.25390625,199475628.3634722,4104940540.680069,23.0,pre_failure
1774408816,2026-03-25T08:50:16.027879,7,4,7,0,0,0.006418372125888744,0.44507811432849115,0.03932067072172922,0.4454565652077218,13.109375,845.1966145833334,24.03515625,855.09765625,199523117.69903114,4108386543.3123226,23.0,pre_failure
1774408846,2026-03-25T08:50:46.096237,7,4,7,0,0,0.005713692311071453,0.44294982832804686,0.03511192399857973,0.44422222222226526,13.246651785714286,814.63671875,25.515625,839.4375,199548826.84044245,4108386543.3123226,23.0,pre_failure
1774408876,2026-03-25T08:51:16.164589,7,4,7,0,0,0.004974361192640457,0.4434074074074222,0.030022619244679298,0.4442222222222261,12.682477678571429,825.5,23.125,858.77734375,199619737.0802483,4114200550.066016,23.0,pre_failure
1774408906,2026-03-25T08:51:46.227699,7,4,7,0,0,0.0056404527190012915,0.44970370370368956,0.033747548966665986,0.45044444444441994,12.595424107142858,825.015625,22.78515625,840.375,199651368.20445502,4114652551.249641,23.0,pre_failure
1774408936,2026-03-25T08:52:16.283093,7,4,7,0,0,0.007036537222674784,0.4417037037036905,0.044087132253471994,0.4437777777777593,13.410714285714286,837.9375,26.6875,842.734375,199691910.81147608,4118564557.2611384,23.0,pre_failure
1774408966,2026-03-25T08:52:46.332090,7,4,7,0,0,0.004849083072328205,0.4397037037037033,0.029188738495836086,0.44111111111109,12.898995535714286,816.7526041666666,23.0,837.49609375,199728449.01342142,4118943558.282132,23.0,pre_failure
1774408996,2026-03-25T08:53:16.395253,7,4,7,0,0,0.004982804050987549,0.4376296296296172,0.03134304698722724,0.4424444444444185,13.396763392857142,824.5364583333334,26.73828125,860.0078125,199757653.84228516,4119478560.4724903,23.0,pre_failure
1774409026,2026-03-25T08:53:46.462106,7,4,7,0,0,0.002930117479357289,0.43065393307622696,0.01607536121771628,0.43244444444446667,12.893415178571429,798.16015625,24.60546875,815.265625,199783510.48613134,4119478560.4724903,23.0,pre_failure
1774409056,2026-03-25T08:54:16.523575,7,4,7,0,0,0.004483007549782397,0.43393556607476846,0.026792228006738736,0.43422222222221374,12.762276785714286,870.9348958333334,23.57421875,898.953125,199798083.12935182,4119478560.4724903,23.0,pre_failure
1774409086,2026-03-25T08:54:46.594490,7,4,7,0,0,0.009503748517743731,0.4459259259259202,0.06218614747647205,0.4471111111110857,12.951450892857142,846.8489583333334,23.57421875,863.82421875,199827929.85254452,4119478560.4724903,23.0,pre_failure
1774409116,2026-03-25T08:55:16.653298,7,4,7,0,0,0.005918665652028427,0.45977777777779566,0.03626433510297105,0.46088888888892304,13.065848214285714,849.30078125,24.65234375,871.8046875,199859409.57183498,4121339565.631264,23.0,pre_failure
1774409146,2026-03-25T08:55:46.726988,7,4,7,0,0,0.007367511981192467,0.45266666666666006,0.04581777815620912,0.4539999999999913,13.440290178571429,840.2213541666666,25.859375,873.94140625,199894409.1381532,4121339565.631264,23.0,pre_failure
1774409176,2026-03-25T08:56:16.795776,7,4,7,0,0,0.0066368613974408415,0.4436296296296021,0.04143539981818001,0.44399999999997514,13.028459821428571,823.4479166666666,22.96875,852.19140625,199923442.27518597,4123362567.9994035,23.0,pre_failure
1774409206,2026-03-25T08:56:46.844482,7,4,7,0,0,0.00793637995221934,0.43777777777777077,0.05095828485148236,0.43844444444445624,12.822544642857142,843.5729166666666,23.125,860.4140625,199980774.31195906,4123362567.9994035,23.0,pre_failure
1774409236,2026-03-25T08:57:16.909151,7,4,7,0,0,0.007131237680449556,0.4388148148148223,0.044210340535180886,0.43977777777776544,13.099888392857142,840.9205729166666,23.40234375,854.265625,200007679.72666156,4123709570.3450594,23.0,pre_failure
1774409267,2026-03-25T08:57:46.974424,7,4,7,0,0,0.0053650164845001885,0.4428823443237781,0.032803862941918616,0.44399999999997897,13.361607142857142,823.5807291666666,22.84765625,847.90625,200032526.27126786,4124537575.9451714,23.0,pre_failure
1774409297,2026-03-25T08:58:17.027432,7,4,7,0,0,0.021402446138918854,0.5623619230091722,0.11208900508645811,0.570196880138637,13.847098214285714,792.1028645833334,22.86328125,847.03125,200061274.34938505,4124537575.9451714,24.0,pre_failure
1774409327,2026-03-25T08:58:47.066148,7,4,7,0,0,0.12660306541484195,0.7354814814815043,0.8440279711100516,0.737111111111138,13.1640625,815.5247395833334,23.16796875,835.87890625,200080683.20781705,4124537575.9451714,24.0,pre_failure
1774409357,2026-03-25T08:59:17.124930,7,4,7,0,0,0.132855956978658,0.7256188251715864,0.8908098553282884,0.7293009199591441,13.587053571428571,840.0638020833334,22.99609375,847.8359375,200100547.6558797,4124537575.9451714,24.0,pre_failure
1774409387,2026-03-25T08:59:47.167805,7,4,7,0,0,0.11684200522216086,0.7321481481481443,0.779970954012448,0.7362222222222159,13.248325892857142,802.9466145833334,22.95703125,849.2890625,200134981.01919115,4124979578.6253877,24.0,pre_failure
1774409417,2026-03-25T09:00:17.212541,7,4,7,0,0,0.13511986412894364,0.7486315212776979,0.899130048132081,0.7524778879061433,13.326450892857142,790.3958333333334,22.94921875,801.44140625,200167081.7314066,4124979578.6253877,24.0,pre_failure
1774409447,2026-03-25T09:00:47.251122,7,4,7,0,0,0.1382694275175024,0.7486666666666544,0.9158863749778152,0.7497777777777617,13.12890625,802.65234375,22.8125,818.40234375,200218446.84666237,4128521580.9116464,24.0,pre_failure
1774409477,2026-03-25T09:01:17.299463,7,4,7,0,0,0.14762301082610174,0.7291851851851716,1.000511661395722,0.7335555555555552,13.626116071428571,824.7760416666666,24.6953125,834.11328125,200253076.44292912,4131013583.6129208,24.0,pre_failure
1774409507,2026-03-25T09:01:47.348512,7,4,7,0,0,0.14606339064466356,0.7319259259259088,0.9999989842431546,0.7326666666666484,13.297991071428571,885.0768229166666,22.8828125,925.625,200286495.47528446,4131522585.8450866,24.0,pre_failure
1774409537,2026-03-25T09:02:17.394695,7,4,7,0,0,0.12342484865525259,0.7368148148148121,0.8288312517460842,0.7379999999999908,13.223772321428571,809.6731770833334,23.74609375,829.33203125,200328889.89926144,4131522585.8450866,24.0,pre_failure
1774409567,2026-03-25T09:02:47.442030,7,4,7,0,0,0.12368296815382197,0.735851851851862,0.8194922025746396,0.7379999999999943,13.227678571428571,811.9505208333334,24.0859375,829.671875,200358044.0667407,4131522585.8450866,24.0,pre_failure
1774409597,2026-03-25T09:03:17.489647,7,4,7,0,0,0.0383094866893977,0.6289629629629763,0.22256737500000556,0.6397777777777808,13.013950892857142,863.9361979166666,24.3125,870.109375,200383777.9827261,4131522585.8450866,24.0,pre_failure
1774409627,2026-03-25T09:03:47.554117,7,4,7,0,0,0.004372814860303492,0.42858309692934615,0.02549963554833564,0.43155555555558,13.330915178571429,832.8893229166666,25.37109375,858.46875,200414110.21974045,4131897587.055911,24.0,pre_failure
1774409657,2026-03-25T09:04:17.616627,7,4,7,0,0,0.0055599030690308615,0.4485251986507904,0.032089967801325725,0.4509089292857465,13.824776785714286,835.3098958333334,29.4140625,837.66015625,200450648.4361469,4132319590.3993187,24.0,pre_failure
1774409687,2026-03-25T09:04:47.673795,7,4,7,0,0,0.007424832340993249,0.43569092459272074,0.0468097203616515,0.443333333333352,12.938616071428571,877.93359375,23.4609375,930.125,200502784.1075711,4137829605.555877,24.0,pre_failure
1774409717,2026-03-25T09:05:17.734755,7,4,7,0,0,0.007518715539945944,0.43371336854555237,0.047450936395660885,0.43491788341445853,12.963169642857142,834.1666666666666,23.8203125,854.31640625,200529409.8477692,4137829605.555877,24.0,pre_failure
1774409747,2026-03-25T09:05:47.791358,7,4,7,0,0,0.006656375025128479,0.4178518518518436,0.04048973439983007,0.4231111111111254,13.161830357142858,839.34375,22.93359375,849.171875,200546099.26008445,4137829605.555877,24.0,pre_failure
1774409777,2026-03-25T09:06:17.849249,7,4,7,0,0,0.004820549440552973,0.4209723808747729,0.029748121237483632,0.42380603151319796,12.914620535714286,832.8372395833334,22.95703125,874.53125,200562876.96425354,4137829605.555877,24.0,pre_failure
1774409807,2026-03-25T09:06:47.910948,7,4,7,0,0,0.006130091584654534,0.42436406283177247,0.037451754482480504,0.4264444444444746,12.860491071428571,867.1848958333334,22.96484375,879.02734375,200600762.63229123,4137829605.555877,24.0,pre_failure
1774409838,2026-03-25T09:07:17.962107,7,4,7,0,0,0.009493134146366856,0.44037037037035204,0.06138749751102436,0.4415555555555188,12.976004464285714,814.04296875,23.5703125,855.0703125,200630089.338885,4137829605.555877,24.0,pre_failure
1774409868,2026-03-25T09:07:48.026442,7,4,7,0,0,0.0053115067562171416,0.42283070135367673,0.03238410130694988,0.4289365485054035,12.939174107142858,845.15625,25.140625,852.203125,200649548.41468346,4138414609.711677,24.0,pre_failure
1774409898,2026-03-25T09:08:18.075258,7,4,7,0,0,0.004361611022107894,0.4247407407407296,0.02586673982101876,0.4297777777777885,13.262834821428571,845.23046875,23.27734375,874.38671875,200693017.25508127,4138414609.711677,24.0,pre_failure
1774409928,2026-03-25T09:08:48.139836,7,4,7,0,0,0.0058388413163628725,0.4333333333333248,0.03621641895372228,0.4371111111111101,12.9375,853.7486979166666,24.9140625,898.234375,200748025.62995777,4141709613.042668,24.0,pre_failure
1774409958,2026-03-25T09:09:18.195723,7,4,7,0,0,0.007056336504605444,0.44412565946531796,0.04378460435981324,0.4495555555555508,12.768973214285714,838.7760416666666,23.953125,857.61328125,200781872.41688195,4141709613.042668,24.0,pre_failure
1774409988,2026-03-25T09:09:48.255832,7,4,7,0,0,0.006317168439597531,0.44177777777778854,0.03953628818765728,0.4473333333333623,13.107142857142858,849.6953125,24.03515625,857.87109375,200807008.44688192,4141709613.042668,24.0,pre_failure
1774410018,2026-03-25T09:10:18.320330,7,4,7,0,0,0.005780731118176995,0.43866018135818574,0.03453558601670399,0.4395555555555512,12.920758928571429,847.8138020833334,24.265625,907.40234375,200829825.53257042,4141709613.042668,24.0,pre_failure
1774410048,2026-03-25T09:10:48.380471,7,4,7,0,0,0.006202529247997853,0.40237037037037326,0.038569470890679955,0.40355555555559014,12.796875,816.3723958333334,23.41796875,838.0703125,200866941.32529968,4141709613.042668,24.0,pre_failure
1774410078,2026-03-25T09:11:18.439295,7,4,7,0,0,0.006176026913856179,0.3763787314216148,0.03848023995810941,0.37666666666668536,12.925223214285714,827.7552083333334,22.99609375,852.84765625,200899846.2502337,4142295614.1183653,24.0,pre_failure
1774410108,2026-03-25T09:11:48.495916,7,4,7,0,0,0.0071166433755630075,0.381703739405784,0.045477505383469785,0.38358112763073704,13.856584821428571,819.0221354166666,28.08203125,848.98046875,200903510.9674513,4142295614.1183653,24.0,pre_failure
1774410138,2026-03-25T09:12:18.555993,7,4,7,0,0,0.0049718248460477775,0.38540740740738527,0.031257599180340045,0.3882222222221735,13.108816964285714,832.4296875,26.22265625,865.0703125,200924548.2316024,4142295614.1183653,24.0,pre_failure
1774410168,2026-03-25T09:12:48.609265,7,4,7,0,0,0.004804434710649724,0.39200000000000174,0.031241510854179384,0.3928888888889067,12.796316964285714,809.4283854166666,23.04296875,816.70703125,200951135.0654311,4142295614.1183653,24.0,pre_failure
1774410198,2026-03-25T09:13:18.663146,7,4,7,0,0,0.005424072754998078,0.41577162167277365,0.03283724445247242,0.4175555555555359,12.590401785714286,854.6510416666666,23.12890625,882.68359375,201018839.46625182,4142866615.5951433,24.0,pre_failure
1774410228,2026-03-25T09:13:48.729725,7,4,7,0,0,0.006306665234720865,0.4056476852883719,0.03876921630951535,0.4064805760511899,13.321428571428571,857.7122395833334,24.0,871.17578125,201039842.64214662,4142866615.5951433,24.0,pre_failure
1774410258,2026-03-25T09:14:18.809091,7,4,7,0,0,0.0058199207543305044,0.41911731385591466,0.036061139041389294,0.4195555555555454,12.790736607142858,826.5755208333334,23.34375,838.73828125,201071017.62815198,4143768626.4423823,24.0,pre_failure
1774410288,2026-03-25T09:14:48.869944,7,4,7,0,0,0.003192492518236253,0.4127315857955016,0.017841643206276563,0.41377777777777036,12.786830357142858,813.9192708333334,23.02734375,826.265625,201085962.03490156,4144190628.32447,24.0,pre_failure
1774410318,2026-03-25T09:15:18.930878,7,4,7,0,0,0.007083379170762356,0.4220062455450688,0.04367439974036459,0.4222222222222298,12.965959821428571,846.8424479166666,23.078125,876.484375,201120622.59427392,4144190628.32447,24.0,pre_failure
1774410349,2026-03-25T09:15:48.978732,7,4,7,0,0,0.006067830261991609,0.41488888888888126,0.0366213312271053,0.41755555555554474,13.233258928571429,804.31640625,25.7890625,881.4921875,201163964.49723756,4147433631.0143123,24.0,pre_failure
1774410379,2026-03-25T09:16:19.031325,7,4,7,0,0,0.0033085925520235726,0.38103703703703495,0.017523841376879273,0.3822222222222246,13.194754464285714,845.6822916666666,24.1875,870.09765625,201196271.2957709,4147433631.0143123,24.0,pre_failure
1774410409,2026-03-25T09:16:49.089963,7,4,7,0,0,0.005982187837768517,0.38792878677984605,0.036366322516337965,0.3886666666666667,13.081473214285714,843.4283854166666,24.2734375,918.7734375,201233215.8948916,4147433631.0143123,24.0,pre_failure
1774410439,2026-03-25T09:17:19.137290,7,4,7,0,0,0.0055536310423193146,0.4117777777777763,0.03355558199366094,0.41377777777774,12.979352678571429,847.5690104166666,25.08203125,861.18359375,201272876.50335765,4147433631.0143123,24.0,pre_failure
1774410469,2026-03-25T09:17:49.206357,7,4,7,0,0,0.007165135044364835,0.4015496167248494,0.04383960820535791,0.40222222222221893,12.847098214285714,838.1848958333334,23.77734375,883.24609375,201294678.78658512,4147433631.0143123,24.0,pre_failure
1774410499,2026-03-25T09:18:19.265766,7,4,7,0,0,0.003144919327101813,0.3953274570513143,0.01631260956188201,0.3966490378205544,12.835379464285714,809.8072916666666,23.11328125,857.16015625,201312736.0904906,4147433631.0143123,24.0,pre_failure
1774410529,2026-03-25T09:18:49.304997,7,4,7,0,0,0.006147745730441734,0.39500777604978127,0.03714440357391442,0.39599999999999985,13.045758928571429,846.71484375,24.46875,859.1875,201348063.07615027,4147433631.0143123,24.0,pre_failure
1774410559,2026-03-25T09:19:19.360580,7,4,7,0,0,0.004937538178807561,0.3976948845385467,0.028578300009772906,0.3986666666666243,13.181919642857142,849.2955729166666,23.06640625,863.3984375,201374012.37472084,4147433631.0143123,24.0,pre_failure
1774410589,2026-03-25T09:19:49.418366,7,4,7,0,0,0.006531461077068697,0.3967407407407415,0.039497470922689286,0.39866666666668044,32.045200892857146,831.7994791666666,157.1953125,844.42578125,201399687.13715547,4147824634.391136,24.0,pre_failure
1774410619,2026-03-25T09:20:19.465687,7,4,7,0,0,0.004863484955788158,0.39976284530761497,0.027981597944114565,0.4039730684621216,13.217633928571429,882.8046875,25.828125,896.02734375,201429617.07714245,4147824634.391136,24.0,pre_failure
1774410649,2026-03-25T09:20:49.519324,7,4,7,0,0,0.006236191375426041,0.39533333333332704,0.039138679459461735,0.39622222222223197,13.104910714285714,817.94921875,24.05078125,889.0703125,201458547.06560594,4149163643.2855825,24.0,pre_failure
1774410679,2026-03-25T09:21:19.578936,7,4,7,0,0,0.00622671992860308,0.3963615413293522,0.03780879865990796,0.3973068462102653,12.932477678571429,823.8203125,23.078125,852.3828125,201489932.87463856,4149163643.2855825,24.0,pre_failure
1774410709,2026-03-25T09:21:49.637203,7,4,7,0,0,0.004035127307607509,0.406518518518529,0.02256196666666407,0.4086666666666664,12.930803571428571,800.0377604166666,23.09765625,823.6796875,201538436.83932474,4152124645.3958864,24.0,pre_failure
1774410739,2026-03-25T09:22:19.694363,7,4,7,0,0,0.005520337882533399,0.4008028586759359,0.032619166991118,0.405333333333326,12.824776785714286,829.3346354166666,23.109375,856.79296875,201565141.15211427,4152124645.3958864,24.0,pre_failure
1774410769,2026-03-25T09:22:49.775474,7,4,7,0,0,0.006520879389717639,0.4020740740740734,0.03977822303815187,0.40266666666667816,12.65625,834.9609375,23.5234375,861.55859375,201587242.77001512,4152124645.3958864,24.0,pre_failure
1774410799,2026-03-25T09:23:19.845707,7,4,7,0,0,0.0041284611516316135,0.4107937892788663,0.023357675977660603,0.4137777777777791,13.396763392857142,822.1341145833334,25.16796875,838.875,201641085.28454977,4157196658.1384587,24.0,pre_failure
1774410829,2026-03-25T09:23:49.898018,7,4,7,0,0,0.004829527095150564,0.4086725057998081,0.02806938263792602,0.4140000000000213,13.008928571428571,824.5924479166666,23.10546875,853.99609375,201660088.81035075,4157743660.3200984,24.0,pre_failure
1774410860,2026-03-25T09:24:19.967591,7,4,7,0,0,0.010258867147505013,0.4146019512411995,0.06617728778238006,0.4220000000000191,13.373325892857142,818.2278645833334,24.38671875,853.78125,201715259.41345555,4160487662.6510186,24.0,pre_failure
1774410890,2026-03-25T09:24:50.015981,7,4,7,0,0,0.005792999802178957,0.3885272104560011,0.035967647415271226,0.3911371869235494,12.739397321428571,820.9817708333334,23.14453125,827.87109375,201747051.76111892,4160790666.8592887,24.0,pre_failure
1774410920,2026-03-25T09:25:20.066428,7,4,7,0,0,0.007281251222432623,0.4040000000000002,0.045132237272495046,0.40533333333334615,12.925223214285714,830.6848958333334,23.359375,853.2109375,201773810.1384462,4160790666.8592887,24.0,pre_failure
1774410950,2026-03-25T09:25:50.122140,7,4,7,0,0,0.005426996383474213,0.4217777777777976,0.03308356789961193,0.42400000000000476,12.727120535714286,852.1510416666666,23.15234375,899.67578125,201815720.93382248,4162819669.3867164,24.0,pre_failure
1774410980,2026-03-25T09:26:20.197159,7,4,7,0,0,0.008666471544750354,0.4145278129653015,0.05527740900491415,0.41825010556260567,12.948102678571429,837.5325520833334,23.50390625,854.3125,201841499.08949962,4163152678.0871725,24.0,pre_failure
1774411010,2026-03-25T09:26:50.262694,7,4,7,0,0,0.008171060739799804,0.4072592592592557,0.051781155649160054,0.40866666666665885,12.838727678571429,831.2760416666666,23.2578125,874.828125,201870551.91650668,4163152678.0871725,24.0,pre_failure
1774411040,2026-03-25T09:27:20.329127,7,4,7,0,0,0.005488887063229331,0.4113333333333513,0.03298729204759355,0.4144444444444756,13.029017857142858,815.6276041666666,23.765625,834.21484375,201900247.261593,4163553681.3389726,24.0,pre_failure
1774411070,2026-03-25T09:27:50.382627,7,4,7,0,0,0.005556683916338094,0.4017127166502549,0.03330361732420573,0.4055825943951883,12.9921875,832.46484375,22.91015625,842.8984375,201926917.5756635,4163553681.3389726,24.0,pre_failure
1774411100,2026-03-25T09:28:20.446709,7,4,7,0,0,0.005787886530322772,0.40725022776260555,0.03487769836254187,0.40777777777777835,13.198660714285714,832.8255208333334,23.16796875,854.1484375,201946528.80026266,4163553681.3389726,24.0,pre_failure
1774411130,2026-03-25T09:28:50.497802,7,4,7,0,0,0.006893645600455296,0.41614202167148545,0.042610442776448446,0.4244444444444285,13.219308035714286,840.88671875,25.21484375,905.1015625,201965453.7982852,4163553681.3389726,24.0,pre_failure
1774411160,2026-03-25T09:29:20.564883,7,4,7,0,0,0.008443784568462351,0.4219874249860895,0.053233970789431595,0.4273333333333464,12.753348214285714,793.453125,23.25390625,821.671875,202010501.77747458,4163553681.3389726,24.0,pre_failure
1774411190,2026-03-25T09:29:50.622986,7,4,7,0,0,0.00724421061497556,0.40472556547216293,0.04604172740707091,0.4120000000000018,12.78125,850.8528645833334,23.79296875,877.91015625,202039162.08193448,4164078683.9399695,24.0,pre_failure
1774411220,2026-03-25T09:30:20.680254,7,4,7,0,0,0.0081816199075694,0.3941481481481653,0.05237735208992777,0.3964444444444451,13.421875,862.0286458333334,25.078125,877.2734375,202065361.48588154,4164078683.9399695,24.0,pre_failure
1774411250,2026-03-25T09:30:50.748450,7,4,7,0,0,0.008155096200767651,0.4037898084768277,0.05152035375717948,0.40688888888889396,12.912946428571429,828.9192708333334,23.33984375,845.0078125,202103026.83155537,4166162689.5732956,24.0,pre_failure
1774411280,2026-03-25T09:31:20.813399,7,4,7,0,0,0.006500481971345078,0.39660735966544747,0.040484080722189966,0.39911111111108033,12.705357142857142,863.2669270833334,23.50390625,871.05859375,202143550.07369345,4166162689.5732956,24.0,pre_failure
1774411310,2026-03-25T09:31:50.861841,7,4,7,0,0,0.005298525632729689,0.39177774032711005,0.03180488842467517,0.39488888888889606,12.737723214285714,828.8919270833334,24.0859375,836.34765625,202168504.75951385,4168372691.8661942,24.0,pre_failure
1774411340,2026-03-25T09:32:20.929000,7,4,7,0,0,0.006825053464170402,0.4069629629629537,0.04246479251218406,0.4079999999999902,12.602678571428571,874.1966145833334,23.24609375,932.140625,202202219.37744638,4168372691.8661942,24.0,pre_failure
1774411371,2026-03-25T09:32:50.983214,7,4,7,0,0,0.006608799372272209,0.39447110162771826,0.04109230643207265,0.40088888888885915,13.025669642857142,817.8033854166666,23.36328125,831.359375,202232281.63365862,4169206703.814498,24.0,pre_failure
1774411401,2026-03-25T09:33:21.040792,7,4,7,0,0,0.004059869502690461,0.3774074074073939,0.0233730021521354,0.3788888888888614,13.358258928571429,877.5572916666666,23.9296875,887.8359375,202257196.2648118,4169707715.749219,24.0,pre_failure
1774411431,2026-03-25T09:33:51.099728,7,4,7,0,0,0.005238227034304585,0.3860000000000001,0.03160897114126755,0.39444444444446347,12.889508928571429,816.1705729166666,23.6484375,844.0234375,202315822.21195808,4173299719.6959777,24.0,pre_failure
1774411461,2026-03-25T09:34:21.162318,7,4,7,0,0,0.008858757016882626,0.4059319903930005,0.057075723536993146,0.40955555555558604,13.364955357142858,862.51953125,24.328125,872.73828125,202360649.36442357,4173299719.6959777,24.0,pre_failure
1774411491,2026-03-25T09:34:51.229852,7,4,7,0,0,0.00519251913119414,0.39422806281102735,0.031135527049559002,0.3955555555555596,13.099330357142858,848.5924479166666,23.37109375,894.6953125,202382912.50882173,4173299719.6959777,24.0,pre_failure
1774411521,2026-03-25T09:35:21.280101,7,4,7,0,0,0.004659567768969631,0.386874725853498,0.027741418113714746,0.39044444444443793,13.102120535714286,872.953125,23.26953125,900.35546875,202405489.24561104,4173299719.6959777,24.0,pre_failure
1774411551,2026-03-25T09:35:51.343047,7,4,7,0,0,0.004594890053789187,0.38992014840491745,0.026527777617990314,0.38999999999998125,12.846540178571429,856.3658854166666,23.25390625,863.6640625,202428414.42503715,4173881720.400977,24.0,pre_failure
1774411581,2026-03-25T09:36:21.406894,7,4,7,0,0,0.008295348942401363,0.39754368954827984,0.05291781834386068,0.4006399573361808,12.92578125,869.3776041666666,24.2734375,902.671875,202463721.94329926,4173881720.400977,24.0,pre_failure
1774411611,2026-03-25T09:36:51.475548,7,4,7,0,0,0.006964652230860037,0.3922935679115885,0.04362511986482692,0.39579536868306525,12.8359375,876.48828125,23.1484375,901.1796875,202485543.56496075,4173881720.400977,24.0,pre_failure
1774411641,2026-03-25T09:37:21.535706,7,4,7,0,0,0.006671587738148949,0.39496888915227163,0.041199323070227896,0.40001777856792115,13.041852678571429,882.9934895833334,24.84375,918.671875,202508708.49010208,4173881720.400977,24.0,pre_failure
1774411671,2026-03-25T09:37:51.598007,7,4,7,0,0,0.0056638576373433626,0.3876381339002808,0.03438227014285262,0.3902222222222121,13.026785714285714,888.1171875,25.41796875,919.09765625,202572589.16476843,4179787726.985816,24.0,pre_failure
1774411701,2026-03-25T09:38:21.659800,7,4,7,0,0,0.0061887398589314125,0.39483543201371063,0.03815163979218123,0.3982222222222315,13.01953125,804.07421875,24.53515625,810.3984375,202621210.86513457,4182313734.325497,24.0,pre_failure
1774411731,2026-03-25T09:38:51.715432,7,4,7,0,0,0.004164061537897578,0.3815555555555555,0.02417614108576262,0.3833333333333144,13.178013392857142,871.0247395833334,23.4453125,888.99609375,202657052.61673132,4182313734.325497,24.0,pre_failure
1774411761,2026-03-25T09:39:21.786257,7,4,7,0,0,0.003935132009850203,0.38451851851851615,0.022644698339642715,0.38644444444442766,13.223214285714286,831.2356770833334,23.765625,954.8359375,202689114.89221734,4182313734.325497,24.0,pre_failure
1774412741,2026-03-25T09:55:41.603893,7,4,7,0,0,0.005382204962276342,0.3944267237732734,0.032486639452143,0.39950228858375864,13.328125,842.5221354166666,27.171875,884.3671875,202716362.94506857,4182757736.849443,24.0,pre_failure
1774412827,2026-03-25T09:57:07.786784,7,4,7,0,0,0.005129648969589532,0.399999999999987,0.031027779103826186,0.40644444444441713,13.112165178571429,818.68359375,24.58203125,834.984375,202739740.0598202,4183222738.415339,24.0,pre_failure
1774413808,2026-03-25T10:13:28.535895,7,4,7,0,0,0.018729776271471505,0.4366596843579481,0.09315989943135616,0.5235520893339982,13.596540178571429,859.5065104166666,23.35546875,903.7265625,202763219.51418343,4183222738.415339,25.0,pre_failure
1774413938,2026-03-25T10:15:38.092615,7,4,7,0,0,0.1516296913464897,0.7278039123688967,0.7657437720042115,0.7737777777778179,13.530133928571429,857.2486979166666,24.91015625,870.5,202783358.86899385,4183222738.415339,25.0,pre_failure
1774415818,2026-03-25T10:46:58.657822,7,4,7,0,0,0.14665697421936194,0.7418055586423404,0.9915759194106841,0.7500833425936468,13.359933035714286,867.72265625,24.49609375,887.33203125,202820396.46737838,4183754741.210652,25.0,pre_failure
1774416739,2026-03-25T11:02:19.429507,7,4,7,0,0,0.14489342324432583,0.8211851851851614,0.9918142597113768,0.8348888888888889,13.851004464285714,839.3619791666666,25.26953125,890.01171875,202846380.6392566,4184157742.730166,25.0,pre_failure
1774416780,2026-03-25T11:03:00.239202,7,4,7,0,0,0.1494301958891987,0.8631851851851848,0.9984643015324923,0.8882222222222378,13.241071428571429,813.43359375,23.19921875,841.7890625,202881564.6410006,4186662743.2939377,25.0,pre_failure
1774417255,2026-03-25T11:10:55.673132,7,4,7,0,0,0.14755006940376583,0.8731111111110913,0.9882269481471775,0.9115555555555513,13.07421875,859.9765625,23.59765625,917.3515625,202923441.79810536,4186662743.2939377,25.0,pre_failure
1774417285,2026-03-25T11:11:25.730132,7,4,7,0,0,0.14894329556008087,0.7887298013092405,0.9888582580249161,0.8575555555555561,13.095982142857142,891.1432291666666,23.52734375,922.37109375,202971596.06250033,4189946746.426747,25.0,pre_failure
1774417315,2026-03-25T11:11:55.773668,7,4,7,0,0,0.14627405974687574,0.7167407407407423,1.0001424205846117,0.7242222222222228,13.238839285714286,804.9348958333334,23.39453125,823.80859375,202999377.23338914,4189946746.426747,25.0,pre_failure
1774417345,2026-03-25T11:12:25.821331,7,4,7,0,0,0.1459397870710884,0.7324499406644935,0.9994286409449376,0.7347156477098536,13.170200892857142,856.0364583333334,23.71484375,879.11328125,203035492.30738077,4189946746.426747,25.0,pre_failure
1774417375,2026-03-25T11:12:55.870353,7,4,7,0,0,0.1488448490533264,0.7242385393594232,1.000968019017944,0.7342711736338033,13.512276785714286,824.2864583333334,24.33203125,837.1953125,203071984.17035365,4192165748.7243958,25.0,pre_failure
1774417405,2026-03-25T11:13:25.919454,7,4,7,0,0,0.11818921400245928,0.6635555555555528,0.7976658868725814,0.7244444444444398,13.025669642857142,826.1953125,23.37890625,837.66015625,203138609.50145158,4196242757.6517854,25.0,pre_failure
1774417436,2026-03-25T11:13:55.969439,7,4,7,0,0,0.021759737566267052,0.38496296296294885,0.09917296214452873,0.4068888888888447,12.904575892857142,852.3046875,23.38671875,875.3515625,203164269.5428811,4196242757.6517854,25.0,pre_failure
1774417466,2026-03-25T11:14:26.016646,7,4,7,0,0,0.0074045251498413775,0.28362962962963223,0.048125588023175445,0.2891111111111147,13.054129464285714,835.1666666666666,23.28125,867.75390625,203195109.98109555,4196242757.6517854,25.0,pre_failure
1774417496,2026-03-25T11:14:56.060123,7,4,7,0,0,0.007690934445354547,0.3158590276388673,0.050384731470464766,0.32291041624997785,12.924665178571429,805.3190104166666,23.5625,817.28515625,203218627.27079558,4196242757.6517854,25.0,pre_failure
1774417526,2026-03-25T11:15:26.109646,7,4,7,0,0,0.00868792894420448,0.3844329755050726,0.055590048223972954,0.38707670429296476,12.959821428571429,837.4856770833334,23.45703125,907.08984375,203239850.82587895,4196554761.0670757,25.0,pre_failure
1774417556,2026-03-25T11:15:56.169140,7,4,7,0,0,0.006261241603606098,0.3577777777777567,0.03961546065707755,0.36311111111108524,12.989955357142858,815.4361979166666,23.43359375,840.89453125,203262505.70367402,4196554761.0670757,25.0,pre_failure
1774417586,2026-03-25T11:16:26.225418,7,4,7,0,0,0.00731455151336537,0.3854074074074067,0.04576908027452018,0.38888888888889517,12.896205357142858,834.7630208333334,23.765625,880.41015625,203284935.52969608,4197101765.861081,25.0,pre_failure
1774417616,2026-03-25T11:16:56.273354,7,4,7,0,0,0.0061116028143814675,0.37466666666667536,0.038133575304305695,0.38133333333334396,13.085379464285714,821.5911458333334,23.55078125,865.921875,203307213.2520332,4197560767.0174174,25.0,pre_failure
1774417646,2026-03-25T11:17:26.324257,7,4,7,0,0,0.007148317908811675,0.37910554757236115,0.0457296944434957,0.3813333333333451,12.889508928571429,837.9375,23.40234375,880.859375,203353801.78473502,4197560767.0174174,25.0,pre_failure
1774417676,2026-03-25T11:17:56.381847,7,4,7,0,0,0.007064946246561741,0.3747407407407233,0.04558307977331376,0.376222222222187,13.167410714285714,838.2747395833334,25.609375,865.7265625,203388349.15859342,4197560767.0174174,25.0,pre_failure
1774417706,2026-03-25T11:18:26.433352,7,4,7,0,0,0.00704639126234121,0.40600000000000463,0.04411536121872425,0.4113333333333357,12.840959821428571,809.8645833333334,24.58984375,827.5859375,203407837.65796316,4197560767.0174174,25.0,pre_failure
1774417736,2026-03-25T11:18:56.530272,7,4,7,0,0,0.07695102176925911,0.6293932355126994,0.49453207645779673,0.6377352620936583,13.126116071428571,839.1510416666666,23.43359375,859.77734375,203452986.80308023,4197901768.3078117,26.0,pre_failure
1774417766,2026-03-25T11:19:26.574759,7,4,7,0,0,0.13586113492697635,0.7285185185185363,0.9114661712583202,0.7291111111111452,13.494419642857142,846.98828125,24.34375,868.7421875,203470978.69932187,4198268770.0602226,26.0,pre_failure
1774417796,2026-03-25T11:19:56.620245,7,4,7,0,0,0.13495914433313358,0.7204444444444473,0.9155676250428104,0.7215555555555334,13.055803571428571,838.8567708333334,23.46484375,847.734375,203504240.28310353,4198268770.0602226,26.0,pre_failure
1774417826,2026-03-25T11:20:26.666147,7,4,7,0,0,0.0,0.0,0.0,0.0,10.2,853.9427083333334,23.2734375,896.45703125,203551570.98554182,4201388771.1450615,0.0,pre_failure
1774417856,2026-03-25T11:20:56.708147,7,4,7,0,0,0.0631210975618534,0.5135348650450406,0.3369208603920974,0.5672503166666438,13.11328125,863.4375,23.46484375,893.38671875,203583597.63310757,4203653774.4560914,26.0,pre_failure
1774417886,2026-03-25T11:21:26.755292,7,4,7,0,0,0.15002506899214765,0.7509796513996826,0.9998071408031473,0.7520167114824818,13.258928571428571,837.953125,23.484375,853.59375,203607903.82287,4203653774.4560914,26.0,pre_failure
1774417916,2026-03-25T11:21:56.802661,7,4,7,0,0,0.14828733932243635,0.7399999999999977,0.999799765897014,0.7406666666666536,12.969308035714286,840.81640625,23.484375,868.3125,203637258.6745273,4203653774.4560914,26.0,pre_failure
1774417946,2026-03-25T11:22:26.854484,7,4,7,0,0,0.14939423164549953,0.7660226613405162,1.0000463469390712,0.7671281584035261,13.094866071428571,807.9010416666666,23.4609375,843.79296875,203666875.43509915,4204342779.984603,26.0,pre_failure
1774417976,2026-03-25T11:22:56.903093,7,4,7,0,0,0.11417614133582626,0.7875497518292318,0.7523975702366166,0.7895731016244374,13.148995535714286,826.2174479166666,23.48046875,832.34765625,203689756.37253395,4204342779.984603,26.0,pre_failure
1774418007,2026-03-25T11:23:26.956072,7,4,7,0,0,0.1499453555005887,0.8076090488770726,0.9999596784768632,0.8145143871943061,13.473214285714286,877.0794270833334,24.1875,917.81640625,203732265.39020598,4206226783.604367,26.0,pre_failure
1774418037,2026-03-25T11:23:57.014346,7,4,7,0,0,0.13618710996066496,0.7438545923730088,0.8988678091139581,0.7470781636228165,14.599888392857142,872.3125,28.46484375,932.203125,203758464.02572805,4206226783.604367,27.0,pre_failure
1774418067,2026-03-25T11:24:27.053361,7,4,7,0,0,0.14638913173841134,0.7006874158361395,0.9985932942998389,0.7011111111111125,13.846540178571429,867.9713541666666,25.06640625,877.47265625,203785465.74222296,4206226783.604367,27.0,pre_failure
1774418097,2026-03-25T11:24:57.096620,7,4,7,0,0,0.1365034880269995,0.7112697815376003,0.9027763697155016,0.7135555555555205,14.402901785714286,877.4661458333334,27.25,917.29296875,203823036.12284362,4206812786.0324697,27.0,pre_failure
1774418127,2026-03-25T11:25:27.143214,7,4,7,0,0,0.1498673821319198,0.7224444444444296,1.0001843553007692,0.7226666666666436,13.66015625,819.4166666666666,24.86328125,878.33203125,203850101.63029364,4206812786.0324697,27.0,pre_failure
1774418157,2026-03-25T11:25:57.186444,7,4,7,0,0,0.13594089424411276,0.7049839228507383,0.916154406670479,0.7073962129966864,13.9140625,847.25390625,26.09375,891.33984375,203869181.89722168,4206812786.0324697,27.0,pre_failure
1774418187,2026-03-25T11:26:27.233949,7,4,7,0,0,0.14939690177580955,0.708687678300125,1.0008174587987693,0.7100315569581107,13.9140625,837.7994791666666,25.3359375,902.55859375,203912497.5317518,4206812786.0324697,27.0,pre_failure
1774418217,2026-03-25T11:26:57.268359,7,4,7,0,0,0.1493488970700039,0.723111111111101,0.9999491303220165,0.7260000000000041,13.719308035714286,851.4622395833334,24.28125,919.82421875,203941352.27696127,4206812786.0324697,27.0,pre_failure
1774418247,2026-03-25T11:27:27.323858,7,4,7,0,0,0.14871153618065674,0.7140635165186071,1.000601885628229,0.7155555555555362,13.327566964285714,787.6875,23.96484375,812.9765625,203965501.5024251,4207311786.8341684,27.0,pre_failure
1774418277,2026-03-25T11:27:57.380788,7,4,7,0,0,0.1479663912506455,0.7098518518518699,0.998685111083232,0.7146666666666712,13.468191964285714,887.3125,24.6796875,938.15625,203998748.43473876,4210075791.639717,27.0,pre_failure
1774418307,2026-03-25T11:28:27.434073,7,4,7,0,0,0.13215400960012125,0.711640174954279,0.8814279939209396,0.7118094137517141,13.8515625,819.0065104166666,27.60546875,849.34375,204019647.54212892,4210075791.639717,27.0,pre_failure
1774418337,2026-03-25T11:28:57.475990,7,4,7,0,0,0.041232623828071024,0.5307407407407684,0.2611379347761778,0.5497777777778222,13.034040178571429,831.34765625,23.98046875,897.70703125,204076651.15660214,4213838795.2049413,27.0,pre_failure
1774418367,2026-03-25T11:29:27.534425,7,4,7,0,0,0.017487673409963923,0.5028148148147819,0.09233055582549836,0.5111111111110769,14.453125,820.3255208333334,23.55078125,895.01953125,204111046.44932798,4213838795.2049413,28.0,pre_failure
1774418397,2026-03-25T11:29:57.576263,7,4,7,0,0,0.13151166772996206,0.7098518518518551,0.875914333609671,0.7128888888888935,13.913504464285714,845.2096354166666,25.1953125,852.02734375,204137445.38701388,4213838795.2049413,28.0,pre_failure
1774418427,2026-03-25T11:30:27.619308,7,4,7,0,0,0.12753039997385354,0.7247407407407432,0.8386268594038769,0.7271111111111292,13.525669642857142,841.84765625,24.3828125,846.625,204165736.5005431,4213838795.2049413,28.0,pre_failure
1774418457,2026-03-25T11:30:57.661446,7,4,7,0,0,0.13748240194335704,0.7317885963655796,0.9135170413409457,0.7335555555555351,13.491071428571429,831.1940104166666,23.63671875,895.19140625,204205601.53149828,4214340798.1255827,28.0,pre_failure
1774418487,2026-03-25T11:31:27.706747,7,4,7,0,0,0.148201233786128,0.7258518518518392,0.9993140732030088,0.7275555555555318,14.14453125,855.3255208333334,23.59765625,889.78125,204226799.56215703,4214340798.1255827,28.0,pre_failure
1774418517,2026-03-25T11:31:57.745013,7,4,7,0,0,0.10167291016052561,0.6962222222222344,0.6922766758180112,0.6975555555555868,13.328125,855.5533854166666,23.73046875,885.48046875,204254531.51054326,4214340798.1255827,28.0,pre_failure
1774418547,2026-03-25T11:32:27.792177,7,4,7,0,0,0.1381585730548419,0.71802659412892,0.9186697414556498,0.718698608827042,14.212053571428571,868.0377604166666,26.69921875,890.828125,204277322.57873556,4214772799.355327,28.0,pre_failure
1774418577,2026-03-25T11:32:57.838442,7,4,7,0,0,0.14755447189134852,0.7069472603060968,1.0011228811119615,0.708000000000003,13.604352678571429,848.1927083333334,24.5,878.92578125,204317094.10704824,4214772799.355327,28.0,pre_failure
1774418607,2026-03-25T11:33:27.883893,7,4,7,0,0,0.14762122999205343,0.7145185185185217,0.9999377424593773,0.7164444444444256,13.354910714285714,848.5065104166666,24.28125,898.9296875,204343816.431898,4214772799.355327,28.0,pre_failure
1774418637,2026-03-25T11:33:57.929532,7,4,7,0,0,0.10415492165390496,0.7154445696792866,0.696167473366984,0.717857539726624,13.598214285714286,859.7057291666666,25.2578125,887.09375,204365906.37287802,4215123800.5828114,28.0,pre_failure
1774418668,2026-03-25T11:34:27.977586,7,4,7,0,0,0.11516867949880655,0.6097037037037032,0.777029469013504,0.6253333333333027,13.015066964285714,878.546875,23.62109375,910.9765625,204416688.42859876,4217589803.5361786,28.0,pre_failure
1774418698,2026-03-25T11:34:58.040009,7,4,7,0,0,0.006017774411500521,0.3860144732676895,0.03796110736451613,0.39780429806431994,13.501116071428571,879.4375,24.75390625,894.2109375,204433480.55488306,4217589803.5361786,28.0,pre_failure
1774418728,2026-03-25T11:35:28.106378,7,4,7,0,0,0.005328085899992026,0.40022222222222953,0.03244144047317835,0.40088888888889307,13.643973214285714,846.8463541666666,23.62109375,859.32421875,204455385.50757095,4217589803.5361786,28.0,pre_failure
1774418758,2026-03-25T11:35:58.169788,7,4,7,0,0,0.006626604684692037,0.4889629629629784,0.040999624760741565,0.4962222222222129,13.84765625,855.4921875,25.48828125,880.3984375,204483687.3511264,4217589803.5361786,29.0,pre_failure
1774418788,2026-03-25T11:36:28.213585,7,4,7,0,0,0.10727498632957,0.6955555555555476,0.7130850316631034,0.704444444444449,13.713727678571429,823.3971354166666,24.23046875,899.6875,204517762.7426253,4217589803.5361786,29.0,pre_failure
1774418818,2026-03-25T11:36:58.256553,7,4,7,0,0,0.12930784008549193,0.7097089548491953,0.8863944821021144,0.7104444444444373,13.943080357142858,827.2434895833334,24.25390625,847.38671875,204564637.15660113,4219726809.6913676,29.0,pre_failure
1774418848,2026-03-25T11:37:28.304464,7,4,7,0,0,0.14811097484385805,0.7166666666666455,0.9996577950664824,0.7182222222222068,13.722098214285714,835.7682291666666,23.62890625,853.5,204598006.69514793,4222771819.2443347,29.0,pre_failure
1774418878,2026-03-25T11:37:58.347095,7,4,7,0,0,0.12452246592966124,0.71644975320437,0.8300743056402906,0.7171111111110917,13.652901785714286,825.6888020833334,24.5,865.44140625,204643817.61763337,4225046827.7749057,29.0,pre_failure
1774418908,2026-03-25T11:38:28.388870,7,4,7,0,0,0.13307578950519236,0.7301481481481324,0.8950506252869035,0.7324444444444427,13.338169642857142,848.94921875,23.86328125,864.5703125,204677755.91790935,4225046827.7749057,29.0,pre_failure
1774418938,2026-03-25T11:38:58.431742,7,4,7,0,0,0.11722792192377222,0.7128148148148039,0.7821975226941216,0.7157777777777559,13.436941964285714,855.1979166666666,23.921875,861.0,204714257.5261108,4225046827.7749057,29.0,pre_failure
1774418968,2026-03-25T11:39:28.468919,7,4,7,0,0,0.13285540410747024,0.7145185185185099,0.8854516130231316,0.7146666666666595,13.372209821428571,851.7890625,25.14453125,927.984375,204735259.0587084,4227456829.207687,29.0,pre_failure
1774418998,2026-03-25T11:39:58.535635,7,4,7,0,0,0.13343870111091494,0.702804425153148,0.8974290484726386,0.7057777777777838,13.396763392857142,863.1875,24.984375,898.8359375,204761393.077176,4227456829.207687,29.0,pre_failure
1774419028,2026-03-25T11:40:28.581603,7,4,7,0,0,0.10730588303881157,0.6835555555555545,0.726566672763631,0.6848888888889164,13.80078125,859.5143229166666,24.07421875,885.92578125,204817139.78453317,4230117832.920778,29.0,pre_failure
1774419058,2026-03-25T11:40:58.631359,7,4,7,0,0,0.12003077584977444,0.6285042429270457,0.8014947838504869,0.6424016176699843,13.198102678571429,812.7369791666666,24.98046875,860.125,204850446.13677526,4230540834.497016,29.0,pre_failure
1774419088,2026-03-25T11:41:28.688919,7,4,7,0,0,0.019427980597242874,0.4330304101710708,0.06675118569321153,0.44731345273542616,13.140066964285714,876.0325520833334,25.50390625,912.4296875,204876204.15519485,4230540834.497016,29.0,pre_failure
1774419118,2026-03-25T11:41:58.747385,7,4,7,0,0,0.009506344988526075,0.3912621358168103,0.06206738347358792,0.39220479089822713,12.998325892857142,894.5677083333334,25.078125,926.93359375,204890707.26499656,4230540834.497016,29.0,pre_failure
1774419148,2026-03-25T11:42:28.798018,7,4,7,0,0,0.006077955235431492,0.3723786425267789,0.03729761186213304,0.37511111111110845,13.235491071428571,849.5065104166666,25.57421875,859.31640625,204916519.1513411,4230540834.497016,29.0,pre_failure
1774419178,2026-03-25T11:42:58.857328,7,4,7,0,0,0.0026420816689478373,0.3731907492184938,0.014356375970944841,0.375572247655466,13.16796875,869.9453125,23.83203125,948.98046875,204973433.84975988,4234229837.862088,29.0,pre_failure
1774419208,2026-03-25T11:43:28.908609,7,4,7,0,0,0.006166715171557145,0.37311942771493406,0.03871839870427077,0.3742471720336704,13.106584821428571,868.3958333333334,24.5625,917.234375,205002774.88625234,4234600838.8428707,29.0,pre_failure
1774419239,2026-03-25T11:43:58.966167,7,4,7,0,0,0.0051546915002262045,0.3813333333333334,0.03170799319700065,0.3842222222222049,13.134486607142858,856.5846354166666,24.328125,867.3046875,205036101.94105592,4234600838.8428707,29.0,pre_failure
1774419269,2026-03-25T11:44:29.031389,7,4,7,0,0,0.0057286687146536125,0.39934219318325065,0.035571402484982924,0.4000000000000113,13.125,856.6484375,23.70703125,902.2109375,205057335.93732917,4234600838.8428707,29.0,pre_failure
1774419299,2026-03-25T11:44:59.089617,7,4,7,0,0,0.005062938235329425,0.29373815351234167,0.031202805312795935,0.29965805498147735,13.092633928571429,830.0390625,23.73046875,853.83984375,205097303.26561567,4237849843.373293,29.0,pre_failure
1774419329,2026-03-25T11:45:29.136291,7,4,7,0,0,0.006268039165720144,0.4060000000000093,0.03837498243236353,0.4062222222222431,13.188616071428571,860.7174479166666,24.91015625,891.58203125,205151040.04098892,4237849843.373293,29.0,pre_failure
1774419359,2026-03-25T11:45:59.180814,7,4,7,0,0,0.005165322378929656,0.3348888888888849,0.03129956171164158,0.335333333333334,13.133928571428571,843.3385416666666,25.17578125,888.0078125,205171817.0106847,4238329844.1327515,29.0,pre_failure
1774419389,2026-03-25T11:46:29.243290,7,4,7,0,0,0.005306246465774802,0.3441481481481408,0.03453916719280184,0.346444444444435,13.266183035714286,900.2890625,26.63671875,929.55078125,205200672.87741795,4238329844.1327515,29.0,pre_failure
1774419419,2026-03-25T11:46:59.303077,7,4,7,0,0,0.004923246105177953,0.34229124960700646,0.03020639317164217,0.3460000000000024,13.381696428571429,874.19921875,25.14453125,878.95703125,205234646.10029212,4238916848.6259637,29.0,pre_failure
1774419449,2026-03-25T11:47:29.364514,7,4,7,0,0,0.005484394464647802,0.3513971367154313,0.03384202254023738,0.353777777777806,12.953683035714286,854.4270833333334,23.87890625,871.31640625,205257879.50067827,4238916848.6259637,29.0,pre_failure
1774419479,2026-03-25T11:47:59.415153,7,4,7,0,0,0.005750424941325967,0.3589629629629729,0.035367234549793646,0.3613333333333357,13.359933035714286,877.78515625,25.7109375,949.0390625,205282637.31922024,4238916848.6259637,29.0,pre_failure
1774419509,2026-03-25T11:48:29.477495,7,4,7,0,0,0.00541857857711119,0.35948680188255394,0.033735330873470096,0.36066666666665953,13.365513392857142,854.2447916666666,24.1875,916.0234375,205319223.62620378,4239347853.290706,29.0,pre_failure
1774419539,2026-03-25T11:48:59.535471,7,4,7,0,0,0.006274304226430988,0.37667506722671645,0.03839650111095815,0.3780252016801422,13.2421875,829.9505208333334,25.68359375,876.57421875,205374515.91625178,4245974859.393492,29.0,pre_failure
1774419569,2026-03-25T11:49:29.603027,7,4,7,0,0,0.005950135707998877,0.3851909368811466,0.037914324440582146,0.3882394773100982,12.798549107142858,819.6184895833334,24.75,860.84375,205396401.32124913,4246519860.6052485,29.0,pre_failure
1774419599,2026-03-25T11:49:59.648231,7,4,7,0,0,0.007802595728013403,0.37756392154539725,0.050875972944944475,0.37977777777780997,13.513392857142858,888.53515625,25.17578125,899.66796875,205438232.57646263,4246519860.6052485,29.0,pre_failure
1774419629,2026-03-25T11:50:29.711079,7,4,7,0,0,0.007462017853986462,0.37829908318948186,0.0473280032732509,0.38266666666666604,13.041852678571429,866.1080729166666,24.87890625,915.734375,205465377.64874804,4246519860.6052485,29.0,pre_failure
1774419659,2026-03-25T11:50:59.775592,7,4,7,0,0,0.006412728082896131,0.38363529243275196,0.039634014242002594,0.3862222222222424,20.481026785714285,852.2747395833334,77.17578125,891.01953125,205504581.74905768,4246519860.6052485,29.0,pre_failure
1774419689,2026-03-25T11:51:29.838518,7,4,7,0,0,0.005751789075375881,0.3799944035409,0.03617784031301962,0.3846666666666667,13.302455357142858,842.7200520833334,25.3125,863.7421875,205533878.73028713,4246837862.974636,29.0,pre_failure
1774419719,2026-03-25T11:51:59.891245,7,4,7,0,0,0.004551935010770206,0.37495459315057555,0.027142129591661672,0.37733333333334385,12.872767857142858,841.8763020833334,23.70703125,860.0,205562401.39151326,4246837862.974636,29.0,pre_failure
1774419750,2026-03-25T11:52:29.947665,7,4,7,0,0,0.005870249210889473,0.36585185185185687,0.03687358741302161,0.3666666666666718,12.707589285714286,829.1119791666666,23.83203125,874.1015625,205590620.0988048,4246837862.974636,29.0,pre_failure
1774419780,2026-03-25T11:53:00.009511,7,4,7,0,0,0.006011725182365393,0.36615358707301293,0.037590032537812026,0.36712742788571,13.142299107142858,858.6015625,23.91015625,959.390625,205619779.6458827,4246837862.974636,29.0,pre_failure
1774419810,2026-03-25T11:53:30.074978,7,4,7,0,0,0.006638812822297504,0.3702990222827947,0.042300484603398567,0.3722222222222399,12.958147321428571,873.1731770833334,24.34375,921.67578125,205655503.06099007,4247409864.2231617,29.0,pre_failure
1774419840,2026-03-25T11:54:00.135563,7,4,7,0,0,0.006593202092374076,0.3922990329330385,0.042010161300152025,0.39598240078221253,12.84375,861.5989583333334,24.45703125,931.8984375,205680379.3916683,4247757865.6273503,29.0,pre_failure
1774419870,2026-03-25T11:54:30.184207,7,4,7,0,0,0.006268154922890498,0.4006666666666653,0.03949518113143406,0.40577777777777513,13.107700892857142,838.8046875,23.96484375,847.3515625,205706074.46197525,4247757865.6273503,29.0,pre_failure
1774419900,2026-03-25T11:55:00.243847,7,4,7,0,0,0.004490238586621466,0.39651851851852843,0.02725552141218905,0.3982222222222377,13.35546875,818.8776041666666,24.8984375,831.19921875,205720559.11237368,4248238869.7587,29.0,pre_failure
1774419930,2026-03-25T11:55:30.302117,7,4,7,0,0,0.004069223858519605,0.4011111111111169,0.024010764656007492,0.40755555555557016,12.907366071428571,848.8815104166666,25.14453125,882.27734375,205740293.78911313,4248238869.7587,29.0,pre_failure
1774419960,2026-03-25T11:56:00.362930,7,4,7,0,0,0.004287698986738451,0.38956132371314867,0.025079587156050676,0.3975555555555717,12.7421875,845.2330729166666,23.9296875,909.87109375,205776934.9226685,4248238869.7587,29.0,pre_failure
1774419990,2026-03-25T11:56:30.422748,7,4,7,0,0,0.006611268326967432,0.39453307980722974,0.04195434347415527,0.3988888888888911,13.041852678571429,839.0989583333334,23.82421875,855.2421875,205806968.35289556,4248238869.7587,29.0,pre_failure
1774420020,2026-03-25T11:57:00.482021,7,4,7,0,0,0.008171446206595375,0.403333333333324,0.05297615727003264,0.4086666666666602,13.158482142857142,850.5846354166666,25.27734375,857.41015625,205833468.2500174,4248238869.7587,29.0,pre_failure
1774420050,2026-03-25T11:57:30.549460,7,4,7,0,0,0.004203643671599885,0.39696296296298184,0.025846650992925373,0.3986666666667109,13.057477678571429,843.7877604166666,23.8359375,884.47265625,205866957.5638005,4249102881.4206004,29.0,pre_failure
1774420080,2026-03-25T11:58:00.617264,7,4,7,0,0,0.008084138553810785,0.40658039943773366,0.05080873672377836,0.4115189760910152,12.919084821428571,828.0364583333334,23.91796875,901.98046875,205901020.45828965,4249102881.4206004,29.0,pre_failure
1774420110,2026-03-25T11:58:30.681977,7,4,7,0,0,0.005812400732490389,0.388888888888886,0.03660584169975191,0.39511111111112196,12.849330357142858,878.21484375,23.91015625,894.34375,205933058.4002363,4249102881.4206004,29.0,pre_failure
1774420140,2026-03-25T11:59:00.743554,7,4,7,0,0,0.00597392823303475,0.37393421783672837,0.0366878295423506,0.3764444444444468,13.576450892857142,840.453125,26.5859375,881.140625,205972086.63828638,4249437883.589454,29.0,pre_failure
1774420170,2026-03-25T11:59:30.795910,7,4,7,0,0,0.0051844928890919795,0.3891851851851718,0.0321350092378974,0.3908888888888655,13.688058035714286,858.3880208333334,25.39453125,901.41015625,206007820.54343927,4249437883.589454,29.0,pre_failure
1774420200,2026-03-25T12:00:00.847379,7,4,7,0,0,0.00789550620652292,0.4022222222222076,0.0515083989418129,0.40511111111106357,13.697544642857142,847.3541666666666,25.41015625,876.0390625,206031152.41146675,4249437883.589454,29.0,pre_failure
1774420230,2026-03-25T12:00:30.900118,7,4,7,0,0,0.00848231781523045,0.4059259259259286,0.05369814530415486,0.4091111111111053,13.094866071428571,872.0364583333334,25.5,898.94921875,206055459.55673522,4249820890.188868,29.0,pre_failure
1774420261,2026-03-25T12:01:00.949658,7,4,7,0,0,0.0061879523387981545,0.4171851851851961,0.03871470271531299,0.4186666666666863,12.76953125,832.48828125,23.89453125,887.43359375,206071149.82729304,4249820890.188868,29.0,pre_failure
1774420291,2026-03-25T12:01:31.015085,7,4,7,0,0,0.006998466412025531,0.4134814814815059,0.04389109967745802,0.41466666666670393,12.900669642857142,831.57421875,25.23828125,844.56640625,206098129.8674683,4249820890.188868,29.0,pre_failure
1774420321,2026-03-25T12:02:01.074647,7,4,7,0,0,0.0040683770849684504,0.41703703703704553,0.024933776628116397,0.42111111111109567,13.20703125,850.9544270833334,26.1015625,861.77734375,206148275.94296664,4252144892.590422,29.0,pre_failure
1774420351,2026-03-25T12:02:31.137720,7,4,7,0,0,0.00849671399842554,0.4050868454661512,0.05508259296778796,0.40948275862067846,13.080357142857142,853.3515625,25.35546875,864.84375,206174721.09320828,4252594896.664041,29.0,pre_failure
1774420381,2026-03-25T12:03:01.198368,7,4,7,0,0,0.005683463463466238,0.38696296296294236,0.034429110344504854,0.39199999999997315,12.895647321428571,845.2903645833334,24.47265625,872.95703125,206208969.35972705,4255744898.4391394,29.0,pre_failure
1774420411,2026-03-25T12:03:31.263716,7,4,7,0,0,0.005869718610736652,0.37318518518519433,0.037127239250173506,0.3748888888889054,13.554129464285714,844.7721354166666,27.671875,876.76171875,206247977.22048888,4258733900.057527,29.0,pre_failure
1774420441,2026-03-25T12:04:01.307956,7,4,7,0,0,0.00738843640369291,0.39644444444445487,0.04773295948312159,0.3966666666666937,13.197544642857142,847.4830729166666,24.08984375,874.6796875,206277994.95509985,4258733900.057527,29.0,pre_failure
1774420471,2026-03-25T12:04:31.370733,7,4,7,0,0,0.0064596817451825495,0.39369490922828104,0.04147050512063292,0.3957513943514738,12.829241071428571,841.75,24.06640625,860.90625,206315149.85929975,4259151907.9372344,29.0,pre_failure
1774420501,2026-03-25T12:05:01.430889,7,4,7,0,0,0.005021575026058072,0.38725065242565954,0.0306842588555558,0.38777777777780276,12.772321428571429,787.19921875,24.28125,801.73046875,206347648.05277026,4259151907.9372344,29.0,pre_failure
1774420531,2026-03-25T12:05:31.489833,7,4,7,0,0,0.005163640729393199,0.3937690820611995,0.03191915897324481,0.39600000000000746,12.815290178571429,867.0625,23.9765625,914.4921875,206386877.03564093,4259151907.9372344,29.0,pre_failure
1774420561,2026-03-25T12:06:01.546474,7,4,7,0,0,0.006160109220070726,0.38703703703706566,0.039190730325495346,0.39066666666669525,13.180803571428571,824.0403645833334,25.08203125,850.515625,206406066.42064863,4259151907.9372344,29.0,pre_failure
1774420591,2026-03-25T12:06:31.608385,7,4,7,0,0,0.005079024936452889,0.3887349072551555,0.03117417699984835,0.3937602773210148,12.887276785714286,826.2135416666666,23.96484375,847.48046875,206426349.07218045,4259151907.9372344,30.0,pre_failure
1774420621,2026-03-25T12:07:01.651407,7,4,7,0,0,0.07330176296382478,0.6202969322420213,0.4647917114512231,0.6273751583438609,13.416294642857142,846.6705729166666,25.125,863.65234375,206471493.06928304,4260179918.374479,30.0,pre_failure
1774420651,2026-03-25T12:07:31.689036,7,4,7,0,0,0.1109657663698303,0.7248888888888655,0.7576907678437641,0.7257777777777518,13.351004464285714,847.0065104166666,23.97265625,865.99609375,206505661.70090634,4260616921.1706204,30.0,pre_failure
1774420681,2026-03-25T12:08:01.729990,7,4,7,0,0,0.12825822367089446,0.7209629629629735,0.8550266290825141,0.7233333333333425,13.747767857142858,857.8919270833334,26.1328125,871.9140625,206534334.80102375,4260616921.1706204,30.0,pre_failure
1774420711,2026-03-25T12:08:31.769286,7,4,7,0,0,0.13563673371901497,0.7241642282325179,0.9080668013240795,0.7253333333333253,13.772321428571429,841.8828125,26.54296875,889.9609375,206557341.4617718,4260616921.1706204,30.0,pre_failure
1774420741,2026-03-25T12:09:01.806502,7,4,7,0,0,0.1267603304324343,0.7287299461587862,0.8497892530084152,0.7291111111111174,13.372209821428571,857.5598958333334,24.30078125,879.921875,206578191.4367383,4260616921.1706204,30.0,pre_failure
1774420771,2026-03-25T12:09:31.847460,7,4,7,0,0,0.12607209912508857,0.7363430565328104,0.8322235512067191,0.7374736140428902,13.446428571428571,807.9778645833334,24.5390625,818.57421875,206605012.1379116,4260616921.1706204,30.0,pre_failure
1774420801,2026-03-25T12:10:01.891575,7,4,7,0,0,0.12366045281804507,0.7251851851851829,0.8324629652737998,0.7288888888888942,13.23046875,818.875,24.55078125,823.8671875,206628744.36707693,4260616921.1706204,30.0,pre_failure
1774420831,2026-03-25T12:10:31.927648,7,4,7,0,0,0.1466415229150581,0.7285764307071115,0.9997847199545495,0.7308888888888976,13.55078125,840.1953125,24.28125,856.54296875,206664452.20413145,4260983923.8946743,30.0,pre_failure
1774420862,2026-03-25T12:11:01.968294,7,4,7,0,0,0.13246514749783467,0.7340740740740641,0.8777785563288611,0.7359999999999672,13.741071428571429,844.40234375,25.0625,874.1328125,206689802.16016334,4260983923.8946743,30.0,pre_failure
1774420892,2026-03-25T12:11:32.012880,7,4,7,0,0,0.13021806098287952,0.7370479346407384,0.8657806532451774,0.7382222222222682,13.450334821428571,864.7330729166666,23.54296875,915.65625,206727088.83969796,4261508926.8246565,30.0,pre_failure
1774420922,2026-03-25T12:12:02.053828,7,4,7,0,0,0.015174033730387634,0.517925925925897,0.07374486903794862,0.5355555555555271,13.209263392857142,859.0846354166666,24.22265625,922.76953125,206773783.86638582,4266686934.0381994,30.0,pre_failure
1774420952,2026-03-25T12:12:32.108968,7,4,7,0,0,0.010054776292447828,0.43354594631962745,0.06728820253441234,0.4362222222222158,13.173549107142858,826.7252604166666,25.69140625,888.3046875,206829542.602523,4269306935.9275775,30.0,pre_failure
1774420982,2026-03-25T12:13:02.164385,7,4,7,0,0,0.006140053784374366,0.40111702742344935,0.03828899667728641,0.4046666666666625,13.053571428571429,865.9856770833334,24.7578125,909.52734375,206865634.4949649,4269306935.9275775,30.0,pre_failure
1774421012,2026-03-25T12:13:32.228876,7,4,7,0,0,0.007275001919782531,0.4088148148148161,0.047562714668997225,0.4115555555555602,13.530691964285714,863.24609375,24.8125,873.60546875,206890962.2437644,4269306935.9275775,30.0,pre_failure
1774421042,2026-03-25T12:14:02.303567,7,4,7,0,0,0.005300427738089592,0.4016945511404491,0.033077653985239694,0.4052792960938544,13.674665178571429,840.7291666666666,27.79296875,854.26953125,206934352.79014936,4269306935.9275775,30.0,pre_failure
1774421072,2026-03-25T12:14:32.365776,7,4,7,0,0,0.005502115651934662,0.3848233240240584,0.03437526760994432,0.38933333333330755,13.607700892857142,867.8815104166666,24.5546875,880.3515625,206962552.05206445,4271564941.993722,30.0,pre_failure
1774421102,2026-03-25T12:15:02.423213,7,4,7,0,0,0.006761529077683377,0.3836296296296289,0.042233501200788476,0.38688888888889195,13.318638392857142,856.9518229166666,24.73828125,898.65625,206990320.07442358,4271564941.993722,30.0,pre_failure
1774421132,2026-03-25T12:15:32.481211,7,4,7,0,0,0.005350860202532576,0.39036460601750517,0.03396568810969522,0.3915555555555418,13.172991071428571,838.12109375,24.640625,857.89453125,207027255.07242763,4273490944.5015445,30.0,pre_failure
1774421162,2026-03-25T12:16:02.537046,7,4,7,0,0,0.007784354002207729,0.40570370370369896,0.05140857150585453,0.41044444444444633,13.357142857142858,842.0208333333334,24.12109375,880.6328125,207063479.01263952,4274547947.088915,30.0,pre_failure
1774421192,2026-03-25T12:16:32.584168,7,4,7,0,0,0.007561350918818952,0.4071111111111118,0.05063995174191088,0.4095555555555292,12.826450892857142,840.8645833333334,24.01171875,869.390625,207079350.44574478,4274547947.088915,30.0,pre_failure
1774421222,2026-03-25T12:17:02.647672,7,4,7,0,0,0.009451653173713092,0.41259259259259845,0.061616158116499925,0.41577777777775976,13.202008928571429,808.2565104166666,25.5234375,830.45703125,207118732.31658143,4276883948.5367,30.0,pre_failure
1774421252,2026-03-25T12:17:32.707828,7,4,7,0,0,0.009014838850006418,0.42133957229376484,0.05898774168088544,0.4217777777777922,13.200892857142858,849.0143229166666,25.328125,863.7578125,207173682.70608875,4282585951.27824,30.0,pre_failure
1774421282,2026-03-25T12:18:02.776672,7,4,7,0,0,0.007758857550365974,0.42680537840688476,0.05048550067567926,0.4297777777777949,13.271763392857142,866.0546875,26.41796875,891.0078125,207186215.77495122,4282585951.27824,30.0,pre_failure
1774421312,2026-03-25T12:18:32.836978,7,4,7,0,0,0.009441365691226144,0.46688888888887814,0.05343873697329296,0.47466666666665314,14.018973214285714,867.6731770833334,24.49609375,924.21484375,207223268.46528915,4283009953.932205,31.0,pre_failure
1774421342,2026-03-25T12:19:02.878380,7,4,7,0,0,0.13756935918515195,0.6764938299036662,0.9030251775988276,0.6831111111111225,13.662946428571429,793.8971354166666,25.34375,810.21875,207257638.2253065,4285609960.5785275,31.0,pre_failure
1774421372,2026-03-25T12:19:32.920281,7,4,7,0,0,0.14747691251387735,0.7204336701146619,1.0005751958577034,0.7228246378100076,13.756138392857142,840.7786458333334,26.734375,905.92578125,207285429.28086632,4286139961.974872,31.0,pre_failure
1774421402,2026-03-25T12:20:02.956175,7,4,7,0,0,0.1260781413393643,0.7111111111111021,0.8491978309226802,0.7159999999999752,13.361049107142858,851.91015625,25.51171875,880.96484375,207338994.76597023,4289702962.684689,31.0,pre_failure
1774421433,2026-03-25T12:20:33.002096,7,4,7,0,0,0.11322295557127242,0.7230842581277057,0.7640988612069113,0.725030552160857,13.607700892857142,871.1497395833334,24.08984375,892.79296875,207380345.01506835,4289702962.684689,31.0,pre_failure
1774421463,2026-03-25T12:21:03.042164,7,4,7,0,0,0.0999785849813212,0.7234074074073886,0.6626475695103011,0.7275555555555506,13.196428571428571,824.24609375,24.96484375,851.75,207420455.09942958,4289702962.684689,31.0,pre_failure
1774421493,2026-03-25T12:21:33.084687,7,4,7,0,0,0.1277785243644738,0.7178993003045289,0.8530963706804687,0.7203964180165909,13.736049107142858,895.4622395833334,26.265625,967.16015625,207452809.88979283,4289702962.684689,31.0,pre_failure
1774421523,2026-03-25T12:22:03.128938,7,4,7,0,0,0.1256451997331031,0.7128782654927064,0.8419860424872838,0.7170792409225848,14.229910714285714,909.5143229166666,25.51953125,926.69140625,207481664.578695,4289702962.684689,31.0,pre_failure
1774421553,2026-03-25T12:22:33.170360,7,4,7,0,0,0.13361826300822335,0.717079516533154,0.8949990236365148,0.7176193439417019,13.342075892857142,865.25390625,25.0625,893.19140625,207508529.3561759,4289702962.684689,31.0,pre_failure
1774421583,2026-03-25T12:23:03.228975,7,4,7,0,0,0.10236512947140053,0.7068888888888918,0.6808649691052695,0.7124444444444709,13.2265625,826.5859375,24.33984375,861.4765625,207537693.0190413,4290106972.677787,31.0,pre_failure
1774421613,2026-03-25T12:23:33.272549,7,4,7,0,0,0.11184575444146856,0.6507502983671822,0.7530914920915595,0.667111111111175,13.484375,896.1002604166666,25.5546875,912.47265625,207561631.45875087,4290106972.677787,31.0,pre_failure
1774421643,2026-03-25T12:24:03.341876,7,4,7,0,0,0.01876620861570591,0.4280740740740663,0.09958027727039727,0.4437777777777709,13.397321428571429,821.2447916666666,25.11328125,840.6640625,207581335.89198807,4290570974.261633,31.0,pre_failure
1774421673,2026-03-25T12:24:33.404590,7,4,7,0,0,0.007037595898319457,0.3851851851851738,0.04575048031716015,0.389111111111078,13.1171875,849.1106770833334,25.37109375,881.71875,207619815.42314154,4290873976.209413,31.0,pre_failure
1774421703,2026-03-25T12:25:03.463996,7,4,7,0,0,0.007638134274927254,0.40564160764906104,0.04976301123768499,0.40933333333334,13.045200892857142,887.19921875,24.6328125,893.3203125,207633294.74965262,4290873976.209413,31.0,pre_failure
1774421733,2026-03-25T12:25:33.510538,7,4,7,0,0,0.007139266502478637,0.40917604011585856,0.04549170806352577,0.41152812034755737,12.949776785714286,833.1184895833334,24.15625,853.4453125,207662416.64107642,4290873976.209413,31.0,pre_failure
1774421763,2026-03-25T12:26:03.587550,7,4,7,0,0,0.007182237701628021,0.4297777777777612,0.04641132955834165,0.4351111111111145,13.098214285714286,828.5572916666666,24.60546875,898.7734375,207692578.20955583,4290873976.209413,31.0,pre_failure
1774421793,2026-03-25T12:26:33.637205,7,4,7,0,0,0.00755746149229015,0.42200618176268734,0.047869676731977374,0.4262127508277217,13.056919642857142,857.9869791666666,25.21875,878.125,207742533.20889613,4294288982.951813,31.0,pre_failure
1774421823,2026-03-25T12:27:03.692072,7,4,7,0,0,0.007050500336900182,0.407836742419583,0.04509779763264209,0.40800000000000036,12.985491071428571,833.9036458333334,24.16796875,858.30078125,207768384.8937187,4294288982.951813,31.0,pre_failure
1774421853,2026-03-25T12:27:33.744804,7,4,7,0,0,0.010105874140052172,0.412518518518506,0.06542993144225595,0.4142222222221867,13.486049107142858,812.91015625,25.76171875,840.00390625,207790883.57117495,4294805984.751638,31.0,pre_failure
1774421883,2026-03-25T12:28:03.799220,7,4,7,0,0,0.0075797266803107255,0.4125925925925901,0.04800904971663964,0.41333333333333777,13.127232142857142,836.2096354166666,26.77734375,899.7265625,207812726.03772298,4294805984.751638,31.0,pre_failure
1774421913,2026-03-25T12:28:33.851765,7,4,7,0,0,0.009021382630192528,0.4515047063765031,0.05895218847179187,0.4620000000000068,13.62109375,881.4244791666666,24.19140625,904.9375,207848921.37260413,4294805984.751638,32.0,pre_failure
1774421943,2026-03-25T12:29:03.903163,7,4,7,0,0,0.12197478291466336,0.6520141688458462,0.8303510266313638,0.6604444444444636,13.133370535714286,825.16796875,24.18359375,861.46484375,207892576.08896112,4294805984.751638,32.0,pre_failure
1774421973,2026-03-25T12:29:33.943371,7,4,7,0,0,0.041582125824185974,0.49967168148146873,0.2762779517329215,0.5158594666666602,13.234933035714286,824.0403645833334,24.22265625,847.75,207900043.25667134,4294805984.751638,32.0,pre_failure
1774422004,2026-03-25T12:30:04.000232,7,4,7,0,0,0.10129147493691469,0.7780856150712904,0.681261634222673,0.7822396053246371,13.905133928571429,850.4700520833334,24.4375,926.4765625,207951649.70480627,4294805984.751638,32.0,pre_failure
1774422034,2026-03-25T12:30:34.133419,7,4,7,0,0,0.11883904912171757,0.7364966801305091,0.7855054244780056,0.7370455959470035,13.484933035714286,853.4427083333334,24.20703125,882.47265625,207963264.8575351,4294805984.751638,32.0,pre_failure
1774422064,2026-03-25T12:31:04.175502,7,4,7,0,0,0.12937405949765798,0.743435048338704,0.8706491830015005,0.7463051450161151,13.432477678571429,797.2916666666666,24.22265625,811.24609375,208005865.1067235,4294805984.751638,32.0,pre_failure
1774422094,2026-03-25T12:31:34.216684,7,4,7,0,0,0.11998550982310925,0.7386830825758831,0.8019441024639129,0.738715914394296,13.185825892857142,815.4075520833334,24.22265625,858.6171875,208048014.12653348,4295222986.234796,32.0,pre_failure
1774422124,2026-03-25T12:32:04.259177,7,4,7,0,0,0.1205594836166543,0.7258249412617,0.8094025845313004,0.7265859348961186,13.12109375,859.0559895833334,24.234375,868.265625,208074359.11358678,4295781987.628089,32.0,pre_failure
1774422154,2026-03-25T12:32:34.304110,7,4,7,0,0,0.12051039633526225,0.7316458776264133,0.8039536431556922,0.7326666666667101,13.458147321428571,832.4817708333334,25.86328125,850.6328125,208109121.43302113,4295781987.628089,32.0,pre_failure
1774422184,2026-03-25T12:33:04.346603,7,4,7,0,0,0.12681263894036,0.7211160786811471,0.8654294961913258,0.7242850476634103,13.429129464285714,826.6302083333334,24.23828125,834.6328125,208154912.6562353,4299498989.85389,32.0,pre_failure
1774422214,2026-03-25T12:33:34.390519,7,4,7,0,0,0.08888406981595513,0.6711968022493653,0.5958310011639358,0.700062227753582,13.259486607142858,825.16015625,24.25390625,846.64453125,208173694.3184973,4299498989.85389,32.0,pre_failure
1774422244,2026-03-25T12:34:04.436647,7,4,7,0,0,0.06329791254163042,0.6181481481481412,0.39530271887550467,0.6204444444444636,13.625558035714286,840.7916666666666,25.79296875,882.89453125,208203682.4380281,4299498989.85389,33.0,pre_failure
1774422274,2026-03-25T12:34:34.478692,7,4,7,0,0,0.10511713760924911,0.7253171862616694,0.7166261979166548,0.72661822545164,13.450892857142858,843.0950520833334,24.25390625,903.09765625,208234797.13730687,4299498989.85389,33.0,pre_failure
1774422304,2026-03-25T12:35:04.522333,7,4,7,0,0,0.135049974016826,0.7289629629629495,0.8985558440269159,0.7311111111110901,13.591517857142858,845.9192708333334,26.06640625,886.01171875,208250916.75331056,4299498989.85389,33.0,pre_failure
1774422334,2026-03-25T12:35:34.572146,7,4,7,0,0,0.11623647548358632,0.718592592592583,0.7969893128685952,0.7193333333333256,13.627232142857142,820.2291666666666,25.2109375,843.71484375,208292560.9772514,4301432992.8728,33.0,pre_failure
1774422364,2026-03-25T12:36:04.612747,7,4,7,0,0,0.11273671852892488,0.719703703703719,0.7559180950383253,0.7200000000000134,13.397879464285714,809.92578125,24.33203125,866.54296875,208325406.04610795,4302011996.436644,33.0,pre_failure
1774422394,2026-03-25T12:36:34.655471,7,4,7,0,0,0.12296678926735138,0.7225185185185282,0.8239820176039163,0.7284444444444386,13.748883928571429,905.5442708333334,25.6015625,917.890625,208373702.3617509,4305409001.186087,33.0,pre_failure
1774422424,2026-03-25T12:37:04.698192,7,4,7,0,0,0.1279315472804427,0.7197777777777769,0.8595844835586219,0.7204444444444661,13.74609375,856.7955729166666,26.8046875,927.89453125,208388532.51112515,4305409001.186087,33.0,pre_failure
1774422454,2026-03-25T12:37:34.739362,7,4,7,0,0,0.11453965619942043,0.7154127159343169,0.7721207393637007,0.7156032624397621,14.043526785714286,852.1627604166666,26.3515625,875.35546875,208427662.05484864,4305765002.477519,33.0,pre_failure
1774422484,2026-03-25T12:38:04.788762,7,4,7,0,0,0.1121197740033698,0.7242383023065699,0.7605697072327351,0.725777777777777,13.327566964285714,811.4296875,24.34765625,851.5234375,208467071.11460915,4308970005.858634,33.0,pre_failure
1774422514,2026-03-25T12:38:34.832136,7,4,7,0,0,0.11149517157316516,0.7311273788622848,0.7336406060882172,0.7320488032535465,13.925223214285714,858.9752604166666,27.46484375,863.6015625,208494911.44204804,4308970005.858634,33.0,pre_failure
1774422544,2026-03-25T12:39:04.870458,7,4,7,0,0,0.056306662759369415,0.5830550336984579,0.33835460297655906,0.6115555555555338,12.945870535714286,844.5325520833334,24.37109375,906.953125,208516272.33948022,4308970005.858634,33.0,pre_failure
1774422574,2026-03-25T12:39:34.927487,7,4,7,0,0,0.004655223834021373,0.3911851851851873,0.02676668947043973,0.3933333333333027,12.992745535714286,828.3216145833334,24.33984375,867.25390625,208530143.39523458,4308970005.858634,33.0,pre_failure
1774422605,2026-03-25T12:40:04.979444,7,4,7,0,0,0.007733841491763275,0.3974163067661236,0.04922538388356629,0.40047114252061333,13.400111607142858,794.5247395833334,26.921875,802.22265625,208576196.01999253,4309380006.592994,33.0,pre_failure
1774422635,2026-03-25T12:40:35.042761,7,4,7,0,0,0.024502817843472663,0.5339887760569206,0.14396607177879095,0.5899999999999839,13.705915178571429,848.9739583333334,25.65234375,895.6015625,208604909.30168366,4309380006.592994,34.0,pre_failure
1774422665,2026-03-25T12:41:05.086854,7,4,7,0,0,0.13363475351615484,0.7109998411275348,0.9065943911036423,0.7117777777777606,13.611049107142858,837.7747395833334,25.95703125,851.46875,208638920.77598614,4309380006.592994,34.0,pre_failure
1774425410,2026-03-25T13:26:50.437824,7,4,7,0,0,0.0908847750919857,0.7274074074073958,0.6105188618944862,0.7357777777777323,13.412946428571429,823.0533854166666,24.69140625,885.23046875,208673172.59112266,4309698007.231031,34.0,pre_failure
1774425440,2026-03-25T13:27:20.496298,7,4,7,0,0,0.1330998560718083,0.7394512831556289,0.9100422359584157,0.74093828477456,16.683035714285715,817.0833333333334,46.92578125,877.765625,208713263.43160698,4310275009.248747,34.0,pre_failure
1774425470,2026-03-25T13:27:50.541619,7,4,7,0,0,0.10096715678321133,0.7526666666666447,0.6565674547710202,0.7562222222222571,13.314732142857142,834.9192708333334,24.33203125,851.453125,208778183.08930388,4315340014.518014,34.0,pre_failure
1774425500,2026-03-25T13:28:20.587999,7,4,7,0,0,0.10165709249536806,0.7316296296296227,0.6704549328465813,0.7391111111110769,13.439732142857142,822.58203125,24.42578125,848.546875,208823827.47238338,4317726016.834254,34.0,pre_failure
1774425530,2026-03-25T13:28:50.632778,7,4,7,0,0,0.11853192071044039,0.722730100884411,0.7917857754555158,0.7251111111111274,13.497209821428571,884.6822916666666,26.3828125,896.5234375,208837060.25214198,4317726016.834254,34.0,pre_failure
1774425560,2026-03-25T13:29:20.679790,7,4,7,0,0,0.14634535741616297,0.7079259259259144,0.9999926004833289,0.7124444444444292,13.841517857142858,852.3854166666666,25.97265625,921.34765625,208860174.74612206,4318190019.067856,34.0,pre_failure
1774425590,2026-03-25T13:29:50.728012,7,4,7,0,0,0.09669203316052577,0.7229629629629656,0.6398207285642534,0.7311111111111157,13.813058035714286,838.6822916666666,26.01953125,890.78125,208895632.61464408,4320105021.34454,34.0,pre_failure
1774425620,2026-03-25T13:30:20.806469,7,4,7,0,0,0.13153896996856093,0.7274344295463636,0.8876297186759159,0.7327155143676366,13.229352678571429,817.3268229166666,24.55078125,856.14453125,208919811.33300635,4320105021.34454,34.0,pre_failure
1774425650,2026-03-25T13:30:50.860276,7,4,7,0,0,0.048491789298293744,0.6073333333333504,0.2882159225621174,0.6337777777777978,13.286272321428571,829.05859375,25.27734375,855.0703125,208962883.71835968,4320105021.34454,34.0,pre_failure
1774425680,2026-03-25T13:31:20.923053,7,4,7,0,0,0.005902997720088521,0.40622222222221444,0.03644055889302205,0.4119999999999751,13.410714285714286,873.35546875,24.4609375,934.234375,208979216.05215454,4320105021.34454,34.0,pre_failure
1774425711,2026-03-25T13:31:50.978310,7,4,7,0,0,0.008575945451123291,0.40807407407408197,0.054933267755369095,0.4140000000000026,13.3671875,848.0950520833334,26.140625,871.73828125,209012666.22957295,4321053023.458168,34.0,pre_failure
1774425741,2026-03-25T13:32:21.040352,7,4,7,0,0,0.0070943392948050465,0.4035555555555852,0.04429941059059292,0.4113333333333962,13.320870535714286,868.4388020833334,25.04296875,882.53515625,209037694.57765323,4321053023.458168,34.0,pre_failure
1774425771,2026-03-25T13:32:51.089519,7,4,7,0,0,0.004278156768157972,0.4022962962962934,0.02484150231217994,0.4037777777777642,13.266741071428571,870.3971354166666,24.7578125,895.4921875,209074928.64663866,4321053023.458168,34.0,pre_failure
1774425801,2026-03-25T13:33:21.148651,7,4,7,0,0,0.007134124906943139,0.4010370370370593,0.04485145525714246,0.4046666666666624,13.962611607142858,882.8828125,25.30859375,920.71484375,209099123.78414673,4321410024.334919,34.0,pre_failure
1774425831,2026-03-25T13:33:51.212193,7,4,7,0,0,0.030685678694649998,0.5554189933649772,0.16493948752479837,0.6199999999999868,14.534598214285714,861.1861979166666,25.546875,891.40234375,209121195.91615725,4321829026.15863,35.0,pre_failure
1774425861,2026-03-25T13:34:21.258449,7,4,7,0,0,0.0,0.0,0.0,0.0,0.0,851.66796875,0.0,851.66796875,0.0,0.0,0.0,pre_failure
1774425891,2026-03-25T13:34:51.304720,7,4,7,0,0,0.00025586299117599814,0.4645599000972078,0.0010783816225466377,0.4914522976246284,13.677455357142858,846.2239583333334,24.41015625,865.375,209164975.43152782,4321829026.15863,35.0,pre_failure
1774425921,2026-03-25T13:35:21.352973,7,4,7,0,0,0.10274006889086551,0.7491110981890758,0.6908245224575933,0.7502055509877581,13.610491071428571,843.0716145833334,24.26953125,879.765625,209226752.61878124,4323788029.634581,35.0,pre_failure
1774425951,2026-03-25T13:35:51.396506,7,4,7,0,0,0.11563217769524639,0.7470481124264221,0.7590564513871909,0.7482222222222478,14.0,815.51953125,24.40234375,856.48828125,209260892.36045173,4323788029.634581,35.0,pre_failure
1774425981,2026-03-25T13:36:21.439502,7,4,7,0,0,0.08547997393964507,0.7338246028818227,0.554498885823401,0.7357614275238004,13.604352678571429,868.83984375,24.56640625,933.19140625,209292271.8769988,4323788029.634581,35.0,pre_failure
1774426011,2026-03-25T13:36:51.491429,7,4,7,0,0,0.14687614931289375,0.7296404265773909,1.000149005208972,0.7313333333333388,13.958705357142858,851.0052083333334,25.15234375,866.31640625,209311975.12981904,4323788029.634581,35.0,pre_failure
1774426041,2026-03-25T13:37:21.533959,7,4,7,0,0,0.1481049870821094,0.7195448990022644,1.0000890027946576,0.7215395213440084,13.254464285714286,866.953125,24.48828125,910.06640625,209348859.11977953,4326788032.5240965,35.0,pre_failure
1774426071,2026-03-25T13:37:51.576925,7,4,7,0,0,0.14685040295095647,0.7128837322729731,0.9999009433103776,0.7220160448009517,13.683035714285714,843.48828125,26.296875,893.0859375,209399336.38166746,4331458038.10729,35.0,pre_failure
1774426101,2026-03-25T13:38:21.615614,7,4,7,0,0,0.14936622336725225,0.7392647227551588,1.0000858965941422,0.7431111111110591,13.798549107142858,836.69140625,26.7109375,870.640625,209422686.4648024,4331458038.10729,35.0,pre_failure
1774426131,2026-03-25T13:38:51.661510,7,4,7,0,0,0.0651240890437526,0.5992592592592438,0.4214736898749317,0.63177777777774,13.068080357142858,849.1171875,24.56640625,893.5546875,209460150.21866748,4331458038.10729,35.0,pre_failure
1774426161,2026-03-25T13:39:21.723866,7,4,7,0,0,0.004441727023277871,0.4094784214671708,0.026915447892943645,0.4131019310682144,13.411830357142858,851.7669270833334,24.45703125,875.1328125,209496492.24806228,4332054040.099617,35.0,pre_failure
