snapshot_id,filename,timestamp,is_pre_failure,label,scenario_type
1774286345,snapshot_1774286345.json,2026-03-23T22:49:05.264789,False,0,normal
1774286375,snapshot_1774286375.json,2026-03-23T22:49:35.326000,False,0,normal
1774286405,snapshot_1774286405.json,2026-03-23T22:50:05.397621,False,0,normal
1774286435,snapshot_1774286435.json,2026-03-23T22:50:35.435727,False,0,normal
1774286465,snapshot_1774286465.json,2026-03-23T22:51:05.477182,False,0,normal
1774286495,snapshot_1774286495.json,2026-03-23T22:51:35.527045,False,0,normal
1774286525,snapshot_1774286525.json,2026-03-23T22:52:05.560074,False,0,normal
1774286555,snapshot_1774286555.json,2026-03-23T22:52:35.603242,False,0,normal
1774286585,snapshot_1774286585.json,2026-03-23T22:53:05.640064,False,0,normal
1774286615,snapshot_1774286615.json,2026-03-23T22:53:35.693848,False,0,normal
1774286645,snapshot_1774286645.json,2026-03-23T22:54:05.736712,False,0,normal
1774286675,snapshot_1774286675.json,2026-03-23T22:54:35.787068,False,0,normal
1774286705,snapshot_1774286705.json,2026-03-23T22:55:05.836852,False,0,normal
1774286735,snapshot_1774286735.json,2026-03-23T22:55:35.890063,False,0,normal
1774286765,snapshot_1774286765.json,2026-03-23T22:56:05.947824,False,0,normal
1774286796,snapshot_1774286796.json,2026-03-23T22:56:36.003435,False,0,normal
1774286826,snapshot_1774286826.json,2026-03-23T22:57:06.062610,False,0,normal
1774286856,snapshot_1774286856.json,2026-03-23T22:57:36.116724,False,0,normal
1774286886,snapshot_1774286886.json,2026-03-23T22:58:06.156322,False,0,normal
1774286916,snapshot_1774286916.json,2026-03-23T22:58:36.203649,False,0,normal
1774286946,snapshot_1774286946.json,2026-03-23T22:59:06.255025,False,0,normal
1774286976,snapshot_1774286976.json,2026-03-23T22:59:36.305540,False,0,normal
1774287006,snapshot_1774287006.json,2026-03-23T23:00:06.357491,False,0,normal
1774287036,snapshot_1774287036.json,2026-03-23T23:00:36.416822,False,0,normal
1774287066,snapshot_1774287066.json,2026-03-23T23:01:06.466866,False,0,normal
1774287096,snapshot_1774287096.json,2026-03-23T23:01:36.522269,False,0,normal
1774287126,snapshot_1774287126.json,2026-03-23T23:02:06.560305,False,0,normal
1774287156,snapshot_1774287156.json,2026-03-23T23:02:36.612466,False,0,normal
1774287186,snapshot_1774287186.json,2026-03-23T23:03:06.672109,False,0,normal
1774287216,snapshot_1774287216.json,2026-03-23T23:03:36.736027,False,0,normal
1774287246,snapshot_1774287246.json,2026-03-23T23:04:06.793306,False,0,normal
1774287276,snapshot_1774287276.json,2026-03-23T23:04:36.851734,False,0,normal
1774287306,snapshot_1774287306.json,2026-03-23T23:05:06.907650,False,0,normal
1774287337,snapshot_1774287337.json,2026-03-23T23:05:36.957247,False,0,normal
1774287367,snapshot_1774287367.json,2026-03-23T23:06:07.020330,False,0,normal
1774287397,snapshot_1774287397.json,2026-03-23T23:06:37.080653,False,0,normal
1774287427,snapshot_1774287427.json,2026-03-23T23:07:07.131709,False,0,normal
1774287457,snapshot_1774287457.json,2026-03-23T23:07:37.189775,False,0,normal
1774287487,snapshot_1774287487.json,2026-03-23T23:08:07.241292,False,0,normal
1774287517,snapshot_1774287517.json,2026-03-23T23:08:37.287596,False,0,normal
1774287547,snapshot_1774287547.json,2026-03-23T23:09:07.341224,False,0,normal
1774287577,snapshot_1774287577.json,2026-03-23T23:09:37.398962,False,0,normal
1774287607,snapshot_1774287607.json,2026-03-23T23:10:07.449558,False,0,normal
1774287637,snapshot_1774287637.json,2026-03-23T23:10:37.487436,False,0,normal
1774287667,snapshot_1774287667.json,2026-03-23T23:11:07.540887,False,0,normal
1774287697,snapshot_1774287697.json,2026-03-23T23:11:37.594696,False,0,normal
1774287727,snapshot_1774287727.json,2026-03-23T23:12:07.656424,False,0,normal
1774287757,snapshot_1774287757.json,2026-03-23T23:12:37.716950,False,0,normal
1774287787,snapshot_1774287787.json,2026-03-23T23:13:07.776666,False,0,normal
1774287817,snapshot_1774287817.json,2026-03-23T23:13:37.836777,False,0,normal
1774287847,snapshot_1774287847.json,2026-03-23T23:14:07.901290,False,0,normal
1774287877,snapshot_1774287877.json,2026-03-23T23:14:37.948459,False,0,normal
1774287908,snapshot_1774287908.json,2026-03-23T23:15:07.999531,False,0,normal
1774287938,snapshot_1774287938.json,2026-03-23T23:15:38.065576,False,0,normal
1774287968,snapshot_1774287968.json,2026-03-23T23:16:08.122971,False,0,normal
1774287998,snapshot_1774287998.json,2026-03-23T23:16:38.180538,False,0,normal
1774288028,snapshot_1774288028.json,2026-03-23T23:17:08.254766,False,0,normal
1774288058,snapshot_1774288058.json,2026-03-23T23:17:38.309313,False,0,normal
1774288088,snapshot_1774288088.json,2026-03-23T23:18:08.361436,False,0,normal
1774288118,snapshot_1774288118.json,2026-03-23T23:18:38.425244,False,0,normal
1774288148,snapshot_1774288148.json,2026-03-23T23:19:08.464596,False,0,normal
1774288178,snapshot_1774288178.json,2026-03-23T23:19:38.520445,False,0,normal
1774288208,snapshot_1774288208.json,2026-03-23T23:20:08.574770,False,0,normal
1774288238,snapshot_1774288238.json,2026-03-23T23:20:38.625265,False,0,normal
1774288268,snapshot_1774288268.json,2026-03-23T23:21:08.679897,False,0,normal
1774288298,snapshot_1774288298.json,2026-03-23T23:21:38.729533,False,0,normal
1774288328,snapshot_1774288328.json,2026-03-23T23:22:08.778693,False,0,normal
1774288358,snapshot_1774288358.json,2026-03-23T23:22:38.830629,False,0,normal
1774288388,snapshot_1774288388.json,2026-03-23T23:23:08.881570,False,0,normal
1774288418,snapshot_1774288418.json,2026-03-23T23:23:38.930753,False,0,normal
1774288449,snapshot_1774288449.json,2026-03-23T23:24:08.986089,False,0,normal
1774288479,snapshot_1774288479.json,2026-03-23T23:24:39.045590,False,0,normal
1774288509,snapshot_1774288509.json,2026-03-23T23:25:09.100717,False,0,normal
1774288539,snapshot_1774288539.json,2026-03-23T23:25:39.148000,False,0,normal
1774288569,snapshot_1774288569.json,2026-03-23T23:26:09.200459,False,0,normal
1774288599,snapshot_1774288599.json,2026-03-23T23:26:39.252448,False,0,normal
1774288629,snapshot_1774288629.json,2026-03-23T23:27:09.300613,False,0,normal
1774288659,snapshot_1774288659.json,2026-03-23T23:27:39.342307,False,0,normal
1774288689,snapshot_1774288689.json,2026-03-23T23:28:09.394064,False,0,normal
1774288719,snapshot_1774288719.json,2026-03-23T23:28:39.447872,False,0,normal
1774288749,snapshot_1774288749.json,2026-03-23T23:29:09.507667,False,0,normal
1774288779,snapshot_1774288779.json,2026-03-23T23:29:39.580005,False,0,normal
1774288809,snapshot_1774288809.json,2026-03-23T23:30:09.642057,False,0,normal
1774288839,snapshot_1774288839.json,2026-03-23T23:30:39.698095,False,0,normal
1774288869,snapshot_1774288869.json,2026-03-23T23:31:09.760240,False,0,normal
1774288899,snapshot_1774288899.json,2026-03-23T23:31:39.817110,False,0,normal
1774288929,snapshot_1774288929.json,2026-03-23T23:32:09.869634,False,0,normal
1774288959,snapshot_1774288959.json,2026-03-23T23:32:39.919433,False,0,normal
1774288990,snapshot_1774288990.json,2026-03-23T23:33:09.977950,False,0,normal
1774289020,snapshot_1774289020.json,2026-03-23T23:33:40.030784,False,0,normal
1774289050,snapshot_1774289050.json,2026-03-23T23:34:10.090370,False,0,normal
1774289080,snapshot_1774289080.json,2026-03-23T23:34:40.150127,False,0,normal
1774289110,snapshot_1774289110.json,2026-03-23T23:35:10.210247,False,0,normal
1774289140,snapshot_1774289140.json,2026-03-23T23:35:40.270735,False,0,normal
1774289170,snapshot_1774289170.json,2026-03-23T23:36:10.320626,False,0,normal
1774289200,snapshot_1774289200.json,2026-03-23T23:36:40.381093,False,0,normal
1774289230,snapshot_1774289230.json,2026-03-23T23:37:10.431766,False,0,normal
1774370452,snapshot_normal_1774370452.json,2026-03-24T22:10:52.323647,False,normal,normal
1774370482,snapshot_normal_1774370482.json,2026-03-24T22:11:22.406703,False,normal,normal
1774370510,snapshot_pre_failure_1774370510.json,2026-03-24T22:11:49.958034,True,pre_failure,stress
1774370540,snapshot_pre_failure_1774370540.json,2026-03-24T22:12:20.039160,True,pre_failure,stress
1774370570,snapshot_pre_failure_1774370570.json,2026-03-24T22:12:50.126207,True,pre_failure,stress
1774370600,snapshot_pre_failure_1774370600.json,2026-03-24T22:13:20.186290,True,pre_failure,stress
1774370630,snapshot_pre_failure_1774370630.json,2026-03-24T22:13:50.252435,True,pre_failure,stress
1774370660,snapshot_pre_failure_1774370660.json,2026-03-24T22:14:20.302965,True,pre_failure,stress
1774370690,snapshot_pre_failure_1774370690.json,2026-03-24T22:14:50.347854,True,pre_failure,stress
1774370720,snapshot_pre_failure_1774370720.json,2026-03-24T22:15:20.391897,True,pre_failure,stress
1774370750,snapshot_pre_failure_1774370750.json,2026-03-24T22:15:50.437962,True,pre_failure,stress
1774370780,snapshot_pre_failure_1774370780.json,2026-03-24T22:16:20.486341,True,pre_failure,stress
1774370810,snapshot_pre_failure_1774370810.json,2026-03-24T22:16:50.527379,True,pre_failure,stress
1774370840,snapshot_pre_failure_1774370840.json,2026-03-24T22:17:20.571797,True,pre_failure,stress
1774370870,snapshot_pre_failure_1774370870.json,2026-03-24T22:17:50.611165,True,pre_failure,stress
1774370900,snapshot_pre_failure_1774370900.json,2026-03-24T22:18:20.655788,True,pre_failure,stress
1774370930,snapshot_pre_failure_1774370930.json,2026-03-24T22:18:50.706878,True,pre_failure,stress
1774370960,snapshot_pre_failure_1774370960.json,2026-03-24T22:19:20.771114,True,pre_failure,stress
1774370990,snapshot_pre_failure_1774370990.json,2026-03-24T22:19:50.817587,True,pre_failure,stress
1774371020,snapshot_pre_failure_1774371020.json,2026-03-24T22:20:20.884894,True,pre_failure,stress
1774371051,snapshot_pre_failure_1774371051.json,2026-03-24T22:20:50.955883,True,pre_failure,stress
1774371081,snapshot_pre_failure_1774371081.json,2026-03-24T22:21:21.016154,True,pre_failure,stress
1774371111,snapshot_pre_failure_1774371111.json,2026-03-24T22:21:51.072314,True,pre_failure,stress
1774371141,snapshot_pre_failure_1774371141.json,2026-03-24T22:22:21.133473,True,pre_failure,stress
1774371171,snapshot_pre_failure_1774371171.json,2026-03-24T22:22:51.197020,True,pre_failure,stress
1774371201,snapshot_pre_failure_1774371201.json,2026-03-24T22:23:21.264273,True,pre_failure,stress
1774371231,snapshot_pre_failure_1774371231.json,2026-03-24T22:23:51.325429,True,pre_failure,stress
1774371261,snapshot_pre_failure_1774371261.json,2026-03-24T22:24:21.373741,True,pre_failure,stress
1774371291,snapshot_pre_failure_1774371291.json,2026-03-24T22:24:51.431370,True,pre_failure,stress
1774371321,snapshot_pre_failure_1774371321.json,2026-03-24T22:25:21.480760,True,pre_failure,stress
1774371351,snapshot_pre_failure_1774371351.json,2026-03-24T22:25:51.540132,True,pre_failure,stress
1774371381,snapshot_pre_failure_1774371381.json,2026-03-24T22:26:21.606929,True,pre_failure,stress
1774371411,snapshot_pre_failure_1774371411.json,2026-03-24T22:26:51.685208,True,pre_failure,stress
1774371441,snapshot_pre_failure_1774371441.json,2026-03-24T22:27:21.739186,True,pre_failure,stress
1774371471,snapshot_pre_failure_1774371471.json,2026-03-24T22:27:51.810719,True,pre_failure,stress
1774371501,snapshot_pre_failure_1774371501.json,2026-03-24T22:28:21.872313,True,pre_failure,stress
1774371532,snapshot_pre_failure_1774371532.json,2026-03-24T22:28:51.943342,True,pre_failure,stress
1774371562,snapshot_pre_failure_1774371562.json,2026-03-24T22:29:22.008680,True,pre_failure,stress
1774371592,snapshot_pre_failure_1774371592.json,2026-03-24T22:29:52.075345,True,pre_failure,stress
1774371622,snapshot_pre_failure_1774371622.json,2026-03-24T22:30:22.122860,True,pre_failure,stress
1774371652,snapshot_pre_failure_1774371652.json,2026-03-24T22:30:52.184549,True,pre_failure,stress
1774371682,snapshot_pre_failure_1774371682.json,2026-03-24T22:31:22.231005,True,pre_failure,stress
1774371712,snapshot_pre_failure_1774371712.json,2026-03-24T22:31:52.273889,True,pre_failure,stress
1774371742,snapshot_pre_failure_1774371742.json,2026-03-24T22:32:22.325526,True,pre_failure,stress
1774371772,snapshot_pre_failure_1774371772.json,2026-03-24T22:32:52.376636,True,pre_failure,stress
1774371802,snapshot_pre_failure_1774371802.json,2026-03-24T22:33:22.425248,True,pre_failure,stress
1774371832,snapshot_pre_failure_1774371832.json,2026-03-24T22:33:52.467245,True,pre_failure,stress
1774371862,snapshot_pre_failure_1774371862.json,2026-03-24T22:34:22.584778,True,pre_failure,stress
1774371892,snapshot_pre_failure_1774371892.json,2026-03-24T22:34:52.627824,True,pre_failure,stress
1774371922,snapshot_pre_failure_1774371922.json,2026-03-24T22:35:22.677090,True,pre_failure,stress
1774371952,snapshot_pre_failure_1774371952.json,2026-03-24T22:35:52.728792,True,pre_failure,stress
1774371982,snapshot_pre_failure_1774371982.json,2026-03-24T22:36:22.777355,True,pre_failure,stress
1774372012,snapshot_pre_failure_1774372012.json,2026-03-24T22:36:52.827840,True,pre_failure,stress
1774372042,snapshot_pre_failure_1774372042.json,2026-03-24T22:37:22.871426,True,pre_failure,stress
1774372072,snapshot_pre_failure_1774372072.json,2026-03-24T22:37:52.925308,True,pre_failure,stress
1774372103,snapshot_pre_failure_1774372103.json,2026-03-24T22:38:22.992784,True,pre_failure,stress
1774372133,snapshot_pre_failure_1774372133.json,2026-03-24T22:38:53.056392,True,pre_failure,stress
1774372163,snapshot_pre_failure_1774372163.json,2026-03-24T22:39:23.124498,True,pre_failure,stress
1774372193,snapshot_pre_failure_1774372193.json,2026-03-24T22:39:53.172979,True,pre_failure,stress
1774372223,snapshot_pre_failure_1774372223.json,2026-03-24T22:40:23.242071,True,pre_failure,stress
1774372253,snapshot_pre_failure_1774372253.json,2026-03-24T22:40:53.315877,True,pre_failure,stress
1774372283,snapshot_pre_failure_1774372283.json,2026-03-24T22:41:23.386768,True,pre_failure,stress
1774372313,snapshot_pre_failure_1774372313.json,2026-03-24T22:41:53.438991,True,pre_failure,stress
1774372343,snapshot_pre_failure_1774372343.json,2026-03-24T22:42:23.493348,True,pre_failure,stress
1774372373,snapshot_pre_failure_1774372373.json,2026-03-24T22:42:53.548467,True,pre_failure,stress
1774372403,snapshot_pre_failure_1774372403.json,2026-03-24T22:43:23.621887,True,pre_failure,stress
1774372433,snapshot_pre_failure_1774372433.json,2026-03-24T22:43:53.678909,True,pre_failure,stress
1774372463,snapshot_pre_failure_1774372463.json,2026-03-24T22:44:23.735170,True,pre_failure,stress
1774372493,snapshot_pre_failure_1774372493.json,2026-03-24T22:44:53.803687,True,pre_failure,stress
1774372523,snapshot_pre_failure_1774372523.json,2026-03-24T22:45:23.871366,True,pre_failure,stress
1774372553,snapshot_pre_failure_1774372553.json,2026-03-24T22:45:53.937350,True,pre_failure,stress
1774372584,snapshot_pre_failure_1774372584.json,2026-03-24T22:46:23.991922,True,pre_failure,stress
1774372614,snapshot_pre_failure_1774372614.json,2026-03-24T22:46:54.062474,True,pre_failure,stress
1774372644,snapshot_pre_failure_1774372644.json,2026-03-24T22:47:24.130382,True,pre_failure,stress
1774372674,snapshot_pre_failure_1774372674.json,2026-03-24T22:47:54.193058,True,pre_failure,stress
1774372704,snapshot_pre_failure_1774372704.json,2026-03-24T22:48:24.256667,True,pre_failure,stress
1774372734,snapshot_pre_failure_1774372734.json,2026-03-24T22:48:54.322642,True,pre_failure,stress
1774372764,snapshot_pre_failure_1774372764.json,2026-03-24T22:49:24.385968,True,pre_failure,stress
1774372794,snapshot_pre_failure_1774372794.json,2026-03-24T22:49:54.453474,True,pre_failure,stress
1774372824,snapshot_pre_failure_1774372824.json,2026-03-24T22:50:24.525914,True,pre_failure,stress
1774372854,snapshot_pre_failure_1774372854.json,2026-03-24T22:50:54.591674,True,pre_failure,stress
1774372884,snapshot_pre_failure_1774372884.json,2026-03-24T22:51:24.652990,True,pre_failure,stress
1774372914,snapshot_pre_failure_1774372914.json,2026-03-24T22:51:54.706599,True,pre_failure,stress
1774372944,snapshot_pre_failure_1774372944.json,2026-03-24T22:52:24.772487,True,pre_failure,stress
1774372974,snapshot_pre_failure_1774372974.json,2026-03-24T22:52:54.839196,True,pre_failure,stress
1774373004,snapshot_pre_failure_1774373004.json,2026-03-24T22:53:24.906537,True,pre_failure,stress
1774373035,snapshot_pre_failure_1774373035.json,2026-03-24T22:53:54.970839,True,pre_failure,stress
1774373065,snapshot_pre_failure_1774373065.json,2026-03-24T22:54:25.032835,True,pre_failure,stress
1774373095,snapshot_pre_failure_1774373095.json,2026-03-24T22:54:55.103681,True,pre_failure,stress
1774373125,snapshot_pre_failure_1774373125.json,2026-03-24T22:55:25.171714,True,pre_failure,stress
1774373155,snapshot_pre_failure_1774373155.json,2026-03-24T22:55:55.241391,True,pre_failure,stress
1774373185,snapshot_pre_failure_1774373185.json,2026-03-24T22:56:25.309609,True,pre_failure,stress
1774373215,snapshot_pre_failure_1774373215.json,2026-03-24T22:56:55.388233,True,pre_failure,stress
1774373245,snapshot_pre_failure_1774373245.json,2026-03-24T22:57:25.447009,True,pre_failure,stress
1774373275,snapshot_pre_failure_1774373275.json,2026-03-24T22:57:55.501439,True,pre_failure,stress
1774373305,snapshot_pre_failure_1774373305.json,2026-03-24T22:58:25.556704,True,pre_failure,stress
1774373335,snapshot_pre_failure_1774373335.json,2026-03-24T22:58:55.614157,True,pre_failure,stress
1774373365,snapshot_pre_failure_1774373365.json,2026-03-24T22:59:25.657929,True,pre_failure,stress
1774373395,snapshot_pre_failure_1774373395.json,2026-03-24T22:59:55.726544,True,pre_failure,stress
1774373425,snapshot_pre_failure_1774373425.json,2026-03-24T23:00:25.782307,True,pre_failure,stress
1774373455,snapshot_pre_failure_1774373455.json,2026-03-24T23:00:55.833054,True,pre_failure,stress
1774373485,snapshot_pre_failure_1774373485.json,2026-03-24T23:01:25.893877,True,pre_failure,stress
1774373516,snapshot_pre_failure_1774373516.json,2026-03-24T23:01:55.962009,True,pre_failure,stress
1774373546,snapshot_pre_failure_1774373546.json,2026-03-24T23:02:26.025488,True,pre_failure,stress
1774373576,snapshot_pre_failure_1774373576.json,2026-03-24T23:02:56.097419,True,pre_failure,stress
1774373606,snapshot_pre_failure_1774373606.json,2026-03-24T23:03:26.158589,True,pre_failure,stress
1774373636,snapshot_pre_failure_1774373636.json,2026-03-24T23:03:56.226038,True,pre_failure,stress
1774373666,snapshot_pre_failure_1774373666.json,2026-03-24T23:04:26.300547,True,pre_failure,stress
1774373696,snapshot_pre_failure_1774373696.json,2026-03-24T23:04:56.371946,True,pre_failure,stress
1774373726,snapshot_pre_failure_1774373726.json,2026-03-24T23:05:26.441475,True,pre_failure,stress
1774373756,snapshot_pre_failure_1774373756.json,2026-03-24T23:05:56.483270,True,pre_failure,stress
1774373786,snapshot_pre_failure_1774373786.json,2026-03-24T23:06:26.541078,True,pre_failure,stress
1774373816,snapshot_pre_failure_1774373816.json,2026-03-24T23:06:56.603535,True,pre_failure,stress
1774373846,snapshot_pre_failure_1774373846.json,2026-03-24T23:07:26.645802,True,pre_failure,stress
1774373876,snapshot_pre_failure_1774373876.json,2026-03-24T23:07:56.700801,True,pre_failure,stress
1774373906,snapshot_pre_failure_1774373906.json,2026-03-24T23:08:26.750426,True,pre_failure,stress
1774373936,snapshot_pre_failure_1774373936.json,2026-03-24T23:08:56.799555,True,pre_failure,stress
1774373966,snapshot_pre_failure_1774373966.json,2026-03-24T23:09:26.839975,True,pre_failure,stress
1774373996,snapshot_pre_failure_1774373996.json,2026-03-24T23:09:56.890740,True,pre_failure,stress
1774374026,snapshot_pre_failure_1774374026.json,2026-03-24T23:10:26.938052,True,pre_failure,stress
1774374057,snapshot_pre_failure_1774374057.json,2026-03-24T23:10:56.988391,True,pre_failure,stress
1774374087,snapshot_pre_failure_1774374087.json,2026-03-24T23:11:27.034469,True,pre_failure,stress
1774374117,snapshot_pre_failure_1774374117.json,2026-03-24T23:11:57.084532,True,pre_failure,stress
1774374147,snapshot_pre_failure_1774374147.json,2026-03-24T23:12:27.149408,True,pre_failure,stress
1774374177,snapshot_pre_failure_1774374177.json,2026-03-24T23:12:57.203943,True,pre_failure,stress
1774374207,snapshot_pre_failure_1774374207.json,2026-03-24T23:13:27.278234,True,pre_failure,stress
1774374237,snapshot_pre_failure_1774374237.json,2026-03-24T23:13:57.341668,True,pre_failure,stress
1774374267,snapshot_pre_failure_1774374267.json,2026-03-24T23:14:27.404521,True,pre_failure,stress
1774374297,snapshot_pre_failure_1774374297.json,2026-03-24T23:14:57.491252,True,pre_failure,stress
1774374327,snapshot_pre_failure_1774374327.json,2026-03-24T23:15:27.556036,True,pre_failure,stress
1774374357,snapshot_pre_failure_1774374357.json,2026-03-24T23:15:57.627909,True,pre_failure,stress
1774374387,snapshot_pre_failure_1774374387.json,2026-03-24T23:16:27.696287,True,pre_failure,stress
1774374417,snapshot_pre_failure_1774374417.json,2026-03-24T23:16:57.762835,True,pre_failure,stress
1774374447,snapshot_pre_failure_1774374447.json,2026-03-24T23:17:27.827880,True,pre_failure,stress
1774374477,snapshot_pre_failure_1774374477.json,2026-03-24T23:17:57.884263,True,pre_failure,stress
1774374508,snapshot_pre_failure_1774374508.json,2026-03-24T23:18:27.944364,True,pre_failure,stress
1774374538,snapshot_pre_failure_1774374538.json,2026-03-24T23:18:58.010084,True,pre_failure,stress
1774374568,snapshot_pre_failure_1774374568.json,2026-03-24T23:19:28.073235,True,pre_failure,stress
1774374598,snapshot_pre_failure_1774374598.json,2026-03-24T23:19:58.139094,True,pre_failure,stress
1774374628,snapshot_pre_failure_1774374628.json,2026-03-24T23:20:28.206821,True,pre_failure,stress
1774374658,snapshot_pre_failure_1774374658.json,2026-03-24T23:20:58.277652,True,pre_failure,stress
1774374688,snapshot_pre_failure_1774374688.json,2026-03-24T23:21:28.341433,True,pre_failure,stress
1774374718,snapshot_pre_failure_1774374718.json,2026-03-24T23:21:58.410296,True,pre_failure,stress
1774374748,snapshot_pre_failure_1774374748.json,2026-03-24T23:22:28.472493,True,pre_failure,stress
1774374778,snapshot_pre_failure_1774374778.json,2026-03-24T23:22:58.536218,True,pre_failure,stress
1774374808,snapshot_pre_failure_1774374808.json,2026-03-24T23:23:28.602077,True,pre_failure,stress
1774374838,snapshot_pre_failure_1774374838.json,2026-03-24T23:23:58.662073,True,pre_failure,stress
1774374868,snapshot_pre_failure_1774374868.json,2026-03-24T23:24:28.743537,True,pre_failure,stress
1774374898,snapshot_pre_failure_1774374898.json,2026-03-24T23:24:58.808280,True,pre_failure,stress
1774374928,snapshot_pre_failure_1774374928.json,2026-03-24T23:25:28.863655,True,pre_failure,stress
1774374958,snapshot_pre_failure_1774374958.json,2026-03-24T23:25:58.929466,True,pre_failure,stress
1774374989,snapshot_pre_failure_1774374989.json,2026-03-24T23:26:28.984430,True,pre_failure,stress
1774375019,snapshot_pre_failure_1774375019.json,2026-03-24T23:26:59.064170,True,pre_failure,stress
1774375049,snapshot_pre_failure_1774375049.json,2026-03-24T23:27:29.117676,True,pre_failure,stress
1774375079,snapshot_pre_failure_1774375079.json,2026-03-24T23:27:59.183691,True,pre_failure,stress
1774375109,snapshot_pre_failure_1774375109.json,2026-03-24T23:28:29.249234,True,pre_failure,stress
1774375139,snapshot_pre_failure_1774375139.json,2026-03-24T23:28:59.321019,True,pre_failure,stress
1774375169,snapshot_pre_failure_1774375169.json,2026-03-24T23:29:29.376839,True,pre_failure,stress
1774375199,snapshot_pre_failure_1774375199.json,2026-03-24T23:29:59.445829,True,pre_failure,stress
1774375229,snapshot_pre_failure_1774375229.json,2026-03-24T23:30:29.506386,True,pre_failure,stress
1774375259,snapshot_pre_failure_1774375259.json,2026-03-24T23:30:59.572908,True,pre_failure,stress
1774375289,snapshot_pre_failure_1774375289.json,2026-03-24T23:31:29.640590,True,pre_failure,stress
1774375319,snapshot_pre_failure_1774375319.json,2026-03-24T23:31:59.706277,True,pre_failure,stress
1774375349,snapshot_pre_failure_1774375349.json,2026-03-24T23:32:29.778274,True,pre_failure,stress
1774375379,snapshot_pre_failure_1774375379.json,2026-03-24T23:32:59.849733,True,pre_failure,stress
1774375409,snapshot_pre_failure_1774375409.json,2026-03-24T23:33:29.911497,True,pre_failure,stress
1774375440,snapshot_pre_failure_1774375440.json,2026-03-24T23:33:59.961211,True,pre_failure,stress
1774375470,snapshot_pre_failure_1774375470.json,2026-03-24T23:34:30.019978,True,pre_failure,stress
1774375500,snapshot_pre_failure_1774375500.json,2026-03-24T23:35:00.089959,True,pre_failure,stress
1774375530,snapshot_pre_failure_1774375530.json,2026-03-24T23:35:30.163050,True,pre_failure,stress
1774375560,snapshot_pre_failure_1774375560.json,2026-03-24T23:36:00.233289,True,pre_failure,stress
1774375590,snapshot_pre_failure_1774375590.json,2026-03-24T23:36:30.318502,True,pre_failure,stress
1774375620,snapshot_pre_failure_1774375620.json,2026-03-24T23:37:00.371263,True,pre_failure,stress
1774375650,snapshot_pre_failure_1774375650.json,2026-03-24T23:37:30.429502,True,pre_failure,stress
1774375680,snapshot_pre_failure_1774375680.json,2026-03-24T23:38:00.488048,True,pre_failure,stress
1774375710,snapshot_pre_failure_1774375710.json,2026-03-24T23:38:30.558458,True,pre_failure,stress
1774375740,snapshot_pre_failure_1774375740.json,2026-03-24T23:39:00.608387,True,pre_failure,stress
1774375770,snapshot_pre_failure_1774375770.json,2026-03-24T23:39:30.665296,True,pre_failure,stress
1774375800,snapshot_pre_failure_1774375800.json,2026-03-24T23:40:00.729754,True,pre_failure,stress
1774375830,snapshot_pre_failure_1774375830.json,2026-03-24T23:40:30.796427,True,pre_failure,stress
1774375860,snapshot_pre_failure_1774375860.json,2026-03-24T23:41:00.853944,True,pre_failure,stress
1774375890,snapshot_pre_failure_1774375890.json,2026-03-24T23:41:30.921909,True,pre_failure,stress
1774375921,snapshot_pre_failure_1774375921.json,2026-03-24T23:42:00.983189,True,pre_failure,stress
1774375951,snapshot_pre_failure_1774375951.json,2026-03-24T23:42:31.034400,True,pre_failure,stress
1774375981,snapshot_pre_failure_1774375981.json,2026-03-24T23:43:01.100728,True,pre_failure,stress
1774376011,snapshot_pre_failure_1774376011.json,2026-03-24T23:43:31.149522,True,pre_failure,stress
1774376041,snapshot_pre_failure_1774376041.json,2026-03-24T23:44:01.217294,True,pre_failure,stress
1774376071,snapshot_pre_failure_1774376071.json,2026-03-24T23:44:31.270378,True,pre_failure,stress
1774376101,snapshot_pre_failure_1774376101.json,2026-03-24T23:45:01.343114,True,pre_failure,stress
1774376131,snapshot_pre_failure_1774376131.json,2026-03-24T23:45:31.389593,True,pre_failure,stress
1774376161,snapshot_pre_failure_1774376161.json,2026-03-24T23:46:01.456526,True,pre_failure,stress
1774376191,snapshot_pre_failure_1774376191.json,2026-03-24T23:46:31.508565,True,pre_failure,stress
1774376221,snapshot_pre_failure_1774376221.json,2026-03-24T23:47:01.570644,True,pre_failure,stress
1774376251,snapshot_pre_failure_1774376251.json,2026-03-24T23:47:31.625207,True,pre_failure,stress
1774376281,snapshot_pre_failure_1774376281.json,2026-03-24T23:48:01.675135,True,pre_failure,stress
1774376311,snapshot_pre_failure_1774376311.json,2026-03-24T23:48:31.731734,True,pre_failure,stress
1774376341,snapshot_pre_failure_1774376341.json,2026-03-24T23:49:01.797193,True,pre_failure,stress
1774376371,snapshot_pre_failure_1774376371.json,2026-03-24T23:49:31.868400,True,pre_failure,stress
1774376401,snapshot_pre_failure_1774376401.json,2026-03-24T23:50:01.931684,True,pre_failure,stress
1774376432,snapshot_pre_failure_1774376432.json,2026-03-24T23:50:31.976364,True,pre_failure,stress
1774376462,snapshot_pre_failure_1774376462.json,2026-03-24T23:51:02.027717,True,pre_failure,stress
1774376492,snapshot_pre_failure_1774376492.json,2026-03-24T23:51:32.078198,True,pre_failure,stress
1774376522,snapshot_pre_failure_1774376522.json,2026-03-24T23:52:02.134417,True,pre_failure,stress
1774376552,snapshot_pre_failure_1774376552.json,2026-03-24T23:52:32.191524,True,pre_failure,stress
1774376582,snapshot_pre_failure_1774376582.json,2026-03-24T23:53:02.244972,True,pre_failure,stress
1774376612,snapshot_pre_failure_1774376612.json,2026-03-24T23:53:32.314675,True,pre_failure,stress
1774376642,snapshot_pre_failure_1774376642.json,2026-03-24T23:54:02.391473,True,pre_failure,stress
1774376672,snapshot_pre_failure_1774376672.json,2026-03-24T23:54:32.455768,True,pre_failure,stress
1774376702,snapshot_pre_failure_1774376702.json,2026-03-24T23:55:02.523116,True,pre_failure,stress
1774376732,snapshot_pre_failure_1774376732.json,2026-03-24T23:55:32.601116,True,pre_failure,stress
1774376762,snapshot_pre_failure_1774376762.json,2026-03-24T23:56:02.666180,True,pre_failure,stress
1774376792,snapshot_pre_failure_1774376792.json,2026-03-24T23:56:32.721176,True,pre_failure,stress
1774376822,snapshot_pre_failure_1774376822.json,2026-03-24T23:57:02.793167,True,pre_failure,stress
1774376852,snapshot_pre_failure_1774376852.json,2026-03-24T23:57:32.864933,True,pre_failure,stress
1774376883,snapshot_pre_failure_1774376883.json,2026-03-24T23:58:02.946117,True,pre_failure,stress
1774376913,snapshot_pre_failure_1774376913.json,2026-03-24T23:58:33.014713,True,pre_failure,stress
1774376943,snapshot_pre_failure_1774376943.json,2026-03-24T23:59:03.072657,True,pre_failure,stress
1774376973,snapshot_pre_failure_1774376973.json,2026-03-24T23:59:33.152122,True,pre_failure,stress
1774377003,snapshot_pre_failure_1774377003.json,2026-03-25T00:00:03.213751,True,pre_failure,stress
1774377033,snapshot_pre_failure_1774377033.json,2026-03-25T00:00:33.284737,True,pre_failure,stress
1774377063,snapshot_pre_failure_1774377063.json,2026-03-25T00:01:03.376910,True,pre_failure,stress
1774377093,snapshot_pre_failure_1774377093.json,2026-03-25T00:01:33.443853,True,pre_failure,stress
1774377123,snapshot_pre_failure_1774377123.json,2026-03-25T00:02:03.505237,True,pre_failure,stress
1774377153,snapshot_pre_failure_1774377153.json,2026-03-25T00:02:33.572236,True,pre_failure,stress
1774377183,snapshot_pre_failure_1774377183.json,2026-03-25T00:03:03.644100,True,pre_failure,stress
1774377213,snapshot_pre_failure_1774377213.json,2026-03-25T00:03:33.703001,True,pre_failure,stress
1774377243,snapshot_pre_failure_1774377243.json,2026-03-25T00:04:03.774527,True,pre_failure,stress
1774377273,snapshot_pre_failure_1774377273.json,2026-03-25T00:04:33.844567,True,pre_failure,stress
1774377303,snapshot_pre_failure_1774377303.json,2026-03-25T00:05:03.913683,True,pre_failure,stress
1774377334,snapshot_pre_failure_1774377334.json,2026-03-25T00:05:33.986198,True,pre_failure,stress
1774377364,snapshot_pre_failure_1774377364.json,2026-03-25T00:06:04.042188,True,pre_failure,stress
1774377394,snapshot_pre_failure_1774377394.json,2026-03-25T00:06:34.102089,True,pre_failure,stress
1774377424,snapshot_pre_failure_1774377424.json,2026-03-25T00:07:04.166951,True,pre_failure,stress
1774377454,snapshot_pre_failure_1774377454.json,2026-03-25T00:07:34.222408,True,pre_failure,stress
1774377484,snapshot_pre_failure_1774377484.json,2026-03-25T00:08:04.287973,True,pre_failure,stress
1774377514,snapshot_pre_failure_1774377514.json,2026-03-25T00:08:34.362121,True,pre_failure,stress
1774377544,snapshot_pre_failure_1774377544.json,2026-03-25T00:09:04.434944,True,pre_failure,stress
1774377574,snapshot_pre_failure_1774377574.json,2026-03-25T00:09:34.495149,True,pre_failure,stress
1774377604,snapshot_pre_failure_1774377604.json,2026-03-25T00:10:04.545769,True,pre_failure,stress
1774377634,snapshot_pre_failure_1774377634.json,2026-03-25T00:10:34.609597,True,pre_failure,stress
1774377664,snapshot_pre_failure_1774377664.json,2026-03-25T00:11:04.665104,True,pre_failure,stress
1774377694,snapshot_pre_failure_1774377694.json,2026-03-25T00:11:34.722905,True,pre_failure,stress
1774377724,snapshot_pre_failure_1774377724.json,2026-03-25T00:12:04.779295,True,pre_failure,stress
1774377754,snapshot_pre_failure_1774377754.json,2026-03-25T00:12:34.849711,True,pre_failure,stress
1774377784,snapshot_pre_failure_1774377784.json,2026-03-25T00:13:04.926267,True,pre_failure,stress
1774377815,snapshot_pre_failure_1774377815.json,2026-03-25T00:13:34.995550,True,pre_failure,stress
1774377845,snapshot_pre_failure_1774377845.json,2026-03-25T00:14:05.067940,True,pre_failure,stress
1774377875,snapshot_pre_failure_1774377875.json,2026-03-25T00:14:35.131030,True,pre_failure,stress
1774377905,snapshot_pre_failure_1774377905.json,2026-03-25T00:15:05.184114,True,pre_failure,stress
1774377935,snapshot_pre_failure_1774377935.json,2026-03-25T00:15:35.297260,True,pre_failure,stress
1774377965,snapshot_pre_failure_1774377965.json,2026-03-25T00:16:05.393315,True,pre_failure,stress
1774377995,snapshot_pre_failure_1774377995.json,2026-03-25T00:16:35.449006,True,pre_failure,stress
1774378025,snapshot_pre_failure_1774378025.json,2026-03-25T00:17:05.503110,True,pre_failure,stress
1774378055,snapshot_pre_failure_1774378055.json,2026-03-25T00:17:35.560312,True,pre_failure,stress
1774378085,snapshot_pre_failure_1774378085.json,2026-03-25T00:18:05.625979,True,pre_failure,stress
1774378115,snapshot_pre_failure_1774378115.json,2026-03-25T00:18:35.691246,True,pre_failure,stress
1774378145,snapshot_pre_failure_1774378145.json,2026-03-25T00:19:05.761577,True,pre_failure,stress
1774378175,snapshot_pre_failure_1774378175.json,2026-03-25T00:19:35.826163,True,pre_failure,stress
1774378205,snapshot_pre_failure_1774378205.json,2026-03-25T00:20:05.896197,True,pre_failure,stress
1774378236,snapshot_pre_failure_1774378236.json,2026-03-25T00:20:35.970113,True,pre_failure,stress
1774378266,snapshot_pre_failure_1774378266.json,2026-03-25T00:21:06.041216,True,pre_failure,stress
1774378296,snapshot_pre_failure_1774378296.json,2026-03-25T00:21:36.102609,True,pre_failure,stress
1774378326,snapshot_pre_failure_1774378326.json,2026-03-25T00:22:06.171536,True,pre_failure,stress
1774378356,snapshot_pre_failure_1774378356.json,2026-03-25T00:22:36.253991,True,pre_failure,stress
1774378386,snapshot_pre_failure_1774378386.json,2026-03-25T00:23:06.327414,True,pre_failure,stress
1774378416,snapshot_pre_failure_1774378416.json,2026-03-25T00:23:36.385484,True,pre_failure,stress
1774378446,snapshot_pre_failure_1774378446.json,2026-03-25T00:24:06.435627,True,pre_failure,stress
1774378476,snapshot_pre_failure_1774378476.json,2026-03-25T00:24:36.494101,True,pre_failure,stress
1774378506,snapshot_pre_failure_1774378506.json,2026-03-25T00:25:06.564276,True,pre_failure,stress
1774378536,snapshot_pre_failure_1774378536.json,2026-03-25T00:25:36.635760,True,pre_failure,stress
1774378566,snapshot_pre_failure_1774378566.json,2026-03-25T00:26:06.697842,True,pre_failure,stress
1774378596,snapshot_pre_failure_1774378596.json,2026-03-25T00:26:36.748593,True,pre_failure,stress
1774378626,snapshot_pre_failure_1774378626.json,2026-03-25T00:27:06.801049,True,pre_failure,stress
1774378656,snapshot_pre_failure_1774378656.json,2026-03-25T00:27:36.856332,True,pre_failure,stress
1774378686,snapshot_pre_failure_1774378686.json,2026-03-25T00:28:06.903169,True,pre_failure,stress
1774378716,snapshot_pre_failure_1774378716.json,2026-03-25T00:28:36.953321,True,pre_failure,stress
1774378747,snapshot_pre_failure_1774378747.json,2026-03-25T00:29:07.011430,True,pre_failure,stress
1774378777,snapshot_pre_failure_1774378777.json,2026-03-25T00:29:37.063566,True,pre_failure,stress
1774378807,snapshot_pre_failure_1774378807.json,2026-03-25T00:30:07.116602,True,pre_failure,stress
1774378837,snapshot_pre_failure_1774378837.json,2026-03-25T00:30:37.174946,True,pre_failure,stress
1774378867,snapshot_pre_failure_1774378867.json,2026-03-25T00:31:07.225465,True,pre_failure,stress
1774378897,snapshot_pre_failure_1774378897.json,2026-03-25T00:31:37.279744,True,pre_failure,stress
1774378927,snapshot_pre_failure_1774378927.json,2026-03-25T00:32:07.355401,True,pre_failure,stress
1774378957,snapshot_pre_failure_1774378957.json,2026-03-25T00:32:37.412118,True,pre_failure,stress
1774378987,snapshot_pre_failure_1774378987.json,2026-03-25T00:33:07.470555,True,pre_failure,stress
1774379017,snapshot_pre_failure_1774379017.json,2026-03-25T00:33:37.529027,True,pre_failure,stress
1774379047,snapshot_pre_failure_1774379047.json,2026-03-25T00:34:07.592627,True,pre_failure,stress
1774379077,snapshot_pre_failure_1774379077.json,2026-03-25T00:34:37.655310,True,pre_failure,stress
1774379107,snapshot_pre_failure_1774379107.json,2026-03-25T00:35:07.714676,True,pre_failure,stress
1774379137,snapshot_pre_failure_1774379137.json,2026-03-25T00:35:37.779295,True,pre_failure,stress
1774379167,snapshot_pre_failure_1774379167.json,2026-03-25T00:36:07.842934,True,pre_failure,stress
1774379197,snapshot_pre_failure_1774379197.json,2026-03-25T00:36:37.911479,True,pre_failure,stress
1774379228,snapshot_pre_failure_1774379228.json,2026-03-25T00:37:07.979241,True,pre_failure,stress
1774379258,snapshot_pre_failure_1774379258.json,2026-03-25T00:37:38.038435,True,pre_failure,stress
1774379288,snapshot_pre_failure_1774379288.json,2026-03-25T00:38:08.108503,True,pre_failure,stress
1774379318,snapshot_pre_failure_1774379318.json,2026-03-25T00:38:38.164784,True,pre_failure,stress
1774379348,snapshot_pre_failure_1774379348.json,2026-03-25T00:39:08.221771,True,pre_failure,stress
1774379378,snapshot_pre_failure_1774379378.json,2026-03-25T00:39:38.280769,True,pre_failure,stress
1774379408,snapshot_pre_failure_1774379408.json,2026-03-25T00:40:08.341030,True,pre_failure,stress
1774379438,snapshot_pre_failure_1774379438.json,2026-03-25T00:40:38.393677,True,pre_failure,stress
1774379468,snapshot_pre_failure_1774379468.json,2026-03-25T00:41:08.446847,True,pre_failure,stress
1774379498,snapshot_pre_failure_1774379498.json,2026-03-25T00:41:38.508125,True,pre_failure,stress
1774379528,snapshot_pre_failure_1774379528.json,2026-03-25T00:42:08.565463,True,pre_failure,stress
1774379558,snapshot_pre_failure_1774379558.json,2026-03-25T00:42:38.616217,True,pre_failure,stress
1774379588,snapshot_pre_failure_1774379588.json,2026-03-25T00:43:08.679526,True,pre_failure,stress
1774379618,snapshot_pre_failure_1774379618.json,2026-03-25T00:43:38.740744,True,pre_failure,stress
1774379648,snapshot_pre_failure_1774379648.json,2026-03-25T00:44:08.810970,True,pre_failure,stress
1774379678,snapshot_pre_failure_1774379678.json,2026-03-25T00:44:38.875225,True,pre_failure,stress
1774379708,snapshot_pre_failure_1774379708.json,2026-03-25T00:45:08.937237,True,pre_failure,stress
1774379739,snapshot_pre_failure_1774379739.json,2026-03-25T00:45:38.997277,True,pre_failure,stress
1774379769,snapshot_pre_failure_1774379769.json,2026-03-25T00:46:09.064881,True,pre_failure,stress
1774379799,snapshot_pre_failure_1774379799.json,2026-03-25T00:46:39.129788,True,pre_failure,stress
1774379829,snapshot_pre_failure_1774379829.json,2026-03-25T00:47:09.206611,True,pre_failure,stress
1774379859,snapshot_pre_failure_1774379859.json,2026-03-25T00:47:39.274407,True,pre_failure,stress
1774379889,snapshot_pre_failure_1774379889.json,2026-03-25T00:48:09.341566,True,pre_failure,stress
1774379919,snapshot_pre_failure_1774379919.json,2026-03-25T00:48:39.400448,True,pre_failure,stress
1774379949,snapshot_pre_failure_1774379949.json,2026-03-25T00:49:09.464073,True,pre_failure,stress
1774379979,snapshot_pre_failure_1774379979.json,2026-03-25T00:49:39.539287,True,pre_failure,stress
1774380009,snapshot_pre_failure_1774380009.json,2026-03-25T00:50:09.605203,True,pre_failure,stress
1774380039,snapshot_pre_failure_1774380039.json,2026-03-25T00:50:39.668663,True,pre_failure,stress
1774380069,snapshot_pre_failure_1774380069.json,2026-03-25T00:51:09.730303,True,pre_failure,stress
1774380099,snapshot_pre_failure_1774380099.json,2026-03-25T00:51:39.800605,True,pre_failure,stress
1774380129,snapshot_pre_failure_1774380129.json,2026-03-25T00:52:09.869037,True,pre_failure,stress
1774380159,snapshot_pre_failure_1774380159.json,2026-03-25T00:52:39.933902,True,pre_failure,stress
1774380190,snapshot_pre_failure_1774380190.json,2026-03-25T00:53:09.995491,True,pre_failure,stress
1774380220,snapshot_pre_failure_1774380220.json,2026-03-25T00:53:40.062050,True,pre_failure,stress
1774380250,snapshot_pre_failure_1774380250.json,2026-03-25T00:54:10.127833,True,pre_failure,stress
1774380280,snapshot_pre_failure_1774380280.json,2026-03-25T00:54:40.190121,True,pre_failure,stress
1774380310,snapshot_pre_failure_1774380310.json,2026-03-25T00:55:10.253115,True,pre_failure,stress
1774380340,snapshot_pre_failure_1774380340.json,2026-03-25T00:55:40.328451,True,pre_failure,stress
1774380370,snapshot_pre_failure_1774380370.json,2026-03-25T00:56:10.393945,True,pre_failure,stress
1774380400,snapshot_pre_failure_1774380400.json,2026-03-25T00:56:40.461778,True,pre_failure,stress
1774380430,snapshot_pre_failure_1774380430.json,2026-03-25T00:57:10.518524,True,pre_failure,stress
1774380460,snapshot_pre_failure_1774380460.json,2026-03-25T00:57:40.589357,True,pre_failure,stress
1774380490,snapshot_pre_failure_1774380490.json,2026-03-25T00:58:10.651472,True,pre_failure,stress
1774380520,snapshot_pre_failure_1774380520.json,2026-03-25T00:58:40.717330,True,pre_failure,stress
1774380550,snapshot_pre_failure_1774380550.json,2026-03-25T00:59:10.801932,True,pre_failure,stress
1774380580,snapshot_pre_failure_1774380580.json,2026-03-25T00:59:40.866392,True,pre_failure,stress
1774380610,snapshot_pre_failure_1774380610.json,2026-03-25T01:00:10.924390,True,pre_failure,stress
1774380641,snapshot_pre_failure_1774380641.json,2026-03-25T01:00:40.988479,True,pre_failure,stress
1774380671,snapshot_pre_failure_1774380671.json,2026-03-25T01:01:11.055188,True,pre_failure,stress
1774380701,snapshot_pre_failure_1774380701.json,2026-03-25T01:01:41.132749,True,pre_failure,stress
1774380731,snapshot_pre_failure_1774380731.json,2026-03-25T01:02:11.204682,True,pre_failure,stress
1774380761,snapshot_pre_failure_1774380761.json,2026-03-25T01:02:41.274611,True,pre_failure,stress
1774380791,snapshot_pre_failure_1774380791.json,2026-03-25T01:03:11.336745,True,pre_failure,stress
1774380821,snapshot_pre_failure_1774380821.json,2026-03-25T01:03:41.405919,True,pre_failure,stress
1774380851,snapshot_pre_failure_1774380851.json,2026-03-25T01:04:11.487400,True,pre_failure,stress
1774380881,snapshot_pre_failure_1774380881.json,2026-03-25T01:04:41.558932,True,pre_failure,stress
1774380911,snapshot_pre_failure_1774380911.json,2026-03-25T01:05:11.624875,True,pre_failure,stress
1774380941,snapshot_pre_failure_1774380941.json,2026-03-25T01:05:41.712867,True,pre_failure,stress
1774380971,snapshot_pre_failure_1774380971.json,2026-03-25T01:06:11.771932,True,pre_failure,stress
1774381001,snapshot_pre_failure_1774381001.json,2026-03-25T01:06:41.835585,True,pre_failure,stress
1774381031,snapshot_pre_failure_1774381031.json,2026-03-25T01:07:11.902764,True,pre_failure,stress
1774381062,snapshot_pre_failure_1774381062.json,2026-03-25T01:07:41.971563,True,pre_failure,stress
1774381092,snapshot_pre_failure_1774381092.json,2026-03-25T01:08:12.035579,True,pre_failure,stress
1774381122,snapshot_pre_failure_1774381122.json,2026-03-25T01:08:42.119163,True,pre_failure,stress
1774381152,snapshot_pre_failure_1774381152.json,2026-03-25T01:09:12.176133,True,pre_failure,stress
1774381182,snapshot_pre_failure_1774381182.json,2026-03-25T01:09:42.245698,True,pre_failure,stress
1774381212,snapshot_pre_failure_1774381212.json,2026-03-25T01:10:12.310355,True,pre_failure,stress
1774381242,snapshot_pre_failure_1774381242.json,2026-03-25T01:10:42.377865,True,pre_failure,stress
1774381272,snapshot_pre_failure_1774381272.json,2026-03-25T01:11:12.449050,True,pre_failure,stress
1774381302,snapshot_pre_failure_1774381302.json,2026-03-25T01:11:42.533397,True,pre_failure,stress
1774381332,snapshot_pre_failure_1774381332.json,2026-03-25T01:12:12.619834,True,pre_failure,stress
1774381362,snapshot_pre_failure_1774381362.json,2026-03-25T01:12:42.690490,True,pre_failure,stress
1774381392,snapshot_pre_failure_1774381392.json,2026-03-25T01:13:12.756198,True,pre_failure,stress
1774381422,snapshot_pre_failure_1774381422.json,2026-03-25T01:13:42.824565,True,pre_failure,stress
1774381452,snapshot_pre_failure_1774381452.json,2026-03-25T01:14:12.885660,True,pre_failure,stress
1774381483,snapshot_pre_failure_1774381483.json,2026-03-25T01:14:42.950112,True,pre_failure,stress
1774381513,snapshot_pre_failure_1774381513.json,2026-03-25T01:15:13.024307,True,pre_failure,stress
1774381543,snapshot_pre_failure_1774381543.json,2026-03-25T01:15:43.092059,True,pre_failure,stress
1774381573,snapshot_pre_failure_1774381573.json,2026-03-25T01:16:13.158386,True,pre_failure,stress
1774381603,snapshot_pre_failure_1774381603.json,2026-03-25T01:16:43.233325,True,pre_failure,stress
1774381633,snapshot_pre_failure_1774381633.json,2026-03-25T01:17:13.307507,True,pre_failure,stress
1774381663,snapshot_pre_failure_1774381663.json,2026-03-25T01:17:43.376872,True,pre_failure,stress
1774381693,snapshot_pre_failure_1774381693.json,2026-03-25T01:18:13.466431,True,pre_failure,stress
1774381723,snapshot_pre_failure_1774381723.json,2026-03-25T01:18:43.543809,True,pre_failure,stress
1774381753,snapshot_pre_failure_1774381753.json,2026-03-25T01:19:13.616153,True,pre_failure,stress
1774381783,snapshot_pre_failure_1774381783.json,2026-03-25T01:19:43.680115,True,pre_failure,stress
1774381813,snapshot_pre_failure_1774381813.json,2026-03-25T01:20:13.747718,True,pre_failure,stress
1774381843,snapshot_pre_failure_1774381843.json,2026-03-25T01:20:43.811091,True,pre_failure,stress
1774381873,snapshot_pre_failure_1774381873.json,2026-03-25T01:21:13.881552,True,pre_failure,stress
1774381904,snapshot_pre_failure_1774381904.json,2026-03-25T01:21:43.947064,True,pre_failure,stress
1774381934,snapshot_pre_failure_1774381934.json,2026-03-25T01:22:14.016260,True,pre_failure,stress
1774381964,snapshot_pre_failure_1774381964.json,2026-03-25T01:22:44.086655,True,pre_failure,stress
1774381994,snapshot_pre_failure_1774381994.json,2026-03-25T01:23:14.160289,True,pre_failure,stress
1774382024,snapshot_pre_failure_1774382024.json,2026-03-25T01:23:44.225308,True,pre_failure,stress
1774382054,snapshot_pre_failure_1774382054.json,2026-03-25T01:24:14.287455,True,pre_failure,stress
1774382084,snapshot_pre_failure_1774382084.json,2026-03-25T01:24:44.351641,True,pre_failure,stress
1774382114,snapshot_pre_failure_1774382114.json,2026-03-25T01:25:14.425729,True,pre_failure,stress
1774382144,snapshot_pre_failure_1774382144.json,2026-03-25T01:25:44.491936,True,pre_failure,stress
1774382174,snapshot_pre_failure_1774382174.json,2026-03-25T01:26:14.562587,True,pre_failure,stress
1774382204,snapshot_pre_failure_1774382204.json,2026-03-25T01:26:44.629223,True,pre_failure,stress
1774382234,snapshot_pre_failure_1774382234.json,2026-03-25T01:27:14.691523,True,pre_failure,stress
1774382264,snapshot_pre_failure_1774382264.json,2026-03-25T01:27:44.775420,True,pre_failure,stress
1774382294,snapshot_pre_failure_1774382294.json,2026-03-25T01:28:14.847288,True,pre_failure,stress
1774382324,snapshot_pre_failure_1774382324.json,2026-03-25T01:28:44.917211,True,pre_failure,stress
1774382355,snapshot_pre_failure_1774382355.json,2026-03-25T01:29:14.984151,True,pre_failure,stress
1774382385,snapshot_pre_failure_1774382385.json,2026-03-25T01:29:45.045463,True,pre_failure,stress
1774382415,snapshot_pre_failure_1774382415.json,2026-03-25T01:30:15.112304,True,pre_failure,stress
1774382445,snapshot_pre_failure_1774382445.json,2026-03-25T01:30:45.176901,True,pre_failure,stress
1774382475,snapshot_pre_failure_1774382475.json,2026-03-25T01:31:15.240885,True,pre_failure,stress
1774382505,snapshot_pre_failure_1774382505.json,2026-03-25T01:31:45.294468,True,pre_failure,stress
1774382535,snapshot_pre_failure_1774382535.json,2026-03-25T01:32:15.362578,True,pre_failure,stress
1774382565,snapshot_pre_failure_1774382565.json,2026-03-25T01:32:45.413024,True,pre_failure,stress
1774382595,snapshot_pre_failure_1774382595.json,2026-03-25T01:33:15.486494,True,pre_failure,stress
1774382625,snapshot_pre_failure_1774382625.json,2026-03-25T01:33:45.539952,True,pre_failure,stress
1774382655,snapshot_pre_failure_1774382655.json,2026-03-25T01:34:15.594488,True,pre_failure,stress
1774382685,snapshot_pre_failure_1774382685.json,2026-03-25T01:34:45.644163,True,pre_failure,stress
1774382715,snapshot_pre_failure_1774382715.json,2026-03-25T01:35:15.697441,True,pre_failure,stress
1774382745,snapshot_pre_failure_1774382745.json,2026-03-25T01:35:45.751233,True,pre_failure,stress
1774382775,snapshot_pre_failure_1774382775.json,2026-03-25T01:36:15.808020,True,pre_failure,stress
1774382805,snapshot_pre_failure_1774382805.json,2026-03-25T01:36:45.862325,True,pre_failure,stress
1774382835,snapshot_pre_failure_1774382835.json,2026-03-25T01:37:15.915851,True,pre_failure,stress
1774382866,snapshot_pre_failure_1774382866.json,2026-03-25T01:37:45.985611,True,pre_failure,stress
1774382896,snapshot_pre_failure_1774382896.json,2026-03-25T01:38:16.056671,True,pre_failure,stress
1774382926,snapshot_pre_failure_1774382926.json,2026-03-25T01:38:46.123220,True,pre_failure,stress
1774382956,snapshot_pre_failure_1774382956.json,2026-03-25T01:39:16.198720,True,pre_failure,stress
1774382986,snapshot_pre_failure_1774382986.json,2026-03-25T01:39:46.273975,True,pre_failure,stress
1774383016,snapshot_pre_failure_1774383016.json,2026-03-25T01:40:16.331138,True,pre_failure,stress
1774383046,snapshot_pre_failure_1774383046.json,2026-03-25T01:40:46.389056,True,pre_failure,stress
1774383076,snapshot_pre_failure_1774383076.json,2026-03-25T01:41:16.444038,True,pre_failure,stress
1774383106,snapshot_pre_failure_1774383106.json,2026-03-25T01:41:46.494968,True,pre_failure,stress
1774383136,snapshot_pre_failure_1774383136.json,2026-03-25T01:42:16.550716,True,pre_failure,stress
1774383166,snapshot_pre_failure_1774383166.json,2026-03-25T01:42:46.608358,True,pre_failure,stress
1774383196,snapshot_pre_failure_1774383196.json,2026-03-25T01:43:16.669557,True,pre_failure,stress
1774383226,snapshot_pre_failure_1774383226.json,2026-03-25T01:43:46.718956,True,pre_failure,stress
1774383256,snapshot_pre_failure_1774383256.json,2026-03-25T01:44:16.771146,True,pre_failure,stress
1774383286,snapshot_pre_failure_1774383286.json,2026-03-25T01:44:46.827489,True,pre_failure,stress
1774383316,snapshot_pre_failure_1774383316.json,2026-03-25T01:45:16.893230,True,pre_failure,stress
1774383346,snapshot_pre_failure_1774383346.json,2026-03-25T01:45:46.948073,True,pre_failure,stress
1774383377,snapshot_pre_failure_1774383377.json,2026-03-25T01:46:17.002400,True,pre_failure,stress
1774383407,snapshot_pre_failure_1774383407.json,2026-03-25T01:46:47.054397,True,pre_failure,stress
1774383437,snapshot_pre_failure_1774383437.json,2026-03-25T01:47:17.112486,True,pre_failure,stress
1774383467,snapshot_pre_failure_1774383467.json,2026-03-25T01:47:47.187775,True,pre_failure,stress
1774383497,snapshot_pre_failure_1774383497.json,2026-03-25T01:48:17.259852,True,pre_failure,stress
1774383527,snapshot_pre_failure_1774383527.json,2026-03-25T01:48:47.330230,True,pre_failure,stress
1774383557,snapshot_pre_failure_1774383557.json,2026-03-25T01:49:17.381241,True,pre_failure,stress
1774383587,snapshot_pre_failure_1774383587.json,2026-03-25T01:49:47.441731,True,pre_failure,stress
1774383617,snapshot_pre_failure_1774383617.json,2026-03-25T01:50:17.493868,True,pre_failure,stress
1774383647,snapshot_pre_failure_1774383647.json,2026-03-25T01:50:47.540242,True,pre_failure,stress
1774383677,snapshot_pre_failure_1774383677.json,2026-03-25T01:51:17.584115,True,pre_failure,stress
1774383707,snapshot_pre_failure_1774383707.json,2026-03-25T01:51:47.630963,True,pre_failure,stress
1774383737,snapshot_pre_failure_1774383737.json,2026-03-25T01:52:17.682505,True,pre_failure,stress
1774383767,snapshot_pre_failure_1774383767.json,2026-03-25T01:52:47.738643,True,pre_failure,stress
1774383797,snapshot_pre_failure_1774383797.json,2026-03-25T01:53:17.792445,True,pre_failure,stress
1774383827,snapshot_pre_failure_1774383827.json,2026-03-25T01:53:47.847411,True,pre_failure,stress
1774383858,snapshot_pre_failure_1774383858.json,2026-03-25T01:54:17.906481,True,pre_failure,stress
1774383888,snapshot_pre_failure_1774383888.json,2026-03-25T01:54:48.020674,True,pre_failure,stress
1774383918,snapshot_pre_failure_1774383918.json,2026-03-25T01:55:18.087022,True,pre_failure,stress
1774383948,snapshot_pre_failure_1774383948.json,2026-03-25T01:55:48.161734,True,pre_failure,stress
1774383978,snapshot_pre_failure_1774383978.json,2026-03-25T01:56:18.236569,True,pre_failure,stress
1774384008,snapshot_pre_failure_1774384008.json,2026-03-25T01:56:48.304355,True,pre_failure,stress
1774384038,snapshot_pre_failure_1774384038.json,2026-03-25T01:57:18.371652,True,pre_failure,stress
1774384068,snapshot_pre_failure_1774384068.json,2026-03-25T01:57:48.434473,True,pre_failure,stress
1774384098,snapshot_pre_failure_1774384098.json,2026-03-25T01:58:18.495084,True,pre_failure,stress
1774384128,snapshot_pre_failure_1774384128.json,2026-03-25T01:58:48.578872,True,pre_failure,stress
1774384158,snapshot_pre_failure_1774384158.json,2026-03-25T01:59:18.644568,True,pre_failure,stress
1774384188,snapshot_pre_failure_1774384188.json,2026-03-25T01:59:48.717742,True,pre_failure,stress
1774384218,snapshot_pre_failure_1774384218.json,2026-03-25T02:00:18.786935,True,pre_failure,stress
1774384248,snapshot_pre_failure_1774384248.json,2026-03-25T02:00:48.842203,True,pre_failure,stress
1774384278,snapshot_pre_failure_1774384278.json,2026-03-25T02:01:18.895569,True,pre_failure,stress
1774384308,snapshot_pre_failure_1774384308.json,2026-03-25T02:01:48.943194,True,pre_failure,stress
1774384339,snapshot_pre_failure_1774384339.json,2026-03-25T02:02:18.995378,True,pre_failure,stress
1774384369,snapshot_pre_failure_1774384369.json,2026-03-25T02:02:49.044983,True,pre_failure,stress
1774384399,snapshot_pre_failure_1774384399.json,2026-03-25T02:03:19.111480,True,pre_failure,stress
1774384429,snapshot_pre_failure_1774384429.json,2026-03-25T02:03:49.167963,True,pre_failure,stress
1774384459,snapshot_pre_failure_1774384459.json,2026-03-25T02:04:19.233788,True,pre_failure,stress
1774384489,snapshot_pre_failure_1774384489.json,2026-03-25T02:04:49.282555,True,pre_failure,stress
1774384519,snapshot_pre_failure_1774384519.json,2026-03-25T02:05:19.335208,True,pre_failure,stress
1774384549,snapshot_pre_failure_1774384549.json,2026-03-25T02:05:49.404952,True,pre_failure,stress
1774384579,snapshot_pre_failure_1774384579.json,2026-03-25T02:06:19.470985,True,pre_failure,stress
1774384609,snapshot_pre_failure_1774384609.json,2026-03-25T02:06:49.520008,True,pre_failure,stress
1774384639,snapshot_pre_failure_1774384639.json,2026-03-25T02:07:19.573783,True,pre_failure,stress
1774384669,snapshot_pre_failure_1774384669.json,2026-03-25T02:07:49.634603,True,pre_failure,stress
1774384699,snapshot_pre_failure_1774384699.json,2026-03-25T02:08:19.702216,True,pre_failure,stress
1774384729,snapshot_pre_failure_1774384729.json,2026-03-25T02:08:49.765003,True,pre_failure,stress
1774384759,snapshot_pre_failure_1774384759.json,2026-03-25T02:09:19.834068,True,pre_failure,stress
1774384789,snapshot_pre_failure_1774384789.json,2026-03-25T02:09:49.906256,True,pre_failure,stress
1774384820,snapshot_pre_failure_1774384820.json,2026-03-25T02:10:19.974027,True,pre_failure,stress
1774384850,snapshot_pre_failure_1774384850.json,2026-03-25T02:10:50.045195,True,pre_failure,stress
1774384880,snapshot_pre_failure_1774384880.json,2026-03-25T02:11:20.110840,True,pre_failure,stress
1774384910,snapshot_pre_failure_1774384910.json,2026-03-25T02:11:50.175723,True,pre_failure,stress
1774384940,snapshot_pre_failure_1774384940.json,2026-03-25T02:12:20.248393,True,pre_failure,stress
1774384970,snapshot_pre_failure_1774384970.json,2026-03-25T02:12:50.318201,True,pre_failure,stress
1774385000,snapshot_pre_failure_1774385000.json,2026-03-25T02:13:20.374518,True,pre_failure,stress
1774385030,snapshot_pre_failure_1774385030.json,2026-03-25T02:13:50.427838,True,pre_failure,stress
1774385060,snapshot_pre_failure_1774385060.json,2026-03-25T02:14:20.497458,True,pre_failure,stress
1774385090,snapshot_pre_failure_1774385090.json,2026-03-25T02:14:50.578253,True,pre_failure,stress
1774385120,snapshot_pre_failure_1774385120.json,2026-03-25T02:15:20.641129,True,pre_failure,stress
1774385150,snapshot_pre_failure_1774385150.json,2026-03-25T02:15:50.705588,True,pre_failure,stress
1774385180,snapshot_pre_failure_1774385180.json,2026-03-25T02:16:20.776171,True,pre_failure,stress
1774385210,snapshot_pre_failure_1774385210.json,2026-03-25T02:16:50.843260,True,pre_failure,stress
1774385240,snapshot_pre_failure_1774385240.json,2026-03-25T02:17:20.913643,True,pre_failure,stress
1774385271,snapshot_pre_failure_1774385271.json,2026-03-25T02:17:50.976597,True,pre_failure,stress
1774385301,snapshot_pre_failure_1774385301.json,2026-03-25T02:18:21.030961,True,pre_failure,stress
1774385331,snapshot_pre_failure_1774385331.json,2026-03-25T02:18:51.107611,True,pre_failure,stress
1774385361,snapshot_pre_failure_1774385361.json,2026-03-25T02:19:21.189707,True,pre_failure,stress
1774385391,snapshot_pre_failure_1774385391.json,2026-03-25T02:19:51.245783,True,pre_failure,stress
1774385421,snapshot_pre_failure_1774385421.json,2026-03-25T02:20:21.303985,True,pre_failure,stress
1774385451,snapshot_pre_failure_1774385451.json,2026-03-25T02:20:51.362196,True,pre_failure,stress
1774385481,snapshot_pre_failure_1774385481.json,2026-03-25T02:21:21.423457,True,pre_failure,stress
1774385511,snapshot_pre_failure_1774385511.json,2026-03-25T02:21:51.485362,True,pre_failure,stress
1774385541,snapshot_pre_failure_1774385541.json,2026-03-25T02:22:21.544585,True,pre_failure,stress
1774385571,snapshot_pre_failure_1774385571.json,2026-03-25T02:22:51.617164,True,pre_failure,stress
1774385601,snapshot_pre_failure_1774385601.json,2026-03-25T02:23:21.676482,True,pre_failure,stress
1774385631,snapshot_pre_failure_1774385631.json,2026-03-25T02:23:51.738307,True,pre_failure,stress
1774385661,snapshot_pre_failure_1774385661.json,2026-03-25T02:24:21.815112,True,pre_failure,stress
1774385691,snapshot_pre_failure_1774385691.json,2026-03-25T02:24:51.879316,True,pre_failure,stress
1774385722,snapshot_pre_failure_1774385722.json,2026-03-25T02:25:21.949196,True,pre_failure,stress
1774385752,snapshot_pre_failure_1774385752.json,2026-03-25T02:25:52.021891,True,pre_failure,stress
1774385782,snapshot_pre_failure_1774385782.json,2026-03-25T02:26:22.087385,True,pre_failure,stress
1774385812,snapshot_pre_failure_1774385812.json,2026-03-25T02:26:52.141087,True,pre_failure,stress
1774385842,snapshot_pre_failure_1774385842.json,2026-03-25T02:27:22.199745,True,pre_failure,stress
1774385872,snapshot_pre_failure_1774385872.json,2026-03-25T02:27:52.253963,True,pre_failure,stress
1774385902,snapshot_pre_failure_1774385902.json,2026-03-25T02:28:22.302075,True,pre_failure,stress
1774385932,snapshot_pre_failure_1774385932.json,2026-03-25T02:28:52.368046,True,pre_failure,stress
1774385962,snapshot_pre_failure_1774385962.json,2026-03-25T02:29:22.429969,True,pre_failure,stress
1774385992,snapshot_pre_failure_1774385992.json,2026-03-25T02:29:52.490220,True,pre_failure,stress
1774386022,snapshot_pre_failure_1774386022.json,2026-03-25T02:30:22.561355,True,pre_failure,stress
1774386052,snapshot_pre_failure_1774386052.json,2026-03-25T02:30:52.670227,True,pre_failure,stress
1774386082,snapshot_pre_failure_1774386082.json,2026-03-25T02:31:22.745790,True,pre_failure,stress
1774386112,snapshot_pre_failure_1774386112.json,2026-03-25T02:31:52.926988,True,pre_failure,stress
1774386143,snapshot_pre_failure_1774386143.json,2026-03-25T02:32:22.992341,True,pre_failure,stress
1774386173,snapshot_pre_failure_1774386173.json,2026-03-25T02:32:53.045108,True,pre_failure,stress
1774386203,snapshot_pre_failure_1774386203.json,2026-03-25T02:33:23.120751,True,pre_failure,stress
1774386233,snapshot_pre_failure_1774386233.json,2026-03-25T02:33:53.173698,True,pre_failure,stress
1774386263,snapshot_pre_failure_1774386263.json,2026-03-25T02:34:23.230586,True,pre_failure,stress
1774386293,snapshot_pre_failure_1774386293.json,2026-03-25T02:34:53.289849,True,pre_failure,stress
1774386323,snapshot_pre_failure_1774386323.json,2026-03-25T02:35:23.350291,True,pre_failure,stress
1774386353,snapshot_pre_failure_1774386353.json,2026-03-25T02:35:53.405193,True,pre_failure,stress
1774386383,snapshot_pre_failure_1774386383.json,2026-03-25T02:36:23.454547,True,pre_failure,stress
1774386413,snapshot_pre_failure_1774386413.json,2026-03-25T02:36:53.506890,True,pre_failure,stress
1774386443,snapshot_pre_failure_1774386443.json,2026-03-25T02:37:23.557288,True,pre_failure,stress
1774386473,snapshot_pre_failure_1774386473.json,2026-03-25T02:37:53.613407,True,pre_failure,stress
1774386503,snapshot_pre_failure_1774386503.json,2026-03-25T02:38:23.664000,True,pre_failure,stress
1774386533,snapshot_pre_failure_1774386533.json,2026-03-25T02:38:53.725357,True,pre_failure,stress
1774386563,snapshot_pre_failure_1774386563.json,2026-03-25T02:39:23.791869,True,pre_failure,stress
1774386593,snapshot_pre_failure_1774386593.json,2026-03-25T02:39:53.871742,True,pre_failure,stress
1774386624,snapshot_pre_failure_1774386624.json,2026-03-25T02:40:23.941890,True,pre_failure,stress
1774386654,snapshot_pre_failure_1774386654.json,2026-03-25T02:40:54.027279,True,pre_failure,stress
1774386684,snapshot_pre_failure_1774386684.json,2026-03-25T02:41:24.084069,True,pre_failure,stress
1774386714,snapshot_pre_failure_1774386714.json,2026-03-25T02:41:54.146676,True,pre_failure,stress
1774386744,snapshot_pre_failure_1774386744.json,2026-03-25T02:42:24.212739,True,pre_failure,stress
1774386774,snapshot_pre_failure_1774386774.json,2026-03-25T02:42:54.280883,True,pre_failure,stress
1774386804,snapshot_pre_failure_1774386804.json,2026-03-25T02:43:24.344610,True,pre_failure,stress
1774386834,snapshot_pre_failure_1774386834.json,2026-03-25T02:43:54.397348,True,pre_failure,stress
1774386864,snapshot_pre_failure_1774386864.json,2026-03-25T02:44:24.452316,True,pre_failure,stress
1774386894,snapshot_pre_failure_1774386894.json,2026-03-25T02:44:54.510771,True,pre_failure,stress
1774386924,snapshot_pre_failure_1774386924.json,2026-03-25T02:45:24.563768,True,pre_failure,stress
1774386954,snapshot_pre_failure_1774386954.json,2026-03-25T02:45:54.616100,True,pre_failure,stress
1774386984,snapshot_pre_failure_1774386984.json,2026-03-25T02:46:24.670881,True,pre_failure,stress
1774387014,snapshot_pre_failure_1774387014.json,2026-03-25T02:46:54.726629,True,pre_failure,stress
1774387044,snapshot_pre_failure_1774387044.json,2026-03-25T02:47:24.777837,True,pre_failure,stress
1774387074,snapshot_pre_failure_1774387074.json,2026-03-25T02:47:54.827905,True,pre_failure,stress
1774387104,snapshot_pre_failure_1774387104.json,2026-03-25T02:48:24.885573,True,pre_failure,stress
1774387135,snapshot_pre_failure_1774387135.json,2026-03-25T02:48:54.957111,True,pre_failure,stress
1774387165,snapshot_pre_failure_1774387165.json,2026-03-25T02:49:25.028468,True,pre_failure,stress
1774387195,snapshot_pre_failure_1774387195.json,2026-03-25T02:49:55.086779,True,pre_failure,stress
1774387225,snapshot_pre_failure_1774387225.json,2026-03-25T02:50:25.159813,True,pre_failure,stress
1774387255,snapshot_pre_failure_1774387255.json,2026-03-25T02:50:55.221980,True,pre_failure,stress
1774387285,snapshot_pre_failure_1774387285.json,2026-03-25T02:51:25.275732,True,pre_failure,stress
1774387315,snapshot_pre_failure_1774387315.json,2026-03-25T02:51:55.348548,True,pre_failure,stress
1774387345,snapshot_pre_failure_1774387345.json,2026-03-25T02:52:25.409711,True,pre_failure,stress
1774387375,snapshot_pre_failure_1774387375.json,2026-03-25T02:52:55.470953,True,pre_failure,stress
1774387405,snapshot_pre_failure_1774387405.json,2026-03-25T02:53:25.537064,True,pre_failure,stress
1774387435,snapshot_pre_failure_1774387435.json,2026-03-25T02:53:55.623327,True,pre_failure,stress
1774387465,snapshot_pre_failure_1774387465.json,2026-03-25T02:54:25.690817,True,pre_failure,stress
1774387495,snapshot_pre_failure_1774387495.json,2026-03-25T02:54:55.751607,True,pre_failure,stress
1774387525,snapshot_pre_failure_1774387525.json,2026-03-25T02:55:25.817100,True,pre_failure,stress
1774387555,snapshot_pre_failure_1774387555.json,2026-03-25T02:55:55.878941,True,pre_failure,stress
1774387586,snapshot_pre_failure_1774387586.json,2026-03-25T02:56:25.951549,True,pre_failure,stress
1774387616,snapshot_pre_failure_1774387616.json,2026-03-25T02:56:56.020923,True,pre_failure,stress
1774387646,snapshot_pre_failure_1774387646.json,2026-03-25T02:57:26.082670,True,pre_failure,stress
1774387676,snapshot_pre_failure_1774387676.json,2026-03-25T02:57:56.148676,True,pre_failure,stress
1774387706,snapshot_pre_failure_1774387706.json,2026-03-25T02:58:26.224371,True,pre_failure,stress
1774387736,snapshot_pre_failure_1774387736.json,2026-03-25T02:58:56.295818,True,pre_failure,stress
1774387766,snapshot_pre_failure_1774387766.json,2026-03-25T02:59:26.367218,True,pre_failure,stress
1774387796,snapshot_pre_failure_1774387796.json,2026-03-25T02:59:56.446319,True,pre_failure,stress
1774387826,snapshot_pre_failure_1774387826.json,2026-03-25T03:00:26.506451,True,pre_failure,stress
1774387856,snapshot_pre_failure_1774387856.json,2026-03-25T03:00:56.562759,True,pre_failure,stress
1774387886,snapshot_pre_failure_1774387886.json,2026-03-25T03:01:26.625768,True,pre_failure,stress
1774387916,snapshot_pre_failure_1774387916.json,2026-03-25T03:01:56.687018,True,pre_failure,stress
1774387946,snapshot_pre_failure_1774387946.json,2026-03-25T03:02:26.767062,True,pre_failure,stress
1774387976,snapshot_pre_failure_1774387976.json,2026-03-25T03:02:56.884367,True,pre_failure,stress
1774388006,snapshot_pre_failure_1774388006.json,2026-03-25T03:03:26.947307,True,pre_failure,stress
1774388037,snapshot_pre_failure_1774388037.json,2026-03-25T03:03:57.011284,True,pre_failure,stress
1774388067,snapshot_pre_failure_1774388067.json,2026-03-25T03:04:27.075886,True,pre_failure,stress
1774388097,snapshot_pre_failure_1774388097.json,2026-03-25T03:04:57.151079,True,pre_failure,stress
1774388127,snapshot_pre_failure_1774388127.json,2026-03-25T03:05:27.242090,True,pre_failure,stress
1774388157,snapshot_pre_failure_1774388157.json,2026-03-25T03:05:57.300052,True,pre_failure,stress
1774388187,snapshot_pre_failure_1774388187.json,2026-03-25T03:06:27.366393,True,pre_failure,stress
1774388217,snapshot_pre_failure_1774388217.json,2026-03-25T03:06:57.431241,True,pre_failure,stress
1774388247,snapshot_pre_failure_1774388247.json,2026-03-25T03:07:27.491072,True,pre_failure,stress
1774388277,snapshot_pre_failure_1774388277.json,2026-03-25T03:07:57.548524,True,pre_failure,stress
1774388307,snapshot_pre_failure_1774388307.json,2026-03-25T03:08:27.615501,True,pre_failure,stress
1774388337,snapshot_pre_failure_1774388337.json,2026-03-25T03:08:57.679712,True,pre_failure,stress
1774388367,snapshot_pre_failure_1774388367.json,2026-03-25T03:09:27.751054,True,pre_failure,stress
1774388397,snapshot_pre_failure_1774388397.json,2026-03-25T03:09:57.821158,True,pre_failure,stress
1774388427,snapshot_pre_failure_1774388427.json,2026-03-25T03:10:27.882519,True,pre_failure,stress
1774388457,snapshot_pre_failure_1774388457.json,2026-03-25T03:10:57.941528,True,pre_failure,stress
1774388488,snapshot_pre_failure_1774388488.json,2026-03-25T03:11:27.998892,True,pre_failure,stress
1774388518,snapshot_pre_failure_1774388518.json,2026-03-25T03:11:58.070934,True,pre_failure,stress
1774388548,snapshot_pre_failure_1774388548.json,2026-03-25T03:12:28.130550,True,pre_failure,stress
1774388578,snapshot_pre_failure_1774388578.json,2026-03-25T03:12:58.198020,True,pre_failure,stress
1774388608,snapshot_pre_failure_1774388608.json,2026-03-25T03:13:28.270975,True,pre_failure,stress
1774388638,snapshot_pre_failure_1774388638.json,2026-03-25T03:13:58.345624,True,pre_failure,stress
1774388668,snapshot_pre_failure_1774388668.json,2026-03-25T03:14:28.422459,True,pre_failure,stress
1774388698,snapshot_pre_failure_1774388698.json,2026-03-25T03:14:58.486265,True,pre_failure,stress
1774388728,snapshot_pre_failure_1774388728.json,2026-03-25T03:15:28.557251,True,pre_failure,stress
1774388758,snapshot_pre_failure_1774388758.json,2026-03-25T03:15:58.624723,True,pre_failure,stress
1774388788,snapshot_pre_failure_1774388788.json,2026-03-25T03:16:28.696036,True,pre_failure,stress
1774388818,snapshot_pre_failure_1774388818.json,2026-03-25T03:16:58.759029,True,pre_failure,stress
1774388848,snapshot_pre_failure_1774388848.json,2026-03-25T03:17:28.844828,True,pre_failure,stress
1774388878,snapshot_pre_failure_1774388878.json,2026-03-25T03:17:58.916331,True,pre_failure,stress
1774388909,snapshot_pre_failure_1774388909.json,2026-03-25T03:18:28.980491,True,pre_failure,stress
1774388939,snapshot_pre_failure_1774388939.json,2026-03-25T03:18:59.056038,True,pre_failure,stress
1774388969,snapshot_pre_failure_1774388969.json,2026-03-25T03:19:29.125016,True,pre_failure,stress
1774388999,snapshot_pre_failure_1774388999.json,2026-03-25T03:19:59.187672,True,pre_failure,stress
1774389029,snapshot_pre_failure_1774389029.json,2026-03-25T03:20:29.271180,True,pre_failure,stress
1774389059,snapshot_pre_failure_1774389059.json,2026-03-25T03:20:59.340635,True,pre_failure,stress
1774389089,snapshot_pre_failure_1774389089.json,2026-03-25T03:21:29.414722,True,pre_failure,stress
1774389119,snapshot_pre_failure_1774389119.json,2026-03-25T03:21:59.482031,True,pre_failure,stress
1774389149,snapshot_pre_failure_1774389149.json,2026-03-25T03:22:29.539689,True,pre_failure,stress
1774389179,snapshot_pre_failure_1774389179.json,2026-03-25T03:22:59.595829,True,pre_failure,stress
1774389209,snapshot_pre_failure_1774389209.json,2026-03-25T03:23:29.654807,True,pre_failure,stress
1774389239,snapshot_pre_failure_1774389239.json,2026-03-25T03:23:59.718690,True,pre_failure,stress
1774389269,snapshot_pre_failure_1774389269.json,2026-03-25T03:24:29.784527,True,pre_failure,stress
1774389299,snapshot_pre_failure_1774389299.json,2026-03-25T03:24:59.841761,True,pre_failure,stress
1774389329,snapshot_pre_failure_1774389329.json,2026-03-25T03:25:29.900127,True,pre_failure,stress
1774389360,snapshot_pre_failure_1774389360.json,2026-03-25T03:25:59.956801,True,pre_failure,stress
1774389390,snapshot_pre_failure_1774389390.json,2026-03-25T03:26:30.021069,True,pre_failure,stress
1774389420,snapshot_pre_failure_1774389420.json,2026-03-25T03:27:00.092185,True,pre_failure,stress
1774389450,snapshot_pre_failure_1774389450.json,2026-03-25T03:27:30.144140,True,pre_failure,stress
1774389480,snapshot_pre_failure_1774389480.json,2026-03-25T03:28:00.210285,True,pre_failure,stress
1774389510,snapshot_pre_failure_1774389510.json,2026-03-25T03:28:30.281599,True,pre_failure,stress
1774389540,snapshot_pre_failure_1774389540.json,2026-03-25T03:29:00.349588,True,pre_failure,stress
1774389570,snapshot_pre_failure_1774389570.json,2026-03-25T03:29:30.417515,True,pre_failure,stress
1774389600,snapshot_pre_failure_1774389600.json,2026-03-25T03:30:00.475220,True,pre_failure,stress
1774389630,snapshot_pre_failure_1774389630.json,2026-03-25T03:30:30.535174,True,pre_failure,stress
1774389660,snapshot_pre_failure_1774389660.json,2026-03-25T03:31:00.592104,True,pre_failure,stress
1774389690,snapshot_pre_failure_1774389690.json,2026-03-25T03:31:30.662408,True,pre_failure,stress
1774389720,snapshot_pre_failure_1774389720.json,2026-03-25T03:32:00.740876,True,pre_failure,stress
1774389750,snapshot_pre_failure_1774389750.json,2026-03-25T03:32:30.815806,True,pre_failure,stress
1774389780,snapshot_pre_failure_1774389780.json,2026-03-25T03:33:00.881163,True,pre_failure,stress
1774389810,snapshot_pre_failure_1774389810.json,2026-03-25T03:33:30.945227,True,pre_failure,stress
1774389841,snapshot_pre_failure_1774389841.json,2026-03-25T03:34:01.012705,True,pre_failure,stress
1774389871,snapshot_pre_failure_1774389871.json,2026-03-25T03:34:31.082273,True,pre_failure,stress
1774389901,snapshot_pre_failure_1774389901.json,2026-03-25T03:35:01.154445,True,pre_failure,stress
1774389931,snapshot_pre_failure_1774389931.json,2026-03-25T03:35:31.220083,True,pre_failure,stress
1774389961,snapshot_pre_failure_1774389961.json,2026-03-25T03:36:01.278996,True,pre_failure,stress
1774389991,snapshot_pre_failure_1774389991.json,2026-03-25T03:36:31.343643,True,pre_failure,stress
1774390021,snapshot_pre_failure_1774390021.json,2026-03-25T03:37:01.412062,True,pre_failure,stress
1774390051,snapshot_pre_failure_1774390051.json,2026-03-25T03:37:31.481390,True,pre_failure,stress
1774390081,snapshot_pre_failure_1774390081.json,2026-03-25T03:38:01.544868,True,pre_failure,stress
1774390111,snapshot_pre_failure_1774390111.json,2026-03-25T03:38:31.610214,True,pre_failure,stress
1774390141,snapshot_pre_failure_1774390141.json,2026-03-25T03:39:01.669065,True,pre_failure,stress
1774390171,snapshot_pre_failure_1774390171.json,2026-03-25T03:39:31.734901,True,pre_failure,stress
1774390201,snapshot_pre_failure_1774390201.json,2026-03-25T03:40:01.790116,True,pre_failure,stress
1774390231,snapshot_pre_failure_1774390231.json,2026-03-25T03:40:31.858932,True,pre_failure,stress
1774390261,snapshot_pre_failure_1774390261.json,2026-03-25T03:41:01.927580,True,pre_failure,stress
1774390292,snapshot_pre_failure_1774390292.json,2026-03-25T03:41:31.989432,True,pre_failure,stress
1774390322,snapshot_pre_failure_1774390322.json,2026-03-25T03:42:02.066748,True,pre_failure,stress
1774390352,snapshot_pre_failure_1774390352.json,2026-03-25T03:42:32.127894,True,pre_failure,stress
1774390382,snapshot_pre_failure_1774390382.json,2026-03-25T03:43:02.208577,True,pre_failure,stress
1774390412,snapshot_pre_failure_1774390412.json,2026-03-25T03:43:32.278201,True,pre_failure,stress
1774390442,snapshot_pre_failure_1774390442.json,2026-03-25T03:44:02.347241,True,pre_failure,stress
1774390472,snapshot_pre_failure_1774390472.json,2026-03-25T03:44:32.409479,True,pre_failure,stress
1774390502,snapshot_pre_failure_1774390502.json,2026-03-25T03:45:02.478501,True,pre_failure,stress
1774390532,snapshot_pre_failure_1774390532.json,2026-03-25T03:45:32.541883,True,pre_failure,stress
1774390562,snapshot_pre_failure_1774390562.json,2026-03-25T03:46:02.621738,True,pre_failure,stress
1774390592,snapshot_pre_failure_1774390592.json,2026-03-25T03:46:32.693546,True,pre_failure,stress
1774390622,snapshot_pre_failure_1774390622.json,2026-03-25T03:47:02.758081,True,pre_failure,stress
1774390652,snapshot_pre_failure_1774390652.json,2026-03-25T03:47:32.818605,True,pre_failure,stress
1774390682,snapshot_pre_failure_1774390682.json,2026-03-25T03:48:02.902415,True,pre_failure,stress
1774390713,snapshot_pre_failure_1774390713.json,2026-03-25T03:48:32.968484,True,pre_failure,stress
1774390743,snapshot_pre_failure_1774390743.json,2026-03-25T03:49:03.030935,True,pre_failure,stress
1774390773,snapshot_pre_failure_1774390773.json,2026-03-25T03:49:33.100250,True,pre_failure,stress
1774390803,snapshot_pre_failure_1774390803.json,2026-03-25T03:50:03.173527,True,pre_failure,stress
1774390833,snapshot_pre_failure_1774390833.json,2026-03-25T03:50:33.243262,True,pre_failure,stress
1774390863,snapshot_pre_failure_1774390863.json,2026-03-25T03:51:03.307302,True,pre_failure,stress
1774390893,snapshot_pre_failure_1774390893.json,2026-03-25T03:51:33.397357,True,pre_failure,stress
1774390923,snapshot_pre_failure_1774390923.json,2026-03-25T03:52:03.480941,True,pre_failure,stress
1774390953,snapshot_pre_failure_1774390953.json,2026-03-25T03:52:33.564041,True,pre_failure,stress
1774390983,snapshot_pre_failure_1774390983.json,2026-03-25T03:53:03.624554,True,pre_failure,stress
1774391013,snapshot_pre_failure_1774391013.json,2026-03-25T03:53:33.682124,True,pre_failure,stress
1774391043,snapshot_pre_failure_1774391043.json,2026-03-25T03:54:03.746576,True,pre_failure,stress
1774391073,snapshot_pre_failure_1774391073.json,2026-03-25T03:54:33.811515,True,pre_failure,stress
1774391103,snapshot_pre_failure_1774391103.json,2026-03-25T03:55:03.886498,True,pre_failure,stress
1774391134,snapshot_pre_failure_1774391134.json,2026-03-25T03:55:33.949189,True,pre_failure,stress
1774391164,snapshot_pre_failure_1774391164.json,2026-03-25T03:56:04.006558,True,pre_failure,stress
1774391194,snapshot_pre_failure_1774391194.json,2026-03-25T03:56:34.059001,True,pre_failure,stress
1774391224,snapshot_pre_failure_1774391224.json,2026-03-25T03:57:04.119378,True,pre_failure,stress
1774391254,snapshot_pre_failure_1774391254.json,2026-03-25T03:57:34.184645,True,pre_failure,stress
1774391284,snapshot_pre_failure_1774391284.json,2026-03-25T03:58:04.250591,True,pre_failure,stress
1774391314,snapshot_pre_failure_1774391314.json,2026-03-25T03:58:34.317546,True,pre_failure,stress
1774391344,snapshot_pre_failure_1774391344.json,2026-03-25T03:59:04.384541,True,pre_failure,stress
1774391374,snapshot_pre_failure_1774391374.json,2026-03-25T03:59:34.456164,True,pre_failure,stress
1774391404,snapshot_pre_failure_1774391404.json,2026-03-25T04:00:04.503659,True,pre_failure,stress
1774391434,snapshot_pre_failure_1774391434.json,2026-03-25T04:00:34.562290,True,pre_failure,stress
1774391464,snapshot_pre_failure_1774391464.json,2026-03-25T04:01:04.621478,True,pre_failure,stress
1774391494,snapshot_pre_failure_1774391494.json,2026-03-25T04:01:34.678830,True,pre_failure,stress
1774391524,snapshot_pre_failure_1774391524.json,2026-03-25T04:02:04.738925,True,pre_failure,stress
1774391554,snapshot_pre_failure_1774391554.json,2026-03-25T04:02:34.810014,True,pre_failure,stress
1774391584,snapshot_pre_failure_1774391584.json,2026-03-25T04:03:04.882833,True,pre_failure,stress
1774391615,snapshot_pre_failure_1774391615.json,2026-03-25T04:03:34.973264,True,pre_failure,stress
1774391645,snapshot_pre_failure_1774391645.json,2026-03-25T04:04:05.044923,True,pre_failure,stress
1774391675,snapshot_pre_failure_1774391675.json,2026-03-25T04:04:35.103409,True,pre_failure,stress
1774391705,snapshot_pre_failure_1774391705.json,2026-03-25T04:05:05.161954,True,pre_failure,stress
1774391735,snapshot_pre_failure_1774391735.json,2026-03-25T04:05:35.231672,True,pre_failure,stress
1774391765,snapshot_pre_failure_1774391765.json,2026-03-25T04:06:05.301465,True,pre_failure,stress
1774391795,snapshot_pre_failure_1774391795.json,2026-03-25T04:06:35.370452,True,pre_failure,stress
1774391825,snapshot_pre_failure_1774391825.json,2026-03-25T04:07:05.440174,True,pre_failure,stress
1774391855,snapshot_pre_failure_1774391855.json,2026-03-25T04:07:35.505380,True,pre_failure,stress
1774391885,snapshot_pre_failure_1774391885.json,2026-03-25T04:08:05.567919,True,pre_failure,stress
1774391915,snapshot_pre_failure_1774391915.json,2026-03-25T04:08:35.630499,True,pre_failure,stress
1774391945,snapshot_pre_failure_1774391945.json,2026-03-25T04:09:05.699632,True,pre_failure,stress
1774391975,snapshot_pre_failure_1774391975.json,2026-03-25T04:09:35.764987,True,pre_failure,stress
1774392005,snapshot_pre_failure_1774392005.json,2026-03-25T04:10:05.833920,True,pre_failure,stress
1774392035,snapshot_pre_failure_1774392035.json,2026-03-25T04:10:35.905045,True,pre_failure,stress
1774392066,snapshot_pre_failure_1774392066.json,2026-03-25T04:11:05.967291,True,pre_failure,stress
1774392096,snapshot_pre_failure_1774392096.json,2026-03-25T04:11:36.039649,True,pre_failure,stress
1774392126,snapshot_pre_failure_1774392126.json,2026-03-25T04:12:06.113715,True,pre_failure,stress
1774392156,snapshot_pre_failure_1774392156.json,2026-03-25T04:12:36.188741,True,pre_failure,stress
1774392186,snapshot_pre_failure_1774392186.json,2026-03-25T04:13:06.265442,True,pre_failure,stress
1774392216,snapshot_pre_failure_1774392216.json,2026-03-25T04:13:36.321188,True,pre_failure,stress
1774392246,snapshot_pre_failure_1774392246.json,2026-03-25T04:14:06.384430,True,pre_failure,stress
1774392276,snapshot_pre_failure_1774392276.json,2026-03-25T04:14:36.456281,True,pre_failure,stress
1774392306,snapshot_pre_failure_1774392306.json,2026-03-25T04:15:06.521901,True,pre_failure,stress
1774392336,snapshot_pre_failure_1774392336.json,2026-03-25T04:15:36.578338,True,pre_failure,stress
1774392366,snapshot_pre_failure_1774392366.json,2026-03-25T04:16:06.638006,True,pre_failure,stress
1774392396,snapshot_pre_failure_1774392396.json,2026-03-25T04:16:36.698073,True,pre_failure,stress
1774392426,snapshot_pre_failure_1774392426.json,2026-03-25T04:17:06.751237,True,pre_failure,stress
1774392456,snapshot_pre_failure_1774392456.json,2026-03-25T04:17:36.799482,True,pre_failure,stress
1774392486,snapshot_pre_failure_1774392486.json,2026-03-25T04:18:06.863406,True,pre_failure,stress
1774392517,snapshot_pre_failure_1774392517.json,2026-03-25T04:18:36.972201,True,pre_failure,stress
1774392547,snapshot_pre_failure_1774392547.json,2026-03-25T04:19:07.023249,True,pre_failure,stress
1774392577,snapshot_pre_failure_1774392577.json,2026-03-25T04:19:37.085551,True,pre_failure,stress
1774392607,snapshot_pre_failure_1774392607.json,2026-03-25T04:20:07.136113,True,pre_failure,stress
1774392637,snapshot_pre_failure_1774392637.json,2026-03-25T04:20:37.192405,True,pre_failure,stress
1774392667,snapshot_pre_failure_1774392667.json,2026-03-25T04:21:07.247746,True,pre_failure,stress
1774392697,snapshot_pre_failure_1774392697.json,2026-03-25T04:21:37.295758,True,pre_failure,stress
1774392727,snapshot_pre_failure_1774392727.json,2026-03-25T04:22:07.344461,True,pre_failure,stress
1774392757,snapshot_pre_failure_1774392757.json,2026-03-25T04:22:37.408454,True,pre_failure,stress
1774392787,snapshot_pre_failure_1774392787.json,2026-03-25T04:23:07.462642,True,pre_failure,stress
1774392817,snapshot_pre_failure_1774392817.json,2026-03-25T04:23:37.515118,True,pre_failure,stress
1774392847,snapshot_pre_failure_1774392847.json,2026-03-25T04:24:07.568703,True,pre_failure,stress
1774392877,snapshot_pre_failure_1774392877.json,2026-03-25T04:24:37.627869,True,pre_failure,stress
1774392907,snapshot_pre_failure_1774392907.json,2026-03-25T04:25:07.685444,True,pre_failure,stress
1774392937,snapshot_pre_failure_1774392937.json,2026-03-25T04:25:37.735829,True,pre_failure,stress
1774392967,snapshot_pre_failure_1774392967.json,2026-03-25T04:26:07.785734,True,pre_failure,stress
1774392997,snapshot_pre_failure_1774392997.json,2026-03-25T04:26:37.837421,True,pre_failure,stress
1774393027,snapshot_pre_failure_1774393027.json,2026-03-25T04:27:07.890385,True,pre_failure,stress
1774393057,snapshot_pre_failure_1774393057.json,2026-03-25T04:27:37.946226,True,pre_failure,stress
1774393088,snapshot_pre_failure_1774393088.json,2026-03-25T04:28:08.002694,True,pre_failure,stress
1774393118,snapshot_pre_failure_1774393118.json,2026-03-25T04:28:38.072702,True,pre_failure,stress
1774393148,snapshot_pre_failure_1774393148.json,2026-03-25T04:29:08.140647,True,pre_failure,stress
1774393178,snapshot_pre_failure_1774393178.json,2026-03-25T04:29:38.209853,True,pre_failure,stress
1774393208,snapshot_pre_failure_1774393208.json,2026-03-25T04:30:08.280692,True,pre_failure,stress
1774393238,snapshot_pre_failure_1774393238.json,2026-03-25T04:30:38.356823,True,pre_failure,stress
1774393268,snapshot_pre_failure_1774393268.json,2026-03-25T04:31:08.428186,True,pre_failure,stress
1774393298,snapshot_pre_failure_1774393298.json,2026-03-25T04:31:38.481717,True,pre_failure,stress
1774393328,snapshot_pre_failure_1774393328.json,2026-03-25T04:32:08.536124,True,pre_failure,stress
1774393358,snapshot_pre_failure_1774393358.json,2026-03-25T04:32:38.599057,True,pre_failure,stress
1774393388,snapshot_pre_failure_1774393388.json,2026-03-25T04:33:08.663456,True,pre_failure,stress
1774393418,snapshot_pre_failure_1774393418.json,2026-03-25T04:33:38.714670,True,pre_failure,stress
1774393448,snapshot_pre_failure_1774393448.json,2026-03-25T04:34:08.768338,True,pre_failure,stress
1774393478,snapshot_pre_failure_1774393478.json,2026-03-25T04:34:38.828627,True,pre_failure,stress
1774393508,snapshot_pre_failure_1774393508.json,2026-03-25T04:35:08.878163,True,pre_failure,stress
1774393538,snapshot_pre_failure_1774393538.json,2026-03-25T04:35:38.935969,True,pre_failure,stress
1774393569,snapshot_pre_failure_1774393569.json,2026-03-25T04:36:08.994376,True,pre_failure,stress
1774393599,snapshot_pre_failure_1774393599.json,2026-03-25T04:36:39.063432,True,pre_failure,stress
1774393629,snapshot_pre_failure_1774393629.json,2026-03-25T04:37:09.134067,True,pre_failure,stress
1774393659,snapshot_pre_failure_1774393659.json,2026-03-25T04:37:39.225584,True,pre_failure,stress
1774393689,snapshot_pre_failure_1774393689.json,2026-03-25T04:38:09.290571,True,pre_failure,stress
1774393719,snapshot_pre_failure_1774393719.json,2026-03-25T04:38:39.348109,True,pre_failure,stress
1774393749,snapshot_pre_failure_1774393749.json,2026-03-25T04:39:09.409216,True,pre_failure,stress
1774393779,snapshot_pre_failure_1774393779.json,2026-03-25T04:39:39.464683,True,pre_failure,stress
1774393809,snapshot_pre_failure_1774393809.json,2026-03-25T04:40:09.518432,True,pre_failure,stress
1774393839,snapshot_pre_failure_1774393839.json,2026-03-25T04:40:39.569668,True,pre_failure,stress
1774393869,snapshot_pre_failure_1774393869.json,2026-03-25T04:41:09.628300,True,pre_failure,stress
1774393899,snapshot_pre_failure_1774393899.json,2026-03-25T04:41:39.676139,True,pre_failure,stress
1774393929,snapshot_pre_failure_1774393929.json,2026-03-25T04:42:09.726835,True,pre_failure,stress
1774393959,snapshot_pre_failure_1774393959.json,2026-03-25T04:42:39.791581,True,pre_failure,stress
1774393989,snapshot_pre_failure_1774393989.json,2026-03-25T04:43:09.865980,True,pre_failure,stress
1774394019,snapshot_pre_failure_1774394019.json,2026-03-25T04:43:39.919797,True,pre_failure,stress
1774394050,snapshot_pre_failure_1774394050.json,2026-03-25T04:44:09.975221,True,pre_failure,stress
1774394080,snapshot_pre_failure_1774394080.json,2026-03-25T04:44:40.043137,True,pre_failure,stress
1774394110,snapshot_pre_failure_1774394110.json,2026-03-25T04:45:10.109204,True,pre_failure,stress
1774394140,snapshot_pre_failure_1774394140.json,2026-03-25T04:45:40.177638,True,pre_failure,stress
1774394170,snapshot_pre_failure_1774394170.json,2026-03-25T04:46:10.246705,True,pre_failure,stress
1774394200,snapshot_pre_failure_1774394200.json,2026-03-25T04:46:40.308698,True,pre_failure,stress
1774394230,snapshot_pre_failure_1774394230.json,2026-03-25T04:47:10.383788,True,pre_failure,stress
1774394260,snapshot_pre_failure_1774394260.json,2026-03-25T04:47:40.459009,True,pre_failure,stress
1774394290,snapshot_pre_failure_1774394290.json,2026-03-25T04:48:10.523312,True,pre_failure,stress
1774394320,snapshot_pre_failure_1774394320.json,2026-03-25T04:48:40.595449,True,pre_failure,stress
1774394350,snapshot_pre_failure_1774394350.json,2026-03-25T04:49:10.657240,True,pre_failure,stress
1774394380,snapshot_pre_failure_1774394380.json,2026-03-25T04:49:40.749757,True,pre_failure,stress
1774394410,snapshot_pre_failure_1774394410.json,2026-03-25T04:50:10.807822,True,pre_failure,stress
1774394440,snapshot_pre_failure_1774394440.json,2026-03-25T04:50:40.886688,True,pre_failure,stress
1774394471,snapshot_pre_failure_1774394471.json,2026-03-25T04:51:10.947118,True,pre_failure,stress
1774394501,snapshot_pre_failure_1774394501.json,2026-03-25T04:51:41.016346,True,pre_failure,stress
1774394531,snapshot_pre_failure_1774394531.json,2026-03-25T04:52:11.073874,True,pre_failure,stress
1774394561,snapshot_pre_failure_1774394561.json,2026-03-25T04:52:41.147945,True,pre_failure,stress
1774394591,snapshot_pre_failure_1774394591.json,2026-03-25T04:53:11.219134,True,pre_failure,stress
1774394621,snapshot_pre_failure_1774394621.json,2026-03-25T04:53:41.294762,True,pre_failure,stress
1774394651,snapshot_pre_failure_1774394651.json,2026-03-25T04:54:11.370063,True,pre_failure,stress
1774394681,snapshot_pre_failure_1774394681.json,2026-03-25T04:54:41.439177,True,pre_failure,stress
1774394711,snapshot_pre_failure_1774394711.json,2026-03-25T04:55:11.501575,True,pre_failure,stress
1774394741,snapshot_pre_failure_1774394741.json,2026-03-25T04:55:41.560075,True,pre_failure,stress
1774394771,snapshot_pre_failure_1774394771.json,2026-03-25T04:56:11.621672,True,pre_failure,stress
1774394801,snapshot_pre_failure_1774394801.json,2026-03-25T04:56:41.688947,True,pre_failure,stress
1774394832,snapshot_pre_failure_1774394832.json,2026-03-25T04:57:11.756695,True,pre_failure,stress
1774394862,snapshot_pre_failure_1774394862.json,2026-03-25T04:57:42.045464,True,pre_failure,stress
1774394892,snapshot_pre_failure_1774394892.json,2026-03-25T04:58:12.117555,True,pre_failure,stress
1774394922,snapshot_pre_failure_1774394922.json,2026-03-25T04:58:42.178181,True,pre_failure,stress
1774394952,snapshot_pre_failure_1774394952.json,2026-03-25T04:59:12.373697,True,pre_failure,stress
1774394982,snapshot_pre_failure_1774394982.json,2026-03-25T04:59:42.438260,True,pre_failure,stress
1774395012,snapshot_pre_failure_1774395012.json,2026-03-25T05:00:12.514305,True,pre_failure,stress
1774395042,snapshot_pre_failure_1774395042.json,2026-03-25T05:00:42.593240,True,pre_failure,stress
1774395072,snapshot_pre_failure_1774395072.json,2026-03-25T05:01:12.664378,True,pre_failure,stress
1774395102,snapshot_pre_failure_1774395102.json,2026-03-25T05:01:42.720423,True,pre_failure,stress
1774395132,snapshot_pre_failure_1774395132.json,2026-03-25T05:02:12.785434,True,pre_failure,stress
1774395162,snapshot_pre_failure_1774395162.json,2026-03-25T05:02:42.845592,True,pre_failure,stress
1774395192,snapshot_pre_failure_1774395192.json,2026-03-25T05:03:12.912406,True,pre_failure,stress
1774395223,snapshot_pre_failure_1774395223.json,2026-03-25T05:03:42.969267,True,pre_failure,stress
1774395253,snapshot_pre_failure_1774395253.json,2026-03-25T05:04:13.030304,True,pre_failure,stress
1774395283,snapshot_pre_failure_1774395283.json,2026-03-25T05:04:43.083011,True,pre_failure,stress
1774395313,snapshot_pre_failure_1774395313.json,2026-03-25T05:05:13.148310,True,pre_failure,stress
1774395343,snapshot_pre_failure_1774395343.json,2026-03-25T05:05:43.218866,True,pre_failure,stress
1774395373,snapshot_pre_failure_1774395373.json,2026-03-25T05:06:13.295092,True,pre_failure,stress
1774395403,snapshot_pre_failure_1774395403.json,2026-03-25T05:06:43.364818,True,pre_failure,stress
1774395433,snapshot_pre_failure_1774395433.json,2026-03-25T05:07:13.432304,True,pre_failure,stress
1774395463,snapshot_pre_failure_1774395463.json,2026-03-25T05:07:43.501543,True,pre_failure,stress
1774395493,snapshot_pre_failure_1774395493.json,2026-03-25T05:08:13.557265,True,pre_failure,stress
1774395523,snapshot_pre_failure_1774395523.json,2026-03-25T05:08:43.643015,True,pre_failure,stress
1774395553,snapshot_pre_failure_1774395553.json,2026-03-25T05:09:13.712097,True,pre_failure,stress
1774395583,snapshot_pre_failure_1774395583.json,2026-03-25T05:09:43.800928,True,pre_failure,stress
1774395613,snapshot_pre_failure_1774395613.json,2026-03-25T05:10:13.864980,True,pre_failure,stress
1774395644,snapshot_pre_failure_1774395644.json,2026-03-25T05:10:43.950731,True,pre_failure,stress
1774395674,snapshot_pre_failure_1774395674.json,2026-03-25T05:11:14.017434,True,pre_failure,stress
1774395704,snapshot_pre_failure_1774395704.json,2026-03-25T05:11:44.089241,True,pre_failure,stress
1774395734,snapshot_pre_failure_1774395734.json,2026-03-25T05:12:14.157050,True,pre_failure,stress
1774395764,snapshot_pre_failure_1774395764.json,2026-03-25T05:12:44.235111,True,pre_failure,stress
1774395794,snapshot_pre_failure_1774395794.json,2026-03-25T05:13:14.309578,True,pre_failure,stress
1774395824,snapshot_pre_failure_1774395824.json,2026-03-25T05:13:44.381569,True,pre_failure,stress
1774395854,snapshot_pre_failure_1774395854.json,2026-03-25T05:14:14.451414,True,pre_failure,stress
1774395884,snapshot_pre_failure_1774395884.json,2026-03-25T05:14:44.509903,True,pre_failure,stress
1774395914,snapshot_pre_failure_1774395914.json,2026-03-25T05:15:14.567235,True,pre_failure,stress
1774395944,snapshot_pre_failure_1774395944.json,2026-03-25T05:15:44.634124,True,pre_failure,stress
1774395974,snapshot_pre_failure_1774395974.json,2026-03-25T05:16:14.711727,True,pre_failure,stress
1774396004,snapshot_pre_failure_1774396004.json,2026-03-25T05:16:44.775509,True,pre_failure,stress
1774396034,snapshot_pre_failure_1774396034.json,2026-03-25T05:17:14.832997,True,pre_failure,stress
1774396064,snapshot_pre_failure_1774396064.json,2026-03-25T05:17:44.880108,True,pre_failure,stress
1774396094,snapshot_pre_failure_1774396094.json,2026-03-25T05:18:14.929856,True,pre_failure,stress
1774396125,snapshot_pre_failure_1774396125.json,2026-03-25T05:18:44.981765,True,pre_failure,stress
1774396155,snapshot_pre_failure_1774396155.json,2026-03-25T05:19:15.032488,True,pre_failure,stress
1774396185,snapshot_pre_failure_1774396185.json,2026-03-25T05:19:45.084315,True,pre_failure,stress
1774396215,snapshot_pre_failure_1774396215.json,2026-03-25T05:20:15.132867,True,pre_failure,stress
1774396245,snapshot_pre_failure_1774396245.json,2026-03-25T05:20:45.180669,True,pre_failure,stress
1774396275,snapshot_pre_failure_1774396275.json,2026-03-25T05:21:15.234709,True,pre_failure,stress
1774396305,snapshot_pre_failure_1774396305.json,2026-03-25T05:21:45.289553,True,pre_failure,stress
1774396335,snapshot_pre_failure_1774396335.json,2026-03-25T05:22:15.342345,True,pre_failure,stress
1774396365,snapshot_pre_failure_1774396365.json,2026-03-25T05:22:45.407307,True,pre_failure,stress
1774396395,snapshot_pre_failure_1774396395.json,2026-03-25T05:23:15.489349,True,pre_failure,stress
1774396425,snapshot_pre_failure_1774396425.json,2026-03-25T05:23:45.582308,True,pre_failure,stress
1774396455,snapshot_pre_failure_1774396455.json,2026-03-25T05:24:15.631935,True,pre_failure,stress
1774396485,snapshot_pre_failure_1774396485.json,2026-03-25T05:24:45.694446,True,pre_failure,stress
1774396515,snapshot_pre_failure_1774396515.json,2026-03-25T05:25:15.761124,True,pre_failure,stress
1774396545,snapshot_pre_failure_1774396545.json,2026-03-25T05:25:45.832369,True,pre_failure,stress
1774396575,snapshot_pre_failure_1774396575.json,2026-03-25T05:26:15.897849,True,pre_failure,stress
1774396606,snapshot_pre_failure_1774396606.json,2026-03-25T05:26:45.960508,True,pre_failure,stress
1774396636,snapshot_pre_failure_1774396636.json,2026-03-25T05:27:16.027936,True,pre_failure,stress
1774396666,snapshot_pre_failure_1774396666.json,2026-03-25T05:27:46.103087,True,pre_failure,stress
1774396696,snapshot_pre_failure_1774396696.json,2026-03-25T05:28:16.172623,True,pre_failure,stress
1774396726,snapshot_pre_failure_1774396726.json,2026-03-25T05:28:46.233010,True,pre_failure,stress
1774396756,snapshot_pre_failure_1774396756.json,2026-03-25T05:29:16.294070,True,pre_failure,stress
1774396786,snapshot_pre_failure_1774396786.json,2026-03-25T05:29:46.352436,True,pre_failure,stress
1774396816,snapshot_pre_failure_1774396816.json,2026-03-25T05:30:16.404438,True,pre_failure,stress
1774396846,snapshot_pre_failure_1774396846.json,2026-03-25T05:30:46.462596,True,pre_failure,stress
1774396876,snapshot_pre_failure_1774396876.json,2026-03-25T05:31:16.531623,True,pre_failure,stress
1774396906,snapshot_pre_failure_1774396906.json,2026-03-25T05:31:46.605373,True,pre_failure,stress
1774396936,snapshot_pre_failure_1774396936.json,2026-03-25T05:32:16.670640,True,pre_failure,stress
1774396966,snapshot_pre_failure_1774396966.json,2026-03-25T05:32:46.738456,True,pre_failure,stress
1774396996,snapshot_pre_failure_1774396996.json,2026-03-25T05:33:16.799953,True,pre_failure,stress
1774397026,snapshot_pre_failure_1774397026.json,2026-03-25T05:33:46.866497,True,pre_failure,stress
1774397056,snapshot_pre_failure_1774397056.json,2026-03-25T05:34:16.931355,True,pre_failure,stress
1774397087,snapshot_pre_failure_1774397087.json,2026-03-25T05:34:46.996288,True,pre_failure,stress
1774397117,snapshot_pre_failure_1774397117.json,2026-03-25T05:35:17.051092,True,pre_failure,stress
1774397147,snapshot_pre_failure_1774397147.json,2026-03-25T05:35:47.123870,True,pre_failure,stress
1774397177,snapshot_pre_failure_1774397177.json,2026-03-25T05:36:17.193928,True,pre_failure,stress
1774397207,snapshot_pre_failure_1774397207.json,2026-03-25T05:36:47.265132,True,pre_failure,stress
1774397237,snapshot_pre_failure_1774397237.json,2026-03-25T05:37:17.327444,True,pre_failure,stress
1774397267,snapshot_pre_failure_1774397267.json,2026-03-25T05:37:47.384245,True,pre_failure,stress
1774397297,snapshot_pre_failure_1774397297.json,2026-03-25T05:38:17.451249,True,pre_failure,stress
1774397327,snapshot_pre_failure_1774397327.json,2026-03-25T05:38:47.504724,True,pre_failure,stress
1774397357,snapshot_pre_failure_1774397357.json,2026-03-25T05:39:17.573301,True,pre_failure,stress
1774397387,snapshot_pre_failure_1774397387.json,2026-03-25T05:39:47.642518,True,pre_failure,stress
1774397417,snapshot_pre_failure_1774397417.json,2026-03-25T05:40:17.706387,True,pre_failure,stress
1774397447,snapshot_pre_failure_1774397447.json,2026-03-25T05:40:47.776876,True,pre_failure,stress
1774397477,snapshot_pre_failure_1774397477.json,2026-03-25T05:41:17.847871,True,pre_failure,stress
1774397507,snapshot_pre_failure_1774397507.json,2026-03-25T05:41:47.928772,True,pre_failure,stress
1774397538,snapshot_pre_failure_1774397538.json,2026-03-25T05:42:17.983583,True,pre_failure,stress
1774397568,snapshot_pre_failure_1774397568.json,2026-03-25T05:42:48.049307,True,pre_failure,stress
1774397598,snapshot_pre_failure_1774397598.json,2026-03-25T05:43:18.114628,True,pre_failure,stress
1774397628,snapshot_pre_failure_1774397628.json,2026-03-25T05:43:48.185975,True,pre_failure,stress
1774397658,snapshot_pre_failure_1774397658.json,2026-03-25T05:44:18.252517,True,pre_failure,stress
1774397688,snapshot_pre_failure_1774397688.json,2026-03-25T05:44:48.317437,True,pre_failure,stress
1774397718,snapshot_pre_failure_1774397718.json,2026-03-25T05:45:18.397869,True,pre_failure,stress
1774397748,snapshot_pre_failure_1774397748.json,2026-03-25T05:45:48.458967,True,pre_failure,stress
1774397778,snapshot_pre_failure_1774397778.json,2026-03-25T05:46:18.524842,True,pre_failure,stress
1774397808,snapshot_pre_failure_1774397808.json,2026-03-25T05:46:48.580195,True,pre_failure,stress
1774397838,snapshot_pre_failure_1774397838.json,2026-03-25T05:47:18.639185,True,pre_failure,stress
1774397868,snapshot_pre_failure_1774397868.json,2026-03-25T05:47:48.707877,True,pre_failure,stress
1774397898,snapshot_pre_failure_1774397898.json,2026-03-25T05:48:18.765486,True,pre_failure,stress
1774397928,snapshot_pre_failure_1774397928.json,2026-03-25T05:48:48.825634,True,pre_failure,stress
1774397958,snapshot_pre_failure_1774397958.json,2026-03-25T05:49:18.872062,True,pre_failure,stress
1774397988,snapshot_pre_failure_1774397988.json,2026-03-25T05:49:48.923939,True,pre_failure,stress
1774398019,snapshot_pre_failure_1774398019.json,2026-03-25T05:50:18.972876,True,pre_failure,stress
1774398049,snapshot_pre_failure_1774398049.json,2026-03-25T05:50:49.025471,True,pre_failure,stress
1774398079,snapshot_pre_failure_1774398079.json,2026-03-25T05:51:19.078662,True,pre_failure,stress
1774398109,snapshot_pre_failure_1774398109.json,2026-03-25T05:51:49.123179,True,pre_failure,stress
1774398139,snapshot_pre_failure_1774398139.json,2026-03-25T05:52:19.173655,True,pre_failure,stress
1774398169,snapshot_pre_failure_1774398169.json,2026-03-25T05:52:49.229242,True,pre_failure,stress
1774398199,snapshot_pre_failure_1774398199.json,2026-03-25T05:53:19.280839,True,pre_failure,stress
1774398229,snapshot_pre_failure_1774398229.json,2026-03-25T05:53:49.329893,True,pre_failure,stress
1774398259,snapshot_pre_failure_1774398259.json,2026-03-25T05:54:19.387624,True,pre_failure,stress
1774398289,snapshot_pre_failure_1774398289.json,2026-03-25T05:54:49.476190,True,pre_failure,stress
1774398319,snapshot_pre_failure_1774398319.json,2026-03-25T05:55:19.528260,True,pre_failure,stress
1774398349,snapshot_pre_failure_1774398349.json,2026-03-25T05:55:49.597414,True,pre_failure,stress
1774398379,snapshot_pre_failure_1774398379.json,2026-03-25T05:56:19.663170,True,pre_failure,stress
1774398409,snapshot_pre_failure_1774398409.json,2026-03-25T05:56:49.729520,True,pre_failure,stress
1774398439,snapshot_pre_failure_1774398439.json,2026-03-25T05:57:19.800103,True,pre_failure,stress
1774398469,snapshot_pre_failure_1774398469.json,2026-03-25T05:57:49.869012,True,pre_failure,stress
1774398499,snapshot_pre_failure_1774398499.json,2026-03-25T05:58:19.942644,True,pre_failure,stress
1774398530,snapshot_pre_failure_1774398530.json,2026-03-25T05:58:50.004277,True,pre_failure,stress
1774398560,snapshot_pre_failure_1774398560.json,2026-03-25T05:59:20.067518,True,pre_failure,stress
1774398590,snapshot_pre_failure_1774398590.json,2026-03-25T05:59:50.135686,True,pre_failure,stress
1774398620,snapshot_pre_failure_1774398620.json,2026-03-25T06:00:20.204541,True,pre_failure,stress
1774398650,snapshot_pre_failure_1774398650.json,2026-03-25T06:00:50.284674,True,pre_failure,stress
1774398680,snapshot_pre_failure_1774398680.json,2026-03-25T06:01:20.349260,True,pre_failure,stress
1774398710,snapshot_pre_failure_1774398710.json,2026-03-25T06:01:50.418654,True,pre_failure,stress
1774398740,snapshot_pre_failure_1774398740.json,2026-03-25T06:02:20.485837,True,pre_failure,stress
1774398770,snapshot_pre_failure_1774398770.json,2026-03-25T06:02:50.549956,True,pre_failure,stress
1774398800,snapshot_pre_failure_1774398800.json,2026-03-25T06:03:20.620919,True,pre_failure,stress
1774398830,snapshot_pre_failure_1774398830.json,2026-03-25T06:03:50.684938,True,pre_failure,stress
1774398860,snapshot_pre_failure_1774398860.json,2026-03-25T06:04:20.754671,True,pre_failure,stress
1774398890,snapshot_pre_failure_1774398890.json,2026-03-25T06:04:50.822373,True,pre_failure,stress
1774398920,snapshot_pre_failure_1774398920.json,2026-03-25T06:05:20.895280,True,pre_failure,stress
1774398951,snapshot_pre_failure_1774398951.json,2026-03-25T06:05:50.963274,True,pre_failure,stress
1774398981,snapshot_pre_failure_1774398981.json,2026-03-25T06:06:21.021127,True,pre_failure,stress
1774399011,snapshot_pre_failure_1774399011.json,2026-03-25T06:06:51.072984,True,pre_failure,stress
1774399041,snapshot_pre_failure_1774399041.json,2026-03-25T06:07:21.128926,True,pre_failure,stress
1774399071,snapshot_pre_failure_1774399071.json,2026-03-25T06:07:51.179242,True,pre_failure,stress
1774399101,snapshot_pre_failure_1774399101.json,2026-03-25T06:08:21.231242,True,pre_failure,stress
1774399131,snapshot_pre_failure_1774399131.json,2026-03-25T06:08:51.289270,True,pre_failure,stress
1774399161,snapshot_pre_failure_1774399161.json,2026-03-25T06:09:21.335015,True,pre_failure,stress
1774399191,snapshot_pre_failure_1774399191.json,2026-03-25T06:09:51.405721,True,pre_failure,stress
1774399221,snapshot_pre_failure_1774399221.json,2026-03-25T06:10:21.463362,True,pre_failure,stress
1774399251,snapshot_pre_failure_1774399251.json,2026-03-25T06:10:51.514531,True,pre_failure,stress
1774399281,snapshot_pre_failure_1774399281.json,2026-03-25T06:11:21.573431,True,pre_failure,stress
1774399311,snapshot_pre_failure_1774399311.json,2026-03-25T06:11:51.639949,True,pre_failure,stress
1774399341,snapshot_pre_failure_1774399341.json,2026-03-25T06:12:21.710624,True,pre_failure,stress
1774399371,snapshot_pre_failure_1774399371.json,2026-03-25T06:12:51.789600,True,pre_failure,stress
1774399401,snapshot_pre_failure_1774399401.json,2026-03-25T06:13:21.860379,True,pre_failure,stress
1774399431,snapshot_pre_failure_1774399431.json,2026-03-25T06:13:51.922255,True,pre_failure,stress
1774399462,snapshot_pre_failure_1774399462.json,2026-03-25T06:14:21.985081,True,pre_failure,stress
1774399492,snapshot_pre_failure_1774399492.json,2026-03-25T06:14:52.045782,True,pre_failure,stress
1774399522,snapshot_pre_failure_1774399522.json,2026-03-25T06:15:22.112620,True,pre_failure,stress
1774399552,snapshot_pre_failure_1774399552.json,2026-03-25T06:15:52.175592,True,pre_failure,stress
1774399582,snapshot_pre_failure_1774399582.json,2026-03-25T06:16:22.228136,True,pre_failure,stress
1774399612,snapshot_pre_failure_1774399612.json,2026-03-25T06:16:52.279632,True,pre_failure,stress
1774399642,snapshot_pre_failure_1774399642.json,2026-03-25T06:17:22.341940,True,pre_failure,stress
1774399672,snapshot_pre_failure_1774399672.json,2026-03-25T06:17:52.404122,True,pre_failure,stress
1774399702,snapshot_pre_failure_1774399702.json,2026-03-25T06:18:22.465451,True,pre_failure,stress
1774399732,snapshot_pre_failure_1774399732.json,2026-03-25T06:18:52.524049,True,pre_failure,stress
1774399762,snapshot_pre_failure_1774399762.json,2026-03-25T06:19:22.579836,True,pre_failure,stress
1774399792,snapshot_pre_failure_1774399792.json,2026-03-25T06:19:52.629696,True,pre_failure,stress
1774399822,snapshot_pre_failure_1774399822.json,2026-03-25T06:20:22.679366,True,pre_failure,stress
1774399852,snapshot_pre_failure_1774399852.json,2026-03-25T06:20:52.738482,True,pre_failure,stress
1774399884,snapshot_pre_failure_1774399884.json,2026-03-25T06:21:22.796110,True,pre_failure,stress
1774399914,snapshot_pre_failure_1774399914.json,2026-03-25T06:21:54.875339,True,pre_failure,stress
1774399944,snapshot_pre_failure_1774399944.json,2026-03-25T06:22:24.927557,True,pre_failure,stress
1774399975,snapshot_pre_failure_1774399975.json,2026-03-25T06:22:54.974695,True,pre_failure,stress
1774400005,snapshot_pre_failure_1774400005.json,2026-03-25T06:23:25.027401,True,pre_failure,stress
1774400035,snapshot_pre_failure_1774400035.json,2026-03-25T06:23:55.085375,True,pre_failure,stress
1774400065,snapshot_pre_failure_1774400065.json,2026-03-25T06:24:25.140733,True,pre_failure,stress
1774400095,snapshot_pre_failure_1774400095.json,2026-03-25T06:24:55.226492,True,pre_failure,stress
1774400125,snapshot_pre_failure_1774400125.json,2026-03-25T06:25:25.280437,True,pre_failure,stress
1774400155,snapshot_pre_failure_1774400155.json,2026-03-25T06:25:55.335159,True,pre_failure,stress
1774400185,snapshot_pre_failure_1774400185.json,2026-03-25T06:26:25.393165,True,pre_failure,stress
1774400215,snapshot_pre_failure_1774400215.json,2026-03-25T06:26:55.453924,True,pre_failure,stress
1774400245,snapshot_pre_failure_1774400245.json,2026-03-25T06:27:25.507175,True,pre_failure,stress
1774400275,snapshot_pre_failure_1774400275.json,2026-03-25T06:27:55.562599,True,pre_failure,stress
1774400305,snapshot_pre_failure_1774400305.json,2026-03-25T06:28:25.624317,True,pre_failure,stress
1774400335,snapshot_pre_failure_1774400335.json,2026-03-25T06:28:55.689294,True,pre_failure,stress
1774400365,snapshot_pre_failure_1774400365.json,2026-03-25T06:29:25.763621,True,pre_failure,stress
1774400395,snapshot_pre_failure_1774400395.json,2026-03-25T06:29:55.816558,True,pre_failure,stress
1774400425,snapshot_pre_failure_1774400425.json,2026-03-25T06:30:25.876435,True,pre_failure,stress
1774400456,snapshot_pre_failure_1774400456.json,2026-03-25T06:30:55.938075,True,pre_failure,stress
1774400486,snapshot_pre_failure_1774400486.json,2026-03-25T06:31:26.013530,True,pre_failure,stress
1774400516,snapshot_pre_failure_1774400516.json,2026-03-25T06:31:56.066301,True,pre_failure,stress
1774400546,snapshot_pre_failure_1774400546.json,2026-03-25T06:32:26.116525,True,pre_failure,stress
1774400576,snapshot_pre_failure_1774400576.json,2026-03-25T06:32:56.173511,True,pre_failure,stress
1774400606,snapshot_pre_failure_1774400606.json,2026-03-25T06:33:26.233115,True,pre_failure,stress
1774400636,snapshot_pre_failure_1774400636.json,2026-03-25T06:33:56.292114,True,pre_failure,stress
1774400666,snapshot_pre_failure_1774400666.json,2026-03-25T06:34:26.356232,True,pre_failure,stress
1774400696,snapshot_pre_failure_1774400696.json,2026-03-25T06:34:56.411867,True,pre_failure,stress
1774400726,snapshot_pre_failure_1774400726.json,2026-03-25T06:35:26.471669,True,pre_failure,stress
1774400756,snapshot_pre_failure_1774400756.json,2026-03-25T06:35:56.539539,True,pre_failure,stress
1774400786,snapshot_pre_failure_1774400786.json,2026-03-25T06:36:26.597170,True,pre_failure,stress
1774400816,snapshot_pre_failure_1774400816.json,2026-03-25T06:36:56.660262,True,pre_failure,stress
1774400846,snapshot_pre_failure_1774400846.json,2026-03-25T06:37:26.725377,True,pre_failure,stress
1774400876,snapshot_pre_failure_1774400876.json,2026-03-25T06:37:56.823258,True,pre_failure,stress
1774400907,snapshot_pre_failure_1774400907.json,2026-03-25T06:38:26.953320,True,pre_failure,stress
1774400937,snapshot_pre_failure_1774400937.json,2026-03-25T06:38:57.069908,True,pre_failure,stress
1774400967,snapshot_pre_failure_1774400967.json,2026-03-25T06:39:27.126578,True,pre_failure,stress
1774400997,snapshot_pre_failure_1774400997.json,2026-03-25T06:39:57.190556,True,pre_failure,stress
1774401027,snapshot_pre_failure_1774401027.json,2026-03-25T06:40:27.260407,True,pre_failure,stress
1774401057,snapshot_pre_failure_1774401057.json,2026-03-25T06:40:57.341091,True,pre_failure,stress
1774401087,snapshot_pre_failure_1774401087.json,2026-03-25T06:41:27.410773,True,pre_failure,stress
1774401117,snapshot_pre_failure_1774401117.json,2026-03-25T06:41:57.492090,True,pre_failure,stress
1774401147,snapshot_pre_failure_1774401147.json,2026-03-25T06:42:27.566869,True,pre_failure,stress
1774401177,snapshot_pre_failure_1774401177.json,2026-03-25T06:42:57.633604,True,pre_failure,stress
1774401207,snapshot_pre_failure_1774401207.json,2026-03-25T06:43:27.706174,True,pre_failure,stress
1774401237,snapshot_pre_failure_1774401237.json,2026-03-25T06:43:57.776450,True,pre_failure,stress
1774401267,snapshot_pre_failure_1774401267.json,2026-03-25T06:44:27.844581,True,pre_failure,stress
1774401297,snapshot_pre_failure_1774401297.json,2026-03-25T06:44:57.913499,True,pre_failure,stress
1774401328,snapshot_pre_failure_1774401328.json,2026-03-25T06:45:27.978325,True,pre_failure,stress
1774401358,snapshot_pre_failure_1774401358.json,2026-03-25T06:45:58.052165,True,pre_failure,stress
1774401388,snapshot_pre_failure_1774401388.json,2026-03-25T06:46:28.122622,True,pre_failure,stress
1774401418,snapshot_pre_failure_1774401418.json,2026-03-25T06:46:58.195288,True,pre_failure,stress
1774401448,snapshot_pre_failure_1774401448.json,2026-03-25T06:47:28.277581,True,pre_failure,stress
1774401478,snapshot_pre_failure_1774401478.json,2026-03-25T06:47:58.349884,True,pre_failure,stress
1774401508,snapshot_pre_failure_1774401508.json,2026-03-25T06:48:28.417641,True,pre_failure,stress
1774401538,snapshot_pre_failure_1774401538.json,2026-03-25T06:48:58.483662,True,pre_failure,stress
1774401568,snapshot_pre_failure_1774401568.json,2026-03-25T06:49:28.545833,True,pre_failure,stress
1774401598,snapshot_pre_failure_1774401598.json,2026-03-25T06:49:58.610460,True,pre_failure,stress
1774401628,snapshot_pre_failure_1774401628.json,2026-03-25T06:50:28.680832,True,pre_failure,stress
1774401658,snapshot_pre_failure_1774401658.json,2026-03-25T06:50:58.746888,True,pre_failure,stress
1774401688,snapshot_pre_failure_1774401688.json,2026-03-25T06:51:28.812525,True,pre_failure,stress
1774401718,snapshot_pre_failure_1774401718.json,2026-03-25T06:51:58.871616,True,pre_failure,stress
1774401748,snapshot_pre_failure_1774401748.json,2026-03-25T06:52:28.934580,True,pre_failure,stress
1774401779,snapshot_pre_failure_1774401779.json,2026-03-25T06:52:58.994180,True,pre_failure,stress
1774401809,snapshot_pre_failure_1774401809.json,2026-03-25T06:53:29.066148,True,pre_failure,stress
1774401839,snapshot_pre_failure_1774401839.json,2026-03-25T06:53:59.133071,True,pre_failure,stress
1774401869,snapshot_pre_failure_1774401869.json,2026-03-25T06:54:29.196114,True,pre_failure,stress
1774401899,snapshot_pre_failure_1774401899.json,2026-03-25T06:54:59.267844,True,pre_failure,stress
1774401929,snapshot_pre_failure_1774401929.json,2026-03-25T06:55:29.338417,True,pre_failure,stress
1774401959,snapshot_pre_failure_1774401959.json,2026-03-25T06:55:59.425376,True,pre_failure,stress
1774401989,snapshot_pre_failure_1774401989.json,2026-03-25T06:56:29.485241,True,pre_failure,stress
1774402019,snapshot_pre_failure_1774402019.json,2026-03-25T06:56:59.553072,True,pre_failure,stress
1774402049,snapshot_pre_failure_1774402049.json,2026-03-25T06:57:29.626836,True,pre_failure,stress
1774402079,snapshot_pre_failure_1774402079.json,2026-03-25T06:57:59.692171,True,pre_failure,stress
1774402109,snapshot_pre_failure_1774402109.json,2026-03-25T06:58:29.757034,True,pre_failure,stress
1774402139,snapshot_pre_failure_1774402139.json,2026-03-25T06:58:59.820177,True,pre_failure,stress
1774402169,snapshot_pre_failure_1774402169.json,2026-03-25T06:59:29.889406,True,pre_failure,stress
1774402200,snapshot_pre_failure_1774402200.json,2026-03-25T06:59:59.962307,True,pre_failure,stress
1774402230,snapshot_pre_failure_1774402230.json,2026-03-25T07:00:30.026500,True,pre_failure,stress
1774402260,snapshot_pre_failure_1774402260.json,2026-03-25T07:01:00.105205,True,pre_failure,stress
1774402290,snapshot_pre_failure_1774402290.json,2026-03-25T07:01:30.178570,True,pre_failure,stress
1774402320,snapshot_pre_failure_1774402320.json,2026-03-25T07:02:00.251935,True,pre_failure,stress
1774402350,snapshot_pre_failure_1774402350.json,2026-03-25T07:02:30.328455,True,pre_failure,stress
1774402380,snapshot_pre_failure_1774402380.json,2026-03-25T07:03:00.396377,True,pre_failure,stress
1774402410,snapshot_pre_failure_1774402410.json,2026-03-25T07:03:30.463275,True,pre_failure,stress
1774402440,snapshot_pre_failure_1774402440.json,2026-03-25T07:04:00.530870,True,pre_failure,stress
1774402470,snapshot_pre_failure_1774402470.json,2026-03-25T07:04:30.592629,True,pre_failure,stress
1774402500,snapshot_pre_failure_1774402500.json,2026-03-25T07:05:00.655175,True,pre_failure,stress
1774402530,snapshot_pre_failure_1774402530.json,2026-03-25T07:05:30.725385,True,pre_failure,stress
1774402560,snapshot_pre_failure_1774402560.json,2026-03-25T07:06:00.788064,True,pre_failure,stress
1774402590,snapshot_pre_failure_1774402590.json,2026-03-25T07:06:30.858454,True,pre_failure,stress
1774402620,snapshot_pre_failure_1774402620.json,2026-03-25T07:07:00.926849,True,pre_failure,stress
1774402651,snapshot_pre_failure_1774402651.json,2026-03-25T07:07:30.992809,True,pre_failure,stress
1774402681,snapshot_pre_failure_1774402681.json,2026-03-25T07:08:01.070646,True,pre_failure,stress
1774402711,snapshot_pre_failure_1774402711.json,2026-03-25T07:08:31.143747,True,pre_failure,stress
1774402741,snapshot_pre_failure_1774402741.json,2026-03-25T07:09:01.217503,True,pre_failure,stress
1774402771,snapshot_pre_failure_1774402771.json,2026-03-25T07:09:31.283330,True,pre_failure,stress
1774402801,snapshot_pre_failure_1774402801.json,2026-03-25T07:10:01.332418,True,pre_failure,stress
1774402831,snapshot_pre_failure_1774402831.json,2026-03-25T07:10:31.394331,True,pre_failure,stress
1774402861,snapshot_pre_failure_1774402861.json,2026-03-25T07:11:01.457950,True,pre_failure,stress
1774402891,snapshot_pre_failure_1774402891.json,2026-03-25T07:11:31.528382,True,pre_failure,stress
1774402921,snapshot_pre_failure_1774402921.json,2026-03-25T07:12:01.586932,True,pre_failure,stress
1774402951,snapshot_pre_failure_1774402951.json,2026-03-25T07:12:31.642563,True,pre_failure,stress
1774402981,snapshot_pre_failure_1774402981.json,2026-03-25T07:13:01.699564,True,pre_failure,stress
1774403011,snapshot_pre_failure_1774403011.json,2026-03-25T07:13:31.756476,True,pre_failure,stress
1774403041,snapshot_pre_failure_1774403041.json,2026-03-25T07:14:01.820195,True,pre_failure,stress
1774403071,snapshot_pre_failure_1774403071.json,2026-03-25T07:14:31.886428,True,pre_failure,stress
1774403101,snapshot_pre_failure_1774403101.json,2026-03-25T07:15:01.949011,True,pre_failure,stress
1774403132,snapshot_pre_failure_1774403132.json,2026-03-25T07:15:32.007214,True,pre_failure,stress
1774403162,snapshot_pre_failure_1774403162.json,2026-03-25T07:16:02.065838,True,pre_failure,stress
1774403192,snapshot_pre_failure_1774403192.json,2026-03-25T07:16:32.123501,True,pre_failure,stress
1774403222,snapshot_pre_failure_1774403222.json,2026-03-25T07:17:02.189110,True,pre_failure,stress
1774403252,snapshot_pre_failure_1774403252.json,2026-03-25T07:17:32.271053,True,pre_failure,stress
1774403282,snapshot_pre_failure_1774403282.json,2026-03-25T07:18:02.323329,True,pre_failure,stress
1774403312,snapshot_pre_failure_1774403312.json,2026-03-25T07:18:32.389262,True,pre_failure,stress
1774403342,snapshot_pre_failure_1774403342.json,2026-03-25T07:19:02.450495,True,pre_failure,stress
1774403372,snapshot_pre_failure_1774403372.json,2026-03-25T07:19:32.511802,True,pre_failure,stress
1774403402,snapshot_pre_failure_1774403402.json,2026-03-25T07:20:02.565558,True,pre_failure,stress
1774403432,snapshot_pre_failure_1774403432.json,2026-03-25T07:20:32.616873,True,pre_failure,stress
1774403462,snapshot_pre_failure_1774403462.json,2026-03-25T07:21:02.680742,True,pre_failure,stress
1774403492,snapshot_pre_failure_1774403492.json,2026-03-25T07:21:32.735530,True,pre_failure,stress
1774403522,snapshot_pre_failure_1774403522.json,2026-03-25T07:22:02.805603,True,pre_failure,stress
1774403552,snapshot_pre_failure_1774403552.json,2026-03-25T07:22:32.877713,True,pre_failure,stress
1774403582,snapshot_pre_failure_1774403582.json,2026-03-25T07:23:02.946757,True,pre_failure,stress
1774403613,snapshot_pre_failure_1774403613.json,2026-03-25T07:23:33.009162,True,pre_failure,stress
1774403643,snapshot_pre_failure_1774403643.json,2026-03-25T07:24:03.072574,True,pre_failure,stress
1774403673,snapshot_pre_failure_1774403673.json,2026-03-25T07:24:33.136531,True,pre_failure,stress
1774403703,snapshot_pre_failure_1774403703.json,2026-03-25T07:25:03.209362,True,pre_failure,stress
1774403733,snapshot_pre_failure_1774403733.json,2026-03-25T07:25:33.279100,True,pre_failure,stress
1774403763,snapshot_pre_failure_1774403763.json,2026-03-25T07:26:03.341898,True,pre_failure,stress
1774403793,snapshot_pre_failure_1774403793.json,2026-03-25T07:26:33.394412,True,pre_failure,stress
1774403823,snapshot_pre_failure_1774403823.json,2026-03-25T07:27:03.486380,True,pre_failure,stress
1774403853,snapshot_pre_failure_1774403853.json,2026-03-25T07:27:33.545108,True,pre_failure,stress
1774403883,snapshot_pre_failure_1774403883.json,2026-03-25T07:28:03.596606,True,pre_failure,stress
1774403913,snapshot_pre_failure_1774403913.json,2026-03-25T07:28:33.655113,True,pre_failure,stress
1774403943,snapshot_pre_failure_1774403943.json,2026-03-25T07:29:03.713203,True,pre_failure,stress
1774403973,snapshot_pre_failure_1774403973.json,2026-03-25T07:29:33.774566,True,pre_failure,stress
1774404003,snapshot_pre_failure_1774404003.json,2026-03-25T07:30:03.832497,True,pre_failure,stress
1774404033,snapshot_pre_failure_1774404033.json,2026-03-25T07:30:33.889372,True,pre_failure,stress
1774404064,snapshot_pre_failure_1774404064.json,2026-03-25T07:31:03.959578,True,pre_failure,stress
1774404094,snapshot_pre_failure_1774404094.json,2026-03-25T07:31:34.012225,True,pre_failure,stress
1774404124,snapshot_pre_failure_1774404124.json,2026-03-25T07:32:04.065015,True,pre_failure,stress
1774404154,snapshot_pre_failure_1774404154.json,2026-03-25T07:32:34.126309,True,pre_failure,stress
1774404184,snapshot_pre_failure_1774404184.json,2026-03-25T07:33:04.183067,True,pre_failure,stress
1774404214,snapshot_pre_failure_1774404214.json,2026-03-25T07:33:34.245675,True,pre_failure,stress
1774404244,snapshot_pre_failure_1774404244.json,2026-03-25T07:34:04.307196,True,pre_failure,stress
1774404274,snapshot_pre_failure_1774404274.json,2026-03-25T07:34:34.356174,True,pre_failure,stress
1774404304,snapshot_pre_failure_1774404304.json,2026-03-25T07:35:04.415808,True,pre_failure,stress
1774404334,snapshot_pre_failure_1774404334.json,2026-03-25T07:35:34.468506,True,pre_failure,stress
1774404364,snapshot_pre_failure_1774404364.json,2026-03-25T07:36:04.521419,True,pre_failure,stress
1774404394,snapshot_pre_failure_1774404394.json,2026-03-25T07:36:34.568739,True,pre_failure,stress
1774404424,snapshot_pre_failure_1774404424.json,2026-03-25T07:37:04.631365,True,pre_failure,stress
1774404454,snapshot_pre_failure_1774404454.json,2026-03-25T07:37:34.683760,True,pre_failure,stress
1774404484,snapshot_pre_failure_1774404484.json,2026-03-25T07:38:04.756684,True,pre_failure,stress
1774404514,snapshot_pre_failure_1774404514.json,2026-03-25T07:38:34.859622,True,pre_failure,stress
1774404544,snapshot_pre_failure_1774404544.json,2026-03-25T07:39:04.919650,True,pre_failure,stress
1774404575,snapshot_pre_failure_1774404575.json,2026-03-25T07:39:34.979758,True,pre_failure,stress
1774404605,snapshot_pre_failure_1774404605.json,2026-03-25T07:40:05.043773,True,pre_failure,stress
1774404635,snapshot_pre_failure_1774404635.json,2026-03-25T07:40:35.104089,True,pre_failure,stress
1774404665,snapshot_pre_failure_1774404665.json,2026-03-25T07:41:05.175767,True,pre_failure,stress
1774404695,snapshot_pre_failure_1774404695.json,2026-03-25T07:41:35.246925,True,pre_failure,stress
1774404725,snapshot_pre_failure_1774404725.json,2026-03-25T07:42:05.334086,True,pre_failure,stress
1774404755,snapshot_pre_failure_1774404755.json,2026-03-25T07:42:35.406539,True,pre_failure,stress
1774404785,snapshot_pre_failure_1774404785.json,2026-03-25T07:43:05.472802,True,pre_failure,stress
1774404815,snapshot_pre_failure_1774404815.json,2026-03-25T07:43:35.523735,True,pre_failure,stress
1774404845,snapshot_pre_failure_1774404845.json,2026-03-25T07:44:05.586019,True,pre_failure,stress
1774404875,snapshot_pre_failure_1774404875.json,2026-03-25T07:44:35.647645,True,pre_failure,stress
1774404905,snapshot_pre_failure_1774404905.json,2026-03-25T07:45:05.723098,True,pre_failure,stress
1774404935,snapshot_pre_failure_1774404935.json,2026-03-25T07:45:35.792098,True,pre_failure,stress
1774404965,snapshot_pre_failure_1774404965.json,2026-03-25T07:46:05.858518,True,pre_failure,stress
1774404995,snapshot_pre_failure_1774404995.json,2026-03-25T07:46:35.925584,True,pre_failure,stress
1774405026,snapshot_pre_failure_1774405026.json,2026-03-25T07:47:05.991684,True,pre_failure,stress
1774405056,snapshot_pre_failure_1774405056.json,2026-03-25T07:47:36.058775,True,pre_failure,stress
1774405086,snapshot_pre_failure_1774405086.json,2026-03-25T07:48:06.122567,True,pre_failure,stress
1774405116,snapshot_pre_failure_1774405116.json,2026-03-25T07:48:36.184750,True,pre_failure,stress
1774405146,snapshot_pre_failure_1774405146.json,2026-03-25T07:49:06.241277,True,pre_failure,stress
1774405176,snapshot_pre_failure_1774405176.json,2026-03-25T07:49:36.291682,True,pre_failure,stress
1774405206,snapshot_pre_failure_1774405206.json,2026-03-25T07:50:06.357513,True,pre_failure,stress
1774405236,snapshot_pre_failure_1774405236.json,2026-03-25T07:50:36.417472,True,pre_failure,stress
1774405266,snapshot_pre_failure_1774405266.json,2026-03-25T07:51:06.475695,True,pre_failure,stress
1774405296,snapshot_pre_failure_1774405296.json,2026-03-25T07:51:36.542241,True,pre_failure,stress
1774405326,snapshot_pre_failure_1774405326.json,2026-03-25T07:52:06.601096,True,pre_failure,stress
1774405356,snapshot_pre_failure_1774405356.json,2026-03-25T07:52:36.675349,True,pre_failure,stress
1774405386,snapshot_pre_failure_1774405386.json,2026-03-25T07:53:06.727927,True,pre_failure,stress
1774405416,snapshot_pre_failure_1774405416.json,2026-03-25T07:53:36.805451,True,pre_failure,stress
1774405446,snapshot_pre_failure_1774405446.json,2026-03-25T07:54:06.897006,True,pre_failure,stress
1774405477,snapshot_pre_failure_1774405477.json,2026-03-25T07:54:36.959269,True,pre_failure,stress
1774405507,snapshot_pre_failure_1774405507.json,2026-03-25T07:55:07.023340,True,pre_failure,stress
1774405537,snapshot_pre_failure_1774405537.json,2026-03-25T07:55:37.080215,True,pre_failure,stress
1774405567,snapshot_pre_failure_1774405567.json,2026-03-25T07:56:07.135971,True,pre_failure,stress
1774405597,snapshot_pre_failure_1774405597.json,2026-03-25T07:56:37.194710,True,pre_failure,stress
1774405627,snapshot_pre_failure_1774405627.json,2026-03-25T07:57:07.247348,True,pre_failure,stress
1774405657,snapshot_pre_failure_1774405657.json,2026-03-25T07:57:37.303744,True,pre_failure,stress
1774405687,snapshot_pre_failure_1774405687.json,2026-03-25T07:58:07.370153,True,pre_failure,stress
1774405717,snapshot_pre_failure_1774405717.json,2026-03-25T07:58:37.428947,True,pre_failure,stress
1774405747,snapshot_pre_failure_1774405747.json,2026-03-25T07:59:07.483344,True,pre_failure,stress
1774405777,snapshot_pre_failure_1774405777.json,2026-03-25T07:59:37.538074,True,pre_failure,stress
1774405807,snapshot_pre_failure_1774405807.json,2026-03-25T08:00:07.587064,True,pre_failure,stress
1774405837,snapshot_pre_failure_1774405837.json,2026-03-25T08:00:37.636447,True,pre_failure,stress
1774405867,snapshot_pre_failure_1774405867.json,2026-03-25T08:01:07.685527,True,pre_failure,stress
1774405897,snapshot_pre_failure_1774405897.json,2026-03-25T08:01:37.742036,True,pre_failure,stress
1774405927,snapshot_pre_failure_1774405927.json,2026-03-25T08:02:07.805561,True,pre_failure,stress
1774405957,snapshot_pre_failure_1774405957.json,2026-03-25T08:02:37.865202,True,pre_failure,stress
1774405987,snapshot_pre_failure_1774405987.json,2026-03-25T08:03:07.917141,True,pre_failure,stress
1774406018,snapshot_pre_failure_1774406018.json,2026-03-25T08:03:37.988053,True,pre_failure,stress
1774406048,snapshot_pre_failure_1774406048.json,2026-03-25T08:04:08.042925,True,pre_failure,stress
1774406078,snapshot_pre_failure_1774406078.json,2026-03-25T08:04:38.108785,True,pre_failure,stress
1774406108,snapshot_pre_failure_1774406108.json,2026-03-25T08:05:08.176399,True,pre_failure,stress
1774406138,snapshot_pre_failure_1774406138.json,2026-03-25T08:05:38.243648,True,pre_failure,stress
1774406168,snapshot_pre_failure_1774406168.json,2026-03-25T08:06:08.313301,True,pre_failure,stress
1774406198,snapshot_pre_failure_1774406198.json,2026-03-25T08:06:38.379673,True,pre_failure,stress
1774406228,snapshot_pre_failure_1774406228.json,2026-03-25T08:07:08.453182,True,pre_failure,stress
1774406258,snapshot_pre_failure_1774406258.json,2026-03-25T08:07:38.524113,True,pre_failure,stress
1774406288,snapshot_pre_failure_1774406288.json,2026-03-25T08:08:08.588595,True,pre_failure,stress
1774406318,snapshot_pre_failure_1774406318.json,2026-03-25T08:08:38.653470,True,pre_failure,stress
1774406348,snapshot_pre_failure_1774406348.json,2026-03-25T08:09:08.722225,True,pre_failure,stress
1774406378,snapshot_pre_failure_1774406378.json,2026-03-25T08:09:38.791947,True,pre_failure,stress
1774406408,snapshot_pre_failure_1774406408.json,2026-03-25T08:10:08.857772,True,pre_failure,stress
1774406438,snapshot_pre_failure_1774406438.json,2026-03-25T08:10:38.925126,True,pre_failure,stress
1774406469,snapshot_pre_failure_1774406469.json,2026-03-25T08:11:09.008618,True,pre_failure,stress
1774406499,snapshot_pre_failure_1774406499.json,2026-03-25T08:11:39.070888,True,pre_failure,stress
1774406529,snapshot_pre_failure_1774406529.json,2026-03-25T08:12:09.135544,True,pre_failure,stress
1774406559,snapshot_pre_failure_1774406559.json,2026-03-25T08:12:39.206765,True,pre_failure,stress
1774406589,snapshot_pre_failure_1774406589.json,2026-03-25T08:13:09.286241,True,pre_failure,stress
1774406619,snapshot_pre_failure_1774406619.json,2026-03-25T08:13:39.354290,True,pre_failure,stress
1774406649,snapshot_pre_failure_1774406649.json,2026-03-25T08:14:09.426027,True,pre_failure,stress
1774406679,snapshot_pre_failure_1774406679.json,2026-03-25T08:14:39.479687,True,pre_failure,stress
1774406709,snapshot_pre_failure_1774406709.json,2026-03-25T08:15:09.542794,True,pre_failure,stress
1774406739,snapshot_pre_failure_1774406739.json,2026-03-25T08:15:39.591796,True,pre_failure,stress
1774406769,snapshot_pre_failure_1774406769.json,2026-03-25T08:16:09.651353,True,pre_failure,stress
1774406799,snapshot_pre_failure_1774406799.json,2026-03-25T08:16:39.721998,True,pre_failure,stress
1774406829,snapshot_pre_failure_1774406829.json,2026-03-25T08:17:09.796138,True,pre_failure,stress
1774406859,snapshot_pre_failure_1774406859.json,2026-03-25T08:17:39.862173,True,pre_failure,stress
1774406889,snapshot_pre_failure_1774406889.json,2026-03-25T08:18:09.931721,True,pre_failure,stress
1774406920,snapshot_pre_failure_1774406920.json,2026-03-25T08:18:40.000419,True,pre_failure,stress
1774406950,snapshot_pre_failure_1774406950.json,2026-03-25T08:19:10.069210,True,pre_failure,stress
1774406980,snapshot_pre_failure_1774406980.json,2026-03-25T08:19:40.140318,True,pre_failure,stress
1774407010,snapshot_pre_failure_1774407010.json,2026-03-25T08:20:10.215538,True,pre_failure,stress
1774407040,snapshot_pre_failure_1774407040.json,2026-03-25T08:20:40.295393,True,pre_failure,stress
1774407070,snapshot_pre_failure_1774407070.json,2026-03-25T08:21:10.368735,True,pre_failure,stress
1774407100,snapshot_pre_failure_1774407100.json,2026-03-25T08:21:40.440080,True,pre_failure,stress
1774407130,snapshot_pre_failure_1774407130.json,2026-03-25T08:22:10.499257,True,pre_failure,stress
1774407160,snapshot_pre_failure_1774407160.json,2026-03-25T08:22:40.563611,True,pre_failure,stress
1774407190,snapshot_pre_failure_1774407190.json,2026-03-25T08:23:10.634526,True,pre_failure,stress
1774407220,snapshot_pre_failure_1774407220.json,2026-03-25T08:23:40.703572,True,pre_failure,stress
1774407250,snapshot_pre_failure_1774407250.json,2026-03-25T08:24:10.767688,True,pre_failure,stress
1774407280,snapshot_pre_failure_1774407280.json,2026-03-25T08:24:40.827243,True,pre_failure,stress
1774407310,snapshot_pre_failure_1774407310.json,2026-03-25T08:25:10.895684,True,pre_failure,stress
1774407341,snapshot_pre_failure_1774407341.json,2026-03-25T08:25:40.962126,True,pre_failure,stress
1774407371,snapshot_pre_failure_1774407371.json,2026-03-25T08:26:11.024708,True,pre_failure,stress
1774407401,snapshot_pre_failure_1774407401.json,2026-03-25T08:26:41.093896,True,pre_failure,stress
1774407431,snapshot_pre_failure_1774407431.json,2026-03-25T08:27:11.157090,True,pre_failure,stress
1774407461,snapshot_pre_failure_1774407461.json,2026-03-25T08:27:41.217335,True,pre_failure,stress
1774407491,snapshot_pre_failure_1774407491.json,2026-03-25T08:28:11.304712,True,pre_failure,stress
1774407521,snapshot_pre_failure_1774407521.json,2026-03-25T08:28:41.376959,True,pre_failure,stress
1774407551,snapshot_pre_failure_1774407551.json,2026-03-25T08:29:11.449975,True,pre_failure,stress
1774407581,snapshot_pre_failure_1774407581.json,2026-03-25T08:29:41.510999,True,pre_failure,stress
1774407611,snapshot_pre_failure_1774407611.json,2026-03-25T08:30:11.576562,True,pre_failure,stress
1774407641,snapshot_pre_failure_1774407641.json,2026-03-25T08:30:41.626465,True,pre_failure,stress
1774407671,snapshot_pre_failure_1774407671.json,2026-03-25T08:31:11.682122,True,pre_failure,stress
1774407703,snapshot_pre_failure_1774407703.json,2026-03-25T08:31:41.745807,True,pre_failure,stress
1774407733,snapshot_pre_failure_1774407733.json,2026-03-25T08:32:13.818221,True,pre_failure,stress
1774407763,snapshot_pre_failure_1774407763.json,2026-03-25T08:32:43.883400,True,pre_failure,stress
1774407794,snapshot_pre_failure_1774407794.json,2026-03-25T08:33:13.936107,True,pre_failure,stress
1774407824,snapshot_pre_failure_1774407824.json,2026-03-25T08:33:44.007219,True,pre_failure,stress
1774407854,snapshot_pre_failure_1774407854.json,2026-03-25T08:34:14.072238,True,pre_failure,stress
1774407884,snapshot_pre_failure_1774407884.json,2026-03-25T08:34:44.138603,True,pre_failure,stress
1774407914,snapshot_pre_failure_1774407914.json,2026-03-25T08:35:14.188645,True,pre_failure,stress
1774407944,snapshot_pre_failure_1774407944.json,2026-03-25T08:35:44.257993,True,pre_failure,stress
1774407974,snapshot_pre_failure_1774407974.json,2026-03-25T08:36:14.323021,True,pre_failure,stress
1774408004,snapshot_pre_failure_1774408004.json,2026-03-25T08:36:44.389800,True,pre_failure,stress
1774408034,snapshot_pre_failure_1774408034.json,2026-03-25T08:37:14.434517,True,pre_failure,stress
1774408064,snapshot_pre_failure_1774408064.json,2026-03-25T08:37:44.495052,True,pre_failure,stress
1774408094,snapshot_pre_failure_1774408094.json,2026-03-25T08:38:14.555804,True,pre_failure,stress
1774408124,snapshot_pre_failure_1774408124.json,2026-03-25T08:38:44.614090,True,pre_failure,stress
1774408154,snapshot_pre_failure_1774408154.json,2026-03-25T08:39:14.676438,True,pre_failure,stress
1774408184,snapshot_pre_failure_1774408184.json,2026-03-25T08:39:44.744772,True,pre_failure,stress
1774408214,snapshot_pre_failure_1774408214.json,2026-03-25T08:40:14.829815,True,pre_failure,stress
1774408244,snapshot_pre_failure_1774408244.json,2026-03-25T08:40:44.892539,True,pre_failure,stress
1774408275,snapshot_pre_failure_1774408275.json,2026-03-25T08:41:14.970544,True,pre_failure,stress
1774408305,snapshot_pre_failure_1774408305.json,2026-03-25T08:41:45.025282,True,pre_failure,stress
1774408335,snapshot_pre_failure_1774408335.json,2026-03-25T08:42:15.069349,True,pre_failure,stress
1774408365,snapshot_pre_failure_1774408365.json,2026-03-25T08:42:45.114022,True,pre_failure,stress
1774408395,snapshot_pre_failure_1774408395.json,2026-03-25T08:43:15.162347,True,pre_failure,stress
1774408425,snapshot_pre_failure_1774408425.json,2026-03-25T08:43:45.217702,True,pre_failure,stress
1774408455,snapshot_pre_failure_1774408455.json,2026-03-25T08:44:15.271074,True,pre_failure,stress
1774408485,snapshot_pre_failure_1774408485.json,2026-03-25T08:44:45.319707,True,pre_failure,stress
1774408515,snapshot_pre_failure_1774408515.json,2026-03-25T08:45:15.362796,True,pre_failure,stress
1774408545,snapshot_pre_failure_1774408545.json,2026-03-25T08:45:45.418380,True,pre_failure,stress
1774408575,snapshot_pre_failure_1774408575.json,2026-03-25T08:46:15.459418,True,pre_failure,stress
1774408605,snapshot_pre_failure_1774408605.json,2026-03-25T08:46:45.511731,True,pre_failure,stress
1774408635,snapshot_pre_failure_1774408635.json,2026-03-25T08:47:15.629013,True,pre_failure,stress
1774408665,snapshot_pre_failure_1774408665.json,2026-03-25T08:47:45.697884,True,pre_failure,stress
1774408695,snapshot_pre_failure_1774408695.json,2026-03-25T08:48:15.763725,True,pre_failure,stress
1774408725,snapshot_pre_failure_1774408725.json,2026-03-25T08:48:45.828606,True,pre_failure,stress
1774408755,snapshot_pre_failure_1774408755.json,2026-03-25T08:49:15.894917,True,pre_failure,stress
1774408786,snapshot_pre_failure_1774408786.json,2026-03-25T08:49:45.966930,True,pre_failure,stress
1774408816,snapshot_pre_failure_1774408816.json,2026-03-25T08:50:16.027879,True,pre_failure,stress
1774408846,snapshot_pre_failure_1774408846.json,2026-03-25T08:50:46.096237,True,pre_failure,stress
1774408876,snapshot_pre_failure_1774408876.json,2026-03-25T08:51:16.164589,True,pre_failure,stress
1774408906,snapshot_pre_failure_1774408906.json,2026-03-25T08:51:46.227699,True,pre_failure,stress
1774408936,snapshot_pre_failure_1774408936.json,2026-03-25T08:52:16.283093,True,pre_failure,stress
1774408966,snapshot_pre_failure_1774408966.json,2026-03-25T08:52:46.332090,True,pre_failure,stress
1774408996,snapshot_pre_failure_1774408996.json,2026-03-25T08:53:16.395253,True,pre_failure,stress
1774409026,snapshot_pre_failure_1774409026.json,2026-03-25T08:53:46.462106,True,pre_failure,stress
1774409056,snapshot_pre_failure_1774409056.json,2026-03-25T08:54:16.523575,True,pre_failure,stress
1774409086,snapshot_pre_failure_1774409086.json,2026-03-25T08:54:46.594490,True,pre_failure,stress
1774409116,snapshot_pre_failure_1774409116.json,2026-03-25T08:55:16.653298,True,pre_failure,stress
1774409146,snapshot_pre_failure_1774409146.json,2026-03-25T08:55:46.726988,True,pre_failure,stress
1774409176,snapshot_pre_failure_1774409176.json,2026-03-25T08:56:16.795776,True,pre_failure,stress
1774409206,snapshot_pre_failure_1774409206.json,2026-03-25T08:56:46.844482,True,pre_failure,stress
1774409236,snapshot_pre_failure_1774409236.json,2026-03-25T08:57:16.909151,True,pre_failure,stress
1774409267,snapshot_pre_failure_1774409267.json,2026-03-25T08:57:46.974424,True,pre_failure,stress
1774409297,snapshot_pre_failure_1774409297.json,2026-03-25T08:58:17.027432,True,pre_failure,stress
1774409327,snapshot_pre_failure_1774409327.json,2026-03-25T08:58:47.066148,True,pre_failure,stress
1774409357,snapshot_pre_failure_1774409357.json,2026-03-25T08:59:17.124930,True,pre_failure,stress
1774409387,snapshot_pre_failure_1774409387.json,2026-03-25T08:59:47.167805,True,pre_failure,stress
1774409417,snapshot_pre_failure_1774409417.json,2026-03-25T09:00:17.212541,True,pre_failure,stress
1774409447,snapshot_pre_failure_1774409447.json,2026-03-25T09:00:47.251122,True,pre_failure,stress
1774409477,snapshot_pre_failure_1774409477.json,2026-03-25T09:01:17.299463,True,pre_failure,stress
1774409507,snapshot_pre_failure_1774409507.json,2026-03-25T09:01:47.348512,True,pre_failure,stress
1774409537,snapshot_pre_failure_1774409537.json,2026-03-25T09:02:17.394695,True,pre_failure,stress
1774409567,snapshot_pre_failure_1774409567.json,2026-03-25T09:02:47.442030,True,pre_failure,stress
1774409597,snapshot_pre_failure_1774409597.json,2026-03-25T09:03:17.489647,True,pre_failure,stress
1774409627,snapshot_pre_failure_1774409627.json,2026-03-25T09:03:47.554117,True,pre_failure,stress
1774409657,snapshot_pre_failure_1774409657.json,2026-03-25T09:04:17.616627,True,pre_failure,stress
1774409687,snapshot_pre_failure_1774409687.json,2026-03-25T09:04:47.673795,True,pre_failure,stress
1774409717,snapshot_pre_failure_1774409717.json,2026-03-25T09:05:17.734755,True,pre_failure,stress
1774409747,snapshot_pre_failure_1774409747.json,2026-03-25T09:05:47.791358,True,pre_failure,stress
1774409777,snapshot_pre_failure_1774409777.json,2026-03-25T09:06:17.849249,True,pre_failure,stress
1774409807,snapshot_pre_failure_1774409807.json,2026-03-25T09:06:47.910948,True,pre_failure,stress
1774409838,snapshot_pre_failure_1774409838.json,2026-03-25T09:07:17.962107,True,pre_failure,stress
1774409868,snapshot_pre_failure_1774409868.json,2026-03-25T09:07:48.026442,True,pre_failure,stress
1774409898,snapshot_pre_failure_1774409898.json,2026-03-25T09:08:18.075258,True,pre_failure,stress
1774409928,snapshot_pre_failure_1774409928.json,2026-03-25T09:08:48.139836,True,pre_failure,stress
1774409958,snapshot_pre_failure_1774409958.json,2026-03-25T09:09:18.195723,True,pre_failure,stress
1774409988,snapshot_pre_failure_1774409988.json,2026-03-25T09:09:48.255832,True,pre_failure,stress
1774410018,snapshot_pre_failure_1774410018.json,2026-03-25T09:10:18.320330,True,pre_failure,stress
1774410048,snapshot_pre_failure_1774410048.json,2026-03-25T09:10:48.380471,True,pre_failure,stress
1774410078,snapshot_pre_failure_1774410078.json,2026-03-25T09:11:18.439295,True,pre_failure,stress
1774410108,snapshot_pre_failure_1774410108.json,2026-03-25T09:11:48.495916,True,pre_failure,stress
1774410138,snapshot_pre_failure_1774410138.json,2026-03-25T09:12:18.555993,True,pre_failure,stress
1774410168,snapshot_pre_failure_1774410168.json,2026-03-25T09:12:48.609265,True,pre_failure,stress
1774410198,snapshot_pre_failure_1774410198.json,2026-03-25T09:13:18.663146,True,pre_failure,stress
1774410228,snapshot_pre_failure_1774410228.json,2026-03-25T09:13:48.729725,True,pre_failure,stress
1774410258,snapshot_pre_failure_1774410258.json,2026-03-25T09:14:18.809091,True,pre_failure,stress
1774410288,snapshot_pre_failure_1774410288.json,2026-03-25T09:14:48.869944,True,pre_failure,stress
1774410318,snapshot_pre_failure_1774410318.json,2026-03-25T09:15:18.930878,True,pre_failure,stress
1774410349,snapshot_pre_failure_1774410349.json,2026-03-25T09:15:48.978732,True,pre_failure,stress
1774410379,snapshot_pre_failure_1774410379.json,2026-03-25T09:16:19.031325,True,pre_failure,stress
1774410409,snapshot_pre_failure_1774410409.json,2026-03-25T09:16:49.089963,True,pre_failure,stress
1774410439,snapshot_pre_failure_1774410439.json,2026-03-25T09:17:19.137290,True,pre_failure,stress
1774410469,snapshot_pre_failure_1774410469.json,2026-03-25T09:17:49.206357,True,pre_failure,stress
1774410499,snapshot_pre_failure_1774410499.json,2026-03-25T09:18:19.265766,True,pre_failure,stress
1774410529,snapshot_pre_failure_1774410529.json,2026-03-25T09:18:49.304997,True,pre_failure,stress
1774410559,snapshot_pre_failure_1774410559.json,2026-03-25T09:19:19.360580,True,pre_failure,stress
1774410589,snapshot_pre_failure_1774410589.json,2026-03-25T09:19:49.418366,True,pre_failure,stress
1774410619,snapshot_pre_failure_1774410619.json,2026-03-25T09:20:19.465687,True,pre_failure,stress
1774410649,snapshot_pre_failure_1774410649.json,2026-03-25T09:20:49.519324,True,pre_failure,stress
1774410679,snapshot_pre_failure_1774410679.json,2026-03-25T09:21:19.578936,True,pre_failure,stress
1774410709,snapshot_pre_failure_1774410709.json,2026-03-25T09:21:49.637203,True,pre_failure,stress
1774410739,snapshot_pre_failure_1774410739.json,2026-03-25T09:22:19.694363,True,pre_failure,stress
1774410769,snapshot_pre_failure_1774410769.json,2026-03-25T09:22:49.775474,True,pre_failure,stress
1774410799,snapshot_pre_failure_1774410799.json,2026-03-25T09:23:19.845707,True,pre_failure,stress
1774410829,snapshot_pre_failure_1774410829.json,2026-03-25T09:23:49.898018,True,pre_failure,stress
1774410860,snapshot_pre_failure_1774410860.json,2026-03-25T09:24:19.967591,True,pre_failure,stress
1774410890,snapshot_pre_failure_1774410890.json,2026-03-25T09:24:50.015981,True,pre_failure,stress
1774410920,snapshot_pre_failure_1774410920.json,2026-03-25T09:25:20.066428,True,pre_failure,stress
1774410950,snapshot_pre_failure_1774410950.json,2026-03-25T09:25:50.122140,True,pre_failure,stress
1774410980,snapshot_pre_failure_1774410980.json,2026-03-25T09:26:20.197159,True,pre_failure,stress
1774411010,snapshot_pre_failure_1774411010.json,2026-03-25T09:26:50.262694,True,pre_failure,stress
1774411040,snapshot_pre_failure_1774411040.json,2026-03-25T09:27:20.329127,True,pre_failure,stress
1774411070,snapshot_pre_failure_1774411070.json,2026-03-25T09:27:50.382627,True,pre_failure,stress
1774411100,snapshot_pre_failure_1774411100.json,2026-03-25T09:28:20.446709,True,pre_failure,stress
1774411130,snapshot_pre_failure_1774411130.json,2026-03-25T09:28:50.497802,True,pre_failure,stress
1774411160,snapshot_pre_failure_1774411160.json,2026-03-25T09:29:20.564883,True,pre_failure,stress
1774411190,snapshot_pre_failure_1774411190.json,2026-03-25T09:29:50.622986,True,pre_failure,stress
1774411220,snapshot_pre_failure_1774411220.json,2026-03-25T09:30:20.680254,True,pre_failure,stress
1774411250,snapshot_pre_failure_1774411250.json,2026-03-25T09:30:50.748450,True,pre_failure,stress
1774411280,snapshot_pre_failure_1774411280.json,2026-03-25T09:31:20.813399,True,pre_failure,stress
1774411310,snapshot_pre_failure_1774411310.json,2026-03-25T09:31:50.861841,True,pre_failure,stress
1774411340,snapshot_pre_failure_1774411340.json,2026-03-25T09:32:20.929000,True,pre_failure,stress
1774411371,snapshot_pre_failure_1774411371.json,2026-03-25T09:32:50.983214,True,pre_failure,stress
1774411401,snapshot_pre_failure_1774411401.json,2026-03-25T09:33:21.040792,True,pre_failure,stress
1774411431,snapshot_pre_failure_1774411431.json,2026-03-25T09:33:51.099728,True,pre_failure,stress
1774411461,snapshot_pre_failure_1774411461.json,2026-03-25T09:34:21.162318,True,pre_failure,stress
1774411491,snapshot_pre_failure_1774411491.json,2026-03-25T09:34:51.229852,True,pre_failure,stress
1774411521,snapshot_pre_failure_1774411521.json,2026-03-25T09:35:21.280101,True,pre_failure,stress
1774411551,snapshot_pre_failure_1774411551.json,2026-03-25T09:35:51.343047,True,pre_failure,stress
1774411581,snapshot_pre_failure_1774411581.json,2026-03-25T09:36:21.406894,True,pre_failure,stress
1774411611,snapshot_pre_failure_1774411611.json,2026-03-25T09:36:51.475548,True,pre_failure,stress
1774411641,snapshot_pre_failure_1774411641.json,2026-03-25T09:37:21.535706,True,pre_failure,stress
1774411671,snapshot_pre_failure_1774411671.json,2026-03-25T09:37:51.598007,True,pre_failure,stress
1774411701,snapshot_pre_failure_1774411701.json,2026-03-25T09:38:21.659800,True,pre_failure,stress
1774411731,snapshot_pre_failure_1774411731.json,2026-03-25T09:38:51.715432,True,pre_failure,stress
1774411761,snapshot_pre_failure_1774411761.json,2026-03-25T09:39:21.786257,True,pre_failure,stress
1774412741,snapshot_pre_failure_1774412741.json,2026-03-25T09:55:41.603893,True,pre_failure,stress
1774412827,snapshot_pre_failure_1774412827.json,2026-03-25T09:57:07.786784,True,pre_failure,stress
1774413808,snapshot_pre_failure_1774413808.json,2026-03-25T10:13:28.535895,True,pre_failure,stress
1774413938,snapshot_pre_failure_1774413938.json,2026-03-25T10:15:38.092615,True,pre_failure,stress
1774415818,snapshot_pre_failure_1774415818.json,2026-03-25T10:46:58.657822,True,pre_failure,stress
1774416739,snapshot_pre_failure_1774416739.json,2026-03-25T11:02:19.429507,True,pre_failure,stress
1774416780,snapshot_pre_failure_1774416780.json,2026-03-25T11:03:00.239202,True,pre_failure,stress
1774417255,snapshot_pre_failure_1774417255.json,2026-03-25T11:10:55.673132,True,pre_failure,stress
1774417285,snapshot_pre_failure_1774417285.json,2026-03-25T11:11:25.730132,True,pre_failure,stress
1774417315,snapshot_pre_failure_1774417315.json,2026-03-25T11:11:55.773668,True,pre_failure,stress
1774417345,snapshot_pre_failure_1774417345.json,2026-03-25T11:12:25.821331,True,pre_failure,stress
1774417375,snapshot_pre_failure_1774417375.json,2026-03-25T11:12:55.870353,True,pre_failure,stress
1774417405,snapshot_pre_failure_1774417405.json,2026-03-25T11:13:25.919454,True,pre_failure,stress
1774417436,snapshot_pre_failure_1774417436.json,2026-03-25T11:13:55.969439,True,pre_failure,stress
1774417466,snapshot_pre_failure_1774417466.json,2026-03-25T11:14:26.016646,True,pre_failure,stress
1774417496,snapshot_pre_failure_1774417496.json,2026-03-25T11:14:56.060123,True,pre_failure,stress
1774417526,snapshot_pre_failure_1774417526.json,2026-03-25T11:15:26.109646,True,pre_failure,stress
1774417556,snapshot_pre_failure_1774417556.json,2026-03-25T11:15:56.169140,True,pre_failure,stress
1774417586,snapshot_pre_failure_1774417586.json,2026-03-25T11:16:26.225418,True,pre_failure,stress
1774417616,snapshot_pre_failure_1774417616.json,2026-03-25T11:16:56.273354,True,pre_failure,stress
1774417646,snapshot_pre_failure_1774417646.json,2026-03-25T11:17:26.324257,True,pre_failure,stress
1774417676,snapshot_pre_failure_1774417676.json,2026-03-25T11:17:56.381847,True,pre_failure,stress
1774417706,snapshot_pre_failure_1774417706.json,2026-03-25T11:18:26.433352,True,pre_failure,stress
1774417736,snapshot_pre_failure_1774417736.json,2026-03-25T11:18:56.530272,True,pre_failure,stress
1774417766,snapshot_pre_failure_1774417766.json,2026-03-25T11:19:26.574759,True,pre_failure,stress
1774417796,snapshot_pre_failure_1774417796.json,2026-03-25T11:19:56.620245,True,pre_failure,stress
1774417826,snapshot_pre_failure_1774417826.json,2026-03-25T11:20:26.666147,True,pre_failure,stress
1774417856,snapshot_pre_failure_1774417856.json,2026-03-25T11:20:56.708147,True,pre_failure,stress
1774417886,snapshot_pre_failure_1774417886.json,2026-03-25T11:21:26.755292,True,pre_failure,stress
1774417916,snapshot_pre_failure_1774417916.json,2026-03-25T11:21:56.802661,True,pre_failure,stress
1774417946,snapshot_pre_failure_1774417946.json,2026-03-25T11:22:26.854484,True,pre_failure,stress
1774417976,snapshot_pre_failure_1774417976.json,2026-03-25T11:22:56.903093,True,pre_failure,stress
1774418007,snapshot_pre_failure_1774418007.json,2026-03-25T11:23:26.956072,True,pre_failure,stress
1774418037,snapshot_pre_failure_1774418037.json,2026-03-25T11:23:57.014346,True,pre_failure,stress
1774418067,snapshot_pre_failure_1774418067.json,2026-03-25T11:24:27.053361,True,pre_failure,stress
1774418097,snapshot_pre_failure_1774418097.json,2026-03-25T11:24:57.096620,True,pre_failure,stress
1774418127,snapshot_pre_failure_1774418127.json,2026-03-25T11:25:27.143214,True,pre_failure,stress
1774418157,snapshot_pre_failure_1774418157.json,2026-03-25T11:25:57.186444,True,pre_failure,stress
1774418187,snapshot_pre_failure_1774418187.json,2026-03-25T11:26:27.233949,True,pre_failure,stress
1774418217,snapshot_pre_failure_1774418217.json,2026-03-25T11:26:57.268359,True,pre_failure,stress
1774418247,snapshot_pre_failure_1774418247.json,2026-03-25T11:27:27.323858,True,pre_failure,stress
1774418277,snapshot_pre_failure_1774418277.json,2026-03-25T11:27:57.380788,True,pre_failure,stress
1774418307,snapshot_pre_failure_1774418307.json,2026-03-25T11:28:27.434073,True,pre_failure,stress
1774418337,snapshot_pre_failure_1774418337.json,2026-03-25T11:28:57.475990,True,pre_failure,stress
1774418367,snapshot_pre_failure_1774418367.json,2026-03-25T11:29:27.534425,True,pre_failure,stress
1774418397,snapshot_pre_failure_1774418397.json,2026-03-25T11:29:57.576263,True,pre_failure,stress
1774418427,snapshot_pre_failure_1774418427.json,2026-03-25T11:30:27.619308,True,pre_failure,stress
1774418457,snapshot_pre_failure_1774418457.json,2026-03-25T11:30:57.661446,True,pre_failure,stress
1774418487,snapshot_pre_failure_1774418487.json,2026-03-25T11:31:27.706747,True,pre_failure,stress
1774418517,snapshot_pre_failure_1774418517.json,2026-03-25T11:31:57.745013,True,pre_failure,stress
1774418547,snapshot_pre_failure_1774418547.json,2026-03-25T11:32:27.792177,True,pre_failure,stress
1774418577,snapshot_pre_failure_1774418577.json,2026-03-25T11:32:57.838442,True,pre_failure,stress
1774418607,snapshot_pre_failure_1774418607.json,2026-03-25T11:33:27.883893,True,pre_failure,stress
1774418637,snapshot_pre_failure_1774418637.json,2026-03-25T11:33:57.929532,True,pre_failure,stress
1774418668,snapshot_pre_failure_1774418668.json,2026-03-25T11:34:27.977586,True,pre_failure,stress
1774418698,snapshot_pre_failure_1774418698.json,2026-03-25T11:34:58.040009,True,pre_failure,stress
1774418728,snapshot_pre_failure_1774418728.json,2026-03-25T11:35:28.106378,True,pre_failure,stress
1774418758,snapshot_pre_failure_1774418758.json,2026-03-25T11:35:58.169788,True,pre_failure,stress
1774418788,snapshot_pre_failure_1774418788.json,2026-03-25T11:36:28.213585,True,pre_failure,stress
1774418818,snapshot_pre_failure_1774418818.json,2026-03-25T11:36:58.256553,True,pre_failure,stress
1774418848,snapshot_pre_failure_1774418848.json,2026-03-25T11:37:28.304464,True,pre_failure,stress
1774418878,snapshot_pre_failure_1774418878.json,2026-03-25T11:37:58.347095,True,pre_failure,stress
1774418908,snapshot_pre_failure_1774418908.json,2026-03-25T11:38:28.388870,True,pre_failure,stress
1774418938,snapshot_pre_failure_1774418938.json,2026-03-25T11:38:58.431742,True,pre_failure,stress
1774418968,snapshot_pre_failure_1774418968.json,2026-03-25T11:39:28.468919,True,pre_failure,stress
1774418998,snapshot_pre_failure_1774418998.json,2026-03-25T11:39:58.535635,True,pre_failure,stress
1774419028,snapshot_pre_failure_1774419028.json,2026-03-25T11:40:28.581603,True,pre_failure,stress
1774419058,snapshot_pre_failure_1774419058.json,2026-03-25T11:40:58.631359,True,pre_failure,stress
1774419088,snapshot_pre_failure_1774419088.json,2026-03-25T11:41:28.688919,True,pre_failure,stress
1774419118,snapshot_pre_failure_1774419118.json,2026-03-25T11:41:58.747385,True,pre_failure,stress
1774419148,snapshot_pre_failure_1774419148.json,2026-03-25T11:42:28.798018,True,pre_failure,stress
1774419178,snapshot_pre_failure_1774419178.json,2026-03-25T11:42:58.857328,True,pre_failure,stress
1774419208,snapshot_pre_failure_1774419208.json,2026-03-25T11:43:28.908609,True,pre_failure,stress
1774419239,snapshot_pre_failure_1774419239.json,2026-03-25T11:43:58.966167,True,pre_failure,stress
1774419269,snapshot_pre_failure_1774419269.json,2026-03-25T11:44:29.031389,True,pre_failure,stress
1774419299,snapshot_pre_failure_1774419299.json,2026-03-25T11:44:59.089617,True,pre_failure,stress
1774419329,snapshot_pre_failure_1774419329.json,2026-03-25T11:45:29.136291,True,pre_failure,stress
1774419359,snapshot_pre_failure_1774419359.json,2026-03-25T11:45:59.180814,True,pre_failure,stress
1774419389,snapshot_pre_failure_1774419389.json,2026-03-25T11:46:29.243290,True,pre_failure,stress
1774419419,snapshot_pre_failure_1774419419.json,2026-03-25T11:46:59.303077,True,pre_failure,stress
1774419449,snapshot_pre_failure_1774419449.json,2026-03-25T11:47:29.364514,True,pre_failure,stress
1774419479,snapshot_pre_failure_1774419479.json,2026-03-25T11:47:59.415153,True,pre_failure,stress
1774419509,snapshot_pre_failure_1774419509.json,2026-03-25T11:48:29.477495,True,pre_failure,stress
1774419539,snapshot_pre_failure_1774419539.json,2026-03-25T11:48:59.535471,True,pre_failure,stress
1774419569,snapshot_pre_failure_1774419569.json,2026-03-25T11:49:29.603027,True,pre_failure,stress
1774419599,snapshot_pre_failure_1774419599.json,2026-03-25T11:49:59.648231,True,pre_failure,stress
1774419629,snapshot_pre_failure_1774419629.json,2026-03-25T11:50:29.711079,True,pre_failure,stress
1774419659,snapshot_pre_failure_1774419659.json,2026-03-25T11:50:59.775592,True,pre_failure,stress
1774419689,snapshot_pre_failure_1774419689.json,2026-03-25T11:51:29.838518,True,pre_failure,stress
1774419719,snapshot_pre_failure_1774419719.json,2026-03-25T11:51:59.891245,True,pre_failure,stress
1774419750,snapshot_pre_failure_1774419750.json,2026-03-25T11:52:29.947665,True,pre_failure,stress
1774419780,snapshot_pre_failure_1774419780.json,2026-03-25T11:53:00.009511,True,pre_failure,stress
1774419810,snapshot_pre_failure_1774419810.json,2026-03-25T11:53:30.074978,True,pre_failure,stress
1774419840,snapshot_pre_failure_1774419840.json,2026-03-25T11:54:00.135563,True,pre_failure,stress
1774419870,snapshot_pre_failure_1774419870.json,2026-03-25T11:54:30.184207,True,pre_failure,stress
1774419900,snapshot_pre_failure_1774419900.json,2026-03-25T11:55:00.243847,True,pre_failure,stress
1774419930,snapshot_pre_failure_1774419930.json,2026-03-25T11:55:30.302117,True,pre_failure,stress
1774419960,snapshot_pre_failure_1774419960.json,2026-03-25T11:56:00.362930,True,pre_failure,stress
1774419990,snapshot_pre_failure_1774419990.json,2026-03-25T11:56:30.422748,True,pre_failure,stress
1774420020,snapshot_pre_failure_1774420020.json,2026-03-25T11:57:00.482021,True,pre_failure,stress
1774420050,snapshot_pre_failure_1774420050.json,2026-03-25T11:57:30.549460,True,pre_failure,stress
1774420080,snapshot_pre_failure_1774420080.json,2026-03-25T11:58:00.617264,True,pre_failure,stress
1774420110,snapshot_pre_failure_1774420110.json,2026-03-25T11:58:30.681977,True,pre_failure,stress
1774420140,snapshot_pre_failure_1774420140.json,2026-03-25T11:59:00.743554,True,pre_failure,stress
1774420170,snapshot_pre_failure_1774420170.json,2026-03-25T11:59:30.795910,True,pre_failure,stress
1774420200,snapshot_pre_failure_1774420200.json,2026-03-25T12:00:00.847379,True,pre_failure,stress
1774420230,snapshot_pre_failure_1774420230.json,2026-03-25T12:00:30.900118,True,pre_failure,stress
1774420261,snapshot_pre_failure_1774420261.json,2026-03-25T12:01:00.949658,True,pre_failure,stress
1774420291,snapshot_pre_failure_1774420291.json,2026-03-25T12:01:31.015085,True,pre_failure,stress
1774420321,snapshot_pre_failure_1774420321.json,2026-03-25T12:02:01.074647,True,pre_failure,stress
1774420351,snapshot_pre_failure_1774420351.json,2026-03-25T12:02:31.137720,True,pre_failure,stress
1774420381,snapshot_pre_failure_1774420381.json,2026-03-25T12:03:01.198368,True,pre_failure,stress
1774420411,snapshot_pre_failure_1774420411.json,2026-03-25T12:03:31.263716,True,pre_failure,stress
1774420441,snapshot_pre_failure_1774420441.json,2026-03-25T12:04:01.307956,True,pre_failure,stress
1774420471,snapshot_pre_failure_1774420471.json,2026-03-25T12:04:31.370733,True,pre_failure,stress
1774420501,snapshot_pre_failure_1774420501.json,2026-03-25T12:05:01.430889,True,pre_failure,stress
1774420531,snapshot_pre_failure_1774420531.json,2026-03-25T12:05:31.489833,True,pre_failure,stress
1774420561,snapshot_pre_failure_1774420561.json,2026-03-25T12:06:01.546474,True,pre_failure,stress
1774420591,snapshot_pre_failure_1774420591.json,2026-03-25T12:06:31.608385,True,pre_failure,stress
1774420621,snapshot_pre_failure_1774420621.json,2026-03-25T12:07:01.651407,True,pre_failure,stress
1774420651,snapshot_pre_failure_1774420651.json,2026-03-25T12:07:31.689036,True,pre_failure,stress
1774420681,snapshot_pre_failure_1774420681.json,2026-03-25T12:08:01.729990,True,pre_failure,stress
1774420711,snapshot_pre_failure_1774420711.json,2026-03-25T12:08:31.769286,True,pre_failure,stress
1774420741,snapshot_pre_failure_1774420741.json,2026-03-25T12:09:01.806502,True,pre_failure,stress
1774420771,snapshot_pre_failure_1774420771.json,2026-03-25T12:09:31.847460,True,pre_failure,stress
1774420801,snapshot_pre_failure_1774420801.json,2026-03-25T12:10:01.891575,True,pre_failure,stress
1774420831,snapshot_pre_failure_1774420831.json,2026-03-25T12:10:31.927648,True,pre_failure,stress
1774420862,snapshot_pre_failure_1774420862.json,2026-03-25T12:11:01.968294,True,pre_failure,stress
1774420892,snapshot_pre_failure_1774420892.json,2026-03-25T12:11:32.012880,True,pre_failure,stress
1774420922,snapshot_pre_failure_1774420922.json,2026-03-25T12:12:02.053828,True,pre_failure,stress
1774420952,snapshot_pre_failure_1774420952.json,2026-03-25T12:12:32.108968,True,pre_failure,stress
1774420982,snapshot_pre_failure_1774420982.json,2026-03-25T12:13:02.164385,True,pre_failure,stress
1774421012,snapshot_pre_failure_1774421012.json,2026-03-25T12:13:32.228876,True,pre_failure,stress
1774421042,snapshot_pre_failure_1774421042.json,2026-03-25T12:14:02.303567,True,pre_failure,stress
1774421072,snapshot_pre_failure_1774421072.json,2026-03-25T12:14:32.365776,True,pre_failure,stress
1774421102,snapshot_pre_failure_1774421102.json,2026-03-25T12:15:02.423213,True,pre_failure,stress
1774421132,snapshot_pre_failure_1774421132.json,2026-03-25T12:15:32.481211,True,pre_failure,stress
1774421162,snapshot_pre_failure_1774421162.json,2026-03-25T12:16:02.537046,True,pre_failure,stress
1774421192,snapshot_pre_failure_1774421192.json,2026-03-25T12:16:32.584168,True,pre_failure,stress
1774421222,snapshot_pre_failure_1774421222.json,2026-03-25T12:17:02.647672,True,pre_failure,stress
1774421252,snapshot_pre_failure_1774421252.json,2026-03-25T12:17:32.707828,True,pre_failure,stress
1774421282,snapshot_pre_failure_1774421282.json,2026-03-25T12:18:02.776672,True,pre_failure,stress
1774421312,snapshot_pre_failure_1774421312.json,2026-03-25T12:18:32.836978,True,pre_failure,stress
1774421342,snapshot_pre_failure_1774421342.json,2026-03-25T12:19:02.878380,True,pre_failure,stress
1774421372,snapshot_pre_failure_1774421372.json,2026-03-25T12:19:32.920281,True,pre_failure,stress
1774421402,snapshot_pre_failure_1774421402.json,2026-03-25T12:20:02.956175,True,pre_failure,stress
1774421433,snapshot_pre_failure_1774421433.json,2026-03-25T12:20:33.002096,True,pre_failure,stress
1774421463,snapshot_pre_failure_1774421463.json,2026-03-25T12:21:03.042164,True,pre_failure,stress
1774421493,snapshot_pre_failure_1774421493.json,2026-03-25T12:21:33.084687,True,pre_failure,stress
1774421523,snapshot_pre_failure_1774421523.json,2026-03-25T12:22:03.128938,True,pre_failure,stress
1774421553,snapshot_pre_failure_1774421553.json,2026-03-25T12:22:33.170360,True,pre_failure,stress
1774421583,snapshot_pre_failure_1774421583.json,2026-03-25T12:23:03.228975,True,pre_failure,stress
1774421613,snapshot_pre_failure_1774421613.json,2026-03-25T12:23:33.272549,True,pre_failure,stress
1774421643,snapshot_pre_failure_1774421643.json,2026-03-25T12:24:03.341876,True,pre_failure,stress
1774421673,snapshot_pre_failure_1774421673.json,2026-03-25T12:24:33.404590,True,pre_failure,stress
1774421703,snapshot_pre_failure_1774421703.json,2026-03-25T12:25:03.463996,True,pre_failure,stress
1774421733,snapshot_pre_failure_1774421733.json,2026-03-25T12:25:33.510538,True,pre_failure,stress
1774421763,snapshot_pre_failure_1774421763.json,2026-03-25T12:26:03.587550,True,pre_failure,stress
1774421793,snapshot_pre_failure_1774421793.json,2026-03-25T12:26:33.637205,True,pre_failure,stress
1774421823,snapshot_pre_failure_1774421823.json,2026-03-25T12:27:03.692072,True,pre_failure,stress
1774421853,snapshot_pre_failure_1774421853.json,2026-03-25T12:27:33.744804,True,pre_failure,stress
1774421883,snapshot_pre_failure_1774421883.json,2026-03-25T12:28:03.799220,True,pre_failure,stress
1774421913,snapshot_pre_failure_1774421913.json,2026-03-25T12:28:33.851765,True,pre_failure,stress
1774421943,snapshot_pre_failure_1774421943.json,2026-03-25T12:29:03.903163,True,pre_failure,stress
1774421973,snapshot_pre_failure_1774421973.json,2026-03-25T12:29:33.943371,True,pre_failure,stress
1774422004,snapshot_pre_failure_1774422004.json,2026-03-25T12:30:04.000232,True,pre_failure,stress
1774422034,snapshot_pre_failure_1774422034.json,2026-03-25T12:30:34.133419,True,pre_failure,stress
1774422064,snapshot_pre_failure_1774422064.json,2026-03-25T12:31:04.175502,True,pre_failure,stress
1774422094,snapshot_pre_failure_1774422094.json,2026-03-25T12:31:34.216684,True,pre_failure,stress
1774422124,snapshot_pre_failure_1774422124.json,2026-03-25T12:32:04.259177,True,pre_failure,stress
1774422154,snapshot_pre_failure_1774422154.json,2026-03-25T12:32:34.304110,True,pre_failure,stress
1774422184,snapshot_pre_failure_1774422184.json,2026-03-25T12:33:04.346603,True,pre_failure,stress
1774422214,snapshot_pre_failure_1774422214.json,2026-03-25T12:33:34.390519,True,pre_failure,stress
1774422244,snapshot_pre_failure_1774422244.json,2026-03-25T12:34:04.436647,True,pre_failure,stress
1774422274,snapshot_pre_failure_1774422274.json,2026-03-25T12:34:34.478692,True,pre_failure,stress
1774422304,snapshot_pre_failure_1774422304.json,2026-03-25T12:35:04.522333,True,pre_failure,stress
1774422334,snapshot_pre_failure_1774422334.json,2026-03-25T12:35:34.572146,True,pre_failure,stress
1774422364,snapshot_pre_failure_1774422364.json,2026-03-25T12:36:04.612747,True,pre_failure,stress
1774422394,snapshot_pre_failure_1774422394.json,2026-03-25T12:36:34.655471,True,pre_failure,stress
1774422424,snapshot_pre_failure_1774422424.json,2026-03-25T12:37:04.698192,True,pre_failure,stress
1774422454,snapshot_pre_failure_1774422454.json,2026-03-25T12:37:34.739362,True,pre_failure,stress
1774422484,snapshot_pre_failure_1774422484.json,2026-03-25T12:38:04.788762,True,pre_failure,stress
1774422514,snapshot_pre_failure_1774422514.json,2026-03-25T12:38:34.832136,True,pre_failure,stress
1774422544,snapshot_pre_failure_1774422544.json,2026-03-25T12:39:04.870458,True,pre_failure,stress
1774422574,snapshot_pre_failure_1774422574.json,2026-03-25T12:39:34.927487,True,pre_failure,stress
1774422605,snapshot_pre_failure_1774422605.json,2026-03-25T12:40:04.979444,True,pre_failure,stress
1774422635,snapshot_pre_failure_1774422635.json,2026-03-25T12:40:35.042761,True,pre_failure,stress
1774422665,snapshot_pre_failure_1774422665.json,2026-03-25T12:41:05.086854,True,pre_failure,stress
1774425410,snapshot_pre_failure_1774425410.json,2026-03-25T13:26:50.437824,True,pre_failure,stress
1774425440,snapshot_pre_failure_1774425440.json,2026-03-25T13:27:20.496298,True,pre_failure,stress
1774425470,snapshot_pre_failure_1774425470.json,2026-03-25T13:27:50.541619,True,pre_failure,stress
1774425500,snapshot_pre_failure_1774425500.json,2026-03-25T13:28:20.587999,True,pre_failure,stress
1774425530,snapshot_pre_failure_1774425530.json,2026-03-25T13:28:50.632778,True,pre_failure,stress
1774425560,snapshot_pre_failure_1774425560.json,2026-03-25T13:29:20.679790,True,pre_failure,stress
1774425590,snapshot_pre_failure_1774425590.json,2026-03-25T13:29:50.728012,True,pre_failure,stress
1774425620,snapshot_pre_failure_1774425620.json,2026-03-25T13:30:20.806469,True,pre_failure,stress
1774425650,snapshot_pre_failure_1774425650.json,2026-03-25T13:30:50.860276,True,pre_failure,stress
1774425680,snapshot_pre_failure_1774425680.json,2026-03-25T13:31:20.923053,True,pre_failure,stress
1774425711,snapshot_pre_failure_1774425711.json,2026-03-25T13:31:50.978310,True,pre_failure,stress
1774425741,snapshot_pre_failure_1774425741.json,2026-03-25T13:32:21.040352,True,pre_failure,stress
1774425771,snapshot_pre_failure_1774425771.json,2026-03-25T13:32:51.089519,True,pre_failure,stress
1774425801,snapshot_pre_failure_1774425801.json,2026-03-25T13:33:21.148651,True,pre_failure,stress
1774425831,snapshot_pre_failure_1774425831.json,2026-03-25T13:33:51.212193,True,pre_failure,stress
1774425861,snapshot_pre_failure_1774425861.json,2026-03-25T13:34:21.258449,True,pre_failure,stress
1774425891,snapshot_pre_failure_1774425891.json,2026-03-25T13:34:51.304720,True,pre_failure,stress
1774425921,snapshot_pre_failure_1774425921.json,2026-03-25T13:35:21.352973,True,pre_failure,stress
1774425951,snapshot_pre_failure_1774425951.json,2026-03-25T13:35:51.396506,True,pre_failure,stress
1774425981,snapshot_pre_failure_1774425981.json,2026-03-25T13:36:21.439502,True,pre_failure,stress
1774426011,snapshot_pre_failure_1774426011.json,2026-03-25T13:36:51.491429,True,pre_failure,stress
1774426041,snapshot_pre_failure_1774426041.json,2026-03-25T13:37:21.533959,True,pre_failure,stress
1774426071,snapshot_pre_failure_1774426071.json,2026-03-25T13:37:51.576925,True,pre_failure,stress
1774426101,snapshot_pre_failure_1774426101.json,2026-03-25T13:38:21.615614,True,pre_failure,stress
1774426131,snapshot_pre_failure_1774426131.json,2026-03-25T13:38:51.661510,True,pre_failure,stress
1774426161,snapshot_pre_failure_1774426161.json,2026-03-25T13:39:21.723866,True,pre_failure,stress
